Stock Name,NSE Code,BSE Code,Stock Code,ISIN,Industry Name,sector_name,Current Price,Current Price,Market Capitalization,Normalized Momentum Score,Trendlyne Momentum Score,Prev Day Trendlyne Momentum Score,Prev Week Trendlyne Momentum Score,Prev Month Trendlyne Momentum Score,Day MFI,Day RSI,Day MACD,Day MACD Signal Line,Day SMA30,Day SMA50,Day SMA100,Day SMA200,Day SMA5,Day EMA12,Day EMA20,Day EMA50,Day EMA100,Beta 1Month,Beta 3Month,Beta 1Year,Beta 3Year,Day ROC21,Day ROC125,Day ATR,Day ADX
20 Microns Ltd.,20MICRONS,533022,20MICRONS,INE144J01027,Coal & Mining,Metals & Mining,174.65,174.65,616.28,61.45,40.81,50.5,47.88,37.39,56.9,50.68,4.11,4.63,169.16,166.38,177.64,198.43,180.59,178.41,175.88,172.62,178.21,1.33,1.55,1.33,1.12,9.58,-16.16,6.93,22.31
360 ONE Gold ETF,GOLD360,544375,GOLD360,INF579M01BB5,Others,Others,147.3,147.3,,,57.33,58.55,,,61.02,52.77,-0.08,-0.27,145.32,147.78,144.94,128.52,146.55,146.03,146.01,145.98,141.92,0.58,0.69,0.43,,1.66,24.72,3.54,12.01
360 ONE Silver ETF,SILVER360,544389,SILVER360,INF579M01BC3,Others,Others,258.59,258.59,,,69.7,69.86,,,74.94,65.17,2.96,0.61,235.72,241,244.4,190.99,247.86,243.16,240.8,239.57,229.35,1.1,1.29,0.91,,11.88,77.54,7.97,13.66
360 One Wam Ltd.,360ONE,542772,360ONE,INE466L01038,Capital Markets,Banking and Finance,1078.1,1078.1,43802.69,66.8,53.04,54.9,51.75,41.57,49.17,53.74,16.9,11.9,1036.14,1044.98,1096,1094.02,1101.54,1079.45,1067.46,1062.41,1076.46,1.48,1.1,1.27,0.99,8.02,0.93,34.12,16.89
3B BlackBio Dx Ltd.,,532067,3BBLACKBIO,INE994E01018,Agrochemicals,Chemicals & Petrochemicals,1230.45,1230.45,1056.06,39.96,33.91,49.09,38.97,40.59,27.52,44.73,-3.9,-1.61,1251.44,1269.39,1402.2,1403.68,1278.6,1271.94,1272.87,1303.84,1352.15,2.06,1.62,1.14,0.8,2.41,-7.09,66.49,16.22
3M India Ltd.,3MINDIA,523395,3MINDIA,INE470A01017,Industrial Machinery,General Industrials,31000,31000,34921.81,50.88,33.8,41.81,57.6,50.33,54.28,38.9,-81.7,28.12,31673.17,32613.4,33921.65,32783.48,31980,32180.09,32212.88,32658.94,33044.38,0.44,0.95,0.65,0.56,-0.16,-13.38,902.54,15.38
3P Land Holdings Ltd.,3PLAND,516092,3PLAND,INE105C01023,Realty,Realty,33.5,33.5,60.3,49.1,41.85,40.35,41.15,47.65,22.93,45.1,0.2,0.51,34.36,33.26,34.66,39.19,34.75,34.74,34.67,34.34,35.4,1.54,0.92,0.91,0.78,-4.42,-19.35,2.17,13.53
3i Infotech Ltd.,3IINFOLTD,532628,3IINFOLTD,INE748C01038,IT Consulting & Software,Software & Services,17.5,17.5,362.94,56.77,47.5,46.65,44.05,46.63,48.51,60.16,0.62,0.73,16.57,15.31,15.48,17.87,17.66,17.48,17.14,16.19,16.26,1.06,0.68,0.85,1.09,13.86,2.64,0.63,35.97
5Paisa Capital Ltd.,5PAISA,540776,5PAISA,INE618L01018,Capital Markets,Banking and Finance,306.15,306.15,1435.3,52.69,41.55,43.3,52.6,39.26,54.52,41.11,5.58,8.27,313.01,309.31,326.78,337.95,329.3,327.91,324.72,319.28,324.12,1.82,1.29,1.17,0.82,1.88,-0.89,15.74,27.9
63 Moons Technologies Ltd.,63MOONS,526881,63MOONS,INE111B01023,IT Consulting & Software,Software & Services,662.1,662.1,3050.86,52.3,44.09,42.98,51.34,33.41,49.12,47.8,31.76,39.72,637.56,609.53,645.75,760.41,713.22,706.08,687.48,650.6,665.57,2.8,1.99,1.77,1.32,20.17,-14.1,34.72,34.12
A G Universal Ltd.,AGUL,,AGUL,INE0O6N01012,Iron & Steel Products,Metals & Mining,59.95,59.95,32.88,57.03,46.87,46.71,47.37,52.88,28.7,33.51,-4.35,-2.96,72.42,71.04,68.46,59.46,58.73,63.33,66.38,68.98,67.03,-0.01,-0.2,-0.17,,-29.47,4.81,3.02,34.87
A2Z Infra Engineering Ltd.,A2ZINFRA,533292,A2ZINFRA,INE619I01012,Construction & Engineering,Cement and Construction,16.15,16.15,286.7,46.78,37.64,38.44,46.54,56.4,44.11,43.53,-0.06,0.07,16.76,16.61,15.71,16.95,16.31,16.57,16.64,16.42,16.29,0.17,1.18,0.97,0.8,-6.27,-7.34,0.73,13.82
AAA Technologies Ltd.,AAATECH,543671,AAATECH,INE0D0U01013,Consulting Services,Commercial Services & Supplies,99.24,99.24,127.29,66.83,54.85,54.92,61.42,53.05,59.03,51.56,0.65,0.85,97.88,96.79,99.77,93.83,99.51,99.42,99.03,98.41,97.63,0.46,0.64,0.71,0.8,0.92,9.8,4.22,24.56
AB Cotspin India Ltd.,ABCOTS,544522,ABCOTS,INE08PH01015,Textiles,Textiles Apparels & Accessories,225.13,225.13,494.47,27.54,22.66,22.63,22.46,41.41,4.98,14.61,-48.22,-43.42,335.49,363.6,389.92,404.64,225.25,251.17,281.83,340.32,373.11,0.53,0.1,0.12,-0.04,-43.81,-46.45,18.67,44.42
AB Infrabuild Ltd.,ABINFRA,544281,ABINFRA,INE00YB01025,Construction & Engineering,Cement and Construction,13.75,13.75,878.34,35,27.39,28.76,35.68,38.47,41.38,29.93,-0.57,-0.47,15.75,16.48,17.81,18.51,14.82,15.09,15.43,16.42,17.22,0.57,0.73,0.68,0.41,-16.31,-28.72,0.98,14.88
ABB India Ltd.,ABB,500002,ABB,INE117A01022,Heavy Electrical Equipment,General Industrials,6328.5,6328.5,134106.23,74.07,60.58,60.87,62.08,66.81,33.58,34.58,58.66,200.77,6845.33,6569.26,5947.22,5576.34,6819.8,6940.48,6936.63,6604,6194.28,1.3,0.96,0.99,1.12,-4.32,21.05,255.48,28.99
ABM International Ltd.,ABMINTLLTD,,ABMINTLLTD,INE251C01025,Commodity Trading  & Distribution,Commercial Services & Supplies,39.6,39.6,37.26,39.3,35.27,32.3,32.62,55.5,11.72,39.22,-0.94,-0.36,44.69,44.13,42.92,46.4,42.11,43.03,43.75,44.07,44.37,0.36,0.24,0.35,0.09,-11.09,-22.66,2.15,18.87
ABM Knowledgeware Ltd.,,531161,ABMKNO,INE850B01026,IT Software Products,Software & Services,223.95,223.95,447.95,38.93,33.04,34.25,43.13,61.61,45.91,46.53,-0.99,0.07,230.63,226.44,244.44,234.15,227.11,229.45,230.23,232.76,236.49,-0.51,0.97,0.94,1.16,-5.29,-25.24,13.53,20.95
ABS Marine Services Ltd.,ABSMARINE,,ABSMARINE,INE0QRV01016,Marine Port & Services,Transportation,222.8,222.8,546.97,71.87,49.96,59.06,58.09,53.45,71.65,54.08,13.1,13.7,208.59,191.01,189.37,194.71,238.06,229.71,221.92,203.57,195.57,0.74,1.35,1.15,,16.04,4.65,13.16,27.62
ACC Ltd.,ACC,500410,ACC,INE012A01025,Cement & Cement Products,Cement and Construction,1347,1347,25294.95,37.65,30.81,30.94,39.1,36.33,23.84,36.95,-13.44,-7.72,1394.67,1422.97,1563.96,1703.96,1385.08,1395.06,1402.58,1448.06,1538.7,0.93,1.31,1.08,1.15,-3.23,-26.49,36.28,16.2
ACME Solar Holdings Ltd.,ACMESOLAR,544283,ACMESOLAR,INE622W01025,Green & Renewable Energy,Utilities,283.8,283.8,17197.48,71.74,57.61,58.96,55.18,54.93,35.29,47.94,5.69,9.73,288.01,267.97,247.12,260.24,290.37,293.1,290.77,274.15,261.46,-0.18,-0.1,0.27,,3.92,5.46,13.4,39.18
ACS Technologies Ltd.,,530745,ACSTECH,INE366C01021,Textiles,Textiles Apparels & Accessories,36.39,36.39,220.82,51.64,43.83,44.45,51.84,57.07,45.61,35.76,-0.47,-0.07,38.48,38.24,39.3,35.68,37.09,37.87,38.23,38.53,37.95,-0.15,0.4,0.32,-0.59,-7.5,-7.17,1.19,21.74
ADF Foods Ltd.,ADFFOODS,519183,ADFFOODS,INE982B01027,Packaged Foods,FMCG,265.85,265.85,2920.72,73.24,60.1,60.19,56.76,39.77,85.63,68,19.71,19.28,222.78,208.17,206.49,215.08,269.45,259.61,247.36,223.43,215.04,0.27,1.13,1.25,1.11,44.27,18.24,13.14,50.52
AG Ventures Ltd.,,506579,AGVENTURES,INE321D01016,Commodity Chemicals,Chemicals & Petrochemicals,104.45,104.45,104.35,45.85,38.91,38.89,39.84,35.96,28.31,45.15,1.09,1.79,104.48,103.95,115.76,142.02,108.83,108.56,107.92,108.43,117.42,1.03,1.48,1.46,0.88,-5.82,-34.66,5.92,16.78
AGI Greenpac Ltd.,AGI,500187,AGI,INE415A01038,Containers & Packaging,Commercial Services & Supplies,587.35,587.35,3800,55.96,37.65,45.99,45.8,35.07,89.43,49.68,21.89,23.02,568.09,547.59,609.5,731.67,623.69,611.68,597.84,582.81,616.78,0.62,1.52,1.21,0.95,13.15,-27,27.93,35.52
AGI Infra Ltd.,AGIIL,539042,AGIIL,INE976R01033,Realty,Realty,365.8,365.8,4468.88,77.09,61.12,63.35,71.15,67.99,71.88,52.79,12.8,16.03,352.83,333.88,298.11,272.47,372.12,372.22,365.46,338.09,310.4,1.75,1.09,1.24,,1.13,38.67,23.81,30.01
AGS Transact Technologies Ltd.,AGSTRA,543451,AGSTRA,INE583L01014,Internet Software & Services,Software & Services,2.47,2.47,31.72,36.24,29.78,31.71,31.71,37.56,31.28,34.29,-0.14,-0.16,2.9,3.25,3.73,4.3,2.73,2.75,2.83,3.16,3.8,0.31,-0.26,-0.15,0.01,-21.59,-46.19,0.16,30.22
AIA Engineering Ltd.,AIAENG,532683,AIAENG,INE212H01026,Castings & Forgings,General Industrials,3749.8,3749.8,34993.28,68.12,54.86,55.98,54.95,53.97,59,41.13,29.25,54.76,3848.88,3779.62,3854.43,3583.15,3908.96,3912.66,3898.89,3845.56,3787.38,0.6,0.63,0.78,0.57,3.25,12.99,121.47,17.02
AION-TECH Solutions Ltd.,GOLDTECH,531439,GOLDTECH,INE805A01014,IT Consulting & Software,Software & Services,41.04,41.04,214.48,57.78,47.33,47.48,39.89,37.53,48.77,53.47,0.62,0.44,39.32,39.21,42.99,53.12,41.8,40.89,40.45,40.63,43.84,1.23,1.54,1.5,1.18,3.35,-28.75,2.5,18.4
AK Capital Services Ltd.,,530499,AKCAPIT,INE701G01012,Finance (including NBFCs),Banking and Finance,1552.55,1552.55,1024.68,72.58,61.6,70.19,69.9,68.79,35.18,47.44,8.98,9.27,1559.14,1551.02,1507.18,1359.37,1585.64,1573.77,1568.4,1548.67,1498.4,0.95,0.49,0.41,0.05,-2.28,27.78,46.21,29.55
AKG Exim Ltd.,AKG,,AKG,INE00Y801016,Commodity Trading  & Distribution,Commercial Services & Supplies,11.44,11.44,36.35,58.77,39.64,48.3,47.87,38.58,65.89,50.06,0.06,0.06,11.18,11.26,12.25,12.5,11.53,11.49,11.44,11.6,11.99,-0.14,1.06,0.91,0.7,3.91,-8.63,0.66,18.35
AMD Industries Ltd.,AMDIND,532828,AMDIND,INE005I01014,Containers & Packaging,Commercial Services & Supplies,46.41,46.41,88.95,62.44,50.32,51.31,50.29,46.52,64.45,56.71,1.71,1.58,43.34,41.42,43.62,48.86,47.52,46.27,45.19,43.56,44.59,1.26,1.68,1.29,1.14,10.37,-16.78,2.54,28.71
AMJ Land Holdings Ltd.,AMJLAND,500343,AMJLAND,INE606A01024,Realty,Realty,39.36,39.36,161.38,51.27,39.76,42.13,42.23,47.13,26.17,43.01,0.16,0.49,40.64,39.75,42.99,49.15,41.03,41.12,41.08,41.1,43.21,1.26,1.63,1.32,1.08,-5.11,-24.48,2.26,13.29
ANB Metal Cast Ltd.,AMCL,,AMCL,INE0VG001016,Aluminium and Aluminium Products,Metals & Mining,518,518,613.04,55.71,46.04,45.78,46.17,57.73,64.93,63.72,18.1,19.16,475.04,452.88,394.67,,505.23,500.57,490.53,452.25,402.34,0.21,0.01,,,13.35,73.24,22.27,22.23
ANI Integrated Services Ltd.,AISL,,AISL,INE635Y01015,Misc. Commercial Services,Commercial Services & Supplies,55.9,55.9,65.33,42.29,34.54,34.75,33.69,34.3,24.81,39.67,-2.48,-2.92,60.33,66.16,77.61,88.45,57.51,58.02,59.29,65.69,74.91,-0.76,-0.56,-0.36,-0.04,-6.6,-35.64,2.86,32.48
APL Apollo Tubes Ltd.,APLAPOLLO,533758,APLAPOLLO,INE702C01027,Iron & Steel Products,Metals & Mining,1881.2,1881.2,52233.1,58.65,46.31,48.2,46.99,57.35,26.59,40.06,-30.13,-23.18,1984.43,2017.55,2011.76,1853.49,1933.6,1944.89,1964.26,1996.44,1974.64,1.28,1.32,1.12,0.91,-7.8,5.35,66.73,15.17
ARC Insulation & Insulators Ltd.,ARCIIL,,ARCIIL,INE0YDV01010,Plastic Products,General Industrials,60,60,61.78,39.77,32.84,32.68,42.77,30.84,69.58,51.08,3.63,4.45,55.52,52.5,58.07,,62.56,63.12,60.95,57.47,64.11,0.6,0.59,,,20.6,-38.78,4.32,22.61
ART Nirman Ltd.,ARTNIRMAN,,ARTNIRMAN,INE738V01013,Realty,Realty,39.92,39.92,99.62,51.12,42.67,42.01,38.78,51.49,4.14,43.7,0.12,0.88,40.88,39.81,42.52,47.36,40.44,41.76,41.82,41.47,42.92,2.46,0.77,0.25,0.06,2.04,-30.6,2.5,30.07
ASK Automotive Ltd.,ASKAUTOLTD,544022,ASKAUTOLTD,INE491J01022,Auto Parts & Equipment,Automobiles & Auto Components,425.6,425.6,8390.39,60.61,39.93,49.81,52.5,46.49,54.8,42.26,3.84,5.48,441.19,427.09,442.7,469.97,447.38,444.32,442.21,438,444.27,0.82,0.78,0.9,,-2.96,-8.54,14.39,18.1
ATC Energies System Ltd.,ATCENERGY,,ATCENERGY,INE0V0Q01019,Other Electrical Equipment/Products,Consumer Durables,30.25,30.25,61.68,44.26,36.13,36.37,35.99,44.5,62.45,48.82,0.78,0.97,30.12,28.41,30.96,43.42,31.63,31.35,30.91,30.25,33.58,0.01,1.22,1.19,,-2.26,-37.89,1.58,20.24
AVATAR Industries Ltd.,AVATAR,,AVATAR,INE617I01024,Other Industrial Products,General Industrials,134,134,139.59,93.16,77.31,76.56,74.73,58.56,97.63,79.57,10.12,5.55,96.44,99.43,81.14,60.18,126.08,114.66,107.57,96.88,84.54,-0.91,-0.4,-0.17,,73.58,227.23,4.49,43.67
AVG Logistics Ltd.,AVG,543910,AVG,INE680Z01018,Warehousing & Logistics,Transportation,161.82,161.82,243.66,59.59,41.08,48.97,48.23,48.45,68.95,47.92,3.68,4.39,161.12,155.81,158.68,191.18,170.11,167.89,165.82,160.9,166.83,2.13,1.21,0.93,0.89,5.26,-25.3,9.74,11.25
AVP Infracon Ltd.,AVPINFRA,,AVPINFRA,INE0R9401019,Roads & Highways,Cement and Construction,85.2,85.2,212.82,31.88,26.16,26.2,26.01,44,22.26,34.01,-3.09,-1.39,96.54,95.28,103.22,136.16,87.79,91.78,93.99,97.87,107.63,1.97,0.97,1.18,,-17.2,-45.87,4.25,18.45
AVT Natural Products Ltd.,AVTNPL,519105,AVTNPL,INE488D01021,Other Agricultural Products,"Food, Beverages & Tobacco",66.57,66.57,1013.75,51.1,42.41,41.99,51.86,40.24,75.72,51.55,1.45,1.76,64.65,63.11,64.67,68.14,67.94,67.66,66.81,65.08,65.29,1.11,1.21,0.86,0.89,6.77,-7.35,2.88,33.22
AWL Agri Business Ltd.,AWL,543458,AWL,INE699H01024,Edible Oils,FMCG,198.19,198.19,25758.33,59.39,47.23,48.81,46.34,34.5,61.74,51.67,5.19,5.03,191.83,187.27,204,233.45,205.93,201.94,198.55,195.98,206,0.93,0.9,0.74,0.83,11.91,-26.93,7.38,32.79
AXIS Gold Exchange Traded Fund,AXISGOLD,533570,AXISGOLD,INF846K01W80,Others,Others,125.46,125.46,,34.18,57.26,56.9,26.66,26.66,65.35,51.87,-0.1,-0.26,124.15,126.29,123.9,109.59,125.12,124.66,124.67,124.7,121.2,0.38,0.81,0.61,0.28,1.19,24.55,3.88,11.85
AXISCADES Technologies Ltd.,AXISCADES,532395,AXISCADES,INE555B01013,Aerospace & Defence,General Industrials,2017.1,2017.1,8578.93,83.57,61.66,68.68,67.57,58.55,74.53,59.55,129.75,135.88,1838.75,1674.65,1486.19,1467.75,2110.4,2033.54,1957.49,1747.31,1595.79,1.33,0.76,0.91,1.01,17.77,36.82,96.57,41.01
AYM Syntex Ltd.,AYMSYNTEX,508933,AYMSYNTEX,INE193B01039,Textiles,Textiles Apparels & Accessories,232.7,232.7,1363.95,71.37,60.77,58.65,67.34,59.06,68.18,58.84,10.47,11.51,210.19,202.06,185.33,186.08,231.72,229.2,223.03,206.53,195.53,1.57,0.66,0.5,0.76,25.35,33.34,14.22,45
Aadhar Housing Finance Ltd.,AADHARHFC,544176,AADHARHFC,INE883F01010,Housing Finance,Banking and Finance,487.3,487.3,21231.84,67.66,47.57,55.6,53.47,43.61,34.61,49.79,6.95,7.74,481.61,474.88,477.08,491.7,497.63,495.07,490.92,482.02,480.49,0.44,0.72,0.54,,3.24,-2.43,15.84,18.35
Aakaar Medical Technologies Ltd.,AAKAAR,,AAKAAR,INE1GYP01013,Medical Equipment,Healthcare,52.9,52.9,74.97,27.87,22.74,22.9,22.96,29.4,21.65,45.15,-0.7,-0.48,54.3,57.23,61.74,,53.61,54.39,54.81,56.85,61.94,0.26,0.45,,,-0.19,-38.88,2.62,17.67
Aakash Exploration Services Ltd.,AAKASH,,AAKASH,INE087Z01024,Oil Equipment & Services,Oil & Gas,8.39,8.39,84.95,48.49,40.38,39.85,40.97,32.22,56.13,53.51,-0.06,-0.1,8.17,8.66,8.49,9.04,8.23,8.22,8.24,8.39,8.56,0.07,0.41,0.51,0.7,3.58,-6.26,0.36,9.97
Aaradhya Disposal Industries Ltd.,AARADHYA,,AARADHYA,INE124401014,Paper & Paper Products,Commercial Services & Supplies,92.3,92.3,130.49,38.73,31.29,31.83,,24.99,22.2,40.6,-2.39,-3.19,101.97,107.23,123.63,,101.62,99.05,100.17,107,116.48,1.7,0.89,,,-14.54,-21.11,6.05,18.57
Aarey Drugs & Pharmaceuticals Ltd.,AAREYDRUGS,524412,AAREYDRUGS,INE198H01019,Pharmaceuticals,Pharmaceuticals & Biotechnology,88.3,88.3,250.37,62.46,51.49,51.33,58.31,41.3,69.02,58.15,5.37,5.92,77.67,74.38,71.15,74.64,89.96,88.76,85.57,78.21,75.06,0.38,2.13,1.43,1,35.3,-11.03,4.79,35.92
Aarnav Fashions Ltd.,,539562,AARNAV,INE750R01016,Textiles,Textiles Apparels & Accessories,22.11,22.11,93.39,30.62,25.99,25,34.25,21.39,35.73,36.12,-0.48,-0.43,23.44,24.35,26.49,32.89,22.83,23.06,23.34,24.54,27.2,0.89,0.57,0.58,0.73,-4.53,-47.02,1.26,9.36
Aaron Industries Ltd.,AARON,,AARON,INE721Z01010,Heavy Electrical Equipment,General Industrials,134.36,134.36,281.44,47.4,28.92,38.95,38.06,37.29,21.48,40.82,-1.24,-1.08,137.73,141.24,153.6,176.78,137.21,138.09,138.74,143.21,152.91,-0.04,1.11,0.82,0.73,-6.71,-32.91,5.72,23.2
Aartech Solonics Ltd.,AARTECH,542580,AARTECH,INE01C001026,Heavy Electrical Equipment,General Industrials,40.13,40.13,127.49,50.77,31.77,41.72,40.52,37.63,13.2,33.87,-0.49,0.66,45.96,44.54,46.49,51.73,44.02,45.74,46.26,46.06,47.27,2.48,1.8,1.36,,-7.79,-24.92,3.04,18.76
Aarti Drugs Ltd.,AARTIDRUGS,524348,AARTIDRUGS,INE767A01016,Pharmaceuticals,Pharmaceuticals & Biotechnology,371.95,371.95,3394.79,59.15,39.64,48.61,46.96,36.31,67.28,48.99,7.76,8.14,366.96,360.76,373.78,429.35,388.37,381.94,377.06,370.98,382.46,1.2,0.92,0.87,0.75,4,-23.92,12.85,22.9
Aarti Industries Ltd.,AARTIIND,524208,AARTIIND,INE769A01020,Specialty Chemicals,Chemicals & Petrochemicals,468.5,468.5,16987.55,74.12,60.41,60.91,68.6,54.05,57.04,50.76,14.7,17.01,453.7,443.73,417.92,402.35,485.48,482.33,473.67,450.24,430.8,0.44,1.36,1.32,1.33,11.14,19.97,18.49,19.93
Aarti Pharmalabs Ltd.,AARTIPHARM,543748,AARTIPHARM,INE0LRU01027,Pharmaceuticals,Pharmaceuticals & Biotechnology,712.7,712.7,6461.18,62.35,40.96,51.24,51,38.13,60.95,48.71,20.38,20.4,698.81,688.6,719.98,774.53,757.57,740.37,727.24,710.46,722.16,1.57,1.32,1.1,1.02,4.66,-15.55,32,24.96
Aarti Surfactants Ltd.,AARTISURF,543210,AARTISURF,INE09EO01013,Specialty Chemicals,Chemicals & Petrochemicals,396.4,396.4,335.55,62,42.46,50.95,51.46,48.05,52.27,46.81,11.48,12.17,396.91,385.92,395.39,435.38,431.26,418.61,411.47,399.8,405.78,2.3,1.35,1.09,0.89,-1.2,-12.67,22.06,20.46
Aarvi Encon Ltd.,AARVI,,AARVI,INE754X01016,Special Consumer Services,Diversified Consumer Services,122.78,122.78,182.24,57.42,46.41,47.19,47.05,63.17,36.21,41.23,-0.7,-0.16,128.01,127.68,127.55,123.89,126.5,127.02,127.56,127.79,126.97,1.33,1.44,1.07,0.87,-4.72,4.17,4.88,12.69
Aatmaj Healthcare Ltd.,AATMAJ,,AATMAJ,INE0OB201016,Healthcare Facilities,Healthcare,20.55,20.55,46.44,75.08,53.02,61.7,,50.76,65.04,51.37,0.21,0.05,19.84,20.26,21.04,20.28,20.69,20.49,20.31,20.44,20.63,0.66,0.46,0.13,,9.02,-0.96,1.15,21.87
Aavas Financiers Ltd.,AAVAS,541988,AAVAS,INE216P01012,Housing Finance,Banking and Finance,1387,1387,10996.51,59.59,42.06,48.97,49.17,36.75,65.51,57.21,46.36,49.72,1306.31,1259.48,1340.58,1494.61,1418.1,1395.87,1367.48,1323.14,1361.67,0.18,0.94,0.9,0.65,13.64,-13.52,47.48,43.47
Aban Offshore Ltd.,ABAN,523204,ABAN,INE421A01028,Exploration & Production,Oil & Gas,18.81,18.81,109.79,22.65,20.32,18.61,18.22,38.53,45.6,46.26,-1.13,-0.88,20.2,20.7,24.43,35.47,17.11,18.42,19.17,21,24.98,0.36,0.14,0.07,0.07,-3.69,-55.71,1.05,28.08
Abans Enterprises Ltd.,,512165,ABANSENT,INE365O01028,Commodity Trading  & Distribution,Commercial Services & Supplies,36.27,36.27,252.98,69.24,58.76,60.17,62.05,37.58,97.84,55.53,4.58,4.53,29.66,26.88,27.23,30.25,40.28,38.09,35.2,30.04,28.74,2.04,1.16,1.17,0.74,59.57,12.85,2.65,37.17
Abans Financial Services Ltd.,AFSL,543712,AFSL,INE00ZE01026,Finance (including NBFCs),Banking and Finance,201.12,201.12,1021.54,54.58,43.89,44.85,35.47,40.37,52.66,46.22,0.09,0.26,202.8,202.3,202.08,206.43,203.68,202.92,202.9,202.61,203.41,0.02,0.08,0.21,0.49,0.02,-0.09,4.58,73.54
Abbott India Ltd.,ABBOTINDIA,500488,ABBOTINDIA,INE358A01014,Pharmaceuticals,Pharmaceuticals & Biotechnology,26900,26900,57160.62,57.79,47.37,47.49,37.87,31.26,73.95,59.01,195.67,-52.3,25909.5,26247.3,26942.8,28915.02,26879,26310.54,26136.36,26308.17,27018.47,0.19,0.18,0.25,0.33,4.34,-8.67,648.25,23.55
Abha Power and Steel Ltd.,ABHAPOWER,,ABHAPOWER,INE0UYG01015,Iron & Steel Products,Metals & Mining,31.25,31.25,58.09,56.84,46.66,46.71,48.01,36.48,73.83,56.4,0.9,0.72,28.74,29.05,31.36,35.76,31.65,30.95,30.33,30.04,31.45,0.24,1.48,0.88,,13.84,-19.56,1.23,31.41
Abhishek Integrations Ltd.,AILIMITED,,AILIMITED,INE0CAJ01017,Misc. Commercial Services,Commercial Services & Supplies,42.3,42.3,25.47,57.23,46.66,47.03,46.41,26.2,77.37,62.3,1.59,0.8,38.56,34.31,37.71,51.28,42.05,39.48,38.4,37.44,40.69,-1,0.25,0.28,0.32,-3.31,-36.05,1.73,21.6
Accelya Solutions India Ltd.,ACCELYA,532268,ACCELYA,INE793A01012,IT Consulting & Software,Software & Services,1129.5,1129.5,1685.93,37.54,29.46,30.85,36.46,37.6,50.54,41.58,-4.22,-0.76,1155.01,1167.11,1230.1,1315.83,1157.02,1161.54,1164.09,1180.5,1222.27,1.33,0.88,0.71,0.77,-0.62,-16.4,31.95,15.96
Accent Microcell Ltd.,ACCENTMIC,,ACCENTMIC,INE0Q5D01013,Pharmaceuticals,Pharmaceuticals & Biotechnology,440.7,440.7,1057.2,87.43,73.11,71.85,66.97,71.8,57.5,56.07,18.7,18.45,421.65,390.54,363.51,325.12,459.37,445.49,434.59,402.16,371.13,-0.8,0.81,0.69,,5.38,57,20.14,35.82
Accord Synergy Ltd.,ACCORD,,ACCORD,INE113X01015,Other Telecom Services,Telecom Services,43.7,43.7,15.17,75.2,61.8,62.03,70.65,57.58,84.31,62.91,4.01,4.27,35.94,32.46,27.1,28.46,44.67,42.95,40.57,34.48,30.8,-1.25,-0.6,-0.78,,60.07,40.97,2.4,43.64
Accretion Pharmaceuticals Ltd.,ACCPL,,ACCPL,INE0T8T01010,Pharmaceuticals,Pharmaceuticals & Biotechnology,122.25,122.25,135.89,93.56,77.9,76.89,75.81,57.59,85.37,79.92,11.82,9.88,89.85,80.5,79.3,71.78,116.63,109.32,101.77,87.81,80.71,0.89,0.84,,,58.77,112.79,5.86,46.71
Accuracy Shipping Ltd.,ACCURACY,544598,ACCURACY,INE648Z01023,Warehousing & Logistics,Transportation,5.45,5.45,82.06,51.7,41.65,42.49,40.91,48.32,51.89,62.17,0.14,0.15,4.96,4.68,5,5.9,5.23,5.19,5.12,4.96,5.17,1.78,2.38,1.6,1.01,1.49,-16.79,0.27,28.36
Ace Integrated Solutions Ltd.,ACEINTEG,,ACEINTEG,INE543V01017,Misc. Commercial Services,Commercial Services & Supplies,20.29,20.29,20.7,59.59,42.12,48.97,50.87,38.09,62.54,54.78,0.69,0.73,18.98,18.23,19.39,21.73,20.55,20.28,19.86,19.18,19.71,1.06,1.28,1.1,1,12.78,-14.06,1.59,33.62
Acetech E-Commerce Ltd.,ACETEC,,ACETEC,INE1J6M01010,Other Apparels & Accessories,Textiles Apparels & Accessories,116.5,116.5,190.87,,,,,,17.24,41.67,-3.33,-2.76,130.71,,,,121.73,124.95,126.89,,,-1.34,,,,-14.93,,7.35,11.61
Action Construction Equipment Ltd.,ACE,532762,ACE,INE731H01025,Commercial Vehicles,Automobiles & Auto Components,881.25,881.25,10494.21,58.63,38.7,48.18,40.43,47.77,80.81,47.85,10.69,12.61,880.08,867.86,884.24,970.85,908.65,902.54,896.36,884.8,904.26,0.89,1.17,1.04,1.18,1.78,-17.79,34.36,20.88
Active Infrastructures Ltd.,ACTIVEINFR,,ACTIVEINFR,INE0KLO01025,Construction & Engineering,Cement and Construction,179.8,179.8,269.97,55.12,45.98,45.3,,42.36,74.48,58.4,1.65,0.8,172.95,173.44,173.34,,178.33,176.16,175,173.72,172.86,0.42,-0.13,,,4.93,5.76,2.99,15.67
Acutaas Chemicals Ltd.,ACUTAAS,543349,ACUTAAS,INE00FF01025,Pharmaceuticals,Pharmaceuticals & Biotechnology,2742.2,2742.2,22450.69,84.75,71,69.65,70.93,65.12,88.15,66.02,121.46,98.54,2466.25,2366.97,2091.04,1801.25,2739.66,2641.92,2565.42,2379.32,2166.45,-0.58,1.03,1.05,1.1,18.09,54.94,111.89,28.93
Adani Energy Solutions Ltd.,ADANIENSOL,539254,ADANIENSOL,INE931S01010,Power - Electric Utilities,Utilities,1284.3,1284.3,154280.72,77.25,63.17,63.48,71.09,69.94,57.63,51.45,67.28,86.07,1225.81,1134.4,1055.11,973.51,1354.54,1345.19,1308.3,1188.06,1096.58,-0.05,1.37,1.63,1.54,19.05,32.66,62.39,27.92
Adani Enterprises Ltd.,ADANIENT,512599,ADANIENT,INE423A01024,Commodity Trading  & Distribution,Commercial Services & Supplies,2405.2,2405.2,313008.42,66.16,54.48,54.37,52.49,41.64,74.21,60.06,113.57,111.17,2202.71,2132.27,2153.14,2255.08,2493.06,2420.55,2349.5,2221.05,2199.63,0.38,1.37,1.66,1.68,17.87,7.2,77.61,43.24
Adani Green Energy Ltd.,ADANIGREEN,541450,ADANIGREEN,INE364U01010,Green & Renewable Energy,Utilities,1308,1308,215450.65,80,66.68,65.74,59.84,52.59,85.17,66.45,96.28,93.59,1130.99,1031.93,996.62,1005.8,1353.9,1292.96,1234.14,1105.27,1043.46,-0.26,1.53,1.72,1.69,25.22,23.34,51.5,44.57
Adani Ports & Special Economic Zone Ltd.,ADANIPORTS,532921,ADANIPORTS,INE742F01042,Marine Port & Services,Transportation,1688.2,1688.2,364674.65,81.71,67.54,67.15,65.9,52.64,67.38,60.24,73.8,69.41,1557.73,1505.81,1490.93,1455.09,1739.4,1690.85,1644.51,1555.51,1508.63,1.12,1.38,1.45,1.59,16.64,17.5,53.14,28.66
Adani Power Ltd.,ADANIPOWER,533096,ADANIPOWER,INE814H01029,Power - Electric Utilities,Utilities,209.63,209.63,404265.05,77.11,64.41,63.37,71.55,65.49,56.49,55.87,14.02,16.26,195.94,175.53,159.31,148.92,223.26,218.22,210.26,186.48,168.97,0.08,0.81,1.01,1.18,21.64,36.86,8.56,40.32
Adani Total Gas Ltd.,ATGL,542066,ATGL,INE399L01023,Utilities:Non-Electrical,Utilities,591.3,591.3,65031.77,58.66,47.05,48.21,55.63,49.25,72.88,45.41,17.32,24.1,594.9,564.54,557.78,588.25,628.02,625.52,616.35,586.08,576.59,1.05,0.5,0.73,1.12,7.53,-4.25,27.01,37.26
Addictive Learning Technology Ltd.,ADDICTIVE,,ADDICTIVE,INE0RDH01021,Education,Diversified Consumer Services,76.8,76.8,122.19,43.27,32.78,35.56,45.1,33.92,48.12,41.22,0.27,1.27,79.66,84.48,97.79,119.82,83.17,84.9,84.67,87.49,97.69,-0.05,0.61,0.34,,7.87,-44.55,5.1,16.48
Adisoft Technologies Ltd.,ADISOFT,,ADISOFT,INE20PL01012,Industrial Machinery,General Industrials,220.7,220.7,360.14,,,,,,,,,,,,,,232.71,,,,,,,,,,,,
Aditya Birla Capital Ltd.,ABCAPITAL,540691,ABCAPITAL,INE674K01013,Holding Companies,Diversified,341.2,341.2,89412.92,76.41,54.47,62.79,62.12,54.73,70.37,48.41,7.15,7.48,337.07,332.46,341.18,321.5,359.08,351.54,347.07,339.57,334.48,1.31,1.76,1.54,1.36,1.99,4.33,12.09,18.5
Aditya Birla Fashion and Retail Ltd.,ABFRL,535755,ABFRL,INE647O01011,Department Stores,Retailing,62.4,62.4,7616.16,57,39.6,46.84,46.4,34.94,67.71,46.74,0.87,0.91,62.25,62.21,67.13,73.93,65.54,64.57,63.98,64.05,68.43,1.74,1.36,1.64,1.35,6.79,-20.08,2.62,15.23
Aditya Birla Lifestyle Brands Ltd.,ABLBL,544403,ABLBL,INE14LE01019,Specialty Retail,Retailing,101.66,101.66,12407.82,58.09,38.07,47.74,38.17,30.72,68.15,45.93,1.87,1.91,102.78,101.37,108.54,123.25,109.84,106.86,105.66,104.9,110.01,1.81,1.38,,,2.05,-23.23,5.18,18.77
Aditya Birla Money Ltd.,BIRLAMONEY,532974,BIRLAMONEY,INE865C01022,Capital Markets,Banking and Finance,138.29,138.29,781.47,55.69,45.85,45.77,42.33,37.41,37.78,48.96,4.57,5.88,134.67,129.49,132.31,150.37,145.14,144.07,141.51,135.3,137.02,1.38,1.81,1.44,1.1,9.16,-12.05,6.96,25.35
Aditya Birla Real Estate Ltd.,ABREL,500040,ABREL,INE055A01016,Paper & Paper Products,Commercial Services & Supplies,1321.2,1321.2,14757.24,50.55,40.44,41.54,50.01,45.51,37.11,42.69,40.33,59.56,1367.21,1299.42,1396.37,1593.74,1465.18,1446.36,1424.44,1375.08,1424.84,2.63,1.53,1.38,1.31,2.47,-27.01,71.29,34.37
Aditya Birla Sun Life AMC Ltd.,ABSLAMC,543374,ABSLAMC,INE404A01024,Asset Management Cos.,Banking and Finance,1055.1,1055.1,30502.55,74.77,61.48,61.45,59.6,67.17,64.45,56.31,26.37,29.62,1012.98,978.68,896.33,854.56,1068.42,1054.18,1039.61,984.71,925.77,0.13,1.34,1.14,1.1,9.03,36.96,42.28,30.36
Aditya Birla Sun Life BSE Top 10 Banks ETF,ABSL10BANK,544719,ABSL10BANK,INF209KC1670,Others,Others,158.61,158.61,,,,,,,13.45,37.37,-1.08,-0.57,164.21,,,,163.61,163.94,164.73,,,1.13,,,,-3.03,,4.46,12.87
Aditya Birla Sun Life Banking ETF,ABSLBANETF,542863,ABSLBANETF,INF209KB17D5,Others,Others,54.73,54.73,,,33.45,33,59.97,65.46,56.38,39.32,-0.22,-0.06,56.01,56.73,58.89,58.37,56.22,56.24,56.37,57.05,57.85,0.95,1.21,1.05,0.88,-2.36,-7.1,1.3,12.31
Aditya Birla Sun Life CRISIL Broad Based Gilt ETF,ABGSEC,544211,ABGSEC,INF209KC1134,Others,Others,111.1,111.1,,,44.89,64.36,,,56.45,46.61,-0.03,0,111.64,111.96,111.59,110.99,111.82,111.74,111.76,111.76,111.53,-0.18,-0.01,0.01,,-0.71,-0.24,1.46,17.1
Aditya Birla Sun Life CRISIL Liquid Overnight ETF,ABSLLIQUID,543813,ABSLLIQUID,INF209KB18T9,Others,Others,1000,1000,,,26.67,29.17,,,60.66,50.96,0,0,1000,1000,1000,1000,1000,1000,1000,1000,1000,0,0,0,0,0,0,0.07,80.87
Aditya Birla Sun Life Crisil 10 Year Gilt ETF,GSEC10ABSL,544228,GSEC10ABSL,INF209KC1142,Others,Others,108.7,108.7,,,46.28,58.54,,,14.3,42.82,-0.14,-0.01,110.32,110.51,110.38,109.98,109.8,110.21,110.31,110.38,110.19,-0.2,0,-0.02,,-1.41,-1.08,1.43,16.53
Aditya Birla Sun Life Gold ETF - Growth,BSLGOLDETF,533408,BSLGOLDETF,INF209KB18D3,Others,Others,132.33,132.33,,49.4,57.24,58.64,20.78,20.78,61.14,52.18,-0.11,-0.28,130.96,133.23,130.8,115.61,131.96,131.53,131.54,131.6,127.91,0.35,0.63,0.3,0.19,1.01,24.43,2.56,11.61
Aditya Birla Sun Life MSCI India ETF,ABSLMSCIN,544706,ABSLMSCIN,INF209KC1662,Others,Others,28.49,28.49,,,24.96,34.34,,,40.86,43.46,0.09,0.11,28.71,28.73,,,29.21,29.09,29.02,28.75,,0.74,,,,0.64,,0.54,26.99
Aditya Birla Sun Life Nifty 200 Momentum 30 ETF,MOMENTUM,543575,MOMENTUM,INF209KB14K7,Others,Others,30.29,30.29,,28.96,42.79,49.97,25.19,25.19,69.94,46.11,0.26,0.31,30.29,30.23,30.83,31.1,31.22,30.94,30.78,30.58,30.74,1.05,1.29,1.18,0.93,0.4,-4.27,0.81,12.44
Aditya Birla Sun Life Nifty 200 Quality 30 ETF,NIFTYQLITY,543574,NIFTYQLITY,INF209KB15K4,Others,Others,20.83,20.83,,25.81,43.78,50.97,21.77,21.77,54.65,48.03,0.18,0.2,20.72,20.57,21.24,21.43,21.26,21.12,21.01,20.89,21.07,0.72,0.89,0.82,0.64,1.91,-3.96,0.51,24.32
Aditya Birla Sun Life Nifty ETF - Growth,BSLNIFTY,543474,BSLNIFTY,INF209KB19D1,Others,Others,27.3,27.3,,80.29,41.87,42.32,59.77,58.04,43.13,39.44,0,0.06,27.73,27.87,28.92,29.14,27.99,27.95,27.95,28.13,28.55,0.84,0.94,0.93,0.79,-1.52,-7.99,0.92,22.14
Aditya Birla Sun Life Nifty Healthcare ETF,HEALTHY,543473,HEALTHY,INF209KB10C2,Others,Others,15.66,15.66,,31.38,61.31,60.13,26.64,26.64,76.48,62.47,0.26,0.2,15.03,15.05,14.94,14.99,15.79,15.53,15.36,15.1,15.01,0.55,0.46,0.49,0.52,7.33,3.92,0.51,16.21
Aditya Birla Sun Life Nifty IT ETF,TECH,543472,TECH,INF209KB11D8,Others,Others,30.79,30.79,,25.12,32.48,32.66,21.29,21.29,27.07,34.74,-0.48,-0.39,32.65,32.47,36.25,37.26,31.65,31.88,32.17,33.27,34.97,1.25,0.61,0.85,0.76,-9.89,-18.87,1.27,15.69
Aditya Birla Sun Life Nifty Next 50 ETF,ABSLNN50ET,542230,ABSLNN50ET,INF209KB16D7,Others,Others,72.21,72.21,,,52.06,50.11,59.42,59.78,10.53,47.95,1.05,1.25,71.4,70.74,71.35,71.36,74.31,73.7,73.08,71.79,71.42,0.86,0.86,0.91,0.89,3.74,-0.4,1.74,14.62
Aditya Birla Sun Life Nifty PSE ETF,ABSLPSE,544218,ABSLPSE,INF209KB19Z4,Others,Others,10.82,10.82,,,60.51,60.73,,,31.32,48.56,0.13,0.16,10.72,10.63,10.45,10.22,11.03,10.99,10.92,10.71,10.52,0.81,0.72,0.8,,3.05,7.34,0.34,21.94
Aditya Birla Sun Life Sensex ETF,BSLSENETFG,540008,BSLSENETFG,INF209KB10E8,Others,Others,75.04,75.04,,,33.96,41.86,58.91,54.75,30.96,38.68,-0.16,0.03,76.73,77.17,80.55,81.55,77,77.03,77.12,77.91,79.41,0.93,1,0.9,0.76,-2.04,-9.92,2.06,11.35
Aditya Birla Sun Life Silver ETF,SILVER,543471,SILVER,INF209KB19F6,Others,Others,262.67,262.67,,28.14,71.41,71.71,23.88,23.88,58.16,65.37,3.08,0.72,239.47,244.47,247.75,193.73,251.71,246.92,244.49,243.05,232.63,0.99,1.38,0.9,0.47,12.51,77.55,8.75,11.86
Aditya Infotech Ltd.,CPPLUS,544466,CPPLUS,INE819V01029,IT Networking Equipment,Hardware Technology & Equipment,2509.8,2509.8,29564.97,67.95,55.58,55.84,54.3,50.41,56.98,80.04,167.04,164.1,2154.72,1949.71,1716.41,,2491.88,2404.23,2304.76,2039.03,1820.27,1.1,0.83,,,31.83,78.77,110.9,50.1
Aditya Ultra Steel Ltd,AUSL,,AUSL,INE01YQ01013,Iron & Steel Products,Metals & Mining,20.1,20.1,49.92,51.27,40.18,42.13,43.39,33.23,60.63,43.07,0.23,0.23,20.54,21.69,24.96,30.02,21.97,21.74,21.53,22.25,24.89,0.68,-0.22,-0.48,,10.14,-45.68,0.92,20.3
Aditya Vision Ltd.,AVL,540205,AVL,INE679V01027,Specialty Retail,Retailing,541.05,541.05,6987.01,70.93,60.36,58.29,55.79,41.44,37.45,59.94,17.44,16.61,509.74,491.59,492.98,500.21,551,538.55,527.67,507.11,499.92,0.61,0.36,0.56,,13.69,0.78,21.89,27.25
Ador Welding Ltd.,ADOR,517041,ADOR,INE045A01017,Other Industrial Goods,General Industrials,1022.5,1022.5,1779.44,66.65,44.27,54.77,53.11,38.92,53.96,50.31,27.48,28.69,983.21,985.77,1016.11,1022.65,1064.02,1049.45,1031.73,1008.96,1012.71,2.53,1.38,1.11,0.81,16.92,-0.75,44.5,19.97
Adroit Infotech Ltd.,ADROITINFO,532172,ADROITINFO,INE737B01033,IT Consulting & Software,Software & Services,9.06,9.06,50.05,59.13,37.31,48.59,48.6,44.58,63.39,40.11,0.07,0.14,9.59,9.52,9.72,10.25,9.82,9.8,9.76,9.67,9.83,0.21,1.07,0.79,0.85,-8.3,-19.89,0.78,19.53
Advait Energy Transitions Ltd.,ADVAIT,543230,ADVAIT,INE0ALI01010,Wires & Cables,Consumer Durables,1908.6,1908.6,2088.58,32.14,26.54,26.41,25.94,34.33,54.32,47.93,61.77,81.29,1923.47,1798.23,,,2009.7,2004.53,1972.35,1841.99,,0.75,1.49,,,5.5,,103.99,32.32
Advance Agrolife Ltd.,ADVANCE,544562,ADVANCE,INE1B0W01010,Agrochemicals,Chemicals & Petrochemicals,106.24,106.24,682.97,52.23,33.26,42.92,41.51,24.48,29.05,45.02,1.19,1.56,106.33,106.59,117.14,,111.48,110.68,109.86,110.63,114.44,1.79,2.05,,,5.76,-23.43,5.3,13.2
Advanced Enzyme Technologies Ltd.,ADVENZYMES,540025,ADVENZYMES,INE837H01020,Biotechnology,Pharmaceuticals & Biotechnology,369.8,369.8,4140.88,69.38,58.87,57.02,56.11,41.19,89.56,68.64,21.61,17.04,312.93,302.77,298.97,310.42,366.65,351.21,337.05,314.36,307.25,-0.58,0.91,0.92,0.79,26.71,18.91,16.78,46.12
Advani Hotels & Resorts (India) Ltd.,ADVANIHOTR,523269,ADVANIHOTR,INE199C01026,Hotels,Hotels Restaurants & Tourism,52.14,52.14,481.97,50.61,39.96,41.59,49.94,40.38,54.5,41.08,0.36,0.59,53.07,52.75,54.85,56.81,54.26,54.14,53.93,53.73,54.61,1.17,1.05,0.76,0.68,-0.06,-10.38,1.74,20.51
Advent Hotels International Ltd.,ADVENTHTL,544446,ADVENTHTL,INE28GN01010,Hotels,Hotels Restaurants & Tourism,159.19,159.19,858.72,40.35,32.54,33.16,25.11,22.27,61.37,48.98,0.37,-0.7,155.21,162.02,188.35,,163.17,160.72,159.94,167.29,190.25,1.45,2.01,,,4.6,,10.25,14.13
Aegis Logistics Ltd.,AEGISLOG,500003,AEGISLOG,INE208C01025,Oil Marketing & Distribution,Oil & Gas,658.8,658.8,23123.88,54.26,41.73,44.59,48.68,37.22,36.24,43.41,13.16,18.75,670.26,659.33,685.65,721.05,708.25,701.09,693.58,679.61,689.74,2.55,1.26,1.02,0.62,8.78,-14.06,28.84,32.84
Aegis Vopak Terminals Ltd.,AEGISVOPAK,544407,AEGISVOPAK,INE0INX01018,Marine Port & Services,Transportation,202.67,202.67,22455.66,56.81,47.54,46.69,44.74,34.59,57.98,53.9,4.42,2.76,190.91,194.02,212.28,235.81,208.69,202,198.75,199.36,210.47,1.79,1.45,,,8.19,-21.52,9.98,18.02
Aequs Ltd.,AEQUS,544634,AEQUS,INE947N01017,Industrial Machinery,General Industrials,180.23,180.23,12087.41,37.14,30.69,30.52,35.25,23.55,61.95,52.63,12.8,14.91,165.59,151.13,145.84,,192.96,188.91,181.51,162.33,146.73,1.41,0.94,,,44.21,,13.47,40.14
Aeroflex Enterprises Ltd.,AEROENTER,511076,AEROENTER,INE065D01027,Iron & Steel Products,Metals & Mining,101.93,101.93,1152.68,72.89,59.08,59.9,56.85,52.03,78.72,63.39,6.73,5.79,87.32,81.56,81.79,85.54,105.15,98.74,94.47,86.67,84.23,0.92,1.78,1.38,1.29,25.39,20.2,5.96,49.52
Aeroflex Industries Ltd.,AEROFLEX,543972,AEROFLEX,INE024001021,Iron & Steel Products,Metals & Mining,365.25,365.25,4833.38,96.02,77.12,78.91,65.95,72.29,83.19,60.46,34.12,26.16,299.93,272.48,230.57,206.42,392.3,351.46,329.62,284.13,249.3,2.54,1.78,1.51,,33.08,102.67,26.95,41.05
Aeroflex Neu Ltd.,AERONEU,543743,AERONEU,INE035801013,Containers & Packaging,Commercial Services & Supplies,90.42,90.42,233.25,69.59,56.83,57.19,56.38,50.17,72.53,61.18,3.56,3.14,81.88,76.37,74.71,84.59,89.1,86.31,84.12,79.3,78.36,1.8,0.58,0.85,0.81,14.17,12.83,5.63,20.98
Aeron Composite Ltd.,AERON,,AERON,INE0WL801011,Plastic Products,General Industrials,97.95,97.95,166.71,51.24,42.15,42.11,43.68,50.35,58.35,51.43,1.32,1.98,95.17,92.98,95.96,103.12,98.33,98.34,97.65,95.89,97.53,-0.45,-0.12,0.07,,-3.21,-12.39,4.48,13.25
Aesthetik Engineers Ltd.,AESTHETIK,,AESTHETIK,INE0TSF01011,Construction & Engineering,Cement and Construction,76.5,76.5,131.73,45.58,37.46,37.14,42.86,36.39,53.79,51.54,0.76,1.19,72.78,73.8,84.68,102.91,74.81,76.4,75.88,77.35,84.28,-0.19,0,0.2,,26.55,-32.72,3.4,23.01
Aether Industries Ltd.,AETHER,543534,AETHER,INE0BWX01014,Specialty Chemicals,Chemicals & Petrochemicals,1155.7,1155.7,15333.8,79.54,64.24,65.37,73.81,73.34,41.74,48.34,23.6,29.26,1167.35,1107.81,1028.25,903.03,1203.46,1191.52,1179.32,1121.69,1045.66,1.07,1.24,0.96,0.61,1.93,53.94,54.55,23.3
Afcons Infrastructure Ltd.,AFCONS,544280,AFCONS,INE101I01011,Construction & Engineering,Cement and Construction,335.1,335.1,12324.46,46.4,38.76,38.13,46.62,46.37,86.69,55.36,8.05,8.96,318.65,304.8,330.92,380.05,335.12,332.96,328.12,321.51,335.81,1.5,1.07,0.78,,7.87,-24.48,15.61,28.5
Affle 3I Ltd.,AFFLE,542752,AFFLE,INE00WC01027,Internet Software & Services,Software & Services,1585.3,1585.3,22320.45,58.48,47.43,48.06,38.53,35.4,90.94,66.03,33.68,15.32,1445.32,1406.66,1538.13,1712.09,1530.42,1493.71,1469.35,1463.2,1527.39,-0.24,0.28,0.47,0.82,13.56,-10.84,60.05,22.32
Affordable Robotic & Automation Ltd.,AFFORDABLE,541402,AFFORDABLE,INE692Z01013,Industrial Machinery,General Industrials,171.86,171.86,193.28,48.52,40.64,39.87,37.61,32.62,26.11,47.7,1.64,2.77,169.99,168.2,181.39,234.37,174.38,175.82,174.92,175.08,190.86,0.76,1.37,1.46,,2.26,-29.16,8.45,17.61
Agarwal Float Glass India Ltd.,AGARWALFT,,AGARWALFT,INE0MLA01012,Commodity Trading  & Distribution,Commercial Services & Supplies,37.85,37.85,27.42,59.14,40.6,48.6,46.11,33.03,57.16,58.35,2.19,2.22,32.9,31.48,37.62,47.83,38.19,37.67,36.28,34.86,38.49,0.52,0.04,0.06,,39.93,-43.17,1.41,24.33
Agarwal Industrial Corporation Ltd.,AGARIND,531921,AGARIND,INE204E01012,Petrochemicals,Chemicals & Petrochemicals,416.65,416.65,623.22,49.03,30.29,40.29,29.44,26.97,54.62,44.18,-1.1,-2.89,421.45,438.53,567.27,719.04,448.31,437.62,436.45,469.14,551.57,3.76,1.58,1.14,1.09,4.07,-50.72,27.33,22.31
Agarwal Toughened Glass India Ltd.,AGARWALTUF,,AGARWALTUF,INE0P8X01016,Construction Materials,Cement and Construction,125.75,125.75,222.26,63.54,52.74,52.22,50.8,46.86,87.08,64.95,6.72,6.32,109.26,102.98,106.52,124.16,125.27,120.95,116.77,109.39,110.83,0.21,1.29,0.59,,23.41,-8.21,5.92,42.95
Agni Green Power Ltd.,AGNI,,AGNI,INE0LF301013,Green & Renewable Energy,Utilities,20.75,20.75,40.53,49.67,40.81,40.82,50.26,44.94,70.96,55.4,0.73,0.93,19.08,18.34,20.19,23.17,20.61,20.71,20.29,19.57,20.41,-1.38,0.27,0.14,0.08,19.94,-20.19,0.86,29.28
Agri-Tech (India) Ltd.,AGRITECH,537292,AGRITECH,INE449G01018,Other Agricultural Products,"Food, Beverages & Tobacco",112.45,112.45,66.8,40.08,34.1,32.94,31.06,38.35,36.2,49.41,-0.62,-0.44,112.08,111.41,128.45,131.87,111.62,112.09,112.42,115.5,122.06,0.85,1.2,0.85,0.85,-3.14,-12.92,5.92,19.23
Agro Phos India Ltd.,AGROPHOS,,AGROPHOS,INE740V01019,Fertilizers,Fertilizers,30.55,30.55,61.94,36.06,29.19,29.63,29.07,39.79,38.03,42.05,-0.16,-0.04,31.42,31.76,34.67,37.87,31.57,31.69,31.79,32.46,34.11,1.34,1.47,1.12,1.14,-8.2,-27.73,1.75,23.8
Ahlada Engineers Ltd.,AHLADA,,AHLADA,INE00PV01013,Iron & Steel Products,Metals & Mining,43.08,43.08,55.66,51.45,41.85,42.28,39.55,37.16,17.48,44.75,0.37,0.78,43.5,42.68,46.54,52.72,44.52,44.85,44.66,44.6,46.91,1.4,1.66,1.18,0.97,-1.85,-25.38,2.55,16.74
Ahluwalia Contracts (India) Ltd.,AHLUCONT,532811,AHLUCONT,INE758C01029,Construction & Engineering,Cement and Construction,811.45,811.45,5435.71,51.5,42.89,42.32,51.49,37.85,43.13,44.49,15.42,25,808.72,784.27,842.95,904.78,837.34,846.53,838.39,821.14,840.27,0.62,0.76,0.87,0.91,6.35,-10.3,31.79,24.7
Aimtron Electronics Ltd.,AIMTRON,,AIMTRON,INE0RUV01018,Electronic Components,Commercial Services & Supplies,1117.35,1117.35,2328.71,85.19,61.44,70.01,70.44,65.59,75.58,65.27,63.75,63.82,980.55,897.82,857.21,814.01,1101.58,1079.75,1041.48,948.88,886.39,0.46,1.19,1.09,,21.97,29.53,65,48.99
Airan Ltd.,AIRAN,543811,AIRAN,INE645W01026,IT Consulting & Software,Software & Services,16.05,16.05,200.66,50.97,38.57,41.89,38.15,46.86,34.46,44.66,0.15,0.26,16.48,16.2,16.53,20.34,16.94,16.88,16.8,16.62,17.41,1.64,1.45,1.23,1.17,-3.2,-27.93,1.04,18.44
Airo Lam Ltd.,AIROLAM,,AIROLAM,INE801L01010,Furniture-Furnishing,Diversified Consumer Services,84.63,84.63,126.96,57.19,38.62,47,37.42,39.35,49.3,46.21,-0.03,-0.2,85.07,86.43,91.46,99.33,86.39,85.81,85.73,87.2,90.93,0.35,0.18,0.36,0.55,2.23,-18.21,4.25,18.35
Ajanta Pharma Ltd.,AJANTPHARM,532331,AJANTPHARM,INE031B01049,Pharmaceuticals,Pharmaceuticals & Biotechnology,3091.7,3091.7,38619.07,79.23,64.62,65.11,58.05,50.29,80.14,66.7,57.87,23.01,2849.03,2898.79,2841.57,2701.7,3073.12,2966.12,2923.34,2880.36,2827.68,0.71,0.56,0.42,0.4,12.38,20.36,89.55,18.7
Ajax Engineering Ltd.,AJAXENGG,544356,AJAXENGG,INE274Y01021,Commercial Vehicles,Automobiles & Auto Components,519.1,519.1,5938.86,60.54,42.35,49.75,49,36.18,59.92,52.24,15.42,15.68,495.42,489.84,518.34,584.26,540.19,529.53,519.79,507.27,523.83,1.72,1.33,0.98,,11.54,-10.67,19.52,22.49
Ajmera Realty & Infra India Ltd.,AJMERA,513349,AJMERA,INE298G01035,Realty,Realty,117.01,117.01,2302.71,52.66,34.01,43.28,43.8,32.61,53.46,42.85,1.23,1.53,120.25,120.21,144.15,169.56,126.9,124.73,123.82,126.98,140.47,1.64,1.53,1.5,1.33,-3.48,-42.46,6.69,11.68
Ajooni Biotech Ltd.,AJOONI,,AJOONI,INE820Y01021,Other Food & Beverages,"Food, Beverages & Tobacco",4.21,4.21,72.51,60.57,49.17,49.78,47.73,38.75,26.24,46.67,0.01,0.01,4.22,4.25,4.32,4.74,4.29,4.28,4.27,4.3,4.42,0.5,1,0.7,0.83,-3.22,-14.78,0.15,10.38
Akanksha Power and Infrastructure Ltd.,AKANKSHA,,AKANKSHA,INE0PCY01014,Other Electrical Equipment/Products,Consumer Durables,89,89,174.27,67.89,48.11,55.79,57.45,39.04,84.15,56.83,6.18,5.94,78.21,75.26,73.64,81.87,93.75,89.98,86.06,79.14,77.95,2.63,0.61,0.1,,27.78,,5.29,26.76
Akash Infra-Projects Ltd.,AKASH,,AKASH,INE737W01013,Roads & Highways,Cement and Construction,26.07,26.07,43.96,56.23,43.26,46.21,47.12,51.5,70.15,44.71,0.19,0.41,26.64,25.9,25.77,26.68,26.83,26.95,26.88,26.35,26.21,0.87,1.41,0.81,0.85,-4.61,-6.89,1.24,22.56
Aki India Ltd.,AKI,542020,AKI,INE642Z01026,Other Apparels & Accessories,Textiles Apparels & Accessories,4.76,4.76,49.13,44.9,35.34,36.9,44.29,34.87,32.47,38.68,0.02,0.04,4.97,4.91,5.69,7.39,5.08,5.08,5.07,5.2,5.79,0.02,1.58,0.98,0.82,-12.82,-41.09,0.35,15.3
Akiko Global Services Ltd.,AKIKO,,AKIKO,INE0PMR01017,Distributors,Commercial Services & Supplies,296.85,296.85,319.7,71.71,61.12,58.93,56.27,50.03,66.46,79.71,20.94,13.51,228.77,220.44,228.39,221.19,288.32,264.82,250.59,232.38,226.86,0.17,0.56,0.35,,44.42,9.99,11.6,35.77
Akme Fintrade (India) Ltd.,AFIL,544200,AFIL,INE916Y01027,Finance (including NBFCs),Banking and Finance,9.22,9.22,393.46,71.09,60.57,58.42,57.18,61.01,48.96,55.79,0.19,0.27,8.93,8.48,7.14,7.36,9.11,9.11,9.03,8.4,7.82,1.99,1.48,1.21,,6.71,25.27,0.46,17.76
Aksh Optifibre Ltd.,AKSHOPTFBR,532351,AKSHOPTFBR,INE523B01011,Telecom Cables,Telecommunications Equipment,7.07,7.07,115.03,67.24,55.48,55.26,52.78,47.85,71.33,68.12,0.51,0.43,5.75,5.27,5.54,6.56,7.06,6.61,6.29,5.74,5.82,1.41,1.22,0.94,0.86,35.18,-4.46,0.34,40.21
Akshar Spintex Ltd.,AKSHAR,541303,AKSHAR,INE256Z01025,Textiles,Textiles Apparels & Accessories,0.49,0.49,38.59,59.75,42.02,49.1,42.85,47.41,64.65,56.07,0.01,0.01,0.47,0.44,0.47,0.52,0.49,0.49,0.48,0.47,0.48,-0.25,0.95,0.73,0.66,11.36,-15.52,0.03,16.78
AksharChem (India) Ltd.,AKSHARCHEM,524598,AKSHARCHEM,INE542B01011,Dyes & Pigments,Chemicals & Petrochemicals,209.87,209.87,168.59,59.13,49.63,48.59,47.68,34.74,41.91,60.54,6.1,5.24,190.27,190.08,210.63,240.08,210.27,205.17,201.05,198.97,209.94,1.21,0.98,0.88,0.9,15.51,-17.23,10.31,28.36
Akums Drugs & Pharmaceuticals Ltd.,AKUMS,544222,AKUMS,INE09XN01023,Pharmaceuticals,Pharmaceuticals & Biotechnology,528.4,528.4,8316.7,71.64,59.46,58.87,64.86,65.62,51.1,49.83,11.31,13.9,524.44,506.54,476.69,470.74,544.88,541.01,534.88,511.85,492.66,1.31,1.26,1.07,,7.45,14.78,19.19,25.59
Alankit Ltd.,ALANKIT,531082,ALANKIT,INE914E01040,Misc. Commercial Services,Commercial Services & Supplies,8.94,8.94,242.42,51.41,41.51,42.25,40.17,45.45,35.1,48.18,0.18,0.24,8.86,8.48,9.25,11.15,9.25,9.2,9.1,8.95,9.47,0.99,1.22,0.97,0.98,-0.45,-22.13,0.36,21.15
Albert David Ltd.,ALBERTDAVD,524075,ALBERTDAVD,INE155C01010,Pharmaceuticals,Pharmaceuticals & Biotechnology,781.1,781.1,445.79,62.33,51.34,51.22,51.49,49.95,83.38,62.75,26.28,20.39,712.84,699.92,711.16,763.63,793.08,761.65,744.35,719.92,726.34,1.58,0.72,0.81,0.96,7.62,-10.33,29.72,27.04
Alcokraft Distilleries Ltd.,ALCODIS,,ALCODIS,INE448V01019,Breweries & Distilleries,"Food, Beverages & Tobacco",79.55,79.55,81.54,45.17,36.36,37.12,43.33,33.24,47.65,50.05,2.43,2.94,74.8,75.31,91.21,121.16,82.1,82.04,80.48,80.69,92.28,1.38,0.86,0.39,0.19,36.1,-44.76,4.55,16.03
Alembic Ltd.,ALEMBICLTD,506235,ALEMBICLTD,INE426A01027,Pharmaceuticals,Pharmaceuticals & Biotechnology,90.43,90.43,2322.08,60.37,40.85,49.61,48.07,38.02,63.7,50.9,1.92,2.11,87.71,86.39,91.93,97.93,93.27,92.06,90.86,89.45,91.66,1.91,1.69,1.44,1.28,6.8,-9.38,2.72,17.58
Alembic Pharmaceuticals Ltd.,APLLTD,533573,APLLTD,INE901L01018,Pharmaceuticals,Pharmaceuticals & Biotechnology,768.15,768.15,15098.99,56.49,46.88,46.42,47.26,38.24,91.85,55.07,16.25,15.82,738.47,721.69,763.58,850.94,781.29,769.88,759.56,748.18,772.57,1.11,1.19,0.78,0.67,6.67,-16.08,25.51,37.28
Algoquant Fintech Ltd.,ALGOQUANT,505725,ALGOQUANT,INE598D01035,Other Financial Services,Banking and Finance,62.83,62.83,1766.13,41.57,32.59,34.16,34.07,23.45,66.04,73.99,1.29,0.55,54.92,55.91,,,59.42,57.83,56.85,56.93,,0.8,1.18,,,20.18,,2.72,20.38
Alicon Castalloy Ltd.,ALICON,531147,ALICON,INE062D01024,Auto Parts & Equipment,Automobiles & Auto Components,729.5,729.5,1197.24,56.53,47.56,46.46,44.89,36.22,66.94,58.74,17.04,12.23,678.87,688.65,735.15,804.73,737.78,721.16,709.02,705.79,734.88,0.76,1.39,1.35,1.15,15.05,-22.07,31.75,30.76
Alivus Life Sciences Ltd.,ALIVUS,543322,ALIVUS,INE03Q201024,Pharmaceuticals,Pharmaceuticals & Biotechnology,1098.8,1098.8,13486.26,80.7,67.4,66.32,57.04,62.48,57.46,62.04,30.17,27.12,1049.55,1000.79,953.71,947.11,1118.44,1086.56,1068.51,1019.04,982.58,0.75,0.48,0.45,0.46,5.4,23.39,41.54,29.25
Alkali Metals Ltd.,ALKALI,533029,ALKALI,INE773I01017,Specialty Chemicals,Chemicals & Petrochemicals,63.8,63.8,64.96,47.23,39.06,38.81,48.19,35.43,56.43,46.12,1.28,1.64,63.21,61.85,68.17,78.57,66.89,66.37,65.6,64.97,68.62,0.02,1.25,0.89,0.97,-0.93,-30.67,2.94,30.74
Alkem Laboratories Ltd.,ALKEM,539523,ALKEM,INE540L01014,Pharmaceuticals,Pharmaceuticals & Biotechnology,5496.5,5496.5,65718.9,66.65,53.32,54.77,34.79,49.87,48.71,51.56,30.08,17.31,5431.97,5439.02,5541.13,5482.72,5565.8,5497.58,5475.8,5471.12,5489.49,1.4,0.89,0.74,0.61,2.35,-2.6,155.39,15.23
Alkyl Amines Chemicals Ltd.,ALKYLAMINE,506767,ALKYLAMINE,INE150B01039,Specialty Chemicals,Chemicals & Petrochemicals,1592.6,1592.6,8145.21,60.62,49.89,49.82,47.95,33.83,77.79,55.64,71.28,61.03,1468.29,1425.91,1499.53,1726.71,1687.84,1600.3,1553.48,1494.41,1535.12,2.91,1.84,1.5,1.02,16.77,-11.76,74.32,34.06
All Time Plastics Ltd.,ALLTIME,544479,ALLTIME,INE0GV601021,Houseware,Consumer Durables,244.66,244.66,1602.71,49.72,41.4,40.86,40.62,29.96,71.82,53.47,11.15,9.51,227.85,224.02,237.47,,261.13,250.06,242.66,234.21,240.81,1.96,1.52,,,12.25,-17.71,14.4,29.64
All e Technologies Ltd.,ALLETEC,,ALLETEC,INE0M2X01012,IT Consulting & Software,Software & Services,151.45,151.45,305.84,35.22,26.08,28.94,38.12,45.41,35.18,40.03,-1.13,0.88,165.6,158,179.1,228.51,159.62,162.89,163.91,166.89,184.15,-0.16,1.19,0.91,0.91,-20.85,-41.38,9.42,19.64
Allcargo Logistics Ltd.,ALLCARGO,532749,ALLCARGO,INE418H01029,Warehousing & Logistics,Transportation,9.33,9.33,1397.43,46.64,29.23,38.33,37.75,27.11,55.51,52.8,0.3,0.32,8.92,8.55,9.4,19.2,9.69,9.52,9.33,9.27,11.44,1.3,1.41,1.06,1.04,11.87,-73.5,0.39,24.79
Allcargo Terminals Ltd Partly Paidup,ATLPP,890228,ATLPP,IN90NN701011,Others,Others,10.4,10.4,,39.05,31.21,32.09,30.48,22.62,91.52,61.63,0.39,0.23,8.85,9.1,,,10.25,9.8,9.52,9.44,,3.29,2.03,,,23.96,,0.94,14.13
Allcargo Terminals Ltd.,ATL,543954,ATL,INE0NN701020,Warehousing & Logistics,Transportation,25.08,25.08,657.12,61,41.55,50.13,48.6,46.59,58.24,48.01,0.63,0.68,24.84,24.27,25.16,27.38,26.67,26.12,25.74,25.1,25.53,2.09,1.79,1.35,,2.33,-16.57,1.34,13.34
Alldigi Tech Ltd.,ALLDIGI,532633,ALLDIGI,INE835G01018,BPO/KPO,Software & Services,813.55,813.55,1239.71,51.9,41.31,42.65,43.25,50.15,53.26,47.64,6.58,9.92,814.38,798.38,820.32,872.43,826.64,827.34,823.85,816.31,826.93,0.39,0.74,0.74,0.71,-1.82,-8,31.17,16.23
Allied Blenders & Distillers Ltd.,ABDL,544203,ABDL,INE552Z01027,Breweries & Distilleries,"Food, Beverages & Tobacco",567.45,567.45,15872.16,66.76,54.91,54.86,44.07,41.13,62.41,60.81,24.61,24.13,513.32,488,509.96,535.09,572.8,558.4,543.32,515.57,514.16,1.13,1.36,1.16,,21.63,-11.63,22.42,36.89
Allied Digital Services Ltd.,ADSL,532875,ADSL,INE102I01027,IT Consulting & Software,Software & Services,123.87,123.87,700.71,57.73,45.63,47.44,45.89,35.05,86,53.12,5.63,4.63,115.54,111.89,124.31,148.49,132.77,126.23,122.5,119.03,126.81,1.1,1.88,1.49,1.35,9.64,-27.11,7.07,22.13
Almondz Global Securities Ltd.,ALMONDZ,531400,ALMONDZ,INE326B01035,Capital Markets,Banking and Finance,15.49,15.49,268.98,54.79,43.03,45.03,51.81,37.03,51.57,46.19,0.54,0.67,15.26,14.98,15.48,17.22,16.74,16.51,16.19,15.55,15.83,1.99,1.74,1.44,1.07,13.9,-12.68,1.09,25.09
Alok Industries Ltd.,ALOKINDS,521070,ALOKINDS,INE270A01029,Textiles,Textiles Apparels & Accessories,13.57,13.57,6737.83,58.9,40.9,48.4,47.56,36.7,45.55,46.46,0.13,0.15,13.55,13.46,14.53,16.19,14.08,13.93,13.85,13.89,14.55,1.35,1.65,1.53,1.12,1.72,-21.56,0.53,13.85
Alpa Laboratories Ltd.,ALPA,532878,ALPA,INE385I01010,Biotechnology,Pharmaceuticals & Biotechnology,68.48,68.48,144.09,59.63,49.84,49,41.6,44.96,47.42,53.34,1.54,1.54,65.58,64.08,68.15,79.65,70.23,68.86,67.9,66.74,69.78,0.69,1.42,1.06,1.05,-1.27,-21.38,3.15,12.93
Alpex Solar Ltd.,ALPEXSOLAR,,ALPEXSOLAR,INE0R4701017,Power - Electric Utilities,Utilities,915.05,915.05,2239.44,57.4,45.45,47.17,47.07,47.81,37.62,39.15,31.43,55.19,980.96,883.35,845.85,1026.58,1013.22,1024.39,1010.42,940.34,923.74,1.22,0.89,1.11,,-0.15,-25.82,55.75,31.97
Alphageo (India) Ltd.,ALPHAGEO,526397,ALPHAGEO,INE137C01018,Oil Equipment & Services,Oil & Gas,234.08,234.08,148.99,53.6,43.12,44.05,42.9,48.16,81.35,61.79,5.21,5.23,216.62,207.13,212.33,230.99,227.12,224.59,221.52,214.97,217.41,-0.03,0.99,0.97,1.01,3.42,-7.11,11.63,22.96
Aluwind Infra-Tech Ltd.,ALUWIND,,ALUWIND,INE0STM01017,Aluminium and Aluminium Products,Metals & Mining,50.1,50.1,124.49,32.14,25.67,26.41,28.18,34.02,33.65,37.54,-1.93,-1.45,55.39,57.28,63.35,73.16,51.38,52.99,54.21,57.58,62.56,0.15,-0.23,-0.07,,-14.36,-44.4,2.52,19.98
Amagi Media Labs Ltd.,AMAGI,544679,AMAGI,INE121R01077,Internet Software & Services,Software & Services,409.55,409.55,8860.16,37.61,33.29,30.91,31.09,23.57,87.62,58.69,18.24,16.73,373.01,371.84,,,424.83,411.39,399.53,384.62,,0.89,0.71,,,20.65,,20.5,34.41
Amanta Healthcare Ltd.,AMANTA,544502,AMANTA,INE084K01015,Pharmaceuticals,Pharmaceuticals & Biotechnology,134.29,134.29,521.44,47.82,40.87,39.3,47.29,40.55,70.82,59.92,6.6,7.43,123.71,113.72,110,,135.97,134.22,130.43,120.15,117.01,1.46,0.77,,,26.65,11.82,6.73,40.49
Amara Raja Energy & Mobility Ltd.,ARE&M,500008,ARE&M,INE885A01032,Auto Parts & Equipment,Automobiles & Auto Components,832.2,832.2,15231.37,58.63,39.53,48.18,47.21,38.12,89.38,48.59,24.61,27.61,805.87,801.28,842.17,913.14,873.67,864.38,848.94,828.54,848.39,-0.08,0.85,0.85,1.07,12.44,-15.87,31.11,29.78
Amba Auto Sales and Services Ltd.,AMBAAUTO,,AMBAAUTO,INE293601014,Specialty Retail,Retailing,129.5,129.5,237.3,,,,,,,,,,,,,,130.52,,,,,,,,,,,,
Ambalal Sarabhai Enterprises Ltd.,,500009,AMBALALSA,INE432A01017,Pharmaceuticals,Pharmaceuticals & Biotechnology,30.98,30.98,237.41,57.1,48.46,49.21,47.45,50.03,61.19,50.33,0.88,1.18,30.29,28.7,28.09,30,31.77,31.84,31.38,29.76,29.3,0.47,0.94,0.78,1.19,7.72,-2.88,2.11,21.87
Ambani Orgochem Ltd.,AMBANIORGO,,AMBANIORGO,INE00C501018,Specialty Chemicals,Chemicals & Petrochemicals,140.4,140.4,101.91,79.59,65.41,65.63,,64.21,92.39,68.74,6.74,4.21,114.39,121.02,117.45,111.53,134.9,129.51,124.75,119.62,117.52,-1.78,-0.24,-0.45,,33.71,33.71,4.34,28.06
Amber Enterprises India Ltd.,AMBER,540902,AMBER,INE371P01015,Consumer Electronics,Consumer Durables,8163.5,8163.5,28751.68,78.88,64.35,64.82,61,44.89,61.72,55.73,361.04,341.23,7596.12,7454.88,7025.79,7340.16,8606.3,8273.53,8047.78,7582.72,7340.31,1.77,1.68,1.37,1.13,18.51,4.23,304.15,32.06
Ambey Laboratories Ltd.,AMBEY,,AMBEY,INE0M3I01029,Agrochemicals,Chemicals & Petrochemicals,28.7,28.7,75.13,47.18,39.21,38.77,49.35,32.6,88.34,49.93,1.94,2.32,26.33,25.2,31.17,36.1,30.52,30.76,29.55,28.19,30.48,0.75,0.32,0.22,,41.73,-26.79,2.1,30.74
Ambica Agarbathies & Aroma Industries Ltd.,AMBICAAGAR,532335,AMBICAAGAR,INE792B01012,Household Products,Consumer Durables,24.04,24.04,41.29,61.71,50.24,50.71,49.27,39.69,46.45,52.95,0.12,0.1,23.47,23.62,24.24,25.25,24,23.86,23.77,23.8,24.25,0.36,0.79,0.71,0.6,1.43,-4.57,1.27,10.84
Ambika Cotton Mills Ltd.,AMBIKCO,531978,AMBIKCO,INE540G01014,Textiles,Textiles Apparels & Accessories,1524.3,1524.3,872.66,76.92,63.3,63.21,56.3,54.27,81.78,55.82,63.94,61.81,1428.94,1388.41,1330.89,1371.22,1603.76,1545.76,1506.13,1421.6,1379.42,1.33,1.26,1.16,0.87,8.55,16.34,63.72,36.27
Ambuja Cements Ltd.,AMBUJACEM,500425,AMBUJACEM,INE079A01024,Cement & Cement Products,Cement and Construction,426.95,426.95,105534.5,35.54,28.85,29.21,29.04,36.47,44.9,40.57,-2.96,-1.23,441.15,447.55,493.02,532.2,441,442.8,444.4,456.76,481.98,1.32,1.62,1.38,1.33,-1.64,-23.54,14.52,14.51
Ameya Precision Engineers Ltd.,AMEYA,,AMEYA,INE0KT901015,Other Industrial Products,General Industrials,128.45,128.45,96.34,75.48,61.78,62.03,60.33,55.22,67.89,71.84,5.45,4.04,107.57,103.11,101.28,104.76,119.98,116.51,113,106.49,103.78,0.02,0.09,0.07,-0.02,32.42,26.99,4.22,26.68
Amiable Logistic (India) Ltd.,AMIABLE,,AMIABLE,INE0MTP01013,Warehousing & Logistics,Transportation,65.15,65.15,11.39,50.28,32.46,41.32,43.14,,25.62,42.45,-0.31,1.71,73.32,70.2,72.41,78.26,69.98,73.49,74.07,72.82,73.63,0.37,0.54,0.66,,5.08,-25.2,10.02,12.9
Amines & Plasticizers Ltd.,AMNPLST,506248,AMNPLST,INE275D01022,Commodity Chemicals,Chemicals & Petrochemicals,170.5,170.5,938.09,60.55,51.05,49.76,49.22,37.95,49.94,57.55,4.49,4.11,159.66,156.37,168.82,191.56,171.66,168.94,166.03,163.11,170.21,0.84,1.24,0.99,,10.22,-18.48,8.85,29.23
Amir Chand Jagdish Kumar (Exports) Ltd.,AMIRCHAND,544743,AMIRCHAND,INE05TO01019,Other Agricultural Products,"Food, Beverages & Tobacco",131.31,131.31,1359.74,,,,,,52.48,28.72,,,,,,,132.16,133.26,134.46,,,1.65,,,,5.33,,6.54,
Amrutanjan Health Care Ltd.,AMRUTANJAN,590006,AMRUTANJAN,INE098F01031,Pharmaceuticals,Pharmaceuticals & Biotechnology,557.6,557.6,1612.06,46.41,38.87,38.14,44.05,35.28,57.3,51.42,1.95,3.72,544.21,548.31,591.67,649.33,551.74,556.06,554.68,560.95,587.88,1.28,0.58,0.59,0.62,5.02,-21.25,20.55,19.94
Anand Rathi Share & Stock Brokers Ltd.,ARSSBL,544530,ARSSBL,INE549H01021,Capital Markets,Banking and Finance,546.45,546.45,3444.07,42.67,34.54,35.07,45,43.09,59.78,43.87,14.61,21.48,551.4,523.45,561.07,,578.62,580.84,573.02,552.9,555.2,0.63,1.67,,,-2.21,1.33,25.64,23.96
Anand Rathi Wealth Ltd.,ANANDRATHI,543415,ANANDRATHI,INE463V01026,Capital Markets,Banking and Finance,3529.8,3529.8,29304.61,74.03,61.92,60.84,60.1,65.24,25.56,53.76,71.19,96.62,3489.11,3325.44,3173.38,3039.19,3590.28,3581.15,3545.67,3384.52,3224,0.4,0.51,0.4,0.39,-0.67,13.7,88.78,33.29
Anant Raj Ltd.,ANANTRAJ,515055,ANANTRAJ,INE242C01024,Realty,Realty,502.45,502.45,18082.01,60.29,48.77,49.55,48.23,36.69,65.56,48.78,13.41,11.15,493.5,488.98,517.91,556.23,542.88,521.35,512.29,504.99,518.51,3.17,2.05,1.59,1.59,5.39,-19.39,24.59,16.79
Anantam Highways Trust,ANANTAM,544579,ANANTAM,INE1UA823019,REITs-InvITs,Realty,109.1,109.1,2372.92,55.78,45.77,45.84,44.16,29.43,49.64,62.34,1.44,1.19,106.09,104.79,104.19,,109.89,108.36,107.44,105.7,104.98,0.34,0.08,,,3.81,3.44,2.46,37.69
Andhra Cements Ltd.,ACL,532141,ACL,INE666E01020,Cement & Cement Products,Cement and Construction,55.89,55.89,515.15,48.04,40.34,39.48,47.64,40.74,48.8,53.45,0.89,0.99,53.42,53.17,58.14,67.98,56.29,55.99,55.43,55.26,58.44,0.56,1.04,0.83,0.75,2.31,-20.29,2.3,13.02
Andhra Paper Ltd.,ANDHRAPAP,502330,ANDHRAPAP,INE435A01051,Paper & Paper Products,Commercial Services & Supplies,65.64,65.64,1305.25,61.78,42.69,50.77,48.86,37.57,54.11,48.14,0.94,1.06,65.05,64.63,65.45,70.67,67.9,67.15,66.57,65.67,66.63,1.65,0.9,0.94,0.86,5.5,-14.33,2.42,32.78
Andhra Sugars Ltd.,ANDHRSUGAR,590062,ANDHRSUGAR,INE715B01021,Commodity Chemicals,Chemicals & Petrochemicals,93.43,93.43,1266.31,71.61,57.98,58.85,65.31,50.94,68.14,53.07,5.49,6.21,88.11,81.65,77.27,77.86,99.85,97.39,94.19,85.77,81.05,1.24,0.87,0.86,0.88,25.22,13.83,5.02,54.21
Angel One Gold ETF,AONEGOLD,,AONEGOLD,INF1J2R01114,Others,Others,14.04,14.04,,,41.99,42.61,,,39.56,52.05,-0.02,-0.03,13.91,14.15,13.88,,14,13.96,13.96,13.97,13.53,0.32,0.61,,,1.15,24.14,0.33,10.53
Angel One Ltd.,ANGELONE,543235,ANGELONE,INE732I01021,Capital Markets,Banking and Finance,299.1,299.1,27277.88,74.15,60.76,60.94,59.76,54.35,50.44,50.41,12.89,16.29,292.43,266.33,259.97,254.98,316.35,312.19,305.2,282.57,268.92,1.9,1.59,1.74,1.49,6.14,20.29,11.91,27.57
Angel One Nifty 1D Rate Liquid ETF,AONELIQUID,,AONELIQUID,INF1J2R01056,Others,Others,1059,1059,,,51.27,51.27,,,87.61,100,1.53,1.54,1055.94,1053.63,1048.51,1038.13,1058.61,1057.87,1057,1053.76,1048.53,0,0,0,,0.43,2.51,0.74,23.16
Angel One Nifty 50 ETF,AONENIFTY,,AONENIFTY,INF1J2R01064,Others,Others,9.61,9.61,,,42.7,42.32,,,38.96,40,0,0.02,9.77,9.81,10.18,10.26,9.85,9.84,9.84,9.91,10.06,0.92,0.95,,,-1.54,-7.95,0.42,20.18
Angel One Nifty Total Market ETF,AONETOTAL,,AONETOTAL,INF1J2R01015,Others,Others,11.3,11.3,,,43.56,52.53,,,42.47,45.18,0.1,0.12,11.3,11.25,11.55,11.67,11.63,11.55,11.49,11.41,11.49,0.97,0.97,0.94,,1.35,-5.12,0.38,11.53
Angel One Nifty Total Market Momentum Quality 50 ETF,AONETMMQ50,,AONETMMQ50,INF1J2R01148,Others,Others,9.98,9.98,,,27.97,34.94,,,56.66,52.95,0.17,0.18,9.76,9.62,9.63,,10.22,10.08,9.98,9.77,9.7,0.7,1.05,,,3.96,,0.27,35.87
Angel One Silver ETF,AONESILVER,,AONESILVER,INF1J2R01171,Others,Others,10.06,10.06,,,,,,,63.19,63.71,0.07,-0.05,9.18,,,,9.61,9.44,9.37,,,1.15,,,,12.28,,0.36,20.64
Anik Industries Ltd.,ANIKINDS,519383,ANIKINDS,INE087B01017,Diversified,Diversified,44.32,44.32,123,53.85,43.87,44.25,46.82,36.7,66.44,50.95,1.14,1.09,42.57,42.25,45.9,61.87,46.18,45.23,44.47,44.2,48.68,0.86,1.54,1.11,0.7,3.6,-40.39,2.66,35.64
Anjani Portland Cement Ltd.,APCL,518091,APCL,INE071F01012,Cement & Cement Products,Cement and Construction,114.36,114.36,335.93,60.38,48.95,49.62,40.72,39.45,48.42,48.21,0.07,-0.17,113.46,115.21,123.9,128.76,115.97,115.35,115.13,117.29,121.34,0.2,1.1,0.97,0.93,-1.12,-8.66,5.33,15.93
Ankit Metal & Power Ltd.,ANKITMETAL,532870,ANKITMETAL,INE106I01010,Iron & Steel/Interm.Products,Metals & Mining,1.64,1.64,23.14,49.73,49.93,40.87,48.84,37.6,54.43,54.71,0.02,0.02,1.55,1.57,1.65,1.76,1.6,1.6,1.59,1.59,1.65,0.83,0.55,0.57,0.15,3.14,0.61,0.09,15.07
Anlon Healthcare Ltd.,AHCL,544497,AHCL,INE0Y8W01025,Pharmaceuticals,Pharmaceuticals & Biotechnology,13.39,13.39,711.7,45.84,35.61,37.67,35.77,39.55,72.82,50.65,0.26,0.35,13.16,12.53,12.9,,13.59,13.6,13.47,13.03,12.91,-1.19,0.28,,,10.11,-4.14,0.9,22.25
Anlon Technology Solutions Ltd.,ANLON,,ANLON,INE0LR101013,Industrial Machinery,General Industrials,556,556,347.8,79.67,69.27,65.47,63.22,50.02,77.83,67.85,52.87,44.07,444.16,411.52,401.45,410.96,575.41,533.98,499.66,441.53,417.17,-0.08,0.39,0.08,0.05,47.09,35.61,26.35,42.34
Anmol India Ltd.,ANMOL,542437,ANMOL,INE02AR01019,Distributors,Commercial Services & Supplies,11.48,11.48,65.34,48.6,39.63,39.94,39.21,36.96,49.37,46.6,0.17,0.24,11.49,11.29,12.16,13.82,11.95,11.94,11.85,11.74,12.31,1.83,1.24,0.85,0.99,2.59,-27.02,0.75,17.21
Annapurna Swadisht Ltd.,ANNAPURNA,,ANNAPURNA,INE0MGM01017,Packaged Foods,FMCG,149.05,149.05,325.23,34.14,27.48,28.06,27.43,44.73,25.84,32.42,-5.86,-4.27,170.55,168.7,183.6,219.5,154.5,158.75,162.61,171.21,186.11,-0.27,1.04,0.9,0.87,-19.43,-40.03,8.81,19.37
Anondita Medicare Ltd.,ANONDITA,,ANONDITA,INE0VTV01012,Personal Products,FMCG,961.5,961.5,1739.03,58.24,48.23,47.86,48.11,54.17,39.19,51.02,36.77,57.28,929.77,844.99,806.21,,975.35,993.51,975.69,892.81,777.17,-0.24,1.07,,,13.38,157.09,46.82,26.27
Ansal Properties & Infrastructure Ltd.,ANSALAPI,500013,ANSALAPI,INE436A01026,Realty,Realty,4.19,4.19,65.95,63.74,53.13,52.38,50.29,31.67,86.25,78.56,0.19,0.14,3.51,3.58,3.43,4.01,4.08,3.91,3.78,3.6,3.62,-0.06,0.31,0.23,0.05,33.44,1.95,0.08,40.59
Antarctica Ltd.,ANTGRAPHIC,526715,ANTGRAPHIC,INE414B01021,Containers & Packaging,Commercial Services & Supplies,0.82,0.82,12.71,50.17,39.6,41.23,38.22,39.75,42.4,45.12,0,0.01,0.83,0.82,0.89,0.98,0.84,0.84,0.84,0.85,0.89,0.18,0.96,0.77,0.63,-2.38,-24.07,0.05,27.04
Antelopus Selan Energy Ltd.,ANTELOPUS,530075,ANTELOPUS,INE818A01017,Exploration & Production,Oil & Gas,719.35,719.35,2529.41,82.06,68.49,67.44,65.62,61.12,77.56,63.2,28.22,26.36,634.89,600.22,541.43,537.94,683.85,675.71,658.57,613.55,576.41,-1.38,-0.8,0.14,0.72,13.87,33.19,39.02,27.07
Anthem Biosciences Ltd.,ANTHEM,544449,ANTHEM,INE0CZ201020,Pharmaceuticals,Pharmaceuticals & Biotechnology,799.05,799.05,44883.75,57.7,46.85,47.42,47.58,42.77,74.29,72.18,25.47,24.31,730.77,703.11,675.2,,783.22,770.55,755.14,718.13,704.41,0.67,0.63,,,10.94,14.71,24.22,40.46
Antony Waste Handling Cell Ltd.,AWHCL,543254,AWHCL,INE01BK01022,Waste Management,Utilities,476.5,476.5,1352.41,56.77,41.8,46.65,43.47,38.87,39.04,42.25,6.72,11.22,485.54,478.17,492.19,518.59,505.31,504.06,500.57,491.33,495.16,1.27,1.07,1.1,0.96,-6.69,-5.92,20.15,22.79
Anuh Pharma Ltd.,ANUHPHR,506260,ANUHPHR,INE489G01022,Pharmaceuticals,Pharmaceuticals & Biotechnology,80.24,80.24,804.2,56.27,45.45,46.24,52.19,44.79,62.47,49.46,1.37,1.59,79.04,77.89,77.72,81.92,82.44,81.89,81.09,79.23,79.33,0.03,0.6,0.69,,2.82,-6.88,3.12,24.99
Anupam Rasayan India Ltd.,ANURAS,543275,ANURAS,INE930P01018,Specialty Chemicals,Chemicals & Petrochemicals,1359.5,1359.5,15477.68,80.87,66.42,66.46,65.45,64.86,63.26,61.6,23.82,21.58,1305.47,1284.17,1291.54,1210.35,1364.02,1346.87,1331.85,1302.02,1271.5,0.06,0.24,0.29,0.44,6.55,27.23,40.04,22.86
Anya Polytech & Fertilizers Ltd.,ANYA,,ANYA,INE0SI601032,Containers & Packaging,Commercial Services & Supplies,16.5,16.5,198,42.78,33.53,35.16,36.26,37.03,73.57,38.29,-0.34,-0.39,17.36,18.35,19.77,22.35,17,17.15,17.33,18.23,19.53,-0.57,0.16,0.11,,0.61,-31.25,0.66,19.37
Anzen India Energy Yield Plus Trust,ANZEN,543655,ANZEN,INE0MIZ23019,REITs-InvITs,Utilities,126,126,2471.99,50.41,41.43,40.77,47.79,48.2,63.67,57.38,1.8,1.9,121.85,119.87,118.13,,126,124.9,123.84,120.94,117.44,0.34,-0.09,,,6.78,18.87,1.95,24.38
Apar Industries Ltd.,APARINDS,532259,APARINDS,INE372A01015,Other Electrical Equipment/Products,Consumer Durables,12459,12459,50045.68,88.15,63.74,72.44,69.7,69.55,59.47,60.52,583.04,585.97,11465.45,10876.28,9738.43,9204.7,12659.4,12376.46,12029.89,11075.86,10239.03,0.66,0.88,1.43,0.97,15.71,48.25,496.69,45.92
Apcotex Industries Ltd.,APCOTEXIND,523694,APCOTEXIND,INE116A01032,Auto Tyres & Rubber Products,Automobiles & Auto Components,486.7,486.7,2523.3,74.03,59.25,60.84,56.34,50.75,90.37,72.08,31.52,21.36,397.62,381.65,374.07,383.1,487.88,450.24,429.16,397.21,384.7,1.15,1.03,0.77,0.65,28.3,23.97,22.5,37.19
Apeejay Surrendra Park Hotels Ltd.,PARKHOTELS,544111,PARKHOTELS,INE988S01028,Hotels,Hotels Restaurants & Tourism,128.54,128.54,2742.71,59.44,48.85,48.17,48.57,37.9,76.16,60.37,3.9,3.24,118.46,117.65,123.37,136.4,130.15,126.7,124.11,121.39,124.85,1.65,1.45,1.21,,11.49,-12.87,5.17,18.16
Apex Ecotech Ltd.,APEXECO,,APEXECO,INE0T4V01015,Utilities:Non-Electrical,Utilities,181.9,181.9,239.84,74.36,62.38,61.11,53.56,32.52,88.56,75.15,15.52,8.44,126.8,123.15,126.14,127.43,171.8,153.26,142.4,130.11,127.34,0.57,1.48,0.57,,57.97,47.29,11,31.48
Apex Frozen Foods Ltd.,APEX,540692,APEX,INE346W01013,Other Food & Beverages,"Food, Beverages & Tobacco",458.2,458.2,1431.88,92.88,67.73,76.33,66.1,74.59,62.71,52.08,19.81,22.19,442.02,412.32,365.4,305.52,483.13,472.05,460.85,423.04,379.99,1.49,2.04,1.88,1.3,12.41,93.26,29.33,40.9
Apollo Hospitals Enterprise Ltd.,APOLLOHOSP,508869,APOLLOHOSP,INE437A01024,Healthcare Facilities,Healthcare,8022.5,8022.5,115351.28,75.15,62.35,61.76,62.35,48.14,65.17,64.02,121.4,88.7,7649.48,7631.35,7401.12,7489.58,7959.8,7859.74,7780.44,7629.36,7523.84,0.42,0.54,0.7,0.56,7.23,3.09,153.03,15.89
Apollo Micro Systems Ltd.,APOLLO,540879,APOLLO,INE713T01028,Aerospace & Defence,General Industrials,294.85,294.85,10534.77,74.54,52.15,61.26,58.27,37.66,62.44,57.69,21.54,22.16,261.29,242.03,243.73,254.19,312.94,300.89,287.77,260.8,251.19,1.47,1.57,1.12,1.04,26.81,10.7,16.23,37.53
Apollo Pipes Ltd.,APOLLOPIPE,531761,APOLLOPIPE,INE126J01016,Plastic Products,General Industrials,476.1,476.1,2097.13,86.01,70.99,70.68,60.79,56.72,79.45,59.82,16.8,15.56,449.86,421.8,358.22,356.64,481.95,467.57,458,422.74,388.89,0.11,-0.2,0.33,0.64,5.61,62.52,26.37,48.9
Apollo Sindoori Hotels Ltd.,APOLSINHOT,,APOLSINHOT,INE451F01024,Hotels,Hotels Restaurants & Tourism,1147,1147,298.27,58.74,48,48.27,48.15,39.54,65.19,52.85,15.98,13.16,1100.78,1121.08,1191.24,1270.52,1166.2,1151.82,1140.13,1143.56,1182.47,1.49,0.92,0.76,0.64,9.59,-10.23,39.67,23.37
Apollo Tyres Ltd.,APOLLOTYRE,500877,APOLLOTYRE,INE438A01022,Auto Tyres & Rubber Products,Automobiles & Auto Components,398.75,398.75,25324.65,37.71,31.53,30.99,31.06,40.01,36.33,34.68,-7.65,-5.53,422.58,425.71,462.93,474.61,407.28,412.47,417.27,431.88,450.44,1.31,1.09,0.91,0.92,-9.45,-21.16,11.4,20.08
Aprameya Engineering Ltd.,APRAMEYA,,APRAMEYA,INE0LQG01010,Medical Equipment,Hardware Technology & Equipment,207.55,207.55,395.18,64.41,31.73,52.93,33.55,42.18,29.59,41.82,-0.16,0.65,225.51,223.04,247.19,247.77,228.07,226.36,226.48,229.87,237.84,1.07,1.62,1,,-11.66,-26.53,14.58,11.36
Apsis Aerocom Ltd.,APSISAERO,,APSISAERO,INE1OOJ01011,Industrial Machinery,General Industrials,290.85,290.85,350.53,,,,,,61.8,72.02,29.96,25.48,217.76,,,,282.62,260.8,242.43,,,0.03,,,,64.32,,17.03,49.68
Aptech Ltd.,APTECHT,532475,APTECHT,INE266F01018,IT Training Services,Software & Services,99.63,99.63,577.88,67.52,45.74,55.49,52.21,38.13,58.61,52.65,5.27,5.75,93.52,88.75,89.14,104.35,106.11,103.59,100.43,93.78,94.47,0.6,1.31,1.34,1.29,20.07,-7.32,5.05,35.08
Aptus Value Housing Finance India Ltd.,APTUS,543335,APTUS,INE852O01025,Housing Finance,Banking and Finance,274.15,274.15,13727.86,63.28,50.51,52,47.91,36.24,83.85,64.21,13.23,11.37,241.09,234.89,252.93,285.5,277.28,267.57,258.93,248.08,255.3,0.84,1.24,1.02,0.75,25.86,-7.02,10.6,41.45
Aqylon Nexus Ltd.,AQYLON,530943,AQYLON,INE416A01051,Movies & Entertainment,Media,51.5,51.5,1306.71,40.9,32.72,33.61,30.99,24.67,30.58,41.06,-4.14,-6.65,48.81,67.61,122.11,112.41,52.14,51.2,52.47,72.24,94.11,1.16,0.74,0.3,0.89,13.94,-33.1,3.49,34.36
Arabian Petroleum Ltd.,ARABIAN,,ARABIAN,INE08NJ01024,Oil Marketing & Distribution,Oil & Gas,70.8,70.8,77.12,53.42,42,43.9,34.13,36.34,41.7,49.33,-0.06,-0.14,71.67,70.74,71.72,74.5,70.85,71.06,71.09,71.29,72.12,-0.96,0.29,-0.08,,-5.54,-8.05,3.01,9.07
Archean Chemical Industries Ltd.,ACI,543657,ACI,INE128X01021,Commodity Chemicals,Chemicals & Petrochemicals,597.5,597.5,7376.64,67.52,46.76,55.49,56.59,54.93,58.35,47.14,6.38,7.78,604.25,590.41,569.34,604.85,615.09,611.95,608.52,595.26,588.38,0.1,0.35,0.43,0.51,-1.82,-7.9,22.27,25.66
Archidply Decor Ltd.,ADL,543231,ADL,INE0CHO01012,Forest Products,Forest Materials,71.63,71.63,39.87,56.3,44.43,46.27,53.5,40.09,24.97,47.75,1.2,1.78,70.78,69.91,72.45,78.68,73.65,74.07,73.42,71.95,73.27,-0.64,0.93,0.61,0.31,5.49,-12.09,5.51,14.89
Archidply Industries Ltd.,ARCHIDPLY,532994,ARCHIDPLY,INE877I01016,Forest Products,Forest Materials,85.71,85.71,170.26,60.88,48.83,50.03,48.75,36.92,80.22,56.29,3.22,2.64,78.9,77.48,82.91,91.42,88.03,85.28,83.12,80.93,83.33,1.33,1.3,1.13,0.85,6.96,-10.51,5.36,28.24
Archies Ltd.,ARCHIES,532212,ARCHIES,INE731A01020,Specialty Retail,Retailing,14.71,14.71,49.69,59.16,48.07,48.62,46.14,38.06,53.17,48.58,0.34,0.31,14.43,14.33,15.78,17.64,15.62,15.22,14.99,14.92,15.73,1.59,1.68,1.43,1.15,0.75,-26.23,0.91,17.87
Arfin India Ltd.,ARFIN,539151,ARFIN,INE784R01023,Aluminium and Aluminium Products,Metals & Mining,99.77,99.77,1683.34,57.19,46.41,47,48.63,53.69,77.03,69.61,3.55,3.9,90.1,84.29,78.98,,96.46,95.52,93.53,86.78,78.42,0.31,1.05,,,15.7,83.6,4.45,28.66
Arham Technologies Ltd.,ARHAM,,ARHAM,INE0L2Y01011,Consumer Electronics,Consumer Durables,144.2,144.2,314.53,73.59,60.01,60.48,58.62,66.4,60.11,54.83,2.17,3,140.96,135.7,140.02,123.25,144.46,144.51,143.37,139.77,136.07,0.5,0.85,0.7,0.1,2.2,38.59,4.42,19.22
Aries Agro Ltd.,ARIES,532935,ARIES,INE298I01015,Agrochemicals,Chemicals & Petrochemicals,348.85,348.85,453.66,61.63,48.92,50.65,51.04,55.26,36.27,39.68,1.41,5.19,368.41,355.52,340.07,361.02,367.18,368.41,368.53,359.51,352.53,1.18,1.1,1.31,1.36,-4.61,-5.29,14.85,15.13
Arihant Academy Ltd.,ARIHANTACA,,ARIHANTACA,INE0NCC01015,Education,Diversified Consumer Services,438,438,265.22,61.73,52.73,50.73,60.17,65.81,16.89,38.27,-3.97,0.59,481.66,475.7,475.28,390.67,469.51,473.69,476.98,475.84,455.61,1.57,0.38,0.49,,-7.13,24.15,28.32,16.78
Arihant Capital Markets Ltd.,ARIHANTCAP,511605,ARIHANTCAP,INE420B01036,Capital Markets,Banking and Finance,69.37,69.37,760.38,54.71,43.03,44.96,44.87,34.57,62.53,45.35,0.56,0.5,69.47,70.87,77.89,90.76,72.67,71.8,71.35,72.52,77.46,1.39,1.78,1.46,1.43,-0.2,-30.5,3.02,16.56
Arihant Foundations & Housing Ltd.,,531381,ARIHANT,INE413D01011,Realty,Realty,898.15,898.15,895.06,30.82,26.16,29.73,39.09,41.12,88.19,41.2,-17.87,-17.1,937.56,968.67,1050.91,1091.93,912.41,920.79,930.87,970.7,1017.99,-0.17,-0.3,0.02,0.35,-2.48,-15.4,71.1,31.04
Arihant Superstructures Ltd.,ARIHANTSUP,506194,ARIHANTSUP,INE643K01018,Realty,Realty,255.9,255.9,1106.77,48.04,39.24,39.48,47.32,34.09,41.73,47.22,7.17,9.33,251.67,244.53,271.56,335.99,269.05,268.15,263.89,259.36,277.71,1.09,1.67,1.33,1.44,12.35,-38.42,16.68,39.6
Arisinfra Solutions Ltd.,ARIS,544419,ARIS,INE0H9P01028,Construction Materials,Cement and Construction,144.9,144.9,1186.78,65.58,55.7,53.89,51.86,39.35,68.98,65.75,9.09,7.69,123.3,116.69,116.34,134.47,145.91,138.78,132.98,122.9,122.84,1.68,1.72,,,28.14,-12.39,7.85,32.72
Aristo Bio-Tech and Lifescience Ltd.,ARISTO,,ARISTO,INE082101010,Agrochemicals,Chemicals & Petrochemicals,122,122,83.06,61.93,50.89,51.27,48.44,26.19,99.32,73.41,6.49,1.85,94.18,101.14,113.86,118.13,118.86,108.18,103.04,103.13,109.32,0.13,0.02,-0.02,,34.36,3.26,4.37,30.76
Arkade Developers Ltd.,ARKADE,544261,ARKADE,INE0QRL01017,Realty,Realty,117.94,117.94,2189.72,57.26,46.02,47.06,47.5,34.97,63.83,51.01,3.04,3.01,114.56,111.87,119.12,147.35,122.85,120.51,118.57,116.74,123.72,0.86,1.22,1.23,,3.22,-29.55,4.45,25.27
Arman Financial Services Ltd.,ARMANFIN,531179,ARMANFIN,INE109C01017,Finance (including NBFCs),Banking and Finance,1770.9,1770.9,1861.73,68.99,57.57,56.7,55.52,53.03,78.35,61.59,72.5,42.2,1569.68,1526.01,1546.07,1549.42,1793.9,1685.09,1635.08,1573.53,1557.96,0.29,1.06,1,0.76,10.54,9.23,92.75,24.08
Armour Security (India) Ltd.,ARMOUR,,ARMOUR,INE0TZX01019,Misc. Commercial Services,Commercial Services & Supplies,21.4,21.4,36.1,39.9,32.51,32.79,32.14,23.4,58.8,43.08,0.06,-0.24,21.51,22.69,,,23.13,22.46,22.28,24.22,,2.44,-0.08,,,12.34,,1.16,29.62
Aro Granite Industries Ltd.,AROGRANITE,513729,AROGRANITE,INE210C01013,Construction Materials,Cement and Construction,25.84,25.84,39.54,49.91,40.57,41.02,37.16,31.18,48.81,47.77,0.51,0.62,25.37,25.06,27.29,31.61,27.03,26.77,26.46,26.21,27.62,0.73,1.08,0.94,0.89,6.43,-27.07,1.77,30.05
Arrow Greentech Ltd.,ARROWGREEN,516064,ARROWGREEN,INE570D01018,Plastic Products,General Industrials,551.25,551.25,831.72,57.5,46.95,47.25,48.22,52.57,73.33,55.22,21.57,23.53,534.35,473.68,472.21,535.2,563.88,553.54,541.66,505.2,497.96,0.3,1.01,0.66,0.83,2.83,-4.94,31.72,39.69
Arshiya Ltd.,ARSHIYA,506074,ARSHIYA,INE968D01022,Warehousing & Logistics,Transportation,1.25,1.25,32.93,45.67,27.83,37.53,30.12,29.97,39.54,43.69,-0.01,-0.01,1.3,1.33,1.32,1.78,1.3,1.3,1.31,1.33,1.44,0.73,0.1,0.14,0.14,-0.79,-36.87,0.08,14.67
Artemis Electricals and Projects Ltd.,,542670,AEPL,INE757T01025,Household Appliances,Consumer Durables,16.11,16.11,404.42,37.2,31.57,32.99,42.03,38.98,4.63,33.84,-0.23,0.07,17.89,17.8,19.18,21.85,17.35,17.82,18.01,18.32,19.26,1.15,1.46,1.19,1.02,-14.26,-27.89,1.07,16.48
Artemis Medicare Services Ltd.,ARTEMISMED,542919,ARTEMISMED,INE025R01021,Healthcare Facilities,Healthcare,270.68,270.68,4285.03,67.49,55.29,55.46,53.37,42.4,74.75,68.33,10.89,7.14,237.61,234.17,243.28,245.44,268.42,256.98,249.53,241,242.05,-0.07,0.8,0.72,0.71,18.87,11.28,10.52,32.31
Arunaya Organics Ltd.,ARUNAYA,,ARUNAYA,INE0TTG01017,Dyes & Pigments,Chemicals & Petrochemicals,25.4,25.4,44.55,64.25,55.91,52.8,40.25,39.64,88.55,76.41,0.83,0.45,18.48,18.5,18.66,20.89,20.3,20.12,19.55,18.88,19.44,-1.39,-0.11,,,47.25,22.41,1.16,28.92
Arvee Laboratories (India) Ltd.,ARVEE,,ARVEE,INE006Z01016,Specialty Chemicals,Chemicals & Petrochemicals,160.17,160.17,176.51,55.48,45.4,45.59,45.39,52.56,58.56,47.54,2.34,3.28,159.57,156.3,170.91,169.12,165.73,165.06,163.75,161.64,164.28,1.28,1.37,0.85,0.22,-5.38,0.69,9.01,21.72
Arvind Fashions Ltd.,ARVINDFASN,542484,ARVINDFASN,INE955V01021,Other Apparels & Accessories,Textiles Apparels & Accessories,431.9,431.9,5772.61,47.97,37.97,39.42,43.14,48.92,61.29,44.14,1.59,4.3,448.85,434.11,458,488.82,455.18,450.04,449.59,447.83,457.01,1.84,1.18,1.22,1.1,-5.85,-17.74,20.82,21.36
Arvind Ltd.,ARVIND,500101,ARVIND,INE034A01011,Textiles,Textiles Apparels & Accessories,442,442,11585.47,82.87,68.37,68.1,59.94,67.05,86.15,71.09,17.3,12.74,389.26,373.01,350.62,333.88,431.09,415.25,404.12,381.14,362.61,0.44,0.9,0.81,0.79,15.48,42.6,18.66,31.89
Arvind Port and Infra Ltd.,ARVINDPORT,,ARVINDPORT,INE0P4T01013,Shipping,Transportation,33.9,33.9,60.34,50.78,39.42,41.73,38.31,45.42,21.16,45.27,0.31,0.99,35.22,33.57,34.9,43.84,35.15,35.97,35.93,35.09,37.04,0.58,-0.04,-0.12,,-0.88,-48.17,1.92,19.12
Arvind SmartSpaces Ltd.,ARVSMART,539301,ARVSMART,INE034S01021,Realty,Realty,592.25,592.25,2716.47,57.79,45.89,47.49,54.62,48.88,64.6,46.85,16.48,19.94,590.46,564.73,569,592.8,627.13,618.88,609.5,585.25,581.02,1.04,1.39,1.16,1.33,0.81,-4.27,21.13,33.02
Asahi India Glass Ltd.,ASAHIINDIA,515030,ASAHIINDIA,INE439A01020,Auto Parts & Equipment,Automobiles & Auto Components,813.05,813.05,20726.86,39.91,33.31,32.8,41.68,45.4,33.7,40.04,-5.77,-3.59,839.08,846.74,909.77,908.83,833.31,837.55,840.76,859.26,882.93,1.14,1.14,0.93,0.77,-5.32,-11.72,26.48,11.43
Asahi Songwon Colors Ltd.,ASAHISONG,532853,ASAHISONG,INE228I01012,Dyes & Pigments,Chemicals & Petrochemicals,246.92,246.92,291.05,61.85,50.59,50.83,48.73,45.5,75.01,55.94,9.23,8.6,231.44,221.37,232.83,264.34,254.29,246.96,241.17,231.8,238.28,2.08,1.21,1.08,0.82,6.23,-9.29,14.18,33.09
Ascom Leasing & Investments Ltd.,ASCOM,,ASCOM,INE08KD01015,Finance (including NBFCs),Banking and Finance,259.6,259.6,304.1,82.03,67.41,67.58,67.6,66.38,65.39,60.14,13.84,16.25,243.74,215.1,169.2,164.11,261.28,258.24,250.79,220.3,191.55,-0.49,-0.14,-0.1,,10,113.05,9.58,50.66
Ashapura Logistics Ltd.,ASHALOG,,ASHALOG,INE0LAA01017,Warehousing & Logistics,Transportation,62.2,62.2,84.32,52.63,41.25,43.25,41.62,52.11,52.8,44.17,0.7,1.26,62.9,62.41,64.9,67.64,64.66,65.03,64.67,63.94,65.07,-1,-0.47,-0.09,,14.44,-13.13,2.69,12.64
Ashapura Minechem Ltd.,ASHAPURMIN,527001,ASHAPURMIN,INE348A01023,Coal & Mining,Metals & Mining,648.55,648.55,6195.35,64.88,55.32,53.32,52.7,40.51,73.13,59.23,30.91,30.33,584.21,556.21,647.57,632.52,662.58,644.29,624.72,599.51,609.54,1.65,1.5,1.45,1.35,25.51,4.41,29.84,33.71
Ashiana Housing Ltd.,ASHIANA,523716,ASHIANA,INE365D01021,Realty,Realty,349.85,349.85,3516.86,81.42,66.66,66.91,66.52,60.97,77.13,56.81,11.67,10.43,329.9,322.14,310.42,306.59,360.73,350.65,343.31,327.91,317.54,0.79,0.73,0.61,0.67,10.76,24.26,14.86,29.18
Ashika Credit Capital Ltd.,,543766,ASHIKA,INE094B01013,Finance (including NBFCs),Banking and Finance,382.45,382.45,1710.51,62.53,53.07,53.05,56.99,40.52,42.73,53.15,10.2,11.36,366.13,361.91,364.62,363.86,391.21,388.49,382.28,369.82,366.4,1.1,0.91,0.74,0.49,14.2,9.52,14.98,23.21
Ashima Ltd.,ASHIMASYN,514286,ASHIMASYN,INE440A01010,Textiles,Textiles Apparels & Accessories,15.4,15.4,295.16,59.64,40.46,49.01,46.32,36.25,42.3,48.3,0.47,0.49,15.05,14.7,16.03,19.37,16.44,16.09,15.79,15.49,16.45,2,1.58,1.34,1.3,3.91,-25.17,1,24.02
Ashok Leyland Ltd.,ASHOKLEY,500477,ASHOKLEY,INE208A01029,Commercial Vehicles,Automobiles & Auto Components,155.95,155.95,91602.76,64.29,44.29,52.83,46.47,55.98,26.99,37.4,-3.18,-2.69,166.39,175.04,182.32,159.85,164.92,165.01,166.84,172.65,172.63,1.61,1.98,1.6,1.36,-8.47,10.42,6.15,16.51
Ashoka Buildcon Ltd.,ASHOKA,533271,ASHOKA,INE442H01029,Roads & Highways,Cement and Construction,127.23,127.23,3571.64,47.75,38.13,39.24,46.04,33.85,42.81,44.47,2.22,3.04,128.08,125.35,141.6,165.02,135.14,133.96,132.6,132.52,141.96,2.56,1.97,1.6,1.36,4.86,-36.61,5.23,17.97
Ashoka Metcast Ltd.,ASHOKAMET,540923,ASHOKAMET,INE760Y01011,Commodity Trading  & Distribution,Commercial Services & Supplies,15.9,15.9,39.74,57.25,47.68,47.05,56.04,51.8,69.73,49.69,0.44,0.51,15.56,15.1,14.96,15.89,16.64,16.4,16.15,15.51,15.4,1.48,1,0.95,,2.98,-4.45,1.01,29.67
Ashwini Container Movers Ltd.,ASHWINI,,ASHWINI,INE1A6Q01010,Warehousing & Logistics,Transportation,158,158,237,42.33,35.33,34.79,33.98,32.63,47.72,61.4,4.68,3.73,146.56,145.18,,,159.5,155,151.95,146.85,,0.84,-0.07,,,11.66,,4.66,22.15
Asian Energy Services Ltd.,ASIANENE,530355,ASIANENE,INE276G01015,Oil Equipment & Services,Oil & Gas,284.65,284.65,1383.71,53.24,42.06,43.75,53.39,50.44,50.3,41.44,2.41,6.6,294.64,290.43,282.34,307.17,294.29,302.01,301.33,293.91,292.46,-0.13,1.05,1.13,1,-2.74,-14,15.24,18.63
Asian Granito India Ltd.,ASIANTILES,532888,ASIANTILES,INE022I01019,Ceramics,Consumer Durables,60.74,60.74,1800.79,52.93,43.6,43.5,50.53,53.9,17.57,38.69,-1.27,0.09,66.5,65.81,68.82,65.14,62.66,65.17,66.21,66.83,66.84,-1.42,1.29,1.19,1.25,-3.65,-9.42,3.72,28.01
Asian Hotels (East) Ltd.,AHLEAST,533227,AHLEAST,INE926K01017,Hotels,Hotels Restaurants & Tourism,156.66,156.66,270.89,67.55,54.07,55.51,55.61,62.58,65.23,44.97,1.12,2.11,159.64,158.11,149.2,149.43,162.01,161.77,161.32,157.56,153.23,0.56,0.5,0.49,0.66,-3.9,7.09,6.96,11.89
Asian Hotels (North) Ltd.,ASIANHOTNR,500023,ASIANHOTNR,INE363A01022,Hotels,Hotels Restaurants & Tourism,298.6,298.6,1273.03,38.53,32.38,31.66,39.04,49.46,64.83,52.72,-0.27,-0.24,296.22,294.55,302.38,316.26,293.96,295.36,295.54,296.93,302.72,0.23,0.53,0.55,0.53,0.88,-7.37,11.52,12.98
Asian Hotels (West) Ltd.,AHLWEST,533221,AHLWEST,INE915K01010,Hotels,Hotels Restaurants & Tourism,508.75,508.75,592.75,83.22,69.28,68.39,62.35,38.15,100,96.14,75.96,58,269.64,227.69,241.63,245.46,462.6,402.36,352.27,276.2,253.21,0.06,0.4,0.11,0.23,205.54,79.55,16.43,67.68
Asian Paints Ltd.,ASIANPAINT,500820,ASIANPAINT,INE021A01026,Paints,Consumer Durables,2505.5,2505.5,240327.01,66.88,53.08,54.96,43.37,43.23,51.6,56.36,52.64,50.31,2402.31,2348.37,2489.65,2524.86,2544.22,2501.28,2468.12,2425.1,2455.07,1.07,1.18,0.95,0.68,10.39,-3.74,64.63,27.83
Asian Star Company Ltd.,,531847,ASTAR,INE194D01017,Gems & Jewellery,Textiles Apparels & Accessories,650,650,1040.44,60.46,51.31,55.1,,37.37,48.3,52.18,16.31,9.57,619.11,624.98,635.81,683.63,674.59,649.98,638.45,629.07,641.69,-0.48,-0.51,-0.33,-0.21,13.48,-9.72,37.72,24.38
Aspinwall and Company Ltd.,ASPINWALL,,ASPINWALL,INE991I01015,Tea & Coffee,"Food, Beverages & Tobacco",234.91,234.91,183.66,63.87,51.56,52.49,39.85,48.81,71.3,53.85,5.82,5.04,226.94,220.56,222.52,244.03,241.95,235.81,232.13,225.88,228.27,0.98,0.95,0.63,0.28,9.73,-8.4,10.53,30.21
Aspire & Innovative Advertising Ltd.,ASPIRE,,ASPIRE,INE0S7801010,Household Appliances,Consumer Durables,16.5,16.5,25.04,58.53,48.1,50.43,48.05,31.76,86.05,60.11,1.16,1.04,14.01,13.66,15.25,19.98,17.27,16.4,15.64,14.77,16.01,1.09,0.38,0.2,,43.48,-20.67,0.65,40.41
Associated Alcohols & Breweries Ltd.,ASALCBR,507526,ASALCBR,INE073G01016,Breweries & Distilleries,"Food, Beverages & Tobacco",861.5,861.5,1635.06,52.09,43.62,42.81,42.11,48.35,38.54,49.2,20.09,26.41,848.98,810.56,849.63,938.51,892.06,886.26,875.19,849.39,866.73,1.4,1.31,1.1,1.22,5.8,-26.39,33.67,28.93
Astec Lifesciences Ltd.,ASTEC,533138,ASTEC,INE563J01010,Agrochemicals,Chemicals & Petrochemicals,671.5,671.5,1496.25,57.01,46.02,46.85,41.63,37.69,52.83,48.89,17.9,24.76,660.75,638.16,645.54,718.7,700.77,697,687.34,660.61,665.15,1.16,1.45,1.14,0.7,19.91,4.29,36.49,25.56
Aster DM Healthcare Ltd.,ASTERDM,540975,ASTERDM,INE914M01019,Healthcare Facilities,Healthcare,730.35,730.35,37840.97,78.61,64.21,64.6,63.72,63.36,63.54,60.18,19.93,18.35,694.07,677.77,635.84,639.52,736.44,723.83,711.66,681.09,657.89,0.54,0.48,0.35,0.43,9.32,6.27,22.83,25.35
Astra Microwave Products Ltd.,ASTRAMICRO,532493,ASTRAMICRO,INE386C01029,Aerospace & Defence,General Industrials,1108.7,1108.7,10526.55,67.53,56.64,55.5,55.58,52.52,53.71,55.33,34.69,38.19,1052.92,1020.46,979.14,998.66,1128.4,1114.91,1094.82,1039.97,1008.69,0.6,0.8,0.69,1.15,9.66,6.98,42.41,15.3
AstraZeneca Pharma India Ltd.,ASTRAZEN,506820,ASTRAZEN,INE203A01020,Pharmaceuticals,Pharmaceuticals & Biotechnology,8320,8320,20800,62.17,49.64,51.09,32.56,39.75,47.94,47.99,16.74,6.69,8283.27,8407.14,8554.38,8786.43,8464.8,8399.8,8384.61,8425.4,8541.78,-0.59,0.43,0.32,0.5,3.34,-9.39,251.27,15.99
Astral Ltd.,ASTRAL,532830,ASTRAL,INE006I01046,Plastic Products,General Industrials,1527.6,1527.6,41039,69.14,54.5,56.82,47.59,52.25,42.17,42.57,-11.2,-11.27,1572.96,1604.81,1539.41,1487.15,1562.94,1559.1,1565.99,1572.78,1550.39,0.54,0.62,0.85,0.81,-2.31,-2.46,48.45,7.96
Astron Paper & Board Mill Ltd.,ASTRON,540824,ASTRON,INE646X01014,Paper & Paper Products,Commercial Services & Supplies,4.25,4.25,19.76,39.69,32.27,32.62,33.43,37.29,33.72,48.14,0.02,0.05,4.24,4.14,4.65,8.36,4.25,4.31,4.3,4.38,5.3,-0.46,0.79,0.66,0.52,-4.92,-56.19,0.26,31.8
Atal Realtech Ltd.,ATALREAL,543911,ATALREAL,INE0ALR01029,Realty,Realty,28.28,28.28,350.38,77.56,65.06,63.74,64.1,62.48,64.69,70.72,1.12,0.91,25.48,24.65,25.38,23.51,28.43,27.44,26.71,25.58,24.91,0.45,0.85,0.65,0.49,13.39,14.36,1.02,34.11
Atam Valves Ltd.,ATAM,543236,ATAM,INE09KD01013,Industrial Machinery,General Industrials,76.7,76.7,87.92,60.55,49.15,49.76,50.1,39.9,76.39,64.04,4.09,3.58,66.99,63.98,70.73,81.13,77.9,74.9,72.25,68.88,71.74,1.36,1.18,1.22,0.9,22.27,-22.14,4.01,41.02
Ather Energy Ltd.,ATHERENERG,544397,ATHERENERG,INE0LEZ01016,2/3 Wheelers,Automobiles & Auto Components,924.25,924.25,35397.16,76.9,63.69,63.2,70.97,69.84,67.45,57.76,35.91,39.96,868.65,807.26,743.5,651.87,922.7,919.21,899.11,831.69,761.53,-1.25,0.28,0.71,,12.68,45.82,48.23,40.65
Atlanta Electricals Ltd.,ATLANTAELE,544527,ATLANTAELE,INE0Z4F01028,Heavy Electrical Equipment,General Industrials,1814.8,1814.8,13955.19,57.7,47.71,47.42,51.08,49.59,80.37,69.88,130.37,136.81,1467.62,1276.62,1065.15,,1669.72,1656.75,1581.69,1356.02,1190.45,-1.8,0.96,,,42.05,81.83,97.09,56.29
Atlantaa Ltd,ATLANTAA,532759,ATLANTAA,INE285H01022,Construction & Engineering,Cement and Construction,40.1,40.1,326.82,66.59,44,54.72,53.69,50.18,46.28,46.92,0.66,0.8,40.27,39.23,41.64,41.54,42.14,41.59,41.19,40.64,41.04,1.76,1.91,1.94,1.08,-1.62,-9.73,2.08,18.82
Atlas Cycles (Haryana) Ltd.,ATLASCYCLE,505029,ATLASCYCLE,INE446A01025,2/3 Wheelers,Automobiles & Auto Components,99.07,99.07,64.43,56.6,45.51,46.51,47.61,49.89,40.07,50.1,1.98,2.94,97.84,92.75,94.65,105.34,101.37,101.15,100.17,96.7,97.19,-1.12,0.88,0.59,0.24,15.35,-11.65,5.02,22.07
Atmastco Ltd.,ATMASTCO,,ATMASTCO,INE05DH01017,Construction & Engineering,Cement and Construction,205.25,205.25,507.68,68.06,55.48,55.93,40.68,48.47,95.5,78.87,13.86,7.81,149.83,144.99,142.63,175.95,189.11,173.15,163.63,151.7,153.52,0.53,1.77,1.13,,42.29,1.03,10.82,24.37
Atul Auto Ltd.,ATULAUTO,531795,ATULAUTO,INE951D01028,2/3 Wheelers,Automobiles & Auto Components,476.9,476.9,1323.46,66.4,47.43,54.57,54.33,40.44,89.83,51.8,12.59,13.9,460.37,451.73,448.3,459.24,491.24,485.85,478.24,462.22,457.18,-0.91,1.32,1.34,1.14,10.57,4.89,18.73,36.83
Atul Ltd.,ATUL,500027,ATUL,INE100A01010,Specialty Chemicals,Chemicals & Petrochemicals,6851.5,6851.5,20172.05,78.66,65.47,64.64,63.89,60.95,79.83,55.87,149.01,144.48,6615.32,6506.84,6337.36,6263.18,6994.7,6874.52,6782.18,6576,6431.16,1.05,0.35,0.54,0.82,6.12,18.94,196,36.6
Au Small Finance Bank Ltd.,AUBANK,540611,AUBANK,INE949L01017,Microfinance Institutions,Banking and Finance,999.6,999.6,74825.62,70.76,58.35,58.15,58.22,57.99,57.53,50.06,18.24,22.44,981.61,960.43,976.13,889.83,1025.56,1018.72,1008.22,982.37,957.38,0.46,1.36,1,0.68,3.8,13.46,28.92,20.17
Auri Grow India Ltd.,AURIGROW,,AURIGROW,INE925Y01036,Other Electrical Equipment/Products,Consumer Durables,0.33,0.33,48.72,45.18,37.5,37.13,36.38,32.76,44.42,49.98,0.01,0.01,0.32,0.3,0.45,0.51,0.34,0.34,0.33,0.34,0.4,0.74,0.59,0.71,0.66,6.45,-37.74,0.01,18.75
Aurionpro Solutions Ltd.,AURIONPRO,532668,AURIONPRO,INE132H01018,IT Software Products,Software & Services,762.2,762.2,4212.05,57.2,27.38,47.01,39.23,35.59,34.62,35.19,-2.88,3.87,847.96,849.75,931.95,1082.49,856.7,855.97,858.17,873.33,933.49,1.31,1.33,1.02,0.97,-7.12,-34.38,42.93,15.31
Auro Impex & Chemicals Ltd.,AUROIMPEX,,AUROIMPEX,INE0NUL01018,Other Industrial Products,General Industrials,33.3,33.3,40.63,56.86,47.46,46.73,,38.26,47.88,55.16,1,0.9,30.17,30.36,34.84,41.93,32.75,32.55,31.85,31.89,34.98,-0.81,0.82,0.27,,19.57,-33.2,1.72,16.43
Aurobindo Pharma Ltd.,AUROPHARMA,524804,AUROPHARMA,INE406A01037,Pharmaceuticals,Pharmaceuticals & Biotechnology,1488.2,1488.2,86434.89,82.73,68.04,67.99,58.98,67.52,68.17,70.74,42.77,38.37,1388.96,1334.58,1258.07,1188.6,1484.96,1446.89,1421.17,1350.74,1287.19,0.54,0.37,0.61,0.72,11.03,30.48,36.57,24.04
Aurum Proptech Ltd.,AURUM,539289,AURUM,INE898S01029,IT Consulting & Software,Software & Services,172.78,172.78,1326.95,52.96,43.22,43.52,53.22,41.62,68.27,44.03,0.73,2,175.84,173.79,177.91,176.24,176.67,178.11,177.87,176.34,176.27,0.89,1.31,0.9,0.78,1.48,0.52,7.58,13.28
Ausom Enterprise Ltd.,AUSOMENT,509009,AUSOMENT,INE218C01016,Commodity Trading  & Distribution,Commercial Services & Supplies,149.09,149.09,203.11,84.98,69.94,69.84,63.46,43.14,82.62,71.07,11.43,11.07,123.42,113.66,115.31,110.33,149.74,143.93,136.82,122.97,116.52,-0.02,0.64,0.57,0.71,45.41,46.83,9.49,57.88
Australian Premium Solar (India) Ltd.,APS,,APS,INE0P0001010,Power - Electric Utilities,Utilities,340.8,340.8,684.67,51.22,40.18,42.09,40.02,47.74,47.7,41.81,5.34,10.83,353.95,333.74,343.11,412.54,358.36,363.69,361.53,351.12,361.18,1.02,1.78,1.79,,-4.26,-26.78,15.02,14.09
Authum Investment & Infrastructure Ltd.,AIIL,539177,AIIL,INE206F01022,Finance (including NBFCs),Banking and Finance,478.35,478.35,40622.7,58.04,46.56,47.7,43.64,29.85,71.25,51.2,6.06,4.15,464.31,465.75,510.87,549.78,488.08,480.6,476.12,478.8,497.87,1.08,1.8,1.38,,11.18,-14.6,22.86,23.95
Autoline Industries Ltd.,AUTOIND,532797,AUTOIND,INE718H01014,Auto Parts & Equipment,Automobiles & Auto Components,71.94,71.94,310.6,66.1,53.28,54.32,55.68,38.49,70.7,54.45,3.2,2.17,65.64,66.11,71.53,71.84,77.56,72.48,70.22,68.53,69.83,0.96,2.03,1.66,1.64,12.06,5.13,4.84,23.42
Automotive Axles Ltd.,AUTOAXLES,505010,AUTOAXLES,INE449A01011,Auto Parts & Equipment,Automobiles & Auto Components,1724.6,1724.6,2606.22,60.89,43.07,50.04,59.05,48.32,51.13,41.93,6.86,14.02,1758.12,1798.12,1862.18,1800.69,1801.56,1803.98,1799.11,1806.52,1817.61,1.38,1.14,0.91,0.74,2.12,4.46,65.71,21.38
Automotive Stampings and Assemblies Ltd.,ASAL,520119,ASAL,INE900C01027,Auto Parts & Equipment,Automobiles & Auto Components,491.3,491.3,779.42,63.8,43.91,52.43,51.19,37.74,90.74,49.63,21.17,22.24,474.97,458.46,460.59,490.2,530.01,514.93,501.98,476.53,473.85,1.79,1.22,1.11,1.16,11.28,-5.68,24.4,29.62
Avadh Sugar & Energy Ltd.,AVADHSUGAR,540649,AVADHSUGAR,INE349W01017,Sugar,"Food, Beverages & Tobacco",496.75,496.75,994.41,81.11,57.35,66.66,57.14,49.68,61.27,56.31,15.71,16.61,483.44,450.49,400.3,412.04,511.2,497.87,489.25,455.82,429.77,0.06,0.06,0.36,0.95,5.48,19.08,22.03,35.8
Available Finance Ltd.,,531310,AVAILFC,INE325G01010,Finance (including NBFCs),Banking and Finance,153.3,153.3,156.42,54.47,46.23,45.85,53.7,46.32,44.57,52.79,3.46,4.01,149.09,143.96,148.46,156.39,157.14,155.38,153.35,149.04,150.52,1.39,0.91,1,1.13,4.21,-1.41,7.62,40.41
Avalon Technologies Ltd.,AVALON,543896,AVALON,INE0LCL01028,Heavy Electrical Equipment,General Industrials,1291.2,1291.2,8620.85,80.59,66.51,66.23,65.12,59.32,81.59,65.74,78.12,54.26,1081.3,1025.84,974.05,976.98,1284.9,1204.16,1152.61,1065.19,1016.32,1.3,1.33,1.6,1.02,23.38,21.6,70.91,29.41
Avana Electrosystems Ltd.,AVANA,,AVANA,INE1KU201016,Heavy Electrical Equipment,General Industrials,154.8,154.8,350.55,47.75,37.28,39.24,38.13,34.04,63.86,84.85,15.95,15.43,111.74,93.38,,,144.55,137.71,128.08,105.31,,0.67,1.06,,,75.31,,7.31,56.59
Avantel Ltd.,AVANTEL,532406,AVANTEL,INE005B01027,Telecom Equipment,Telecommunications Equipment,157.01,157.01,4171.93,66.66,54.95,54.78,43.71,46.97,64.55,55.41,4.28,3.95,149.35,144.4,147.81,154.68,160.27,156.62,153.97,149.21,149.39,0.92,1.4,1.21,,6.27,-3.22,7.49,21.37
Avanti Feeds Ltd.,AVANTIFEED,512573,AVANTIFEED,INE871C01038,Other Food & Beverages,"Food, Beverages & Tobacco",1357.3,1357.3,18492.62,84.78,69.03,69.67,66.92,76.07,33.2,49.23,23.62,33.96,1361.79,1308.35,1125.86,917.9,1399.14,1390.42,1379.84,1300.43,1170.07,0.79,1.52,1.48,1.32,5.54,89.67,79.57,22.79
Avenue Supermarts Ltd.,DMART,540376,DMART,INE192R01011,Department Stores,Retailing,4331.7,4331.7,282497.79,69.54,56.91,57.15,51.21,53.74,33.74,47.44,44.37,86.04,4408.22,4181.04,3989.79,4144.16,4388.38,4420.43,4405.69,4253.22,4140.98,0.58,0.5,0.65,0.44,-1.9,6.11,112.05,18.33
AvenuesAI Ltd.,CCAVENUE,539807,CCAVENUE,INE483S01020,Internet Software & Services,Software & Services,14.05,14.05,4898.86,37.81,38.47,31.07,31.56,38.12,45.47,43.95,-0.26,-0.28,14.41,14.72,15.75,16.5,14.03,14.08,14.23,14.83,15.58,1.02,1.29,1.26,1.19,-6.89,-22.72,0.54,19.72
Avi Ansh Textile Ltd.,AVIANSH,,AVIANSH,INE0TFB01017,Textiles,Textiles Apparels & Accessories,110.5,110.5,154.44,60.26,40.26,49.52,60.01,54.23,54.63,44.86,0,0.11,111.48,111.63,113.75,110.52,112,111.76,111.75,112.1,112.28,0.14,0.31,0.36,,-1.34,-5.15,2.29,42.8
Avonmore Capital & Management Services Ltd.,AVONMORE,511589,AVONMORE,INE323B01024,Finance (including NBFCs),Banking and Finance,11.06,11.06,312.1,33.49,26.41,27.52,38.53,34.22,36.16,35.95,-0.2,-0.13,12.05,12.55,14.52,16.54,11.89,12.04,12.15,12.8,14.08,1.29,2.05,1.57,1.16,-6.98,-36.62,0.76,12.89
Avro India Ltd.,AVROIND,543512,AVROIND,INE652Z01025,Plastic Products,General Industrials,10.25,10.25,137.53,35.11,27.06,28.85,38.33,38.89,62.18,31.44,-0.28,-0.06,12.08,12.47,12.46,13.29,11.52,11.88,12.09,12.34,12.64,2.55,1.03,0.84,0.73,-9.91,-18.99,0.87,15.72
Awfis Space Solutions Ltd,AWFIS,544181,AWFIS,INE108V01019,Special Consumer Services,Diversified Consumer Services,366.4,366.4,2621.24,55.59,44.81,45.68,44.48,33.81,73.2,60.02,17.55,16.82,329.52,307.18,368.08,472.33,373,362.32,351.25,340.02,374.39,1.32,1.62,1.23,,17.89,-38.5,19.54,28.94
Axis Bank Ltd.,AXISBANK,532215,AXISBANK,INE238A01034,Banks,Banking and Finance,1260.1,1260.1,391760.63,55.09,46.7,45.27,54.43,64.98,25.35,42.4,-7.4,0.84,1294.76,1291.24,1295.52,1228.36,1277.52,1287.14,1293.28,1295.02,1283.56,0.58,1.28,1.19,1.03,-4.43,2.57,32.93,17.01
Axis NIFTY 50 ETF,AXISNIFTY,,AXISNIFTY,INF846K01W98,Others,Others,257.67,257.67,,,34.34,42.27,59.61,56.41,36.19,39.03,-0.04,0.52,262,263.4,273.18,275.32,264.28,263.98,263.98,265.8,269.77,0.84,0.85,0.89,0.71,-1.6,-8.07,6.5,11.61
Axis NIFTY Bank ETF,AXISBNKETF,,AXISBNKETF,INF846K01X63,Others,Others,549.61,549.61,,,36.72,34.61,58.23,66.4,15.83,38.72,-2.33,-0.51,563.55,570.73,592.56,587.55,565.26,565.8,567.2,574.01,582.1,0.95,1.24,1.04,0.9,-2.63,-7.28,10.4,13.3
Axis NIFTY Healthcare ETF,AXISHCETF,543348,AXISHCETF,INF846K01Z12,Others,Others,155.06,155.06,,,62.96,59.26,47.69,50.72,59.71,62.72,2.63,2.03,148.7,148.85,147.85,148.47,156.36,153.81,152.06,149.49,148.55,0.6,0.48,0.5,0.52,7.52,3.51,3.08,18.09
Axis NIFTY IT ETF,AXISTECETF,543347,AXISTECETF,INF846K01Y96,Others,Others,310.32,310.32,,,32.33,32.54,40.92,46.47,24.06,35.47,-5.28,-4.33,330.11,328.52,366.89,377.79,318.98,321.6,324.81,336.47,353.93,1.33,0.66,0.84,0.76,-10.26,-19.25,7.86,24.43
Axis NIFTY India Consumption ETF,AXISCETF,543357,AXISCETF,INF846K016C7,Others,Others,115.14,115.14,,51.14,42.18,49.41,43.4,43.4,45.14,45.81,0.98,1.18,115.18,114.52,118.55,122.04,118.17,117.52,116.91,116.4,117.97,1.13,1,0.9,0.77,1.56,-9.22,2.59,15.26
Axis Nifty AAA Bond Plus SDL Apr 2026 50:50 ETF,AXISBPSETF,,AXISBPSETF,INF846K01Z04,Others,Others,13.33,13.33,,,57.15,56.32,56.36,60.5,47.55,60.44,0.03,0.03,13.27,13.24,13.17,13.04,13.33,13.31,13.3,13.25,13.17,0.07,0,0.01,0,0.98,2.46,0.28,25
Axis Nifty500 Value 50 ETF,AXISVALUE,544382,AXISVALUE,INF846KA1119,Others,Others,33.46,33.46,,,60.82,60.01,,,31.98,49.3,0.32,0.41,33.16,32.97,32.54,30.98,33.97,33.85,33.67,33.14,32.47,0.82,0.84,0.89,,2.11,9.89,0.98,20.62
Axis S&P BSE SENSEX ETF,AXSENSEX,543853,AXSENSEX,INF846K010Q0,Others,Others,77,77,,,36.35,41.85,,,8.64,38.2,-0.2,0.01,78.97,79.46,82.93,83.97,79.23,79.26,79.37,80.21,81.76,0.98,1.01,0.9,0.8,-2.61,-10.21,1.85,15.3
Axis Silver ETF,AXISILVER,,AXISILVER,INF846K011K1,Others,Others,261.31,261.31,,12.82,69.68,70,6.67,6.67,77.69,65.08,3.05,0.71,238.52,243.46,246.74,193.03,250.68,245.87,243.46,242.05,231.7,1.14,1.48,0.95,0.49,12.4,76.99,9.47,17.01
Axita Cotton Ltd.,AXITA,542285,AXITA,INE02EZ01022,Textiles,Textiles Apparels & Accessories,8,8,306,44.97,36.25,36.96,41.89,56.52,33.82,33.42,-0.19,-0.18,8.51,8.6,9.22,8.63,8.11,8.19,8.31,8.59,8.76,0.08,0.31,0.31,0.41,-10.31,5.51,0.35,20.13
Aye Finance Ltd.,AYE,544699,AYE,INE501X01029,Finance (including NBFCs),Banking and Finance,134.85,134.85,3327.89,42.54,34.81,34.96,33.53,20.71,75.84,53.52,7.58,7.46,121.81,117.52,,,143.3,137.88,133.04,121.43,,1.99,,,,29.84,,10.63,34.2
Azad Engineering Ltd.,AZAD,544061,AZAD,INE02IJ01035,Industrial Machinery,General Industrials,2123.7,2123.7,13715.22,84.36,61.15,69.33,67.63,53.36,80.27,59.62,138.44,145.34,1901.84,1773.89,1675.78,1644.08,2211.66,2143.18,2060.16,1863.14,1749.1,0.91,1.23,1.11,,26.95,31.23,102.1,45.93
B L Kashyap & Sons Ltd.,BLKASHYAP,532719,BLKASHYAP,INE350H01032,Construction & Engineering,Cement and Construction,55.25,55.25,1245.56,68.36,53.97,56.18,53.08,40.04,61.7,51.97,2.33,2.18,52.27,51.1,50.83,56.63,58.77,56.77,55.29,52.66,52.58,1.81,1.71,1.38,1.4,15.54,-5.13,3.02,17.94
B&A Ltd.,,508136,BNALTD,INE489D01011,Tea & Coffee,"Food, Beverages & Tobacco",365,365,113.15,41.05,34.84,43.47,45.78,49.21,12.71,42.41,-0.62,5.33,391.97,383.06,388.09,412.4,383.83,392.49,393.98,390.18,394.74,-1.73,0.35,0.18,0.15,-10.37,-8.78,25.5,17.98
B&B Triplewall Containers Ltd.,BBTCL,543668,BBTCL,INE01EE01011,Containers & Packaging,Commercial Services & Supplies,191.26,191.26,392.3,57.42,48.09,47.19,43.9,50.71,47.76,48.62,3.5,4.79,190.58,182.47,186.24,192.75,196.74,196.38,194.53,188.95,187.86,1.38,1.12,0.66,0.57,7.76,-0.66,9.65,33.87
BAG Convergence Ltd.,BAGDIGITAL,,BAGDIGITAL,INE17CQ01015,Broadcasting & Cable TV,Media,114.1,114.1,242.11,46.86,37.82,38.51,39.54,25.77,91.27,55.09,1.68,0.98,109.8,110.12,114.21,,115.16,113.2,112,111.41,113.62,0.08,0.12,,,5.02,-12.16,5.58,19.79
BAG Films & Media Ltd.,BAGFILMS,532507,BAGFILMS,INE116D01028,Broadcasting & Cable TV,Media,4.83,4.83,100.33,48.24,36.8,39.64,40.56,38.07,50.17,41.45,0.04,0.09,4.98,4.89,5.42,6.06,5.11,5.13,5.11,5.12,5.4,1.08,1.4,1.19,0.99,-6.4,-28.44,0.33,16.58
BASF India Ltd.,BASF,500042,BASF,INE373A01013,Specialty Chemicals,Chemicals & Petrochemicals,3755.9,3755.9,16257.64,59.24,49.62,48.68,40.54,39.77,69.85,54.44,86.47,72.41,3602.71,3533.44,3643.23,4090.45,3863.72,3761,3704.9,3634.56,3732.11,1.15,1.26,0.93,0.83,5.99,-14.55,136.23,21.9
BCL Industries Ltd.,BCLIND,524332,BCLIND,INE412G01024,Edible Oils,FMCG,34.24,34.24,1010.64,56.16,45.71,46.15,53.66,47.43,65.2,52.87,1.41,1.58,33.06,30.89,30.47,35.16,35.76,35.22,34.4,32.35,32.23,0.39,1.19,1.16,1.08,7.03,-12.05,1.57,30.91
BCPL Railway Infrastructure Ltd.,,542057,BCPL,INE00SW01015,Construction & Engineering,Cement and Construction,80.24,80.24,134.19,66.45,56.4,55.29,53.74,46.33,70.46,58.53,4.28,3.92,72.5,68.2,70.14,74.53,81.46,79.23,76.5,71.91,71.53,1.28,0.43,0.74,0.74,17.53,5.9,5.41,43.98
BEML Land Assets Ltd.,BLAL,543898,BLAL,INE0N7W01012,Realty,Realty,191.4,191.4,797.08,63.53,50.04,52.21,50.11,39.24,75.54,51.69,5.61,5.41,184.27,180.94,189.68,199.99,200.17,195.66,192.09,187.11,189.74,1.06,0.93,0.79,1.04,12.32,-6.65,7.61,40.39
BEML Ltd.,BEML,500048,BEML,INE258A01024,Commercial Vehicles,Automobiles & Auto Components,1792.9,1792.9,14932.88,62.24,41.57,51.15,49.25,37.25,81.46,51.19,71.3,72.45,1715.7,1663.66,1713.58,1875.41,1910.52,1854.36,1810.02,1734.49,1748.92,1.4,1.57,1.53,1.48,11.87,-9.76,75.38,31.27
BEW Engineering Ltd.,BEWLTD,,BEWLTD,INE0HQI01014,Other Industrial Products,General Industrials,81.85,81.85,107,41.46,24.92,34.07,24.72,33.64,56.81,43.42,-0.63,-0.58,83.99,86.97,98.13,120.58,85.09,85.09,85.37,88.78,98.5,1.42,1.19,0.94,0.79,-8.9,-32.96,5.09,13.2
BF Investment Ltd.,BFINVEST,533303,BFINVEST,INE878K01010,Holding Companies,Diversified,412,412,1551.91,62.4,42.86,51.28,51.03,40.54,76.5,49.91,12.13,13.05,400.16,391.78,396.73,430.27,434.36,425.04,417.64,403.8,407.15,1.34,1.7,1.51,1.36,8.02,-10.19,14.78,23.23
BF Utilities Ltd.,BFUTILITIE,532430,BFUTILITIE,INE243D01012,Power - Electric Utilities,Utilities,546.6,546.6,2058.91,60.45,40.53,49.68,48.58,32.11,71.6,52.61,27.99,31.19,508.44,486.26,537.36,640.6,582.93,566.61,549.52,522.67,546.66,1.45,1.55,1.46,1.45,25.02,-20.01,24.65,37.73
BGR Energy Systems Ltd.,BGRENERGY,532930,BGRENERGY,INE661I01014,Power - Electric Utilities,Utilities,259.8,259.8,1874.76,44.6,35.55,36.65,38.3,53.92,36.26,35.61,-10.3,-5.1,296.72,302.29,319.72,298.7,275.48,285.17,292.34,304.17,309.56,1.64,1.32,1.25,0.91,-13.2,-35.48,16.24,24.09
BIL Vyapar Ltd.,BILVYAPAR,500059,BILVYAPAR,INE071A01013,Advertising & Media,Media,5.11,5.11,16.03,35.86,29.47,30.95,30.95,36.04,25.81,37.06,-0.18,-0.2,5.87,6.29,6.9,9.47,5.66,5.66,5.75,6.25,7.25,0.12,0.15,-0.06,-0.1,-20.4,-57.8,0.34,22.3
BLB Ltd.,BLBLIMITED,532290,BLBLIMITED,INE791A01024,Other Financial Services,Banking and Finance,16.72,16.72,88.39,65.23,54.09,53.61,54.89,62.07,43.48,45.23,0.02,0.12,16.85,16.97,15.68,15.78,16.79,16.96,16.98,16.69,16.27,-0.08,0.7,0.6,0.75,-1.07,-4.46,0.82,14.38
BLS E-Services Ltd.,BLSE,544107,BLSE,INE0NLT01010,Misc. Commercial Services,Commercial Services & Supplies,190.23,190.23,1728.36,64.52,54.44,53.02,53.74,48.57,72.99,57.94,9.68,9.68,177.44,163.92,172.81,181.82,197.99,192.47,186.53,175.28,174.84,0.73,0.93,1.25,,16.99,-3.5,8.56,41.5
BLS International Services Ltd.,BLS,540073,BLS,INE153T01027,Travel Support Services,Diversified Consumer Services,270.8,270.8,11149.94,50.79,40.51,41.74,41.14,46.36,49.96,44.24,2.44,3.88,279.73,270.07,282.72,314.45,284.72,282.24,281.06,278.15,286.33,1.64,2.13,1.6,1.48,-5.62,-15.22,11.36,16
BMW Ventures Ltd.,BMWVENTLTD,544543,BMWVENTLTD,INE965W01036,Iron & Steel Products,Metals & Mining,62.4,62.4,541.1,51.47,34.36,42.3,42.83,34.59,82.74,52.03,1.63,1.82,59.96,59.32,58.17,,64.2,63.57,62.6,60.43,60.3,0.18,0.91,,,8.58,-6.91,2.63,32.42
BN Agrochem Ltd.,,526125,BNAGROCHEM,INE00HZ01011,Edible Oils,FMCG,287.2,287.2,2808.04,54.48,46.24,48.36,44.12,33.13,86.71,64.79,14.28,7.79,240.55,241.45,288.25,321.22,291.66,268.95,258.55,256.15,274.87,4.34,1.36,0.67,0.39,34.02,-26.17,17.01,31.09
BPL Ltd.,BPL,500074,BPL,INE110A01019,Consumer Electronics,Consumer Durables,55.14,55.14,270.05,59.3,46.88,48.73,46.9,34.31,76.07,51.99,1.9,1.87,51.92,51.41,55.3,65.53,57.64,56.31,55.08,53.82,56.58,1.93,1.87,1.7,1.31,15.94,-23.38,3.14,28.23
BSE Ltd.,BSE,,BSE,INE118H01025,Capital Markets,Banking and Finance,3851.9,3851.9,156436.87,89.21,72.79,73.31,71.14,69.96,50.56,70.89,214.52,202.7,3404.75,3162.51,2963.91,2710.3,3898.6,3747.17,3616.65,3302.99,3059.41,1.12,1.4,1.56,1.26,18.25,56.87,109.89,39.17
BSL Ltd.,BSL,514045,BSL,INE594B01012,Textiles,Textiles Apparels & Accessories,125.18,125.18,128.84,54.55,46.03,44.83,45.25,37.37,58.59,50.62,1.35,1.29,121.53,122.85,133.18,151.4,127.24,126.2,125.23,126.34,134.09,0.98,1.18,0.94,0.84,10.33,-33.77,6.56,21.53
Baazar Style Retail Ltd.,STYLEBAAZA,544243,STYLEBAAZA,INE01FR01028,Department Stores,Retailing,391.15,391.15,2918.66,80.55,66.5,66.2,60.43,47.61,78.64,60.96,28.4,28.28,345.63,316.96,309.11,314.05,410.32,393.98,376.46,340.37,322.84,0.82,1.44,1.17,,36.29,21.14,19.77,40.75
Baba Food Processing (India) Ltd.,BABAFP,,BABAFP,INE0QW501012,Other Food & Beverages,"Food, Beverages & Tobacco",26.3,26.3,42.94,55.16,45.33,47.28,48.97,34.72,60.13,52.5,0.78,0.45,24.45,25.09,28.56,33.54,27.36,26.4,25.79,26.09,28.48,3.07,0.45,-0.02,,15.35,-30.79,1.57,17.26
Bafna Pharmaceuticals Ltd.,BAFNAPH,532989,BAFNAPH,INE878I01022,Pharmaceuticals,Pharmaceuticals & Biotechnology,133,133,314.63,56.34,44.19,46.3,46.86,53.26,61.92,54.18,2.77,3.59,128.98,121.33,126.6,129.5,132.55,132.96,131.52,127.17,126.82,-0.3,0.82,0.48,0.15,-2.3,-20,6.73,18.3
Baheti Recycling Industries Ltd.,BAHETI,,BAHETI,INE029Q01017,Aluminium and Aluminium Products,Metals & Mining,600.75,600.75,627.6,69.45,58.55,57.07,56.35,44.92,48.83,56.63,15.4,15.01,568.82,560.46,580.85,573.41,607.1,599.89,590.04,575.56,573.51,-0.23,1.03,1.05,0.59,7.67,7.56,23.91,11.46
Baid Finserv Ltd.,BAIDFIN,511724,BAIDFIN,INE020D01022,Finance (including NBFCs),Banking and Finance,11.19,11.19,173.32,70.28,50.42,57.76,56.82,53.68,39.92,50.89,0.12,0.13,10.93,10.96,11.09,11,11.29,11.27,11.19,11.06,11.01,1.53,1.47,1.11,0.76,2.01,10.27,0.55,20.5
Bajaj Auto Ltd.,BAJAJ-AUTO,532977,BAJAJ-AUTO,INE917I01010,2/3 Wheelers,Automobiles & Auto Components,10397,10397,290593.86,81.22,66.14,66.75,64.37,54.53,72.04,62.79,291.94,215.24,9672.62,9572.82,9517.68,9159.14,10525.6,10197.33,10002.93,9705.56,9509.95,0.45,1.1,1,0.81,9.25,19.22,271.23,28.31
Bajaj Consumer Care Ltd.,BAJAJCON,533229,BAJAJCON,INE933K01021,Personal Products,FMCG,547.95,547.95,7157.21,91.47,75.22,75.17,74.68,72.28,88.33,75.04,36.31,29.7,442.29,411.74,359.65,304.94,528.99,499.85,477,425.72,378.07,1.03,1.32,1.22,0.86,39.48,83.69,26.6,45.87
Bajaj Electricals Ltd.,BAJAJELEC,500031,BAJAJELEC,INE193E01025,Household Appliances,Consumer Durables,385.55,385.55,4448.89,57.73,39.91,47.44,46.07,33.34,55.59,46.62,7.8,9.14,382.9,374.31,403.32,478.28,404.59,399.08,394.32,389.42,411.49,0.71,0.72,1.08,0.84,7.16,-23.48,14.86,27.42
Bajaj Finance Ltd.,BAJFINANCE,500034,BAJFINANCE,INE296A01032,Finance (including NBFCs),Banking and Finance,904.2,904.2,562950.79,58.74,39.13,48.27,50.22,40.46,66.77,44.55,11.24,12.56,908.3,911.58,944.13,962.5,949.82,937.43,930.01,925.5,938.22,1.17,1.47,1.4,1.11,0.11,-13.22,27.44,19.49
Bajaj Finserv Ltd.,BAJAJFINSV,532978,BAJAJFINSV,INE918I01026,Holding Companies,Diversified,1744.8,1744.8,279263.96,58.44,38.99,48.03,38.9,40.33,44.56,42.48,-1.75,-1.81,1769.84,1799.87,1906.8,1969.11,1803.58,1789.92,1789.38,1818.98,1876.6,1.09,1.28,1.26,1.09,-1.3,-15.43,44.11,16.58
Bajaj Finserv Nifty 1D Rate Liquid ETF - Growth,LIQUIDBETF,544182,LIQUIDBETF,INF0QA701854,Others,Others,1081.12,1081.12,,,50.42,50.42,,,94.63,100,1.52,1.54,1078.08,1075.77,1070.7,1060.41,1080.73,1080.01,1079.14,1075.92,1070.72,-0.01,0,0,,0.42,2.44,0.54,32.71
Bajaj Finserv Nifty 50 ETF,NIFTYBETF,544092,NIFTYBETF,INF0QA701722,Others,Others,239.52,239.52,,,33.48,41.47,,,47.65,39.2,-0.05,0.46,243.67,245,254.05,256.02,245.76,245.49,245.49,247.2,250.88,0.83,0.77,0.85,,-1.69,-8.17,4.13,19.34
Bajaj Finserv Nifty Bank ETF,BANKBETF,544093,BANKBETF,INF0QA701714,Others,Others,54.28,54.28,,,35.95,34.66,,,29.71,39.31,-0.22,-0.05,55.56,56.29,58.4,57.91,55.8,55.81,55.94,56.6,57.38,1.04,1.16,0.99,,-2.23,-7.07,1.14,16.73
Bajaj Healthcare Ltd.,BAJAJHCARE,539872,BAJAJHCARE,INE411U01027,Pharmaceuticals,Pharmaceuticals & Biotechnology,292.8,292.8,985.64,46.06,28.67,37.85,39,35.97,37.25,35.4,-2.69,0.69,325.19,319.9,351.48,402.62,321.68,321.89,323.94,330.34,352.76,2.49,1.44,1.19,0.93,-9.64,-34.42,15.43,13.63
Bajaj Hindusthan Sugar Ltd.,BAJAJHIND,500032,BAJAJHIND,INE306A01021,Sugar,"Food, Beverages & Tobacco",19.05,19.05,4554.22,53.36,44.96,43.85,51.63,46.74,68.39,52.06,0.6,0.76,18.58,17.55,17.43,19.52,19.68,19.52,19.18,18.25,18.25,1.07,0.48,0.94,1.47,9.04,-10.4,0.79,31.08
Bajaj Holdings & Investment Ltd.,BAJAJHLDNG,500490,BAJAJHLDNG,INE118A01012,Holding Companies,Diversified,10097,10097,112373.05,58.79,39.39,48.31,46.89,37.32,53.54,45.99,120.64,127.2,10005.47,10076.66,10536.35,11640.58,10472.6,10359.6,10278.3,10264.35,10609.81,0.89,1.31,1.25,0.85,1.86,-23.15,309.19,19.11
Bajaj Housing Finance Ltd.,BAJAJHFL,544252,BAJAJHFL,INE377Y01014,Housing Finance,Banking and Finance,83.87,83.87,69883.29,51.31,39.76,42.17,40.84,39.2,30.2,41.69,0.32,0.93,85.54,84.74,88.53,99.4,86.52,86.95,86.84,86.74,90.02,1.35,1.09,0.94,,-0.02,-23.32,2.24,17.74
Bajaj Steel Industries Ltd.,,507944,BAJAJST,INE704G01024,Industrial Machinery,General Industrials,420.25,420.25,874.12,49.53,42.04,42.6,41.93,50.15,14.83,42.23,0.99,7.83,440.91,420.79,439.81,494.15,435.83,442.33,443.23,437.17,451.83,0.35,0.86,0.89,0.87,-12.29,-21.65,21.59,18.84
Bajel Projects Ltd.,BAJEL,544042,BAJEL,INE0KQN01018,Heavy Electrical Equipment,General Industrials,167.71,167.71,1940.35,53.75,41.92,44.17,52.53,50.41,64.75,42.71,3.42,5.47,171.41,165.18,165.22,184.07,178.08,178.51,176.81,170.62,171.07,1.18,1.48,1.33,,4.17,-10.75,8.13,26.68
Bal Pharma Ltd.,BALPHARMA,524824,BALPHARMA,INE083D01012,Pharmaceuticals,Pharmaceuticals & Biotechnology,81.27,81.27,129.39,65.65,53.9,53.95,45.62,48.82,76.78,60.63,2.29,1.78,74.84,73.26,72.74,78.95,80.68,78.88,77.41,74.85,75.08,-0.36,1.08,0.74,0.73,5.96,1.13,3.82,21.68
Balaji Amines Ltd.,BALAMINES,530999,BALAMINES,INE050E01027,Specialty Chemicals,Chemicals & Petrochemicals,1339.5,1339.5,4340.11,68.47,56.25,56.27,53.37,37.33,79.75,55.86,91.82,87.48,1215.08,1147.6,1141.09,1282.34,1451.96,1378.28,1320.48,1214.47,1197.62,1.71,1.43,1.17,1.06,25.65,-6.45,64.64,33.8
Balaji Phosphates Ltd.,BALAJIPHOS,,BALAJIPHOS,INE0PQ601019,Fertilizers,Fertilizers,100.65,100.65,239.32,30.91,38.18,25.4,35.54,28.73,21.2,37.63,-3.69,-3.69,105.58,114.9,127.46,136.72,100.95,103.42,105.45,113.47,121.93,-0.04,0.74,0.55,,-4.51,-19.58,3.39,14.45
Balaji Telefilms Ltd.,BALAJITELE,532382,BALAJITELE,INE794B01026,Broadcasting & Cable TV,Media,113.13,113.13,1379.08,64.92,52.74,53.35,53.75,39.39,71.13,61.82,7.01,5.12,97.02,96.42,97.42,104.16,118.07,110.26,105.55,99.37,99.09,-0.33,1.82,1.68,1.18,22.94,-11.33,7.76,31.94
Balaxi Pharmaceuticals Ltd.,BALAXI,,BALAXI,INE618N01022,Pharmaceuticals,Pharmaceuticals & Biotechnology,27.08,27.08,149.5,49.25,41.39,40.47,39.33,43.42,59.03,59.09,1.53,1.65,24.77,22.4,23.78,33.49,28.07,27.28,26.38,24.58,26.3,1.12,1.47,1.24,1,17.94,-35.92,1.4,38.86
Balkrishna Industries Ltd.,BALKRISIND,502355,BALKRISIND,INE787D01026,Auto Tyres & Rubber Products,Automobiles & Auto Components,2110.6,2110.6,40801.53,40.61,33.34,33.37,31.74,40.92,36.76,39.47,-15.5,-8.53,2213.78,2227.84,2334.37,2364.37,2208.74,2204.9,2214.16,2251.68,2300.71,1.72,1.14,1.01,0.96,-4.97,-9.83,76.4,15.28
Balkrishna Paper Mills Ltd.,BALKRISHNA,539251,BALKRISHNA,INE875R01011,Containers & Packaging,Commercial Services & Supplies,18.25,18.25,58.8,50.01,42.32,41.1,49.89,46.08,63.91,55.15,0.62,0.7,17.25,16.5,17.09,19.51,18.66,18.43,18.07,17.34,17.67,0.79,1.02,0.61,1.02,9.22,-19.5,1.12,31.23
Balmer Lawrie & Company Ltd.,BALMLAWRIE,523319,BALMLAWRIE,INE164A01016,Diversified,Diversified,189.83,189.83,3246.17,62.74,51.65,51.56,49.68,37.94,73.77,60.8,6.6,5.76,176.19,173.83,175.68,191.22,194.94,189.04,184.75,178.4,179.56,1.12,1.11,0.96,1.2,13.5,-4.7,6.03,31
Balmer Lawrie Investments Ltd.,,532485,BLIL,INE525F01025,Finance (including NBFCs),Banking and Finance,74.59,74.59,1655.69,62.72,53.23,53.28,49.64,43.03,68.48,56.01,1.18,0.99,72.08,71.8,71.74,76.69,75.77,74.45,73.68,72.51,72.9,0.82,0.63,0.57,0.88,5.35,-4.79,2.07,23.97
Balrampur Chini Mills Ltd.,BALRAMCHIN,500038,BALRAMCHIN,INE119A01028,Sugar,"Food, Beverages & Tobacco",534.15,534.15,10787.18,68.42,64.33,56.23,62.65,48.58,70.99,61.94,10.59,10.4,506.32,496.53,466.84,485.4,526.53,522.33,516.06,497.67,485.33,0.11,0.18,0.52,0.82,11.82,19.93,18.39,17.16
Balu Forge Industries Ltd.,BALUFORGE,531112,BALUFORGE,INE011E01029,Castings & Forgings,General Industrials,496.15,496.15,6022.86,60.22,41.38,49.49,48.99,37.81,67.88,48.61,20.58,20.62,483.02,471.67,489.41,561.17,538.39,522.73,509.74,489.88,503.14,1.74,1.76,1.55,,5.71,-18.07,23.29,20.6
Banaras Beads Ltd.,BANARBEADS,526849,BANARBEADS,INE655B01011,Other Apparels & Accessories,Textiles Apparels & Accessories,113.72,113.72,75.47,61.18,47.76,50.28,46.76,38.6,71.01,52.05,1.36,0.78,110.23,111.62,116.44,120.31,115.96,113.94,112.92,113.11,115.95,0.48,0.93,0.94,0.74,5.49,-15.66,5.98,17.12
Banco Products (India) Ltd.,BANCOINDIA,500039,BANCOINDIA,INE213C01025,Auto Parts & Equipment,Automobiles & Auto Components,593.25,593.25,8485.69,59.77,39.73,49.12,48.52,38.66,65.63,45.21,10.07,12.13,593.75,588.27,620.41,659.26,625.55,618.48,612.27,605.87,619.05,1.25,1.77,1.59,1.38,4.77,-25.32,22.46,20.62
Bandhan Bank Ltd.,BANDHANBNK,541153,BANDHANBNK,INE545U01014,Banks,Banking and Finance,196.07,196.07,31586.46,82.37,67.08,67.69,64.83,54.66,73.48,60.19,10.24,9.35,176.52,174.86,163.63,162.98,203.98,196.48,189.95,177.36,169.67,2.09,1.66,1.49,1.27,18.16,28.21,7.25,31.79
Bandhan Gold ETF,GOLDBND,544638,GOLDBND,INF194KB1KJ7,Others,Others,150.4,150.4,,,26.64,24.8,,,55.51,51.52,-0.12,-0.34,149.06,151.64,148.75,,150.22,149.62,149.62,149.62,148.75,0.36,0.71,,,1.04,,4.59,30.8
Bandhan Silver ETF,SILVERBND,544639,SILVERBND,INF194KB1KI9,Others,Others,263.29,263.29,,,32.74,32.89,,,75.48,65.13,2.93,0.56,240.33,245.46,250.07,,252.25,247.51,245.18,245.27,250.07,1.08,1.48,,,12.21,,8.61,15.76
Bang Overseas Ltd.,BANG,532946,BANG,INE863I01016,Other Apparels & Accessories,Textiles Apparels & Accessories,38.04,38.04,51.58,55.16,39.01,45.33,45.28,34.4,65.97,49.32,0.89,0.97,36.61,36.6,41.28,47.01,39.73,39.11,38.53,38.48,41.09,1.48,1.85,1.18,0.92,13.62,-28.88,2.32,20.56
Bank of Baroda,BANKBARODA,532134,BANKBARODA,INE028A01039,Banks,Banking and Finance,259.95,259.95,134429.56,46.88,39.63,38.53,40.58,50.93,47.01,38.67,-3.6,-2.98,269.06,278.73,287.55,274.01,266.1,267.31,269.44,276.08,279.31,0.93,1.4,1.16,1.31,-5.21,-9.22,7.7,22.64
Bank of India,BANKINDIA,532149,BANKINDIA,INE084A01016,Banks,Banking and Finance,140.14,140.14,63801.09,52.59,42.67,43.22,43.06,56.41,41.83,42.97,-2.4,-2.32,144.31,150.01,152.52,139.46,141.3,142.35,143.73,147.81,147.93,0.6,1.47,1.28,1.27,-2.88,-0.02,4.75,17.69
Bank of Maharashtra,MAHABANK,532525,MAHABANK,INE457A01014,Banks,Banking and Finance,78.37,78.37,60278.72,84.53,62.65,69.47,69.7,68.16,59.53,53.75,3.32,3.46,74.29,71.68,67.48,62.02,82.53,80.1,78.11,73.12,68.78,2.04,1.69,1.39,1.37,11.91,36.49,3.06,26.99
Banka Bioloo Ltd.,BANKA,,BANKA,INE862Y01015,Utilities:Non-Electrical,Utilities,84.11,84.11,91.87,66.84,55.87,54.93,55.94,48.04,83.93,68.15,6.54,6.3,69.62,62.61,63.03,73.69,84.12,80.7,76.69,68.6,67.18,0.6,1.39,1.06,0.67,27.79,-1.44,3.52,59.74
Bannari Amman Spinning Mills Ltd.,BASML,532674,BASML,INE186H01022,Textiles,Textiles Apparels & Accessories,23.87,23.87,190.77,62.52,51.09,51.38,50.88,39.02,58.35,52.69,0.9,0.89,22.7,21.93,23.45,25.9,25.11,24.44,23.87,23.09,23.8,1.83,1.53,1.5,1.21,7.28,-10.16,1.17,27.77
Bannari Amman Sugars Ltd.,BANARISUG,500041,BANARISUG,INE459A01010,Sugar,"Food, Beverages & Tobacco",3605.5,3605.5,4521.19,71.4,48.26,58.68,49.14,56.55,48.6,47.75,3.24,5.26,3630.37,3619.26,3611,3623.33,3633.06,3632.4,3630.95,3622.42,3620.04,-0.29,0.05,0.13,0.35,-0.36,0.15,72.96,28.98
Bansal Wire Industries Ltd.,BANSALWIRE,544209,BANSALWIRE,INE0B9K01025,Iron & Steel Products,Metals & Mining,298.55,298.55,4673.98,66.59,45.36,54.72,42.79,45.17,57.15,51.73,10.52,11.47,287.31,272.94,281.77,314.05,314.49,306.02,299.82,286.41,289.14,1.36,1.36,1.15,,12.46,-5.28,15.07,27.64
Banswara Syntex Ltd.,BANSWRAS,503722,BANSWRAS,INE629D01020,Textiles,Textiles Apparels & Accessories,121.04,121.04,414.35,67.46,55.18,55.44,52.85,41.81,70.83,56.06,3.43,3.2,113.83,112.65,112.11,119.48,123.88,120.89,118.71,114.96,115,0.54,0.87,1.1,0.68,13.64,7.16,5.07,27.1
Barak Valley Cements Ltd.,BVCL,532916,BVCL,INE139I01011,Cement & Cement Products,Cement and Construction,42.54,42.54,94.27,63.01,41.87,51.78,53.24,41.55,69.48,48.19,1.12,1.25,41.91,40.92,42.65,44.63,45.06,44.27,43.57,42.47,42.7,1.55,1.62,1.48,1.16,0.09,-6.48,2.88,18.15
Barflex Polyfilms Ltd.,BARFLEX,,BARFLEX,INE0QX401014,Containers & Packaging,Commercial Services & Supplies,60,60,148.49,60.11,40.53,49.4,46.21,35.03,47.99,50.38,0.67,0.68,59.63,58.47,63,69.43,61.56,60.58,60.14,60.16,62.58,0.77,0.25,0.29,,5.26,-23.08,2.46,20.23
Baroda BNP Paribas Gold ETF,BBNPPGOLD,544043,BBNPPGOLD,INF251K01SU9,Others,Others,145.65,145.65,,,58.86,59.57,,,43.47,51.55,-0.14,-0.33,144.31,146.89,144.08,127.42,145.43,144.96,144.98,145.04,140.96,0.26,0.55,0.44,,1.15,24.12,3.93,18.24
Baroda BNP Paribas Nifty Bank ETF,BBNPNBETF,544196,BBNPNBETF,INF251K01TL6,Others,Others,54.03,54.03,,,32.68,32.09,,,58.69,41.66,-0.25,-0.07,55.26,56.09,58.08,57.51,55.43,55.53,55.68,56.35,57.09,1.06,1.29,1.03,,-2.31,-6.46,1.55,19.74
Bartronics India Ltd.,ASMS,532694,ASMS,INE855F01042,Misc. Commercial Services,Commercial Services & Supplies,7.41,7.41,225.69,42.87,25.81,35.23,20.33,31.45,28.34,35.96,-0.23,-0.22,8.08,8.43,10.07,11.69,7.85,7.91,8.04,8.68,9.76,1.55,1.51,1.03,0.75,-11.89,-42.78,0.48,14.29
Basilic Fly Studio Ltd.,BASILIC,,BASILIC,INE0OCC01013,Movies & Entertainment,Media,225.1,225.1,523.13,46.41,37.15,38.14,47.91,42.68,37.26,45.7,3.78,5.81,227.6,217.66,254.29,324.53,235.79,236.03,233.9,233.9,256.64,1.86,1.57,1.23,,-3.1,-41.75,12.92,25.8
Bata India Ltd.,BATAINDIA,500043,BATAINDIA,INE176A01028,Footwear,Retailing,699.65,699.65,8992.43,45.68,28.03,37.54,36.4,32.5,34.52,40.82,-1.48,1.82,711.07,713.34,805.67,966.86,717.24,720.34,721.03,740.23,807.38,0.61,1.22,0.98,0.71,-0.22,-33.41,19.39,17.4
Batliboi Ltd.,,522004,BATLIBOI,INE177C01022,Industrial Machinery,General Industrials,81.67,81.67,383.78,53.29,45.23,45.35,37.27,37.82,54.9,48.64,0.45,0.37,80.75,81.05,89.47,100.24,83.23,82.59,82.23,83.61,89.01,1.3,1.6,1.07,1.01,-1.21,-44.61,3.81,22.48
Baweja Studios Ltd.,BAWEJA,,BAWEJA,INE0JFJ01011,Movies & Entertainment,Media,28.9,28.9,53.25,46.8,36.85,38.46,50.29,38.48,45.09,39.6,0.34,1.22,31,30.18,33.22,42.09,31.34,32.56,32.48,31.94,34.21,1.25,-0.5,-0.79,,10.52,-32.95,2.1,32.98
Bayer Cropscience Ltd.,BAYERCROP,506285,BAYERCROP,INE462A01022,Agrochemicals,Chemicals & Petrochemicals,4450.7,4450.7,20002.38,47.35,38.84,38.91,47.33,51.65,12.65,35.12,-42.68,-7.49,4713.31,4654.67,4581.96,4871.82,4567.52,4622.03,4656.23,4659.77,4678.5,0.63,0.49,0.49,0.56,-7.45,-6.2,118.58,16.6
Beacon Trusteeship Ltd.,BEACON,,BEACON,INE639X01027,Misc. Commercial Services,Commercial Services & Supplies,104.75,104.75,189.23,87.09,72.09,71.57,72.04,60.15,72.73,58.25,6.48,6.28,91.67,85.87,85.8,76.29,106.88,103.25,99.24,91.05,85.97,-1.05,0.96,0.9,,33.61,43.1,7.12,41.93
Beardsell Ltd.,BEARDSELL,539447,BEARDSELL,INE520H01022,Containers & Packaging,Commercial Services & Supplies,25.77,25.77,101.63,61.75,42.23,50.75,39.27,37.99,36.07,49.22,0.36,0.41,25.43,24.97,26.87,29.36,26.45,26.27,26.05,25.9,26.86,2.05,1.33,0.99,1.09,6.36,-25.65,1.87,12.7
Bedmutha Industries Ltd.,BEDMUTHA,533270,BEDMUTHA,INE844K01012,Iron & Steel Products,Metals & Mining,114,114,367.81,49.79,40.74,40.92,31.71,41.3,38.24,51.91,-0.89,-1.53,110.41,116.5,118.28,124.43,112.08,111.65,111.97,115.03,118.62,0.59,0.6,0.54,0.62,0.06,-9.77,5.7,15.22
Beekay Steel Industries Ltd.,,539018,BEEKAY,INE213D01015,Iron & Steel/Interm.Products,Metals & Mining,432.4,432.4,824.68,52.98,44.96,43.94,52.99,50.25,47.18,54.72,9.02,10.8,412.85,401.18,415.15,445.12,430.64,430.44,425.19,414.62,420.11,-0.33,0.05,-0.1,0.05,2.07,-5.78,27.22,33.63
Bella Casa Fashion & Retail Ltd.,BELLACASA,539399,BELLACASA,INE344T01014,Textiles,Textiles Apparels & Accessories,251.55,251.55,336.76,24.39,24.16,20.04,22.1,31.22,54.19,40.87,-3.87,-3.07,266.84,267.18,303.37,359.35,261.7,262.3,264.61,275.67,301.83,1.42,1.21,,,-10.76,-45.67,15.62,9.75
Belrise Industries Ltd.,BELRISE,544405,BELRISE,INE894V01022,Auto Parts & Equipment,Automobiles & Auto Components,205.3,205.3,18269.22,76.89,61.65,63.19,61.55,67.91,58.76,46.01,5.08,6.52,208.26,199.35,186.96,168.06,219.17,215.68,212.99,202.16,188.86,1.41,1.05,,,1.52,38.05,7.76,28.14
Bengal & Assam Company Ltd.,,533095,BENGALASM,INE083K01017,Finance (including NBFCs),Banking and Finance,6434,6434,7268.04,57.82,49.07,48.18,46,36.83,73.51,57.18,191.89,162.19,6048.56,6015.97,6268.95,7115.78,6600.73,6440.18,6312.07,6182.63,6384.15,1.01,0.52,0.49,0.48,14.46,-14.32,252.28,28.02
Berger Paints (India) Ltd.,BERGEPAINT,509480,BERGEPAINT,INE463A01038,Paints,Consumer Durables,488.1,488.1,56907.33,60.26,49.93,49.52,49.09,37.86,73.01,58.78,12.47,10.48,459.64,447.95,475.39,511.68,492.88,481.5,473.41,464.13,475.92,0.87,0.8,0.6,0.62,12.21,-10.35,16.38,28.24
Best Agrolife Ltd.,BESTAGRO,539660,BESTAGRO,INE052T01021,Agrochemicals,Chemicals & Petrochemicals,17.79,17.79,630.96,59.3,38.41,48.73,39.1,38.02,70.17,50.38,0.61,0.63,17.05,16.35,19.86,22.43,18.92,18.37,17.98,17.74,19.03,0.37,1.07,0.79,0.69,8.15,-15.2,1.16,30.63
Beta Drugs Ltd.,BETA,531481,BETA,INE351Y01019,Pharmaceuticals,Pharmaceuticals & Biotechnology,1361.6,1361.6,1413.1,48.1,40.02,39.53,40.85,47.62,61.6,56.55,15.82,19.22,1345.51,1240.34,1358.33,1565.32,1347.38,1338.14,1330.12,1313.99,1373.49,-0.4,0.41,0.53,0.76,-3.91,-21.75,85.46,20.2
Bhadora Industries Ltd.,BHADORA,,BHADORA,INE0ZRC01017,Wires & Cables,Consumer Durables,71.9,71.9,133.73,50.19,41.37,41.25,41.53,33.52,73.13,58.87,2.27,1.8,65.07,64.51,68.17,,70.92,69.7,68.17,66.79,70.8,-0.42,1.6,,,8.94,-18.34,3.91,16.39
Bhageria Industries Ltd.,BHAGERIA,530803,BHAGERIA,INE354C01027,Dyes & Pigments,Chemicals & Petrochemicals,158.65,158.65,692.42,48.1,39.07,39.53,49.52,48.79,65.52,45.51,2.56,4.06,159.82,155.26,163.1,176.49,164.74,165.37,164.02,160.97,164.35,0.11,1.07,0.85,0.95,2.54,-23.33,7.07,23.89
Bhagiradha Chemicals & Industries Ltd.,BHAGCHEM,531719,BHAGCHEM,INE414D01027,Agrochemicals,Chemicals & Petrochemicals,244.3,244.3,3167.82,57.14,47.36,46.96,54.4,47.55,71.48,51.1,10.8,13.92,235.01,218.91,218.71,240.92,255.54,254.16,248.15,231.64,228.64,1.78,1.33,0.98,0.79,10.66,1.17,10.66,41.39
Bhagyanagar India Ltd.,BHAGYANGR,512296,BHAGYANGR,INE458B01036,Copper,Metals & Mining,320.6,320.6,1025.76,96.93,79.33,79.66,79.62,70.34,80.17,82.64,36.28,31.04,219.87,192.98,176.61,142.73,306.46,281.42,258.35,213.62,184.1,1.6,1.36,1.33,1.09,73.33,153.94,17.95,56
Bhandari Hosiery Exports Ltd.,BHANDARI,512608,BHANDARI,INE474E01029,Other Apparels & Accessories,Textiles Apparels & Accessories,3.64,3.64,121.2,60.65,49.65,49.84,39.16,35.64,61.53,63.01,0.14,0.09,3.12,2.95,3.49,4.13,3.49,3.38,3.28,3.23,3.49,-0.46,1.39,1.08,0.92,18.57,-18.93,0.22,19.98
Bhansali Engineering Polymers Ltd.,BEPL,500052,BEPL,INE922A01025,Specialty Chemicals,Chemicals & Petrochemicals,94.57,94.57,2353.45,58.07,47.96,47.72,46.39,49.4,55.01,49.61,1.74,2.56,94.16,89.31,87.72,94.85,96.63,96.62,95.79,92.09,91.19,0.6,0.83,0.74,1.1,4.52,-2,3.46,26.47
Bharat Bijlee Ltd.,BBL,503960,BBL,INE464A01036,Other Electrical Equipment/Products,Consumer Durables,2575.7,2575.7,2911.34,55.1,41.97,45.28,53.46,38.76,50.64,40.62,66.34,126.17,2673.42,2543.92,2609.79,2806.66,2738.96,2825.62,2795.23,2672.81,2672,0.06,0.78,0.8,1.23,7.18,-12.19,136.95,33.3
Bharat Coking Coal Ltd.,BHARATCOAL,544678,BHARATCOAL,INE05XR01022,Coal & Mining,Metals & Mining,33.13,33.13,15428.64,22,17.49,18.08,15.81,25.45,30.23,46.11,-0.2,-0.09,33.37,33.41,,,33.17,33.37,33.5,34.18,,0.98,0.68,,,1.38,,1.06,13.72
Bharat Dynamics Ltd.,BDL,541143,BDL,INE171Z01026,Aerospace & Defence,General Industrials,1334.2,1334.2,48906.77,61.02,41.35,50.15,50.21,40.1,66.59,46,26.03,30.75,1332.53,1313.05,1361.07,1447.96,1410.5,1390.76,1375.28,1348.57,1370.61,0.75,1.26,1.22,1.17,0.66,-7.22,49.32,25.47
Bharat Electronics Ltd.,BEL,500049,BEL,INE263A01024,Aerospace & Defence,General Industrials,416.5,416.5,304452.29,58.46,46.22,48.04,48.45,57.03,41.4,35.39,-2.08,0.14,435.4,438.31,428.26,414.01,433.16,434.45,436.14,435.56,429.05,0.55,0.8,0.83,1.21,-5.29,1.88,10.63,14.25
Bharat Forge Ltd.,BHARATFORG,500493,BHARATFORG,INE465A01025,Castings & Forgings,General Industrials,1913,1913,91458.35,85.25,70.7,70.06,61.09,63.59,65.73,55.89,46.53,42.58,1830.24,1820.38,1666.56,1462.48,1951.28,1913.68,1885.26,1804.35,1691.73,0.69,1.28,1.34,1.29,9.98,44.96,69.31,22.63
Bharat Gears Ltd.,BHARATGEAR,505688,BHARATGEAR,INE561C01019,Auto Parts & Equipment,Automobiles & Auto Components,110.18,110.18,169.18,66.38,54.63,54.55,54.78,46.87,79.51,52.47,3.12,2.85,105.11,103.2,106.61,105.52,114.83,111.59,109.58,106.64,106,1.78,1.66,1.12,0.96,10.79,-0.44,5.42,23.25
Bharat Heavy Electricals Ltd.,BHEL,500103,BHEL,INE257A01026,Heavy Electrical Equipment,General Industrials,391.75,391.75,136409.83,85.9,71.53,70.59,71.05,62.58,85.74,74.25,31.65,28.18,320.16,295.51,282.89,264.3,398.02,374.35,354.45,314.73,291.96,0.87,1.13,1.31,1.53,41.32,50.64,15.09,51.6
Bharat Petroleum Corporation Ltd.,BPCL,500547,BPCL,INE029A01011,Refineries/Petro-Products,Oil & Gas,287.85,287.85,124883.88,40.19,34.18,33.03,40.64,38.73,19.15,38.38,-3.21,-2.3,299.34,312.3,340.56,339.48,301.34,301.4,303.02,313.98,327.1,2.17,1.4,1.22,1.23,-3.19,-21.77,9.87,15.14
Bharat Rasayan Ltd.,BHARATRAS,590021,BHARATRAS,INE838B01021,Agrochemicals,Chemicals & Petrochemicals,1388.2,1388.2,2307.34,44.9,26.84,36.9,26.79,34.9,21.65,43.92,-8.35,-7.16,1426.76,1406.6,1702.1,2151.88,1431.24,1421.7,1425.55,1489.82,1689.61,0.57,1.4,1.33,1.02,-5.44,-48.91,57.75,17.11
Bharat Road Network Ltd.,BRNL,540700,BRNL,INE727S01012,Roads & Highways,Cement and Construction,20.58,20.58,172.77,51.51,42.96,42.33,43.87,51.21,62.47,49.02,0.38,0.45,20.43,19.73,20.49,21.35,21.47,21.1,20.88,20.44,20.74,2.46,1.5,0.97,0.73,1.08,-15.45,1.13,17.49
Bharat Seats Ltd.,BHARATSE,523229,BHARATSE,INE415D01024,Auto Parts & Equipment,Automobiles & Auto Components,188.46,188.46,1183.53,75.89,61.09,62.37,61.13,48.9,80.73,53.71,7.44,6.13,177.63,175.52,171.78,169.34,199.69,191.55,186.69,178.73,174.04,1.68,2.25,1.9,,6.63,-7.26,11.53,21.13
Bharat Wire Ropes Ltd.,BHARATWIRE,539799,BHARATWIRE,INE316L01019,Iron & Steel Products,Metals & Mining,232.67,232.67,1595.76,84.11,68.88,69.12,65.08,43,74.17,59.49,16.88,16.48,202.91,187.9,182.03,181.38,241.52,232.67,222.31,200.12,189.49,1.17,1.35,1.54,1.41,37.28,16.62,14.12,43.28
Bharatiya Global Infomedia Ltd.,BGLOBAL,533499,BGLOBAL,INE224M01013,IT Consulting & Software,Software & Services,3.1,3.1,4.91,63.15,51.9,53.5,53.5,45.45,45.07,47.93,-0.13,-0.17,3.37,3.34,3.44,3.17,3.04,3.03,3.1,3.29,3.32,1.26,-0.43,0,-0.12,-15.76,10.71,0.24,26.76
Bharti Airtel Ltd.,BHARTIARTL,532454,BHARTIARTL,INE397D01024,Telecom Services,Telecom Services,1756.8,1756.8,1018975.13,38.96,32.9,32.02,41.25,41.63,36.67,36.68,-15.84,-8.4,1831.01,1840.43,1940.16,1959.87,1802.28,1814.85,1824.82,1858.37,1902.95,0.69,0.58,0.69,0.75,-5.52,-16.14,41.09,25.86
Bharti Hexacom Ltd.,BHARTIHEXA,544162,BHARTIHEXA,INE343G01021,Other Telecom Services,Telecom Services,1464.8,1464.8,73240,36.96,30.63,30.37,29.81,38.86,41.17,37.55,-18.48,-14.68,1518.28,1542.8,1620.73,1695.05,1491.32,1499.6,1510.73,1548.01,1599.22,0.89,0.63,0.56,,-4.3,-19.25,43.34,13.09
Bhartiya International Ltd.,BIL,526666,BIL,INE828A01016,Other Apparels & Accessories,Textiles Apparels & Accessories,714.25,714.25,957.84,37.42,31.38,30.75,39.72,39.47,55.15,38.39,-4.24,3.01,749.07,742.28,757.76,800.16,737.8,747.8,751.37,755.58,764.18,1.06,1.1,1.09,0.97,-1.94,-16.49,36.28,18.17
Bhilwara Technical Textiles Ltd.,,533108,BTTL,INE274K01012,Textiles,Textiles Apparels & Accessories,33.79,33.79,197.24,37.72,32.01,31.95,40.67,39.79,24.21,48.4,-0.13,-0.05,34.01,34.14,35.2,39.93,33.69,33.99,34.07,34.44,35.77,-0.29,0.66,0.45,0.78,-1.05,-16.11,1.85,12.34
Bigbloc Construction Ltd.,BIGBLOC,540061,BIGBLOC,INE412U01025,Cement & Cement Products,Cement and Construction,56.64,56.64,801.89,66.93,53.7,55,34.06,41.23,72.06,62.39,1.79,0.59,49.31,49.82,56.77,56.55,56.18,53.07,51.71,51.64,53.94,1.15,1.76,1.59,1.31,18.54,12.9,3.21,21.61
Bikaji Foods International Ltd.,BIKAJI,543653,BIKAJI,INE00E101023,Packaged Foods,FMCG,658.2,658.2,16503.47,49.49,41.44,40.67,49.13,48.35,63.19,48.6,7.6,10.61,655.62,641.72,667.03,705.79,669.48,669.58,665.36,657,666.97,1.3,0.65,0.71,0.66,2.86,-9.4,18.58,16.42
Bikewo Green Tech Ltd.,BIKEWO,,BIKEWO,INE0SQH01013,Specialty Retail,Retailing,25.3,25.3,33,85.29,71.37,70.09,70,54.84,95.84,66.96,1.27,1.21,21.33,20.44,20.37,18.75,24.05,23.68,22.89,21.3,20.32,-1.77,-0.28,-0.23,,25.25,68.67,1.25,42.6
Bilcare Ltd.,,526853,BI,INE986A01012,Healthcare Supplies,Healthcare,65.14,65.14,153.37,55.3,46.93,48.12,46.79,39.62,67.77,55.37,2.14,1.48,60.79,59.53,65.39,74.26,67.51,64.78,63.31,62.4,65.74,0.75,0.99,1.05,1.15,8.21,-35.5,4.19,19.99
Billionbrains Garage Ventures Ltd.,GROWW,544603,GROWW,INE0HOQ01053,Capital Markets,Banking and Finance,183.09,183.09,114881.14,33.46,30.84,27.5,37.35,34.11,32.73,39.28,4.95,9.68,195.66,181.09,172.3,,200.01,203.94,201.91,188.76,177.41,1.12,1.27,,,-1.91,,10.41,26.75
Bimetal Bearings Ltd.,,505681,BIMETAL,INE469A01019,Auto Parts & Equipment,Automobiles & Auto Components,584.25,584.25,223.48,63.76,54.11,54.75,48.1,37.8,25.26,53.48,12.34,11.13,560.73,554.5,570.23,599.12,596.78,585.01,577.01,566.69,573.19,0.33,-0.53,-0.15,-0.05,8.39,-7.46,26.54,36.59
Biocon Ltd.,BIOCON,532523,BIOCON,INE376G01013,Biotechnology,Pharmaceuticals & Biotechnology,402.45,402.45,65233.43,63.64,51.46,52.3,40.55,41.67,90.99,72.04,6.57,1.52,362.32,371.28,375.73,374.16,387.23,376.57,371.42,370.11,372.27,0.9,0.8,0.73,1.02,16.42,4.48,11.87,23.84
Biofil Chemicals & Pharmaceuticals Ltd.,BIOFILCHEM,524396,BIOFILCHEM,INE829A01014,Pharmaceuticals,Pharmaceuticals & Biotechnology,32.94,32.94,53.61,53.31,42.99,43.81,42.46,46.93,42.37,48.83,0.44,0.6,32.57,31.77,32.89,37.03,33.79,33.59,33.34,32.89,33.81,0.2,1.08,1.04,1.16,-0.72,-14.93,1.72,29.17
Biopol Chemicals Ltd.,BIOPOL,,BIOPOL,INE0XW001014,Specialty Chemicals,Chemicals & Petrochemicals,115.1,115.1,124.37,33.27,27.27,27.34,34.52,28.93,57.03,56,3.02,3.48,107.17,102.65,,,112.92,112.12,110.42,103.41,,-0.22,,,,12.84,,7.85,19.13
Birla Cable Ltd.,BIRLACABLE,500060,BIRLACABLE,INE800A01015,Telecom Cables,Telecommunications Equipment,182.94,182.94,548.82,70.84,59.19,58.22,54.77,37.83,78.93,73.08,10.3,8.16,145.42,140.77,138.37,148.43,171.65,164.94,158.29,146.99,144.24,-0.13,1.37,1.25,1.15,43.53,16.55,8.37,29.12
Birla Corporation Ltd.,BIRLACORPN,500335,BIRLACORPN,INE340A01012,Cement & Cement Products,Cement and Construction,1053.55,1053.55,8112.89,59.35,50.26,48.77,48.37,36.99,76.55,68.07,28.39,16.53,940.22,911.72,988.44,1111.51,1014.65,984.83,964.98,952.93,992.37,0.84,1.6,1.56,1.18,13.14,-11.47,40.02,23.3
Birla Precision Technologies Ltd.,,522105,BIRLAPREC,INE372E01025,Industrial Machinery,General Industrials,38.24,38.24,252.34,61.32,52.04,51.37,48.68,38.2,57.16,59.71,1.62,1.12,33.64,32.77,36.25,40.71,38.12,36.67,35.57,34.6,36.22,1.76,1.41,1.49,1.07,18.5,-12.61,2.93,17.46
BirlaNu Ltd.,BIRLANU,509675,BIRLANU,INE557A01011,Cement & Cement Products,Cement and Construction,1559.1,1559.1,1175.7,61.15,48.96,50.25,29.43,36.07,79.61,59.02,45.18,24.38,1431.25,1407.5,1529.03,1723.42,1595.96,1511.3,1478.79,1466.09,1536.98,2.16,1.35,0.89,0.64,9.68,-16.5,85.93,21.86
Birlasoft Ltd.,BSOFT,532400,BSOFT,INE836A01035,IT Consulting & Software,Software & Services,331.6,331.6,9268.43,42.71,35.43,35.1,34.66,42.44,16.7,30.5,-5.35,-1.63,367.43,368.12,396.19,388.34,356.87,361.94,365.65,373.74,383.36,1.43,0.82,1.15,1.09,-11.18,-11.09,13.47,12.27
Black Box Ltd.,BBOX,500463,BBOX,INE676A01027,IT Consulting & Software,Software & Services,829.15,829.15,14717.02,84.86,71.62,69.74,65.34,45.44,99.73,87.43,71.38,49.21,575.73,549.53,537.54,526.27,764.55,700.36,652.41,582.32,552.42,-0.49,1.22,1.28,1.1,69.91,54.25,38.25,53.11
Black Rose Industries Ltd.,,514183,BLACKROSE,INE761G01016,Commodity Trading  & Distribution,Commercial Services & Supplies,87.03,87.03,443.85,58.17,49.37,48.69,45.64,37.5,66.76,58.35,2.88,2.48,80.58,79.38,85.42,94.65,89.18,86.64,84.73,82.91,86.05,1.22,1.15,0.81,0.68,15.26,-25.2,3.62,34.48
BlackBuck Ltd.,BLACKBUCK,544288,BLACKBUCK,INE0UIZ01018,Transport Related Services,Transportation,534.25,534.25,9717.82,38.77,31.21,31.86,32.2,32.46,40.67,38.29,-9.72,-5.35,581.04,581.53,603.26,608.11,559.22,566.75,573.47,584.77,594,1.23,0.88,1.09,,-5.73,-19.94,25.81,14.79
Bliss GVS Pharma Ltd.,BLISSGVS,506197,BLISSGVS,INE416D01022,Pharmaceuticals,Pharmaceuticals & Biotechnology,273.8,273.8,2896.5,78.72,64.98,64.69,65.2,72.06,77.11,62.24,9.86,11.35,256.69,238.45,208.84,183.87,271.11,269.27,263.9,242.96,219.19,-0.18,1.63,1.41,1.14,7.77,80.16,11.4,24.19
Blue Chip India Ltd.,BLUECHIP,531936,BLUECHIP,INE657B01025,Other Financial Services,Banking and Finance,1.86,1.86,10.29,24.77,19.9,20.36,13.54,26.53,19.85,21.87,-0.18,-0.18,2.23,2.31,3.46,5.64,1.83,1.93,2.03,2.48,3.41,-0.22,-0.21,-0.06,-0.11,-24.39,-74.76,0.04,56.89
Blue Coast Hotels Ltd.,BLUECOAST,531495,BLUECOAST,INE472B01011,Hotels,Hotels Restaurants & Tourism,31.98,31.98,54.98,58.18,46.71,47.81,46.72,29.37,71.09,71.58,2.26,2.14,26.34,24.14,27.02,40.15,31.62,30.44,29.01,26.92,29.01,-0.11,0.09,0.31,0.21,37.67,-37.28,2.13,47.68
Blue Dart Express Ltd.,BLUEDART,526612,BLUEDART,INE233B01017,Warehousing & Logistics,Transportation,5167.5,5167.5,12261.39,59.48,40.12,48.88,48.57,37.9,39.37,41.1,55.38,76.2,5259.45,5285.13,5411.95,5639.11,5483.5,5429.1,5394.41,5361.88,5445.05,1.86,1.01,0.82,0.66,2.43,-18.38,172.46,27.59
Blue Jet Healthcare Ltd,BLUEJET,544009,BLUEJET,INE0KBH01020,Pharmaceuticals,Pharmaceuticals & Biotechnology,444.8,444.8,7715.74,57.78,47.02,47.48,47.51,36.01,82.51,53.53,23.68,22.62,414.99,399.27,433.39,557.22,477.93,459.47,444.39,424.32,452.42,1.75,1.57,1.27,,20.25,-20.8,20.37,33.23
Blue Pebble Ltd.,BLUEPEBBLE,,BLUEPEBBLE,INE0SAK01011,Misc. Commercial Services,Commercial Services & Supplies,108.8,108.8,44.39,34.45,27.35,28.31,31.22,49.67,45.88,32.73,-3.87,-1.91,127.05,124.22,128.64,145.95,115.95,119.68,122.41,126.22,131.71,0.11,0.32,-0.3,,-23.92,-31.57,5.6,23.74
Blue Star Ltd.,BLUESTARCO,500067,BLUESTARCO,INE472A01039,Consumer Electronics,Consumer Durables,1630.6,1630.6,33527.55,39.51,33.22,32.47,48.93,45.62,29.05,36.05,-20.68,1.97,1743.41,1788.2,1808.05,1829.94,1707.94,1747.34,1762.73,1783.49,1800.96,1.29,1.25,1.02,0.84,-1.51,-8.68,67.62,18.22
Blue Water Logistics Ltd.,BLUEWATER,,BLUEWATER,INE0X3M01010,Warehousing & Logistics,Transportation,269,269,295.9,94.26,77.81,77.46,75.27,51.94,79.49,78.57,28.86,25.46,198.13,177.6,161.8,158.35,264,247.25,228.98,193.33,174.56,0.55,-0.04,,,71.39,82.87,14.24,41.46
Bluestone Jewellery and Lifestyle Ltd.,BLUESTONE,544484,BLUESTONE,INE304W01038,Gems & Jewellery,Textiles Apparels & Accessories,474.2,474.2,7224.95,37.98,23.1,31.21,32.1,28.23,73.83,39.69,-1.78,4.87,497.36,493.11,478,,492.3,499.31,501.93,495.52,506.2,1.46,0.46,,,-3.21,-27.25,23.96,20.78
Bluspring Enterprises Ltd.,BLUSPRING,544414,BLUSPRING,INE0U4101014,Misc. Commercial Services,Commercial Services & Supplies,68.79,68.79,1027.81,64.04,52.18,52.63,44.63,47.7,64.89,63.22,2.68,2.58,63.47,57.71,60.34,70.07,68.49,66.74,65.14,61.78,62.68,0.33,0.91,,,5.38,-10.77,3.5,39.28
Bodal Chemicals Ltd.,BODALCHEM,524370,BODALCHEM,INE338D01028,Dyes & Pigments,Chemicals & Petrochemicals,69.37,69.37,873.67,63.47,51.76,52.16,52.49,53.23,72.18,58.41,3.38,3.64,65.53,58.09,54.32,58.72,71.51,69.45,67.56,61.55,58.4,-0.08,0.56,0.99,1.09,6.99,16.04,3.34,45.74
Bodhi Tree Multimedia Ltd.,BTML,543767,BTML,INE0EEJ01023,Movies & Entertainment,Media,6.3,6.3,113.71,46.14,38.9,37.92,38.6,35.61,25.35,45.64,-0.07,-0.08,6.33,6.59,7.27,7.9,6.33,6.36,6.39,6.65,7.11,0.88,0.57,0.62,0.75,-4.55,-20.95,0.37,20.24
Bohra Industries Ltd.,BOHRAIND,,BOHRAIND,INE802W01023,Fertilizers,Fertilizers,20,20,42.34,60.15,50.59,49.43,50.36,37.35,77.75,65.9,0.71,0.51,17.95,18.08,18.04,21.32,20.11,19.43,18.95,18.41,18.87,-0.38,0.14,0.21,-0.85,17.51,-4.67,0.58,31.83
Bombay Dyeing & Manufacturing Company Ltd.,BOMDYEING,500020,BOMDYEING,INE032A01023,Textiles,Textiles Apparels & Accessories,120.55,120.55,2489.78,57.02,46.06,46.86,45.21,34.12,91.94,52.87,5.35,4.42,113.21,110.72,116.97,141.5,129.64,123.34,119.79,115.85,120.89,2.63,1.9,1.84,1.57,13.04,-24.6,6.24,23.63
Bombay Metrics Supply Chain Ltd.,BMETRICS,,BMETRICS,INE0I3Y01014,Commodity Trading  & Distribution,Commercial Services & Supplies,41.5,41.5,51.1,55.32,51.58,45.46,44.14,48.13,41.63,53.14,0.16,0.14,41.01,39.97,40.63,44.58,41.08,40.94,40.86,40.68,41.61,0.31,0.31,0,0.15,-1.19,-16.75,1.31,13.13
Bombay Super Hybrid Seeds Ltd.,BSHSL,,BSHSL,INE032Z01020,Other Agricultural Products,"Food, Beverages & Tobacco",92.2,92.2,967.52,51.69,41.44,42.48,43.6,46.08,34.16,42.71,1.28,2.44,95.51,90.53,93.88,110,96.93,97.47,96.95,94.51,97.26,-0.15,1.18,1.03,0.86,-4.97,-22.72,4.89,22.4
Bonlon Industries Ltd.,,543211,BONLON,INE0B9A01018,Iron & Steel Products,Metals & Mining,54.03,54.03,88.52,68.91,58.48,57.51,56.95,45.76,89.6,67.67,2.89,2.66,46.3,43.85,47.74,45.17,53.47,51.83,49.99,47.09,46.28,0.89,0.87,0.65,0.48,32.46,10.24,2.74,37.24
Borana Weaves Ltd.,BORANA,544404,BORANA,INE16SF01016,Textiles,Textiles Apparels & Accessories,332.1,332.1,884.89,63.41,51.51,52.11,53.65,60.14,21.45,43.45,-2.85,-1.58,340.29,355.5,344.04,290.1,342.39,343.58,345.33,347.72,335.45,2.91,1.5,,,-0.95,42.97,17.94,11.46
Borosil Ltd.,BOROLTD,543212,BOROLTD,INE02PY01013,Houseware,Consumer Durables,236.68,236.68,2830.4,46.48,36.83,38.2,38.58,48.2,52.64,41.71,1.27,2.93,247.72,241.81,255.13,295.78,251.78,250.13,249.6,249.27,261.06,2.07,1.47,1.11,0.93,-2.47,-29.69,10.26,12.53
Borosil Renewables Ltd.,BORORENEW,502219,BORORENEW,INE666D01022,Houseware,Consumer Durables,548.1,548.1,7688.92,62.98,53.28,51.76,49.03,37.5,56.51,66.39,26.07,23.28,484.17,462.33,488.54,546.13,554.03,532.06,515.42,490.48,498.64,1.77,1.75,1.44,1.28,21.75,-17.56,21.24,37.58
Borosil Scientific Ltd.,BOROSCI,544184,BOROSCI,INE02L001032,Containers & Packaging,Commercial Services & Supplies,113.81,113.81,1012.31,61.79,41.46,50.78,41.25,48.6,67.02,47.11,1.93,2.22,114.67,110.71,112.35,126.32,119.63,117.47,116.37,113.83,115.67,1.11,0.65,0.78,,-0.27,-14.07,4.6,16.56
Bosch Home Comfort India Ltd.,BOSCH-HCIL,523398,BOSCH-HCIL,INE782A01015,Consumer Electronics,Consumer Durables,1436.3,1436.3,3905.43,58.38,49.68,47.98,48.84,39.31,68.51,58.82,41.36,38.47,1329.46,1325.37,1368.04,1541.66,1447.98,1423.59,1396.91,1363.37,1401.1,1.14,1.23,0.85,0.81,7.09,-17.83,55.32,21.91
Bosch Ltd.,BOSCHLTD,500530,BOSCHLTD,INE323A01026,Auto Parts & Equipment,Automobiles & Auto Components,36510,36510,107681.13,56.72,46.07,46.61,43.01,50.5,48.82,52.51,715.2,843.54,35668.67,34381.6,35412.3,36959.22,37302,36877.37,36470.91,35533.84,35524.38,0.96,1.46,1.17,0.89,-0.71,-1.38,1053.59,21.12
Boss Packaging Solutions Ltd,BOSS,,BOSS,INE0QNI01012,Industrial Machinery,General Industrials,38,38,16.9,34.04,26.61,27.97,27.97,28.17,66.21,44.19,-0.93,-0.79,40.19,41.17,43.07,45.7,38.42,39.07,39.66,41.11,43.02,-2.1,0.09,0.11,,-10.38,-26.92,1.72,8.71
Brace Port Logistics Ltd.,BRACEPORT,,BRACEPORT,INE0R4Z01018,Warehousing & Logistics,Transportation,54.5,54.5,61.59,41.92,34.45,33.57,32.99,24.55,66.15,47.52,-2.06,-2.73,54,61.45,73.23,77.08,53.28,53.47,54.41,60.75,68.13,-1.5,0.76,0.25,,3.81,-24.36,3.49,12.94
Brainbees Solutions Ltd.,FIRSTCRY,544226,FIRSTCRY,INE02RE01045,Internet & Catalogue Retail,Retailing,235.48,235.48,12293.24,35.42,29.99,29.11,37.43,43.78,49.85,47.28,-0.55,1.39,239.2,230.98,251.93,303.52,235.77,238.13,238.83,240.84,257.18,1.11,0.96,1.18,,-3.03,-31.62,10.31,22.33
Brand Concepts Ltd.,BCONCEPTS,543442,BCONCEPTS,INE977Y01011,Specialty Retail,Retailing,232.51,232.51,290.22,36.94,28.34,30.36,28.8,38.13,48.94,42.12,-1.54,-0.4,241.63,240.08,272.2,298.08,240.3,241.7,242.66,249.23,266.83,1.01,1.63,1,0.94,-6.31,-35.35,14.88,12.49
Brandman Retail Ltd.,BRANDMAN,,BRANDMAN,INE0XUD01014,Footwear,Retailing,186.35,186.35,343.95,43.71,27.22,35.92,34.88,20.49,51.45,50.51,7.87,8.74,176.41,166.83,,,200.4,195.11,189.94,178.92,,1.96,,,,12.26,,11.39,29.35
Brigade Enterprises Ltd.,BRIGADE,532929,BRIGADE,INE791I01019,Realty,Realty,718.8,718.8,17583.41,50.23,40.38,41.28,47.14,35.07,33.02,40.17,10.26,19.27,745.62,715.76,766.61,859.41,761.76,765.45,760.54,748.6,776.73,0.62,1.03,0.95,1.12,2.53,-27.61,28.37,28.51
Brigade Hotel Ventures Ltd.,BRIGHOTEL,544457,BRIGHOTEL,INE03NU01014,Hotels,Hotels Restaurants & Tourism,61.2,61.2,2324.64,42.32,35.25,34.78,33.48,40.46,29.28,35.11,0.37,1.23,63.87,62.09,63.53,,63.8,64.81,64.74,63.8,65.79,1.13,0.9,,,-2.13,-24.53,2.08,24.47
Brightcom Group Ltd.,BCG,532368,BCG,INE425B01027,Internet Software & Services,Software & Services,9.18,9.18,1853,57.14,28.72,46.96,39.03,36.81,33.9,41.58,-0.02,0,9.39,9.48,10.05,12.11,9.49,9.48,9.49,9.69,10.29,1.13,1.22,0.55,0.04,-4.57,-27.83,0.33,9.75
Britannia Industries Ltd.,BRITANNIA,500825,BRITANNIA,INE216A01030,Packaged Foods,FMCG,5334,5334,128479.15,41.15,33.37,33.82,50.3,43.43,40.4,34.11,-43.71,-9.06,5624.23,5724.73,5851.78,5850.81,5572.3,5614.53,5643.63,5714,5778.6,0.9,0.75,0.66,0.42,-2.58,-11.3,141.42,17.05
Brookfield India Real Estate Trust,BIRET,543261,BIRET,INE0FDU25010,REITs-InvITs,Realty,325.48,325.48,20831.06,55.71,45.66,45.78,42.82,51.97,15.47,47.15,-2.1,-2.68,326.68,332.82,338.64,334,324.63,325.1,326.13,331.23,334.09,0,0.33,0.14,0.15,-3.7,-5.34,5.69,20.53
Brooks Laboratories Ltd.,BROOKS,533543,BROOKS,INE650L01011,Pharmaceuticals,Pharmaceuticals & Biotechnology,49.81,49.81,146.73,23.3,20.35,19.15,23.42,41.85,26.7,37.05,-3.29,-1.69,59.55,59.59,67.31,98.8,51.01,54.71,57.01,61.27,70.89,-0.03,2.08,1.4,1.12,-30.4,-52.66,4.01,19.03
Bulkcorp International Ltd.,BULKCORP,,BULKCORP,INE0SZ301012,Containers & Packaging,Commercial Services & Supplies,44.95,44.95,33.78,44.9,37.6,36.9,35.34,32.68,26.4,41.84,-1.56,-1.67,47.45,50.84,60.22,62.94,45.15,45.96,46.78,50.98,57.04,-0.37,0.5,0.38,,-6.45,-22.5,2.07,15.88
Butterfly Gandhimathi Appliances Ltd.,BUTTERFLY,517421,BUTTERFLY,INE295F01017,Household Appliances,Consumer Durables,708.6,708.6,1266.95,60.32,49.75,49.57,32.45,46.89,96.4,74.54,8.4,1.26,617.34,617.1,621.45,669.3,641.48,631.18,624.9,621.3,631.74,0.33,-0.22,0.35,0.43,14.31,-8.64,28.44,32
C K K Retail Mart Ltd.,CKKRETAIL,,CKKRETAIL,INE0SMX01019,Sugar,"Food, Beverages & Tobacco",116.25,116.25,225.15,28.34,23.34,23.29,22.96,18.95,40.46,38.57,-7.06,-7.67,127.57,144.25,,,119.92,123.01,126.39,150.28,,-2.02,0.64,,,-11.73,,7.13,31.1
C.E. Info Systems Ltd.,MAPMYINDIA,543425,MAPMYINDIA,INE0BV301023,Internet Software & Services,Software & Services,1008.45,1008.45,5518.41,50.11,41.11,41.18,32.34,30.52,86.1,57.11,13.74,0.18,927.65,941.55,1196.62,1462.13,992.5,970.41,957.49,1002.74,1152.72,-0.21,1.13,0.98,0.73,9.09,-42.85,48.14,17.77
C2C Advanced Systems Ltd.,C2C,,C2C,INE0U7V01015,Aerospace & Defence,General Industrials,433.7,433.7,721.73,49.49,39.98,40.67,42.04,48.76,49.04,46.85,8.04,14.89,448.9,408.34,418.07,550.75,449.99,453.89,450.75,433.57,450.14,0.56,1.38,0.97,,-7.97,-35.14,27.42,13.73
CARE Ratings Ltd.,CARERATING,534804,CARERATING,INE752H01013,Other Financial Services,Banking and Finance,1581,1581,4750.78,61.04,45.7,50.16,54.29,44.79,53.5,45.75,16.34,21.26,1587.85,1583.49,1596.21,1593.84,1630.02,1626.12,1616.31,1597.56,1591.19,1.4,1.13,0.69,0.63,1.31,-1.3,56.88,13.61
CCL Products India Ltd.,CCL,519600,CCL,INE421D01022,Tea & Coffee,"Food, Beverages & Tobacco",1094.6,1094.6,14615.96,72.65,58.85,59.7,69,67.16,53.62,46.78,15.73,20.88,1109.16,1081.88,1026.04,966.69,1140.6,1129.47,1121.17,1085.55,1040.42,0.96,0.62,0.37,0.46,1.74,12.49,46.76,23.23
CESC Ltd.,CESC,500084,CESC,INE486A01021,Power - Electric Utilities,Utilities,180.5,180.5,23926.55,60.54,50.61,49.75,56.55,50.6,65.02,54.63,6.19,7.45,172.02,165.24,161.7,165.34,183.71,183.27,179.74,170.21,166.02,0.55,0.62,0.87,1.12,15.25,2.79,6.71,39.06
CG Power and Industrial Solutions Ltd.,CGPOWER,500093,CGPOWER,INE067A01029,Heavy Electrical Equipment,General Industrials,833.7,833.7,131302.47,78.61,65.64,64.6,64.01,57.65,66.3,59.83,33.24,33.1,772.96,746.1,693.01,703.9,850.67,830.59,810.65,759.96,726.4,0.8,1.11,1.16,1.06,15.7,13.78,28.21,28.13
CIE Automotive India Ltd.,CIEINDIA,532756,CIEINDIA,INE536H01010,Auto Parts & Equipment,Automobiles & Auto Components,462.7,462.7,17553.1,71.29,56.79,58.59,58.1,67.61,57.14,45.25,1.82,3.49,472.36,469.05,444.28,429.55,474.79,474.73,474.12,466.01,453.19,1.19,1.04,0.95,0.8,-3.52,7.48,17.48,13.92
CL Educate Ltd.,CLEDUCATE,540403,CLEDUCATE,INE201M01029,Education,Diversified Consumer Services,42.05,42.05,228.01,28.01,23.84,23.02,23.89,31.98,26.81,38.34,-2.51,-1.76,47.48,46.76,59.78,76.77,40.16,43.31,44.95,49.4,57.88,-0.38,0.62,0.76,0.99,-15.22,-52.58,2.28,28.87
CLC Industries Ltd.,CLCIND,521082,CLCIND,INE376C01038,Textiles,Textiles Apparels & Accessories,27.35,27.35,28.43,100,82.18,82.17,82.17,82.11,100,99.72,4.89,4.23,13.76,9.19,5.78,3.79,24.87,21.61,18.54,12.07,8.04,0,3.21,1.32,0.34,177.1,859.65,0.86,84.99
CMI Ltd.,CMICABLES,517330,CMICABLES,INE981B01011,Wires & Cables,Consumer Durables,3.19,3.19,5.11,19.68,16.17,16.26,16.26,22.44,,31.27,-0.33,-0.17,4.29,3.88,4.21,6.72,3.17,3.55,3.8,4.05,4.78,-0.94,-0.15,-0.03,0.11,-38.54,-45,0.28,30.81
CMS Info Systems Ltd.,CMSINFO,543441,CMSINFO,INE925R01014,Other Financial Services,Banking and Finance,298.85,298.85,4920.19,35.28,30.6,28.99,29.59,38.82,63.48,52.03,-1.62,-0.73,295.72,294.95,313.58,356.98,292.18,294.96,296.08,300.53,316.37,-0.03,0.54,0.56,0.56,2.35,-15.84,12.09,20.84
CP Capital Ltd.,CPCAP,533260,CPCAP,INE521J01018,Education,Diversified Consumer Services,95.39,95.39,173.54,51.69,42.61,42.48,47.69,35.55,25.76,52.69,1.69,2.03,91.87,90.11,98.17,116.18,95.64,95.8,94.78,93.91,101.07,1.75,1.03,0.64,0.88,13.56,-19.17,5.37,18.59
CPS Shapers Ltd.,CPS,,CPS,INE0QBU01012,Other Apparels & Accessories,Textiles Apparels & Accessories,955,955,217.55,64.6,53.09,53.61,52.19,49.1,70.8,41.59,-24.78,-24.86,991.6,1084.07,1064.87,898.54,960.02,980.13,993.77,1032.43,1011.75,-0.73,0.06,-0.01,,-3.84,36.62,32.59,19.07
CSB Bank Ltd.,CSBBANK,542867,CSBBANK,INE679A01013,Banks,Banking and Finance,344.15,344.15,5970.51,41.15,33.99,33.82,44.51,52.21,38.63,36.43,-7.2,-1.68,381.69,376.48,409.01,403.89,358.11,370.77,376.07,384.46,393.78,1.07,1.71,1.26,0.9,-12.99,-18.91,16.92,12.05
CSL Finance Ltd.,CSLFINANCE,530067,CSLFINANCE,INE718F01018,Finance (including NBFCs),Banking and Finance,226.8,226.8,516.71,46.74,37.97,38.41,28.38,38.95,43.33,40.67,-2.86,-3.36,234.69,240.84,262.17,277.03,233.55,232.1,233.56,241.86,254.95,1.14,0.85,1.01,1.03,-6.17,-12.99,8.89,9.12
Cadsys (India) Ltd.,CADSYS,,CADSYS,INE090Y01013,BPO/KPO,Software & Services,72,72,72.02,67.52,55.69,55.49,53.66,29.55,92.17,83.12,5.67,4.77,55.75,52.66,51.55,61.83,69.36,65.81,62.18,55.83,55.69,-0.87,-0.04,-0.2,-0.29,60.89,6.82,3.11,20.91
California Software Company Ltd.,CALSOFT,532386,CALSOFT,INE526B01014,IT Consulting & Software,Software & Services,26.51,26.51,87.93,74.88,63.46,61.54,54.11,26.23,98.54,93.32,3.2,1.73,14.49,13.78,14.28,15.22,23.91,19.89,17.64,15.14,14.7,0.15,0.96,0.77,0.62,128.14,50.97,1.18,46.74
Cambridge Technology Enterprises Ltd.,CTE,532801,CTE,INE627H01017,IT Consulting & Software,Software & Services,31.77,31.77,62.37,57.87,38.86,47.56,45.67,36,54.56,55.29,1.19,1.25,29.68,28.11,32.56,38.39,32.59,32.01,31.26,30.57,32.88,1.38,1.05,0.78,0.72,9.29,-39.06,1.81,31.7
Camlin Fine Sciences Ltd.,CAMLINFINE,532834,CAMLINFINE,INE052I01032,Specialty Chemicals,Chemicals & Petrochemicals,119.44,119.44,2294.28,51.62,41.22,42.42,42.52,28.38,86.75,46.77,3.08,2.17,114.83,122.47,137.37,171.17,130.11,125.72,123.26,125.68,138.24,0.02,1.21,1.5,1.16,14.77,-36.91,7.16,22.94
Campus Activewear Ltd.,CAMPUS,543523,CAMPUS,INE278Y01022,Footwear,Retailing,243.61,243.61,7444.56,48.27,42.01,39.67,48.04,39.13,52.98,47.52,1.57,2.1,242.8,241.72,251.74,262.45,247.85,247.39,246.39,246.44,251.38,1.35,0.85,0.68,0.59,2.53,-10.21,7.32,19.22
Can Fin Homes Ltd.,CANFINHOME,511196,CANFINHOME,INE477A01020,Housing Finance,Banking and Finance,831.85,831.85,11076.42,64.05,50.83,52.64,60.88,51.2,38.31,41.2,2.83,8.57,860.14,852.62,884.25,846.7,871.26,871.57,870.51,867.27,866.21,1.14,0.92,0.88,0.99,-1.12,-5.21,31.19,13.12
Canara Bank,CANBK,532483,CANBK,INE476A01022,Banks,Banking and Finance,130.01,130.01,117927.54,50.45,42.5,41.46,41.86,52.77,26.99,37.89,-1.8,-0.9,136.2,139.01,144.74,134.59,133.55,134.87,136.06,138.79,139.64,1.42,1.66,1.23,1.36,-5.73,-6.63,4.42,14.86
Canara HSBC Life Insurance Company Ltd.,CANHLIFE,544583,CANHLIFE,INE01TY01017,Life Insurance,Banking and Finance,136.31,136.31,12949.45,32.92,25.24,27.05,27.68,28.22,54.33,40.25,-1.42,-0.92,143.66,144.42,144.25,,140.45,141.53,142.48,143.42,139.7,0.46,0.48,,,-6.67,12.18,5.55,12.79
Canara Robeco Asset Management Company Ltd.,CRAMC,544580,CRAMC,INE218I01013,Asset Management Cos.,Banking and Finance,244.2,244.2,4869.77,29.56,24.55,24.29,32.34,33.02,32.26,42.73,-1.81,1.69,255.62,248.69,263.88,,248.77,253.34,255.16,255.85,267.63,1.56,1.62,,,-4.15,-21.45,9.91,19.24
Canarys Automations Ltd.,CANARYS,,CANARYS,INE0QG301017,IT Consulting & Software,Software & Services,20.7,20.7,121.6,43.75,36.16,35.95,27.76,39.2,47.9,53.1,-0.43,-0.55,20.05,20.73,24.49,27.52,19.63,19.73,19.94,21.3,23.56,0.74,1.75,0.72,,-8,-28.99,1.32,15.55
Cantabil Retail India Ltd.,CANTABIL,533267,CANTABIL,INE068L01024,Other Apparels & Accessories,Textiles Apparels & Accessories,218.77,218.77,1829.75,41.17,32.87,33.83,40.15,45.9,40.42,30.12,-3.19,-1.53,237.56,243.25,263.11,259.45,234.56,237.11,239.01,246.37,253.81,1.25,0.83,1.04,1.14,-4.6,-13.48,8.66,18.45
Capacit'e Infraprojects Ltd.,CAPACITE,540710,CAPACITE,INE264T01014,Construction & Engineering,Cement and Construction,236.65,236.65,2002.15,55.63,43.93,45.72,43.91,37.67,25.18,44.72,3.97,6.08,239.57,232.03,238.21,264.22,247.69,247.52,245.45,239.93,244.86,1.46,1.64,1.59,1.52,5.05,-15.65,11.27,15.63
Capillary Technologies India Ltd.,CAPILLARY,544614,CAPILLARY,INE0ILV01024,IT Software Products,Software & Services,533.3,533.3,4238.24,31.46,25,25.85,27.37,22.14,63.65,45.77,5.94,8.29,539.97,527.6,577.49,,557.69,553.6,550.16,549.25,584.83,0.66,0.42,,,-2.12,,25.09,25.03
Capital India Finance Ltd.,CIFL,530879,CIFL,INE345H01024,Finance (including NBFCs),Banking and Finance,28.5,28.5,1114.51,61.83,49.95,50.81,49.16,34.53,34.25,52.75,0.7,0.56,26.81,27.27,30.52,32.66,29.47,28.74,28.24,28.25,29.79,1.46,1.57,1.13,,11.81,-16.27,1.75,29.76
Capital Infra Trust,CAPINVIT,544338,CAPINVIT,INE0Z8Z23013,REITs-InvITs,Realty,69.95,69.95,2229.03,52.18,42.84,42.88,50.51,39.41,34.65,51.83,0.08,0.1,69.8,69.43,71.41,74.63,69.97,69.97,69.91,70.17,71.58,0.08,0.05,0.12,,-0.06,-9.96,0.76,18
Capital Small Finance Bank Ltd.,CAPITALSFB,544120,CAPITALSFB,INE646H01017,Microfinance Institutions,Banking and Finance,276.75,276.75,1256.97,63.25,53.8,51.98,50.48,51.86,74.74,57.41,9.28,7.72,259.4,254.31,258.49,272.76,283.54,276.52,270.47,261.53,261.96,0.12,0.85,0.78,,6.13,3.02,11.65,36.65
Capital Trust Ltd.,CAPTRUST,511505,CAPTRUST,INE707C01018,Finance (including NBFCs),Banking and Finance,13.23,13.23,45.01,52.48,34.97,43.13,32.02,32.41,55.67,52.65,0.2,0.22,12.86,12.56,13.2,20.49,13.39,13.29,13.17,13.13,15.05,0.76,0.81,0.45,0.56,0.53,-50.78,0.35,20.52
Caplin Point Laboratories Ltd.,CAPLIPOINT,524742,CAPLIPOINT,INE475E01026,Pharmaceuticals,Pharmaceuticals & Biotechnology,1815,1815,13796.12,62.33,50.59,51.22,39.63,37.88,60.93,59.76,42.26,33.49,1711.56,1690.86,1754.82,1905.15,1846.5,1793.86,1765.9,1734.28,1769.88,1.43,0.86,0.79,0.93,9.21,-9.45,50.07,21.38
Capri Global Capital Ltd.,CGCL,531595,CGCL,INE180C01042,Finance (including NBFCs),Banking and Finance,186.75,186.75,17968.23,66.17,45.4,54.38,53.8,53.73,70.37,51.38,4.97,5.19,182.87,175.77,176.57,183.24,195.3,190.84,187.86,181.29,179.63,0.83,1.17,1.11,0.85,4.97,-5.44,6.87,30.04
CarTrade Tech Ltd.,CARTRADE,543333,CARTRADE,INE290S01011,Internet & Catalogue Retail,Retailing,1892.2,1892.2,9068.94,55.78,45.9,45.84,26.83,38.56,77.5,58.54,22,-7.75,1767.28,1753.56,2142.49,2357.42,1896.04,1809.94,1788.75,1855.47,2032.41,1.56,1.57,1.29,1.04,4.18,-34.06,103.58,23.98
Carborundum Universal Ltd.,CARBORUNIV,513375,CARBORUNIV,INE120A01034,Abrasives & Bearings,General Industrials,1008.65,1008.65,19214.03,70.86,59.14,58.23,55.67,52.08,77.65,65.84,44.94,41.79,914.52,864.5,845.65,879.68,1013.31,985.2,957.58,898.15,875.94,0.79,0.77,0.87,0.86,17.94,13.67,31.65,44.62
Career Point Edutech Ltd.,CPEDU,544499,CPEDU,INE0P6P01016,Education,Diversified Consumer Services,190.25,190.25,346.12,39.39,32.13,32.37,39.96,31.26,59.1,47.44,3.78,5.1,187.61,185.33,210.19,,198.57,197.9,195.56,195.29,211.76,1.22,1.47,,,4.38,-39.27,13.29,24.57
Carraro India Ltd.,CARRARO,544320,CARRARO,INE0V7W01012,Commercial Vehicles,Automobiles & Auto Components,580.45,580.45,3299.95,81.32,57.55,66.83,63.01,48.98,60.17,61.03,20.3,20.42,537.04,513.02,522.76,502.17,583.18,572.05,559.68,534.42,521.66,2.84,1.22,1.13,,20.78,15.15,24.99,37.24
Carysil Ltd.,CARYSIL,524091,CARYSIL,INE482D01024,Household Products,Consumer Durables,891.25,891.25,2534.95,65.82,46.03,54.09,53.44,39.97,65.54,49.88,20.5,21.32,872.58,857.74,866.96,890.07,933.73,913.4,900.61,879.17,876.66,1.58,1.52,1.49,0.97,7.38,-5.26,36.83,13.71
Cash Ur Drive Marketing Ltd.,CUDML,,CUDML,INE0WL201014,Advertising & Media,Media,154.75,154.75,273.07,56.38,45.56,46.33,45.92,27.96,83.93,75.76,12.18,11.35,125.6,114.79,123.27,,155.03,147.64,139.99,126.77,126.48,0.35,0.44,,,42.43,9.64,5.96,41.49
Castrol India Ltd.,CASTROLIND,500870,CASTROLIND,INE172A01027,Oil Marketing & Distribution,Oil & Gas,181.3,181.3,17932.79,59.76,39.86,49.11,48.46,38.73,50.59,43.59,0.53,0.65,181.38,182.96,184.82,193.14,184.1,183.67,183.3,183.46,185.9,0.51,0.4,0.5,0.88,1.05,-4.76,2.74,16.4
Ceat Ltd.,CEATLTD,500878,CEATLTD,INE482A01020,Auto Tyres & Rubber Products,Automobiles & Auto Components,3142.8,3142.8,12712.66,37.48,29.74,30.8,30.74,44.96,62.36,34.71,-85.67,-45.02,3493.23,3498.11,3658.68,3623.36,3290.44,3370.06,3429.32,3524.89,3594.89,1.85,1.41,1.15,0.94,-11.32,-20.85,134.79,11.95
Cedaar Textile Ltd.,CEDAAR,,CEDAAR,INE11J101017,Textiles,Textiles Apparels & Accessories,30.25,30.25,41.98,38.38,31.36,31.54,38.83,25.58,50.52,49.78,1.09,1.27,28.3,27.33,40.21,70.45,31.71,31.42,30.7,31.85,42.71,1.27,1.21,,,24.49,-65.62,1.69,32.36
Ceigall India Ltd.,CEIGALL,544223,CEIGALL,INE0AG901020,Construction & Engineering,Cement and Construction,350.8,350.8,6111.11,83.76,68.33,68.83,67.43,65.65,91.96,62.57,19.05,17.19,315.34,299.3,285.52,270.32,361.09,347.34,335.41,310.27,292.75,0.9,0.96,0.69,,20.86,41.85,14.45,54.46
Ceinsys Tech Ltd.,,538734,CEINSYS,INE016Q01014,IT Consulting & Software,Software & Services,1034.4,1034.4,2165.8,49.57,42.07,41.57,41.54,47.27,34.98,47.34,0.69,11.95,1067.21,1014.09,1017.53,1249.28,1036.74,1059.02,1061.65,1046.13,1073.73,0.84,1.75,1.49,0.86,-1.82,-25.5,67.79,19.61
Celebrity Fashions Ltd.,CELEBRITY,532695,CELEBRITY,INE185H01016,Textiles,Textiles Apparels & Accessories,7.62,7.62,49.19,59.1,38.33,48.57,45.88,38.01,50.09,47.3,0.14,0.15,7.52,7.55,7.96,9.7,8.02,7.92,7.83,7.77,8.23,1.61,2.06,1.58,1.24,2.7,-25,0.52,12.09
Cell Point (India) Ltd.,CELLPOINT,,CELLPOINT,INE0O0001013,Specialty Retail,Retailing,16,16,29.9,50.84,43.69,41.78,48.93,41.06,55.92,49.53,0.41,0.54,15.51,15.23,15.97,17.19,16.54,16.47,16.24,15.81,16.13,3.53,1.68,0.86,,25.49,-15.79,0.7,21.49
Cellecor Gadgets Ltd.,CELLECOR,,CELLECOR,INE0OMO01025,Commodity Trading  & Distribution,Commercial Services & Supplies,40.45,40.45,848.15,74.48,61.78,61.21,59.35,53.28,77.09,70.78,3.34,2.95,33.26,29.91,29.03,30.52,41.04,38.61,36.52,32.34,30.83,0.03,0.63,0.71,,28.41,26.6,2.06,35.02
Cello World Ltd.,CELLO,544012,CELLO,INE0LMW01024,Houseware,Consumer Durables,401.65,401.65,8871.85,37,30.52,30.41,28.74,34.27,24.08,38.9,-1.68,-0.25,416.44,413.46,463.9,528.78,417.33,417.21,418.12,428.91,460.98,1.04,0.75,0.82,,-3.17,-37.55,13.05,17.19
Cemindia Projects Ltd.,CEMPRO,509496,CEMPRO,INE686A01026,Construction & Engineering,Cement and Construction,892.95,892.95,15339.77,68.9,56.31,56.62,56.45,46.1,96.32,67.43,90.56,73.68,694.33,638.39,667.96,730.63,933.89,850.16,790.9,700.85,688.13,1.41,1.68,1.7,1.2,47.77,5.15,45.72,48.16
Central Bank of India,CENTRALBK,532885,CENTRALBK,INE483A01010,Banks,Banking and Finance,34.53,34.53,31254.49,60.54,40.77,49.75,50.15,38.97,47.03,42,0.11,0.22,35.34,35.81,36.55,36.93,36.13,35.94,35.87,35.95,36.42,0.97,1.38,1.22,1.5,-1.4,-9.39,0.94,13.27
Central Depository Services (India) Ltd.,CDSL,,CDSL,INE736A01011,Other Financial Services,Banking and Finance,1182.4,1182.4,24712.16,38.2,31.24,31.39,39.48,38.78,31.01,35.96,-10.97,3.43,1272.49,1253.68,1327.7,1447.87,1244.22,1260.04,1269.19,1282.74,1330.38,1.26,1.58,1.63,1.36,-7.57,-22.87,37.14,19.53
Central Mine Planning & Design Institute Ltd.,CMPDI,544739,CMPDI,INE05HV01027,Consulting Services,Commercial Services & Supplies,233.33,233.33,16659.76,,,,,,77.41,77.79,,,,,,,215.21,203.2,192.6,,,0.51,,,,42.89,,13.07,57.3
Centrum Capital Ltd.,CENTRUM,501150,CENTRUM,INE660C01027,Other Financial Services,Banking and Finance,23.78,23.78,1157.68,36.16,28.95,29.72,31.6,48.41,44.22,40.35,-0.47,-0.34,26.08,24.94,25.86,30.43,24.19,24.52,24.85,25.34,26.46,1.11,1.27,1.44,1.2,-16.24,-31.69,1.29,15.39
Centum Electronics Ltd.,CENTUM,517544,CENTUM,INE320B01020,Electronic Components,Commercial Services & Supplies,2936,2936,4327.96,82.77,66.98,68.02,57.44,56.41,60.31,53.5,49.18,39.99,2861.75,2821.21,2568.36,2543.23,2970.66,2923.27,2894.32,2790.49,2665.82,0.36,1,1.08,1.09,6.97,22.96,144.1,15.68
Century Enka Ltd.,CENTENKA,500280,CENTENKA,INE485A01015,Textiles,Textiles Apparels & Accessories,433.05,433.05,946.24,62.79,52.01,51.6,49.75,41.95,46.66,51.86,5.98,5.31,422.35,419.64,431.44,456.92,444.77,435.69,431.75,427.75,434.35,1.73,1.19,0.81,0.98,2.83,-4.83,13.72,19.35
Century Extrusions Ltd.,CENTEXT,500083,CENTEXT,INE281A01026,Aluminium and Aluminium Products,Metals & Mining,20.61,20.61,164.88,49.57,40.39,40.74,49.49,39.01,54.11,48.03,0.3,0.41,20.5,20.04,20.96,23.08,21.21,21.18,21.01,20.74,21.25,0.76,1.61,1.31,1.16,1.08,-26.65,1.05,11.69
Century Plyboards (India) Ltd.,CENTURYPLY,532548,CENTURYPLY,INE348B01021,Forest Products,Forest Materials,771.1,771.1,17131.76,55.05,45.83,45.24,54.35,49.18,67.27,50.73,15.93,19.54,759.14,732.84,761.46,766.19,788.7,785.6,776.3,757.32,757.04,1.48,0.98,0.95,0.77,4.78,1.92,25.13,23.98
Cera Sanitaryware Ltd.,CERA,532443,CERA,INE739E01017,Household Appliances,Consumer Durables,5926.5,5926.5,7643.7,62.46,52.11,51.33,41.47,49.61,93.76,69.13,216.54,155.87,5218.36,5026.43,5088.49,5604.21,5739.2,5572.13,5430.58,5211.88,5241.49,-0.59,0.95,0.92,0.6,17.74,-4.17,207.23,38.94
Cerebra Integrated Technologies Ltd.,CEREBRAINT,532413,CEREBRAINT,INE345B01019,Computer Hardware,Hardware Technology & Equipment,4.24,4.24,51.38,32.43,25.29,26.65,26.87,36.39,26.66,43.82,-0.1,-0.08,4.47,4.47,5.22,6.56,4.25,4.33,4.4,4.65,5.21,-0.16,0.78,0.51,0.59,-13.82,-49.46,0.28,24.12
Chalet Hotels Ltd.,CHALET,542399,CHALET,INE427F01016,Hotels,Hotels Restaurants & Tourism,759.15,759.15,16624.94,57.93,39.62,47.61,37.53,38.54,48.26,45.53,2.04,2.96,765.43,763.78,815.3,880.34,781.75,775.31,773.74,781.32,809.8,1.12,1.05,1.2,0.84,0.63,-18.3,25.02,13.74
Chaman Lal Setia Exports Ltd.,CLSEL,530307,CLSEL,INE419D01026,Other Agricultural Products,"Food, Beverages & Tobacco",271.35,271.35,1349.3,67.24,46.43,55.26,51.64,49.81,73.93,48.97,7.75,8.74,266.22,259.16,259.55,269.89,287.53,281.37,276.76,266.58,264.87,1.83,1.85,1.49,1.04,3.62,0.35,11.73,32.64
Chaman Metallics Ltd.,CMNL,,CMNL,INE06PV01010,Iron & Steel/Interm.Products,Metals & Mining,121.5,121.5,293.24,53.92,43.91,44.31,53.66,35.35,41.27,50.81,4.74,6.22,116.66,110.37,113.85,132.26,126.52,125.91,123.25,116.99,119.05,1.3,0.84,0.16,0.13,17.96,-22.39,5.8,34.3
Chambal Fertilisers & Chemicals Ltd.,CHAMBLFERT,500085,CHAMBLFERT,INE085A01013,Fertilizers,Fertilizers,433.9,433.9,17384.3,61.78,39.62,50.77,39.22,50.13,62.24,41.83,0.7,1.62,447.63,442.03,446.16,476.79,449.72,447.14,446.92,445.61,452.03,0.68,1,0.83,1.2,-4.67,-10.48,12.01,11.04
Chamunda Electricals Ltd.,CHAMUNDA,,CHAMUNDA,INE11HG01018,Construction & Engineering,Cement and Construction,45.1,45.1,49.63,58.98,48.6,48.47,48.52,39.49,64.82,50.33,0.54,0.52,43.75,45.07,47.21,48.17,45.72,45.53,45.13,45.24,46.36,1.1,0.28,0.09,,4.64,-12.43,2.46,13.22
Chandan Healthcare Ltd.,CHANDAN,,CHANDAN,INE0B2N01016,Healthcare Services,Healthcare,246.95,246.95,603.84,36.59,30.85,30.07,33.17,45.8,45.56,44.62,-1.7,-1.02,253,254,270.08,271.31,250.19,251.87,252.92,257.48,263.8,1.18,1.12,1.02,,-5.73,-24.27,9.5,11.93
Chavda Infra Ltd.,CHAVDA,,CHAVDA,INE0PT101017,Construction & Engineering,Cement and Construction,99.7,99.7,325.58,54.58,45.46,44.85,51.24,38.98,44.52,45.36,1.52,1.93,99.48,98.76,107.56,107.32,104.09,103.56,102.61,101.82,104.04,1.18,1.56,0.75,,4.95,-0.3,3.83,20.92
Chembond Chemicals Ltd.,CHEMBONDCH,544450,CHEMBONDCH,INE0TGX01019,Specialty Chemicals,Chemicals & Petrochemicals,177.07,177.07,476.26,56.74,47.49,46.63,45.11,41.52,79.64,58.52,11.34,8.94,153.21,146.53,149.24,,188.04,173.11,165.66,154.38,153.51,2.34,1.47,,,14.94,15.16,14.3,33.5
Chembond Material Technologies Ltd.,CHEMBOND,530871,CHEMBOND,INE995D01025,Specialty Chemicals,Chemicals & Petrochemicals,178.7,178.7,240.32,67.53,54.58,55.5,52.92,46.94,80.08,61.15,12.25,9.26,152.14,145.96,150.53,163.18,189.91,173.69,165.54,154.2,156.93,1.81,1.19,0.92,0.98,21.34,7.24,11.69,33.22
Chemcon Speciality Chemicals Ltd.,CHEMCON,543233,CHEMCON,INE03YM01018,Specialty Chemicals,Chemicals & Petrochemicals,165.55,165.55,606.42,55.66,46.71,45.74,45.01,34.6,67.68,54.2,4.4,3.44,155.91,155.21,171.32,203,171.18,165.99,162.95,162.19,172.79,1.61,1.47,1.08,0.89,11.45,-28.77,7.46,27.22
Chemfab Alkalis Ltd.,CHEMFAB,541269,CHEMFAB,INE783X01023,Commodity Chemicals,Chemicals & Petrochemicals,430.4,430.4,618.64,58.82,48.98,48.34,46.4,35.98,69.57,58.5,17.73,13.88,388.13,380.59,397.5,508.27,439.08,422.55,410.83,397.37,421.63,0.76,1.39,1.24,0.81,17.07,-24.22,25.05,30.42
Chemplast Sanmar Ltd.,CHEMPLASTS,543336,CHEMPLASTS,INE488A01050,Specialty Chemicals,Chemicals & Petrochemicals,235.03,235.03,3716.05,41.06,34.93,33.74,26.23,25.69,43.93,45.46,-4.22,-5.53,242.24,247.29,257.3,322.49,236.52,236.31,238.5,248.47,268,1.59,0.61,0.87,0.8,-2.9,-36.97,12.24,13.79
Chennai Petroleum Corporation Ltd.,CHENNPETRO,500110,CHENNPETRO,INE178A01016,Refineries/Petro-Products,Oil & Gas,1009.7,1009.7,15035.58,71.22,57.45,58.53,69.68,60.9,61.95,45.84,18.37,25.67,1027.96,1005.58,933.57,866.97,1057.34,1058.64,1049.11,1007.38,957.12,1.05,0.66,0.51,1.03,2.68,3.47,53.26,16.15
Chetana Education Ltd.,CHETANA,,CHETANA,INE0U1T01012,Publishing,Commercial Services & Supplies,52.7,52.7,107.51,59.43,48.32,48.84,35.07,32.21,77.67,72,2.66,1.11,39.69,38.67,44.98,61.2,46.93,44.3,42.37,41.66,46.86,-1.86,0.52,0.35,,32.25,-26.81,3.23,23.99
Cheviot Company Ltd.,CHEVIOT,526817,CHEVIOT,INE974B01016,Jute & Jute Products,Forest Materials,1214.2,1214.2,709.32,69.21,57.33,56.88,53.67,50.1,79.97,57.88,64.8,54.86,1103.01,1062.77,1055.42,1105.48,1288.14,1216.94,1175.13,1104.03,1083.34,1.86,0.92,0.69,0.61,15.91,8.53,47.59,28.24
Choice Gold ETF,CHOICEGOLD,544601,CHOICEGOLD,INF2KCX01012,Others,Others,149.47,149.47,,,29.17,29.83,,,26.53,52.78,-0.13,-0.34,147.68,150.26,147.42,,148.8,148.32,148.33,148.35,144.34,0.35,0.54,,,1.25,,2.81,31.69
Choice International Ltd.,CHOICEIN,531358,CHOICEIN,INE102B01014,Capital Markets,Banking and Finance,661.15,661.15,14728.87,42.02,31.97,34.53,30.12,39.31,33.04,43.32,-1.99,0.28,679.95,674.84,733.24,761.5,681.7,680.14,681.41,691.9,714.59,1.19,1.58,1.29,1.06,-3.64,-17.24,21.86,14.32
Cholamandalam Financial Holdings Ltd.,CHOLAHLDNG,504973,CHOLAHLDNG,INE149A01033,Holding Companies,Diversified,1715.6,1715.6,32215.11,60.04,48.87,49.34,48.84,37.74,75.54,60.52,55.13,38.58,1573.91,1563.89,1666.83,1778.36,1749.66,1683.65,1645.57,1615.53,1659.85,0.66,1.43,1.2,0.99,8.5,-13.03,69.88,25.99
Cholamandalam Investment & Finance Company Ltd.,CHOLAFIN,511243,CHOLAFIN,INE121A01024,Finance (including NBFCs),Banking and Finance,1561,1561,131506.49,64.88,52.53,53.32,54.64,42.81,46.7,47.39,27.66,24.69,1542.16,1559.28,1628.27,1614.1,1652.14,1612.72,1593.56,1583.3,1601.56,1.64,1.64,1.49,1.21,1.82,-7.27,56.13,14.51
Cigniti Technologies Ltd.,CIGNITITEC,534758,CIGNITITEC,INE675C01017,IT Consulting & Software,Software & Services,1313.9,1313.9,3619.4,56.29,46.09,46.26,28.6,35.9,87.89,59.3,27.82,11.29,1220.39,1180.78,1395.36,1533.35,1318.34,1264.54,1243.57,1257.26,1350.76,2.07,1,1.3,0.89,5.17,-22.9,55.3,21.82
Cineline India Ltd.,CINELINE,532807,CINELINE,INE704H01022,Movies & Entertainment,Media,84.85,84.85,290.75,51.47,34.33,42.3,44.57,45.26,29.03,46.78,-0.06,0.26,85.5,85.67,85.87,86.78,85.34,85.88,85.98,85.78,85.98,0.8,0.87,0.61,0.56,-1,-4.29,3.65,10
Cinevista Ltd.,CINEVISTA,532324,CINEVISTA,INE039B01026,Movies & Entertainment,Media,15,15,86.15,49.5,38.6,40.68,47.79,39.83,55.22,45.63,0.09,0.17,15.19,15.28,15.46,16.58,15.54,15.56,15.51,15.43,15.67,1.07,0.98,0.83,0.94,5.56,-17.22,1.01,26.55
Cipla Ltd.,CIPLA,500087,CIPLA,INE059A01026,Pharmaceuticals,Pharmaceuticals & Biotechnology,1292.3,1292.3,104389.75,56.95,47.34,46.8,46.3,36.09,73.41,49.42,18.4,16.14,1265.71,1281.54,1346.39,1442,1334.18,1313.66,1300.67,1299.3,1340.35,0.91,0.48,0.57,0.51,5.55,-13.93,28.63,33.18
Citius TransNet Investment Trust,CITIUSINVT,544753,CITIUSINVT,INE2Q7823014,REITs-InvITs,Realty,104.17,104.17,6354.37,,,,,,,,,,,,,,104.7,,,,,,,,,,,,
City Union Bank Ltd.,CUB,532210,CUB,INE491A01021,Banks,Banking and Finance,244.45,244.45,18164.84,59.65,49.74,49.02,60.95,51.68,56.81,37.78,0.5,2.89,258.87,257.89,271.25,249.27,260.57,262.15,262.04,262.24,261.28,1.48,1.44,1.15,0.99,-3.18,-4.09,10.72,22.11
Classic Electrodes (India) Ltd.,CLASSICEIL,,CLASSICEIL,INE0UQ601012,Other Industrial Goods,General Industrials,55.4,55.4,99.53,42.54,33.32,34.96,34.12,39.14,34.58,52.87,1.66,1.96,52.18,49.73,56.56,,56.56,55.65,54.68,53.56,59.53,0.76,0.63,,,-0.81,-39.98,3,15.49
Clean Max Enviro Energy Solutions Ltd.,CLEANMAX,544717,CLEANMAX,INE647U01026,Green & Renewable Energy,Utilities,1221.6,1221.6,14302.4,,,,,,86.81,78.92,81.01,68.78,997.77,,,,1197.1,1144.37,1092.87,,,-0.13,,,,42.24,,50.62,59.79
Clean Science & Technology Ltd.,CLEAN,543318,CLEAN,INE227W01023,Specialty Chemicals,Chemicals & Petrochemicals,808.9,808.9,8596.77,58.81,47.49,48.33,46.04,34.66,89.94,52.58,31.86,28.83,768.59,750.34,795.17,940.26,859.9,829.53,808.86,783.31,818.58,1.04,1.22,1.05,0.75,12.84,-17.56,32.51,35.49
Clear Secured Services Ltd.,CSSL,,CSSL,INE1EF801010,Special Consumer Services,Diversified Consumer Services,95.5,95.5,229.65,22.45,18.22,18.45,14.49,22.52,13.74,33.22,-3.56,-2.89,105,110.31,121.1,,98.89,101.53,103.67,109.97,120.02,0.23,-0.14,,,-11.61,,3.82,21.41
Coal India Ltd.,COALINDIA,533278,COALINDIA,INE522F01014,Coal & Mining,Metals & Mining,463.05,463.05,285365.13,82.1,59.1,67.47,66.29,58.2,60.32,53.47,5.37,5.71,454.34,451.55,434.32,409.26,464.15,463.68,460.48,450.45,436.51,-0.19,-0.08,0.4,0.91,1.97,24.09,12.07,21.29
Coastal Corporation Ltd.,COASTCORP,501831,COASTCORP,INE377E01024,Other Food & Beverages,"Food, Beverages & Tobacco",58.2,58.2,389.81,86.51,71.87,71.09,70.38,67.62,74.19,58.66,3.34,3.13,52.74,49.36,47.93,42.81,60.98,58.38,56.31,51.84,48.56,1.09,0.93,1.16,0.95,17.58,51.96,3.75,37.51
Cochin Shipyard Ltd.,COCHINSHIP,540678,COCHINSHIP,INE704P01025,Marine Port & Services,Transportation,1616.1,1616.1,42516.49,64.6,43.18,53.09,52.26,37.24,81.08,50.38,74.55,79.92,1542.57,1492.69,1523.1,1634.8,1735.42,1690.65,1644.9,1559.75,1558.82,1.33,1.4,1.33,1.24,13.5,-5.09,68.36,35.26
Coffee Day Enterprises Ltd.,COFFEEDAY,539436,COFFEEDAY,INE335K01011,Restaurants,Hotels Restaurants & Tourism,24.76,24.76,523.06,41.18,27.98,33.84,37.03,34.11,25.47,40.26,-0.1,0.03,25.7,26.05,29.7,34.91,26.07,26.09,26.14,26.98,29.28,1.89,2.03,1.4,0.49,-2.44,-36.85,1.21,12.24
Coforge Ltd.,COFORGE,532541,COFORGE,INE591G01025,IT Consulting & Software,Software & Services,1320.4,1320.4,56730.6,56.73,47.19,46.62,28.85,33.65,69.88,58.12,24.6,8.64,1236.18,1196.75,1419.26,1586.47,1325.88,1274.82,1255.91,1274.74,1378.48,1.98,0.97,1.23,0.97,4.39,-25.14,53.51,21.61
Cohance Lifesciences Ltd.,COHANCE,543064,COHANCE,INE03QK01018,Pharmaceuticals,Pharmaceuticals & Biotechnology,484.65,484.65,18541.11,58.87,48.7,48.38,46.56,36.49,78.68,67.83,40.73,37.06,388.03,352.08,391.11,612.48,483.58,458.45,432.59,394.19,436.12,1.58,1.09,0.73,0.59,52.96,-33.05,29,49.61
Colgate-Palmolive (India) Ltd.,COLPAL,500830,COLPAL,INE259A01022,Personal Products,FMCG,2125.2,2125.2,57802.38,63.52,52.09,52.2,50.17,36.84,57.88,54.28,42.52,42.31,2030.74,2049.07,2086.09,2168.31,2157.14,2135.91,2108.17,2075.68,2099.47,0.64,0.99,0.83,0.55,11.46,-2.23,54.98,23.89
Comfort Intech Ltd.,,531216,COMFINTE,INE819A01049,Finance (including NBFCs),Banking and Finance,7.96,7.96,254.67,67.48,57.27,56.81,45.04,51.96,69.09,63.17,0.2,0.13,7.29,7.13,6.88,7.46,7.78,7.58,7.45,7.21,7.18,0.4,1.72,1.13,0.89,10.1,5.43,0.57,20.5
Commercial Syn Bags Ltd.,COMSYN,539986,COMSYN,INE073V01015,Containers & Packaging,Commercial Services & Supplies,153.01,153.01,611.31,54.61,44.71,44.88,44.73,49.73,33.66,42.82,-0.92,-0.84,154.41,154.91,156.92,151.07,153.06,153.67,154.18,155.78,154.75,-0.08,0.09,0.16,,-0.19,-3.41,3,33.54
Committed Cargo Care Ltd.,COMMITTED,,COMMITTED,INE597Z01014,Warehousing & Logistics,Transportation,272,272,314.83,76.9,62.86,63.2,62.96,50.08,81.1,55.02,10.89,10.64,262.06,245.17,224.42,230.35,284.22,275.37,268.94,250.55,236.45,0.68,-0.33,-0.11,,5.06,6.67,12.93,19.27
Compuage Infocom Ltd.,COMPINFO,532456,COMPINFO,INE070C01037,Electronic Components,Commercial Services & Supplies,1.35,1.35,11.58,57.64,38.64,47.37,45.8,36.24,59.17,57.03,0.05,0.05,1.22,1.22,1.36,1.67,1.35,1.34,1.31,1.29,1.4,-1.29,0.49,0.39,0.31,18.42,-31.47,0.08,26.63
Compucom Software Ltd.,COMPUSOFT,532339,COMPUSOFT,INE453B01029,IT Training Services,Software & Services,13.57,13.57,107.37,57.2,37.45,47.01,46.07,39.2,56.99,43.64,0.14,0.18,13.8,13.63,14.39,16.72,14.25,14.12,14.04,14.01,14.7,0.26,0.1,0.58,0.95,-0.88,-26.49,0.71,25.99
Computer Age Management Services Ltd.,CAMS,543232,CAMS,INE596I01020,Data Processing Services,Software & Services,784.65,784.65,19458.1,66.67,54.69,54.79,53.62,49.02,74.59,57.59,30.72,27.89,734.22,703.9,717.05,746.14,817.68,786.73,767.38,733.09,728.67,0.85,1.18,1.36,1.21,12.25,4.91,26.47,27
Concord Biotech Ltd.,CONCORDBIO,543960,CONCORDBIO,INE338H01029,Biotechnology,Pharmaceuticals & Biotechnology,1127.2,1127.2,11792.34,56.83,45.1,46.7,45.62,32.9,74.67,50.84,25.94,16.25,1082.88,1113.2,1190.88,1390.02,1184.12,1147.93,1128.53,1131.15,1202.25,1.2,0.81,0.64,,6.87,-20.14,53.55,21.92
Concord Enviro Systems Ltd.,CEWATER,544315,CEWATER,INE037Z01029,Waste Management,Utilities,282.9,282.9,585.5,43.77,27.43,35.97,36.34,32.54,30.62,38.3,-1.57,3.04,309.1,294.45,356.04,429.1,304.08,308.3,309.81,317.23,349.44,2.1,1.27,1.19,,-9.4,-40.35,15.78,15.48
Confidence Petroleum India Ltd.,CONFIPET,526829,CONFIPET,INE552D01024,Oil Marketing & Distribution,Oil & Gas,56.86,56.86,1889.12,71.87,59.98,59.06,60.14,61.52,69.73,61.97,2.77,3.45,53.15,44.85,39.35,42.16,55.61,55.52,54.12,47.96,43.93,-0.34,0.04,0.52,0.83,3.68,40.95,3.9,34.99
Connplex Cinemas Ltd.,CONNPLEX,,CONNPLEX,INE0EAS01014,Movies & Entertainment,Media,271.85,271.85,519.23,59.99,49.83,49.3,49.42,46.66,69.13,53.8,8.01,7.46,262.07,250.72,253.51,,279.09,274.06,269.16,258.35,248.14,0.56,0.78,,,6.88,26.71,11.8,16.5
Consolidated Construction Consortium Ltd.,CCCL,532902,CCCL,INE429I01024,Construction & Engineering,Cement and Construction,15.53,15.53,693.82,39.1,31.93,32.13,39.76,38.34,20.01,42.41,-0.11,0.12,16.2,15.86,16.73,18.52,15.82,16.18,16.29,16.36,16.92,-0.33,0.85,0.88,0.37,-4.14,-23.42,1.01,12.45
Consolidated Finvest & Holdings Ltd.,CONSOFINVT,500226,CONSOFINVT,INE025A01027,Finance (including NBFCs),Banking and Finance,224,224,724.11,83.41,60.23,68.55,66.88,56.82,48.06,52.07,1.99,2.02,219.4,222.7,203.54,194.03,225.99,224.83,223.63,218.75,209.57,0.69,1.12,1,1.04,3.41,27.1,7.82,30.44
Container Corporation of India Ltd.,CONCOR,531344,CONCOR,INE111A01025,Warehousing & Logistics,Transportation,516,516,39299.48,64.37,54.07,52.9,50.71,40.27,49.2,56.89,13.19,12.74,491.84,482.12,496.18,518.72,526.33,517.46,509.13,496.15,499.75,0.74,1.17,1.09,1.33,7,-0.65,12.47,35.37
Continental Seeds and Chemicals Ltd.,CONTI,,CONTI,INE340Z01019,Other Agricultural Products,"Food, Beverages & Tobacco",13.3,13.3,18.54,33.88,27.84,28.58,29.17,18.76,46.02,37.26,-1.15,-1.33,15.12,18.11,20.87,24.72,13.39,13.98,14.59,17.15,20.23,-0.28,-0.01,-0.17,-0.44,-16.35,-45.71,0.77,44.98
Control Print Ltd.,CONTROLPR,522295,CONTROLPR,INE663B01015,Computer Hardware,Hardware Technology & Equipment,636.45,636.45,1017.95,49.66,40.63,40.81,39.93,40.52,46.9,46.81,4.67,6.95,637.91,636.78,654.03,705.88,656.18,652.51,649.92,646.31,659.94,1.54,1.34,1.06,0.61,-4.05,-9.46,25.09,15.8
Cool Caps Industries Ltd.,COOLCAPS,,COOLCAPS,INE0HS001028,Plastic Products,General Industrials,24.25,24.25,285.24,27.29,21.68,22.43,22.18,27.8,15.18,31.9,-1.29,-1,27.91,27.14,41.51,62.02,24.58,25.63,26.42,30.24,39.97,-0.11,0.15,-0.04,-0.15,-19.83,-68.01,1.6,28.4
Coral India Finance and Housing Ltd.,CORALFINAC,531556,CORALFINAC,INE558D01021,Housing Finance,Banking and Finance,33.16,33.16,133.64,52.4,43,43.06,41.04,36.87,29.91,46.19,0.44,0.63,32.96,32.64,34.86,39.05,34.25,34.2,33.95,33.69,35.04,1.11,1.47,1.25,1.14,4.31,-19.92,1.79,15.82
Cords Cable Industries Ltd.,CORDSCABLE,532941,CORDSCABLE,INE792I01017,Wires & Cables,Consumer Durables,205.97,205.97,266.27,68.33,55.82,56.15,53.43,40.95,81.5,66.59,13.82,10.94,173.97,167.27,170.89,177.06,212.91,198.87,189.78,176.2,173.73,1.85,1.4,1.25,1.19,30.16,11.89,11.78,35.32
Coromandel International Ltd.,COROMANDEL,506395,COROMANDEL,INE169A01031,Fertilizers,Fertilizers,1872.7,1872.7,55247.38,38.66,31.93,31.77,33.94,41.16,22.02,34.15,-36.3,-21.11,2005.92,2029.81,2162.51,2230.87,1929.92,1961.24,1984.77,2044.67,2114.19,0.91,1.1,0.97,0.87,-12.75,-12.9,66.68,19.14
Corona Remedies Ltd.,CORONA,544644,CORONA,INE02ZQ01018,Pharmaceuticals,Pharmaceuticals & Biotechnology,1631.2,1631.2,9976.44,41.03,27.78,33.72,33.03,16.68,44.23,46.56,35.16,37.67,1629.45,1613.48,,,1717.6,1697.21,1676.02,1616.86,,-0.42,0.51,,,4.44,,90.58,12.49
Cosmo First Ltd.,COSMOFIRST,508814,COSMOFIRST,INE757A01017,Containers & Packaging,Commercial Services & Supplies,762.85,762.85,2002.46,62.98,52.17,51.76,48.85,37.14,75.52,61.41,31.16,23.74,682.44,673.61,665.53,786.07,770.34,739.88,719.3,689.36,699.64,0.88,0.9,1.11,1.14,18.52,-11.83,33.97,26.51
Country Club Hospitality & Holidays Ltd.,CCHHL,526550,CCHHL,INE652F01027,Hotels,Hotels Restaurants & Tourism,13.62,13.62,222.64,53.43,42.91,43.91,41.4,40.4,37.34,49.38,0.25,0.34,13.32,13.05,13.68,15.43,13.98,13.93,13.79,13.52,13.92,1.37,0.79,0.79,1.04,5.01,-18.49,0.92,37.96
Country Condo's Ltd.,COUNCODOS,531624,COUNCODOS,INE695B01025,Realty,Realty,5.1,5.1,39.57,51.64,41.05,42.44,41.12,35.4,43.17,51.47,0.1,0.12,4.93,4.86,5.16,5.92,5.19,5.17,5.11,5.03,5.25,1.17,0.8,0.53,0.84,2.2,-17.07,0.34,32.7
Craftsman Automation Ltd.,CRAFTSMAN,543276,CRAFTSMAN,INE00LO01017,Auto Parts & Equipment,Automobiles & Auto Components,8688,8688,20725.75,80.46,65.75,66.12,63.28,55.76,81.92,70.46,348.78,226.72,7588.63,7451.36,7513.62,7136.61,8577.4,8196.85,7959.73,7639.27,7437.7,0.59,1.23,0.99,0.81,17.27,28.28,366.42,36.86
Crayons Advertising Ltd.,CRAYONS,,CRAYONS,INE0OFK01019,Advertising & Media,Media,33,33,80.62,31.1,24.73,25.56,30.87,36.59,67.29,46.11,-0.2,-0.08,33.52,35,37.25,44.88,34.54,34.32,34.43,35.35,38.12,0.37,0.51,0.45,,-14.4,-34,2.51,13.96
Creative Eye Ltd.,CREATIVEYE,532392,CREATIVEYE,INE230B01021,Broadcasting & Cable TV,Media,6.8,6.8,13.64,56.9,43.99,46.76,50.78,40.82,42.42,48.33,0.09,0.12,6.73,6.66,6.8,7.15,6.96,6.96,6.91,6.8,6.86,0.76,1.21,1.03,0.4,1.95,-10.05,0.55,35.12
Creative Graphics Solutions India Ltd.,CGRAPHICS,,CGRAPHICS,INE0R7401011,Commodity Printing/Stationery,Commercial Services & Supplies,156.55,156.55,380.2,49.31,40.08,40.52,42.18,48.63,21.43,41.1,0.22,2.16,165.43,157.23,165.57,190.61,162.15,164.3,164.61,163.17,168.45,-0.26,0.84,1.02,,-3.6,-24.99,8.14,12.19
Creative Newtech Ltd.,CNL,544631,CNL,INE985W01018,Internet & Catalogue Retail,Retailing,653.65,653.65,981.57,65.39,51.78,53.74,52.2,42.98,56.89,59.8,10.99,4.02,603.14,613.45,659.19,658.17,641.84,629.6,621.05,623.17,640.59,-0.61,0.21,0.22,0.27,9.1,-8.7,34.91,12.55
CreditAccess Grameen Ltd.,CREDITACC,541770,CREDITACC,INE741K01010,Microfinance Institutions,Banking and Finance,1390.8,1390.8,22281.01,64.37,53.03,52.9,51.34,38.63,93.4,57.93,64.48,48.94,1281.19,1250.2,1271.98,1307.78,1466.12,1392.77,1349.64,1291.33,1281.55,0.07,0.71,0.73,0.81,12.56,3.99,60.89,38.54
Credo Brands Marketing Ltd.,MUFTI,544058,MUFTI,INE220Q01020,Specialty Retail,Retailing,77.02,77.02,503.48,55.23,43.8,45.39,46.39,36.04,65.52,45.4,0.61,0.46,76.87,77.9,86.43,102.2,80.86,79.39,78.88,80.32,86.9,1.01,0.95,1.33,,-0.23,-30.46,3.03,14.41
Crest Ventures Ltd.,CREST,511413,CREST,INE559D01011,Finance (including NBFCs),Banking and Finance,364.4,364.4,1036.71,66.35,46.21,54.53,58.32,39.74,39.69,52.25,7.93,8.11,354.57,345.79,359.39,365.6,374.41,369.25,364.35,356.2,357.97,0.94,0.94,0.85,1.07,7.68,-4.08,14.52,30.41
Crisil Ltd.,CRISIL,500092,CRISIL,INE007A01025,Other Financial Services,Banking and Finance,4031,4031,29478.7,50.05,33.96,41.13,47,36.94,14.84,39.23,-5.61,18.52,4099.56,4145.49,4353.22,4635.31,4118.14,4160.74,4165.13,4207.33,4337.13,1.05,0.7,0.76,0.44,2.77,-16.02,109.87,19.97
Crizac Ltd.,CRIZAC,544439,CRIZAC,INE0S4R01014,Education,Diversified Consumer Services,205.97,205.97,3604.11,46.84,27.56,38.49,37.45,31.46,40.33,42.19,-0.19,0.7,212.15,212.56,234.87,273.76,215.06,214.7,214.82,218.75,235.23,1.37,1.73,,,-2.4,-31.99,8.77,16.28
Crompton Greaves Consumer Electricals Ltd.,CROMPTON,539876,CROMPTON,INE299U01018,Household Appliances,Consumer Durables,282.05,282.05,18161.62,67.83,55.23,55.74,50.99,37.88,66.91,61.05,10.89,8.84,257.39,253.89,252.21,275.81,288.07,278.01,270.86,259.96,260.72,1.54,1.28,1.13,0.8,18.56,1.26,9.39,29.48
Crop Life Science Ltd.,CLSL,,CLSL,INE00NH01017,Agrochemicals,Chemicals & Petrochemicals,43.9,43.9,75.24,47.83,39.41,39.31,38.6,36.23,33.2,46.29,-0.53,-0.61,44.76,46.31,48.9,51.4,44.2,44.37,44.63,46.12,48.17,1.22,-0.2,-0.18,,0.92,-24.96,1.59,9.25
Crown Lifters Ltd.,CROWN,,CROWN,INE491V01019,Transport Related Services,Transportation,131.91,131.91,152.88,65.22,42.22,53.6,53.08,49.14,80.58,48.29,5.21,5.25,129.66,125.49,126.72,139.22,144.21,139.35,136.11,130.19,130.91,0.39,1.23,1.21,0.68,7.29,-6.38,9.63,21.16
Cube Highways Trust,CUBEINVIT,543899,CUBEINVIT,INE0NR623014,REITs-InvITs,Utilities,148,148,19892.23,53.48,43.95,44.71,42.63,48.3,26.55,54.63,1.27,1.73,146.53,143.81,140.52,,148.19,148.29,147.65,144.64,140.45,-0.43,0.07,,,1.37,13.85,1.49,16.69
Cubex Tubings Ltd.,CUBEXTUB,526027,CUBEXTUB,INE144D01012,Copper,Metals & Mining,95.38,95.38,136.57,67.36,53.4,55.36,54.62,47.3,60.95,48.82,2.22,1.94,92.58,93.37,101.55,95.73,100.86,98.43,96.86,96.29,97.36,1.89,1.85,1.61,0.83,7.48,5.32,5.69,19.54
Cummins India Ltd.,CUMMINSIND,500480,CUMMINSIND,INE298A01020,Industrial Machinery,General Industrials,5160,5160,143035.2,74.01,59.42,60.82,68.67,70.37,60.15,52.4,121.48,142,5051.28,4916.55,4611.69,4322.98,5305.4,5247.44,5179.51,4947.82,4700.45,0.56,1.1,0.96,1.09,5.15,19.55,137.53,21.79
Cupid Ltd.,CUPID,530843,CUPID,INE509F01029,Personal Products,FMCG,119.62,119.62,16084.83,94.95,78.91,78.03,76.23,74.06,64.28,58.68,9.91,9.62,105.78,96.06,91.05,68.67,128.35,122.12,116.05,102.21,90.19,0.76,0.83,0.62,0.62,29.29,143.74,5.74,42.39
Cura Technologies Ltd.,CURAA,532332,CURAA,INE117B01020,IT Software Products,Software & Services,97.5,97.5,3.32,25.92,29.88,21.3,20.36,34.11,87.18,50.74,-3.16,-3.5,100.31,101.42,100.23,155.8,91.15,93.63,95.62,99.76,109.06,-1.13,-0.44,-0.45,-4.49,-11.36,-41.99,4.38,23.19
Curis Lifesciences Ltd.,CURIS,,CURIS,INE1BZN01016,Pharmaceuticals,Pharmaceuticals & Biotechnology,132,132,106.71,44.22,36.61,36.34,35.07,31.85,66.7,68.29,7.11,6.18,110.16,104.87,110.35,,127.12,123.2,118.65,111.74,114.28,-0.33,0.01,,,37.5,,5.77,45.43
Current Infraprojects Ltd.,CURRENT,,CURRENT,INE1CRQ01014,Green & Renewable Energy,Utilities,116.05,116.05,222.21,40.06,23.36,32.92,34.14,31.23,49.07,42.76,-0.04,0.56,123.82,121.32,130.75,,123.63,123.36,123.45,124.44,129.97,0.34,-0.35,,,-7.16,-21.59,8.61,28.85
Cyber Media (India) Ltd.,CYBERMEDIA,532640,CYBERMEDIA,INE278G01037,Publishing,Commercial Services & Supplies,17.41,17.41,36.12,64.95,54.97,53.38,41.79,48.01,76.46,56.7,0.8,0.71,15.66,14.92,15.54,16.44,17.76,17.09,16.59,15.73,15.71,0.27,1.21,0.74,0.91,18.35,0.64,1.59,46.62
Cyber Media Research & Services Ltd.,CMRSL,,CMRSL,INE075Z01011,Advertising & Media,Media,81.05,81.05,23.73,63.11,51.86,51.39,,37.05,73.3,70.81,3.4,1.03,65.55,68.06,73.93,78.73,76.81,72.17,69.54,69.12,72.63,0.47,0.21,0.06,,25.56,0.68,2.88,28.94
Cybertech Systems & Software Ltd.,CYBERTECH,532173,CYBERTECH,INE214A01019,IT Consulting & Software,Software & Services,136.38,136.38,424.56,59.87,48.27,49.2,40.42,44.34,85.17,59.9,4.83,3.99,124.79,117.67,127.17,144.77,135.68,132.43,129.35,125.12,129.31,0.57,1.38,1.01,1.16,7.55,-22.16,7.67,22.04
Cyient DLM Ltd.,CYIENTDLM,543933,CYIENTDLM,INE055S01018,Electronic Components,Commercial Services & Supplies,417.25,417.25,3311.48,63.86,52.91,52.48,51.28,37.59,83.47,69.09,27.66,24.92,352.59,332.52,359.63,402.41,423.05,404.33,386.6,359.97,366.4,1.19,1.42,1.23,,34.49,-6.21,16.85,43.02
Cyient Ltd.,CYIENT,532175,CYIENT,INE136B01020,IT Consulting & Software,Software & Services,903.45,903.45,10036.47,58.66,49.32,48.21,30.04,36.05,36.63,51.91,2.21,0.35,881.12,879.52,996.45,1089.83,904.61,896.53,894.12,913.71,974.74,1.72,1.25,1.26,1.02,1.49,-20.9,33.28,16.12
D P Abhushan Ltd.,DPABHUSHAN,544161,DPABHUSHAN,INE266Y01019,Gems & Jewellery,Textiles Apparels & Accessories,953.5,953.5,2176.64,35.54,27.58,29.21,27.55,37.02,31,34.95,-12.54,-2.01,1065.4,1061.51,1208.43,1372.58,1051.42,1056.21,1064.67,1099.64,1184.69,1.08,1.46,1.16,0.94,-15.36,-36.14,53.83,15.19
D P Wires Ltd.,DPWIRES,543962,DPWIRES,INE864X01013,Iron & Steel Products,Metals & Mining,173.03,173.03,268.2,51.35,42.02,42.2,44.69,47.4,60.49,47.66,4.69,6.84,172.13,160.82,171.99,200.88,180.47,180.56,178.14,171.47,177.12,-1.16,1.18,1.08,0.68,13.2,-23.29,8.03,32.67
D-Link (India) Ltd.,DLINKINDIA,533146,DLINKINDIA,INE250K01012,IT Networking Equipment,Hardware Technology & Equipment,464,464,1647.42,69.27,57.18,56.93,44.58,48.48,59.45,60.03,13.02,12.66,435.88,421.14,415.42,444.98,465.17,457.52,449.66,432.02,428.74,0.66,1.12,1.22,1.35,11.5,7.04,16.13,29.12
D.K. Enterprises Global Ltd.,DKEGL,,DKEGL,INE0GN101014,Containers & Packaging,Commercial Services & Supplies,77.95,77.95,58.52,80.06,65.79,65.93,65.93,,57.22,54.78,1.32,0.29,72.46,73.69,72.3,72.02,76.87,74.73,73.7,72.98,72.47,-3.47,-1,-0.72,-0.24,9.79,11.52,5.56,14.53
DAM Capital Advisors Ltd.,DAMCAPITAL,544316,DAMCAPITAL,INE284H01025,Capital Markets,Banking and Finance,156.32,156.32,1104.96,56.72,37.97,46.61,36.85,32.92,54.39,51.45,4.09,4.24,150.91,144.74,168.27,200.88,161.78,158.88,156.27,155.29,168.67,2.08,1.86,1.63,,10.64,-38.62,7.87,17.93
DB (International) Stock Brokers Ltd.,DBSTOCKBRO,530393,DBSTOCKBRO,INE921B01025,Capital Markets,Banking and Finance,27.17,27.17,95.1,68.7,56.59,56.46,57.04,57.1,55.96,51.56,0.4,0.45,26.85,26.27,25.61,25.76,27.61,27.45,27.23,26.52,26.14,-0.51,0.65,0.67,0.46,3.74,8.68,1.03,35.48
DB Corp Ltd.,DBCORP,533151,DBCORP,INE950I01011,Publishing,Commercial Services & Supplies,217.09,217.09,3869.54,55.94,46.85,45.97,45.86,36.26,88.18,49.02,4.03,3.25,212.75,212.4,229.87,247.76,227.21,222.26,219.44,218.93,227.27,0.67,1.09,0.68,0.79,2.33,-17.05,9.22,30.13
DC Infotech and Communication Ltd.,DCI,543636,DCI,INE0A1101019,IT Networking Equipment,Hardware Technology & Equipment,267.35,267.35,379.1,59.65,48.9,49.02,50.96,68.37,39.2,36.49,-8.38,-3.78,311.84,291,266.7,259.22,276.34,285.17,291.87,289.22,277.43,-0.64,0.29,0.37,0.51,-26.93,6.07,15.68,20.37
DCB Bank Ltd.,DCBBANK,532772,DCBBANK,INE503A01015,Banks,Banking and Finance,174.15,174.15,5605.92,66.62,46.5,54.75,54.79,68.17,47.93,40.89,-0.54,1.66,182.92,179.81,181.89,163.25,181.12,183.07,183.8,182.53,178.4,1.79,1.76,1.42,1.15,-4.57,7.33,7.65,17.64
DCG Cables & Wires Ltd.,DCG,,DCG,INE0S8401018,Other Electrical Equipment/Products,Consumer Durables,66.3,66.3,120.33,68.46,47.22,56.26,56.33,52.19,51.6,51.62,2.83,2.86,63.27,60.92,62.16,65.85,70.42,68.4,66.64,63.43,63.3,2.1,0.93,0.29,,5.15,5.24,3.96,23.02
DCM Financial Services Ltd.,DCMFINSERV,511611,DCMFINSERV,INE891B01012,Finance (including NBFCs),Banking and Finance,4.8,4.8,10.62,43.21,34.91,35.51,29.68,49.55,14.93,42.06,-0.18,-0.17,5.12,5.31,5.07,5.4,4.81,4.87,4.99,5.14,5.2,0.32,0.31,0.46,0.41,-13.67,-11.11,0.17,11.64
DCM Ltd.,DCM,502820,DCM,INE498A01018,Other Industrial Products,General Industrials,80.98,80.98,151.25,59.94,48.68,49.26,46.76,34.97,85.08,61.7,3.77,3.74,72.96,70.35,79.47,88.85,82.43,80.75,78.33,75.65,79.05,0.03,1.17,0.91,0.79,24.57,-11.56,4.13,38.32
DCM Nouvelle Ltd.,DCMNVL,542729,DCMNVL,INE08KP01019,Textiles,Textiles Apparels & Accessories,152.55,152.55,284.93,65.04,53.84,53.45,52.81,36.68,86.23,62.68,10.74,9.34,127.96,124.62,128.46,143.72,156.55,148.94,141.88,131.94,132.6,1.1,0.66,0.84,0.94,34.67,4.62,9.48,49.94
DCM Shriram Fine Chemicals Ltd.,DSFCL,544703,DSFCL,INE0OFM01015,Commodity Chemicals,Chemicals & Petrochemicals,27.31,27.31,237.58,42.77,34.01,35.15,34.41,21.14,64.54,51.59,0.82,0.28,24.28,25.4,,,29.06,27.44,26.68,27.21,,1.3,,,,22.36,,1.86,30.63
DCM Shriram Industries Ltd.,DCMSRIND,523369,DCMSRIND,INE843D01027,Sugar,"Food, Beverages & Tobacco",42.35,42.35,368.41,44.44,36.97,36.52,36.2,26.07,67.89,51.52,1.97,1.87,40.36,38.18,52.1,109.76,45.66,43.9,42.61,43.7,60.75,0.87,0.79,0.84,1,13.24,-72.88,2.64,33.14
DCM Shriram International Ltd.,DCMSIL,544702,DCMSIL,INE0OU201013,Aerospace & Defence,General Industrials,66.06,66.06,574.67,40.9,31.16,33.61,27.54,19.77,62.5,47,0.74,0.55,67.58,68.78,,,70.89,68.64,68.32,68.05,,0.67,,,,-3.94,,3.88,22.66
DCM Shriram Ltd.,DCMSHRIRAM,523367,DCMSHRIRAM,INE499A01024,Diversified,Diversified,1193.4,1193.4,18610.15,67.47,45.49,55.45,51.81,50.4,60.25,50.52,29.6,33.12,1181.61,1121.73,1149.8,1205.16,1244.3,1221.65,1204.38,1164.46,1160.17,1.18,0.75,0.76,0.65,7.63,-2.98,50.92,31.74
DCW Ltd.,DCW,500117,DCW,INE500A01029,Commodity Chemicals,Chemicals & Petrochemicals,46.99,46.99,1386.93,57.84,46.39,47.53,46.84,33.86,73.37,49.94,1.47,1.34,45.56,44.65,48.98,59.38,50.12,48.54,47.57,46.87,50,1.5,2.11,1.75,1.36,9.61,-26.73,2.33,21.23
DCX Systems Ltd.,DCXINDIA,543650,DCXINDIA,INE0KL801015,Aerospace & Defence,General Industrials,196.91,196.91,2193.31,65.76,53.33,54.04,52.47,35.04,69.31,50.72,8.24,8.11,188.93,184.22,180.97,208.96,211.69,204.55,199.44,189.43,190.57,1.99,0.94,0.97,1.17,13.27,-6.97,10.3,26.45
DEE Development Engineers Ltd.,DEEDEV,544198,DEEDEV,INE841L01016,Construction & Engineering,Cement and Construction,490.45,490.45,3397.02,93.61,76.95,76.93,73.54,66.73,83.04,76.86,41.1,37.59,382.44,344.18,276.99,269.57,469.21,446.66,421.73,358.4,312.07,-0.17,1.41,1.2,,57.04,108.35,26.52,42.54
DIC India Ltd.,DICIND,500089,DICIND,INE303A01010,Specialty Chemicals,Chemicals & Petrochemicals,532,532,488.32,72.43,49.98,59.52,47.7,42.53,43.09,50.05,5.08,5.54,525.89,522.61,517.02,534.68,541.8,537.25,534.2,527.31,526.68,0.43,0.53,0.48,0.59,3.28,6.8,25.63,19.82
DJ Mediaprint & Logistics Ltd.,DJML,543193,DJML,INE0B1K01014,Warehousing & Logistics,Transportation,93.23,93.23,320.51,73.39,65.02,60.31,55.97,44.72,63.27,54.8,2.82,2.67,89.14,87.67,82.33,87.52,96.78,94.33,92.57,88.61,86.53,0.51,0.41,0.37,0.34,13.06,11.63,4.01,20.67
DLF Ltd.,DLF,532868,DLF,INE271C01023,Realty,Realty,569.2,569.2,140894.74,58.2,38.7,47.83,46.91,35.67,42.54,44.05,6.25,8.25,575.55,572.39,616.35,686.83,599.23,593.66,589.68,590.42,617.48,1.83,1.56,1.62,1.56,1.11,-24.94,17.68,13.99
DMCC Speciality Chemicals Ltd.,DMCC,506405,DMCC,INE505A01010,Commodity Chemicals,Chemicals & Petrochemicals,306.4,306.4,764.16,70.84,58.9,58.22,46,36.89,67.18,63.28,18.92,16.9,262.63,245.35,242.84,272.23,309.64,295.42,283.62,260.52,255.35,0.81,1.65,1.11,1.12,43.04,4.15,17.07,36.4
DOMS Industries Ltd.,DOMS,544045,DOMS,INE321T01012,Commodity Printing/Stationery,Commercial Services & Supplies,2261.4,2261.4,13724.05,52.51,33.88,43.15,42.32,50.27,29.73,41.39,-1.42,6.89,2345.86,2289.95,2383.17,2445.03,2330.96,2327.54,2330.17,2332.99,2369.42,0.92,0.84,0.95,,-5.64,-11.26,63.24,14.31
DRC Systems India Ltd.,DRCSYSTEMS,543268,DRCSYSTEMS,INE03RS01027,Internet Software & Services,Software & Services,15.01,15.01,216.27,38.85,33.51,31.93,42.19,46.88,25.01,46.04,-0.06,0.09,15.53,14.8,15.72,17.4,15.09,15.27,15.34,15.37,15.92,1.11,0.75,0.7,0.88,-6.71,-19.99,0.92,20.34
DRS Cargo Movers Ltd.,DRSCARGO,,DRSCARGO,INE0QZM01018,Warehousing & Logistics,Transportation,21.8,21.8,16.42,5.06,,4.17,,4.17,4.48,38.42,,,37.16,,,,22.2,27.28,30.79,,,-1.48,,,,-56.66,,2.11,27.31
DRS Dilip Roadlines Ltd.,DRSDILIP,,DRSDILIP,INE02CV01017,Warehousing & Logistics,Transportation,113.55,113.55,171.03,68.36,56.18,56.75,,,93.58,73.34,12.17,9.61,81.44,77.98,88.69,92.41,115.91,105.74,97.54,88.22,89,0.9,0.36,0.04,,88.15,-9.88,3.57,54.03
DSJ Keep Learning Ltd.,KEEPLEARN,526677,KEEPLEARN,INE055C01020,Education,Diversified Consumer Services,1.94,1.94,30.21,49.14,39.5,40.38,40.08,38.18,36.95,45.09,0.02,0.04,1.97,1.94,2.11,2.46,2.03,2.03,2.02,2.01,2.14,-1.11,0.97,0.55,0.58,-1.02,-28.68,0.18,15.56
DSP BSE Liquid Rate ETF,LIQUIDADD,544159,LIQUIDADD,INF740KA1UM0,Others,Others,1126,1126,,,50.43,50.43,,,100,100,1.6,1.61,1122.79,1120.38,1115,1104.07,1125.59,1124.82,1123.9,1120.51,1115.01,0,0,0,,0.43,2.48,0.5,83.71
DSP BSE SENSEX Next 30 ETF,NEXT30ADD,544352,NEXT30ADD,INF740KA1VE5,Others,Others,41.74,41.74,,,56.95,64.99,,,50.27,53.51,0.63,0.65,40.78,40.45,40.58,39.98,42.47,42.06,41.67,40.93,40.52,0.82,0.84,0.9,,2.71,4.77,0.7,24.83
DSP BSE Sensex ETF,SENSEXADD,543947,SENSEXADD,INF740KA1SZ6,Others,Others,76.54,76.54,,,35.51,42.61,,,16.23,38.95,-0.19,0.04,78.57,79,82.42,83.46,78.86,78.86,78.97,79.77,81.28,0.89,1.05,0.95,,-2.78,-10.25,1.8,16.33
DSP BSE Top 10 Banks ETF,BANK10ADD,544725,BANK10ADD,INF740KA1YH2,Others,Others,15.85,15.85,,,,,,,74.55,39.7,0.02,0.14,16.34,,,,16.34,16.37,16.4,,,1.12,,,,-3.06,,0.54,17.29
DSP Gold ETF,GOLDADD,543903,GOLDADD,INF740KA1SW3,Others,Others,146.38,146.38,,,58.95,60.23,,,43.46,52.53,-0.14,-0.33,144.72,147.2,144.43,127.67,145.73,145.26,145.28,145.35,141.26,0.36,0.66,0.44,0.21,1.15,24.64,2.54,8.03
DSP MSCI India ETF,MSCIADD,544620,MSCIADD,INF740KA1WV7,Others,Others,28.34,28.34,,,25.72,31.84,,,37.53,43.54,0.11,0.16,28.64,28.68,29.53,,29.17,29.02,28.95,28.98,29.56,0.72,0.79,,,-0.42,,0.52,26.97
DSP Nifty 1D Rate Liquid ETF,LIQUIDETF,541097,LIQUIDETF,INF740KA1EU7,Others,Others,999.99,999.99,,,20.83,27.5,22.5,23.33,47.46,44.4,0,0,1000,1000,1000,1000,1000,1000,1000,1000,1000,0,0,0,0,,,0.02,62.81
DSP Nifty 50 ETF,NIFTYADD,543440,NIFTYADD,INF740KA1CL0,Others,Others,245.08,245.08,,18.48,42.66,41.49,15.68,15.68,39.35,39.59,0,0.52,249.28,250.54,259.95,261.97,251.5,251.18,251.14,252.86,256.66,0.95,0.93,0.92,0.79,-1.59,-8.14,4.07,14.55
DSP Nifty 50 Equal Weight ETF,EQUAL50ADD,543388,EQUAL50ADD,INF740KA1QK2,Others,Others,330.72,330.72,,32.45,46.35,56.11,27.54,27.54,20.04,45.6,2.09,2.59,331.33,330.33,337.26,335.35,338.12,336.53,335.23,333.81,334.7,0.79,0.93,0.86,0.81,-0.93,-2.08,7.23,34.3
DSP Nifty Bank ETF,BANKADD,543738,BANKADD,INF740KA1RX3,Others,Others,54.69,54.69,,,35.97,35.48,,,22.8,39.26,-0.22,-0.05,55.96,56.69,58.82,58.32,56.19,56.2,56.33,57,57.79,0.95,1.22,1.05,0.82,-2.23,-6.99,0.99,20.45
DSP Nifty Healthcare ETF,HEALTHADD,544109,HEALTHADD,INF740KA1UF4,Others,Others,154.02,154.02,,,60.52,59.2,,,83.7,63.6,2.62,1.99,147.55,147.71,146.66,147.21,155.2,152.57,150.82,148.29,147.35,0.64,0.57,0.4,,7.59,3.92,2.47,28.45
DSP Nifty IT ETF,ITADD,543935,ITADD,INF740KA1SX1,Others,Others,29.82,29.82,,,33.15,33.46,,,19.01,35.61,-0.53,-0.43,31.79,31.62,35.28,36.29,30.64,30.92,31.24,32.37,34.03,1.11,0.55,0.81,,-10.18,-19.32,0.95,17.19
DSP Nifty Midcap 150 ETF,MIDCAPADD,544655,MIDCAPADD,INF740KA1WW5,Others,Others,22.02,22.02,,,27.13,34.19,,,47.23,51.53,0.35,0.36,21.53,21.37,,,22.53,22.29,22.07,21.72,,0.78,0.65,,,5.21,,0.54,26.63
DSP Nifty Midcap 150 Quality 50 ETF,MIDQ50ADD,543438,MIDQ50ADD,INF740KA1QL0,Others,Others,238.66,238.66,,27.61,44.07,52.2,23.43,23.43,46.2,50.43,3.25,3.41,234.76,233.05,238.13,243.64,244.19,241.82,239.79,236.82,238.15,0.89,0.72,0.79,0.59,4.15,-3.54,4.47,25.67
DSP Nifty Next 50 ETF,NEXT50ADD,544674,NEXT50ADD,INF740KA1XU7,Others,Others,69.4,69.4,,,28.72,27.28,,,38.34,49.63,0.98,1.14,68.48,67.82,,,70.94,70.52,69.93,68.94,,0.83,1.1,,,4.64,,2.15,12.05
DSP Nifty PSU Bank ETF,PSUBANKADD,543948,PSUBANKADD,INF740KA1SY9,Others,Others,81.15,81.15,,,45.36,45.52,,,17.79,34.49,-1.17,-0.53,86.15,87.97,88.33,82.27,84.32,85.14,85.93,87.17,86.59,1.21,1.42,1.18,,-6.38,-2.69,2.62,15.5
DSP Nifty Private Bank ETF,PVTBANKADD,543949,PVTBANKADD,INF740KA1TA7,Others,Others,26.38,26.38,,,37.06,38.21,,,3.2,43.31,-0.07,-0.02,26.72,26.93,27.96,27.9,26.81,26.82,26.86,27.13,27.53,-0.4,0.87,0.82,,-1.86,-6.49,0.94,43.43
DSP Nifty Smallcap 250 ETF,SMALLADD,544654,SMALLADD,INF740KA1WX3,Others,Others,16.78,16.78,,,26.59,33.71,,,59.87,54.49,0.41,0.41,16.2,15.85,,,17.26,16.96,16.71,16.23,,0.74,0.69,,,7.15,,0.5,44.83
DSP Nifty Top 10 Equal Weight ETF,TOP10ADD,544247,TOP10ADD,INF740KA1UR9,Others,Others,85.63,85.63,,,35,34.53,,,12.73,35.92,-0.59,-0.35,88.23,88.84,93.84,95.49,87.37,87.81,88.17,89.71,92.14,0.85,0.86,0.86,,-3.92,-12.81,1.66,17.34
DSP Nifty500 Flexicap Quality 30 ETF,FLEXIADD,544581,FLEXIADD,INF740KA1WU9,Others,Others,9.57,9.57,,,34.16,42.28,,,35.76,43.66,0.05,0.06,9.64,9.58,10.04,,9.83,9.78,9.74,9.76,10.02,0.95,0.75,,,-0.42,-9.72,0.25,18.24
DSP Silver ETF,SILVERADD,543572,SILVERADD,INF740KA1RE3,Others,Others,254.02,254.02,,21.25,70.6,71.79,18.52,18.52,64.94,64.68,3.05,0.72,231.46,236.27,239.24,186.97,243.51,238.73,236.33,234.86,224.71,1.17,1.57,1.02,0.51,12.72,77.48,7.85,11.59
DU Digital Global Ltd.,DUGLOBAL,,DUGLOBAL,INE0HPK01020,Travel Support Services,Diversified Consumer Services,44.5,44.5,320.14,76.06,66.97,62.51,59.21,48.41,58,61.2,2.42,2.1,38,38.01,34.11,37.97,44.05,42.78,41.23,38.15,36.94,0,-0.67,-0.63,-0.09,48.33,20.27,2.54,19.99
DVR - Jain Irrigation Systems,JISLDVREQS,570004,JISLDVREQS,IN9175A01010,Plastic Products,General Industrials,22.77,22.77,,48.73,38.7,40.05,47.04,47.23,52.78,45.63,0.25,0.41,23.07,22.53,24.09,27.41,23.73,23.67,23.54,23.38,24.4,1.69,1.25,1.08,1.19,-2.65,-24.9,1.21,13.94
Dabur India Ltd.,DABUR,500096,DABUR,INE016A01026,Personal Products,FMCG,473.25,473.25,83939.89,58.36,47.85,47.96,48.18,38.35,72.16,58.89,7.36,3.44,442.78,454.39,481.41,498.35,474.13,463.28,457.49,460.01,473.57,1.29,1.08,0.84,0.52,10.21,-9.63,12.63,27.69
Dai Ichi Karkaria Ltd.,,526821,DAICHI,INE928C01010,Specialty Chemicals,Chemicals & Petrochemicals,256.2,256.2,190.9,49.78,42.25,50.96,48.93,42.53,61.31,47.76,2.8,3.39,255.37,251.21,268.19,276.66,262.81,261.8,260.05,258.91,265.33,-0.17,0.82,0.49,0.74,-0.76,-6.62,12.61,16.11
Dalmia Bharat Ltd.,DALBHARAT,542216,DALBHARAT,INE00R701025,Cement & Cement Products,Cement and Construction,1781.2,1781.2,33409.26,39.08,33.17,32.12,50.1,39.38,21.92,35.78,-21.37,-0.18,1913.77,1907.98,2010.13,2108.69,1865.18,1892.02,1907.75,1936.93,1985.5,1.47,1.4,1.1,1.01,-6.77,-13.06,66.51,23.23
Dalmia Bharat Sugar and Industries Ltd.,DALMIASUG,500097,DALMIASUG,INE495A01022,Sugar,"Food, Beverages & Tobacco",371.1,371.1,3003.66,68.41,55.73,56.22,54.78,54.58,63.54,48.25,8.22,12.33,380.3,350.05,319.64,335.77,382.32,383.82,380.15,357.62,341.25,-0.24,-0.2,0.31,0.95,1.41,12.88,17.24,40.54
Damodar Industries Ltd.,DAMODARIND,521220,DAMODARIND,INE497D01022,Textiles,Textiles Apparels & Accessories,29.94,29.94,69.76,64.08,43.46,52.66,53.61,40.91,81.77,55.8,1.64,1.73,27.26,25.92,26.97,30.79,31.16,30.42,29.41,27.56,27.88,1.32,1.2,1.14,1.06,26.17,-12.15,2,38.39
Dangee Dums Ltd.,DANGEE,,DANGEE,INE688Y01022,Other Food & Beverages,"Food, Beverages & Tobacco",3.45,3.45,53.12,50.64,43.03,41.62,42.59,47.77,68.84,49.58,0.08,0.13,3.4,3.2,3.3,3.76,3.52,3.56,3.51,3.37,3.43,1.38,1.25,0.78,0.77,9.87,-16.87,0.24,22.68
Danish Power Ltd.,DANISH,,DANISH,INE0YU901016,Heavy Electrical Equipment,General Industrials,877.2,877.2,1727.35,61.61,52.14,50.63,58.19,49,66.27,59.32,49.24,53.02,761.66,713.94,682.15,762.78,851.13,851.65,822.55,752,729.89,0.34,1.42,1.18,,33.79,7.15,55.68,33.08
Dar Credit & Capital Ltd.,DCCL,,DCCL,INE04Q901010,Microfinance Institutions,Banking and Finance,41.9,41.9,59.82,57.56,47.3,38.35,37.34,21.45,51.95,56.96,0.14,-0.28,37.95,40.73,44.86,49.99,39.44,39.62,39.37,40.87,44.08,-1.57,-0.3,,,16.39,-24.03,2.04,28.65
Data Patterns (India) Ltd.,DATAPATTNS,543428,DATAPATTNS,INE0IX101010,Aerospace & Defence,General Industrials,4062.5,4062.5,22743.5,88.5,64.03,72.73,72.78,59.53,63.07,61.1,220.75,229.7,3663.55,3501.42,3064.69,2891.08,4145.9,4047.8,3916.72,3559.36,3261.54,-0.7,0.7,1.18,1.08,20.57,55.43,192.27,33.9
Datamatics Global Services Ltd.,DATAMATICS,532528,DATAMATICS,INE365B01017,IT Consulting & Software,Software & Services,748.55,748.55,4424.41,59.19,47.5,48.64,44.82,37.33,80.87,51.63,18.21,12.82,725.38,720.93,742.31,824.21,790.76,759.4,746.88,735.69,749.84,2.16,1.34,1.44,1.37,6.94,-17.01,32.52,21.04
Davangere Sugar Company Ltd.,DAVANGERE,543267,DAVANGERE,INE179G01029,Sugar,"Food, Beverages & Tobacco",3.56,3.56,509.08,52.3,43.27,42.98,46.32,42.4,45.41,35.61,-0.05,-0.06,3.69,3.8,4.03,3.84,3.66,3.65,3.67,3.8,3.89,0.55,0.87,0.71,,-4.3,-4.04,0.11,14.21
Ddev Plastiks Industries Ltd.,DDEVPLSTIK,543547,DDEVPLSTIK,INE0HR601026,Plastic Products,General Industrials,233.9,233.9,2420.4,56.25,36.37,46.23,45.91,34.79,61.3,43.39,1.67,2.16,233.92,241.65,266,288.01,244.84,243.96,242.57,246.82,259.59,1.68,1.51,1.25,,6.03,-20.18,9.97,20.76
De Neers Tools Ltd.,DENEERS,,DENEERS,INE0JWV01011,Iron & Steel Products,Metals & Mining,205.75,205.75,593.51,69.52,58.22,57.13,55.49,46.5,86.54,71.38,13.58,9.52,169.42,159.89,157.02,189.17,205.23,190.67,181.65,167.68,167.9,0,1.03,0.51,,28.71,23.98,10.37,40.91
De Nora India Ltd.,DENORA,590031,DENORA,INE244A01016,Electrodes & Refractories,General Industrials,715.05,715.05,379.59,58.8,47.79,48.32,48.29,53.95,38.21,40.2,2.75,17.87,765.9,737.6,691.09,750.5,744.6,768.81,770.65,743.08,728.28,1.03,0.85,1.05,0.97,-1.18,-7.83,39.13,33.65
Debock Industries Ltd.,DIL,,DIL,INE411Y01011,Hotels,Hotels Restaurants & Tourism,0.99,0.99,16.11,22.1,18.16,17.27,17.27,19.34,47.4,22.37,-0.13,-0.12,1.27,1.45,1.68,1.93,1.01,1.1,1.18,1.39,1.61,-0.64,-0.17,-0.15,-0.05,-26.12,-47.62,0.08,66.91
Deccan Cements Ltd.,DECCANCE,502137,DECCANCE,INE583C01021,Cement & Cement Products,Cement and Construction,621.7,621.7,870.85,45.11,28.19,37.07,47.35,35.21,24.46,40.43,-2.12,0.98,641.15,655.28,678.99,841.28,643.5,647.91,649.3,659.34,699.52,1.22,1.46,1.18,0.95,-4.34,-38.83,25.24,13.08
Deccan Gold Mines Ltd.,,512068,DECNGOLD,INE945F01025,Coal & Mining,Metals & Mining,116.45,116.45,2293.5,53.98,45.81,44.87,53.02,37.8,44.08,51.09,3.88,4.66,110.59,108.65,111.68,118.03,120.78,119.71,117.33,113.38,113.65,1.3,1.72,1.19,0.87,13.28,-2.28,5.93,29.6
Deccan Transcon Leasing Ltd.,DECCANTRAN,,DECCANTRAN,INE0S7C01019,Warehousing & Logistics,Transportation,20.5,20.5,46.58,56,37.01,46.02,44.9,35.95,36.53,46.35,0.21,0.22,20.44,21.03,22.85,29.04,21.53,21.34,21.18,21.52,23.79,2.72,0.28,0.01,,8.75,-36.04,1.06,15.78
Deem Roll-Tech Ltd.,DEEM,,DEEM,INE586O01011,Iron & Steel Products,Metals & Mining,34,34,28.35,34.39,26.09,28.26,26.71,39.09,45.63,40.35,-0.51,-0.17,36.24,37.09,42.08,49.86,35.32,36.37,36.69,38.2,41.92,0.93,-0.04,0.11,,1.64,-32,1.56,20.05
Deep Industries Ltd.,DEEPINDS,543288,DEEPINDS,INE0FHS01024,Oil Equipment & Services,Oil & Gas,459.35,459.35,2939.84,58.71,46.98,48.25,47.76,52.05,60.54,50.26,7.82,14.63,465.66,423,413.32,455.82,458.62,467.51,464.68,441.89,433.39,-0.12,0.52,0.99,1.06,4.11,-7.02,22.13,38.5
Deepak Builders & Engineers India Ltd.,DBEIL,544276,DBEIL,INE0OPA01019,Construction & Engineering,Cement and Construction,78.18,78.18,364.17,53.29,35.87,43.79,42.54,28.53,68.98,49.21,2.9,3.14,74.12,73.32,88.1,116.24,82.61,81.58,79.68,79.45,89.64,1.33,1.89,1.45,,18.58,-46.39,4.1,33.49
Deepak Fertilisers & Petrochemicals Corporation Ltd.,DEEPAKFERT,500645,DEEPAKFERT,INE501A01019,Commodity Chemicals,Chemicals & Petrochemicals,1231.9,1231.9,15551.23,62.97,44.37,51.75,50.3,43.83,64.45,54,59.75,66.14,1165.46,1080.03,1113.32,1285.1,1296.88,1263.96,1228.87,1151.47,1159.36,3.25,1.89,1.57,1.22,16.41,-13.8,52.34,36.6
Deepak Nitrite Ltd.,DEEPAKNTR,506401,DEEPAKNTR,INE288B01029,Commodity Chemicals,Chemicals & Petrochemicals,1848.3,1848.3,25209.52,64.82,54.78,53.27,51.34,38.36,75.51,74.71,97.27,83.28,1594.95,1545.73,1588.48,1675.54,1852.76,1778.66,1715.55,1618.96,1614.76,1.14,1.07,0.95,0.96,29.89,6.68,62.55,44.03
Delhivery Ltd.,DELHIVERY,543529,DELHIVERY,INE148O01028,Warehousing & Logistics,Transportation,464.7,464.7,34792.9,76.76,56.21,63.08,55.61,54.47,44.05,53.11,8.63,9.05,457.38,442.65,428.43,439.63,475.14,468.71,463.74,449.11,438.56,0.81,1.03,0.88,0.8,-1.1,4.99,14.99,16.15
Delphi World Money Ltd.,DELPHIFX,533452,DELPHIFX,INE726L01027,Other Financial Services,Banking and Finance,11.85,11.85,290.64,48.71,41.97,40.03,40.08,38.23,51.58,51.56,0.08,0.18,11.3,11.27,13.38,13.76,11.63,11.79,11.74,11.93,12.61,0.79,1.82,1.24,0.74,11.27,-10.79,0.91,19.21
Delta Autocorp Ltd.,DELTIC,,DELTIC,INE0XRN01019,2/3 Wheelers,Automobiles & Auto Components,42.7,42.7,65.29,51.65,42.86,42.45,40.82,36.74,42.02,49.82,0.81,1.4,41.93,39.78,41.76,52.47,43.02,43.65,43.29,41.95,44.1,1.4,2.03,1.54,,14.32,-26.82,2.89,15.42
Delta Corp Ltd.,DELTACORP,532848,DELTACORP,INE124G01033,Other Leisure Facilities,Diversified Consumer Services,72.14,72.14,1931.7,64.91,44.32,53.34,51.29,35.45,86.88,55.14,4.16,4.2,65.43,61.91,64.9,72.42,76.61,73.22,70.63,66.12,66.66,1.19,1.4,1.15,0.91,23.95,-3.95,4.34,38.08
Delta Manufacturing Ltd.,DELTAMAGNT,504286,DELTAMAGNT,INE393A01011,Other Industrial Products,General Industrials,60.7,60.7,65.87,49.27,40.19,40.49,48.05,39.98,50.29,50.04,1.2,1.47,59.06,58.07,62.06,71.45,62.3,61.96,61.23,60.36,62.9,0.87,1.16,0.67,0.9,7.64,-18.11,4.21,39.79
Den Networks Ltd.,DEN,533137,DEN,INE947J01015,Broadcasting & Cable TV,Media,26.18,26.18,1249.37,49.56,38.65,40.73,39.41,39.2,58.48,37.75,0,0.2,27.28,27.09,28.49,31.49,27.44,27.54,27.57,27.66,28.65,0.75,1.09,1.04,1.12,-4.03,-20.45,0.9,16.3
Denta Water and Infra Solutions Ltd.,DENTA,544345,DENTA,INE0R4L01018,Utilities:Non-Electrical,Utilities,267.85,267.85,715.16,51.61,39.54,42.41,39.02,43.63,36.48,43.23,5.34,7.98,275.1,261.59,279.78,335.68,287.89,284.76,282,275.86,287.88,1.14,1.22,1.38,,3.73,-34.38,11.91,29
Destiny Logistics & Infra Ltd.,DESTINY,,DESTINY,INE0IGO01011,Transport Related Services,Transportation,105.9,105.9,237.46,55.57,45.67,46.29,,,21.98,38.73,-1.26,-0.2,117.7,122.11,121.16,115.38,117.6,117.83,118.67,119.76,117.86,1.14,0.48,0.51,0.13,-10.25,27.44,5.45,24.96
Dev Accelerator Ltd.,DEVX,544513,DEVX,INE0VOV01021,Special Consumer Services,Diversified Consumer Services,40.99,40.99,369.68,43.49,36.98,35.74,43.5,31.68,37.29,52.09,0.88,1.02,39.34,39.27,39.67,,41.73,41.51,40.98,40.05,41.03,0.77,1.48,,,13.04,-6.97,1.69,20.89
Dev Information Technology Ltd.,DEVIT,543462,DEVIT,INE060X01034,IT Consulting & Software,Software & Services,28.56,28.56,160.97,48.13,36.98,39.55,41.01,46.45,63.43,41.9,0.44,0.92,29.72,28.18,30.5,36.33,30.31,30.69,30.51,29.86,31.32,-0.27,1.19,1.22,1.13,-2.63,-29.1,2.1,22.62
Devyani International Ltd.,DEVYANI,543330,DEVYANI,INE872J01023,Restaurants,Hotels Restaurants & Tourism,114.08,114.08,14065.38,53.6,43.81,44.05,43.75,33.46,85.74,50.05,2.34,2.25,109.7,111.67,121.56,141.74,117.7,116.45,114.8,115,122.27,2.33,1.34,1.05,0.78,9.03,-26.72,5.18,25.68
Dhampur Bio Organics Ltd.,DBOL,543593,DBOL,INE0I3401014,Sugar,"Food, Beverages & Tobacco",112.03,112.03,743.74,74.65,61.23,61.35,71.43,69.92,65.01,43.78,1.94,3.44,116.87,110.13,98.86,90.08,117.01,118.11,117.32,110.98,102.69,0.04,0.22,0.24,0.78,-5.48,46.18,5.94,29.47
Dhampur Sugar Mills Ltd.,DHAMPURSUG,500119,DHAMPURSUG,INE041A01016,Sugar,"Food, Beverages & Tobacco",151.68,151.68,991.8,77.99,55.29,64.09,63.39,53.88,80.69,55.41,5.73,5.83,144.64,135.69,127.86,131.24,154.65,151.91,148.56,139.23,133.78,-0.33,-0.22,0.36,0.85,11.06,13.95,8,35.81
Dhanlaxmi Bank Ltd.,DHANBANK,532180,DHANBANK,INE680A01011,Banks,Banking and Finance,31.24,31.24,1233.04,72.3,60.51,59.42,56.5,52.63,78.65,62.91,1.97,1.86,27.27,25.59,25.12,25.75,32.19,30.69,29.46,27,26.04,1.11,1.27,0.99,1.03,23.23,18.83,1.65,42.67
Dhanlaxmi Crop Science Ltd.,DHANLAXMI,,DHANLAXMI,INE0V9V01010,Other Agricultural Products,"Food, Beverages & Tobacco",31.95,31.95,52.17,60.98,48.28,50.11,49.4,46.21,80.87,54.57,2.1,1.91,28.73,27.25,28.76,36.52,34.29,32.61,31.26,29.32,30.8,-0.63,-0.15,0.1,,23.84,-23.01,2.79,26.21
Dhanuka Agritech Ltd.,DHANUKA,507717,DHANUKA,INE435G01025,Agrochemicals,Chemicals & Petrochemicals,1065,1065,4800.84,57.92,47.49,47.6,46.71,35.77,67.33,53.86,20.62,20.12,1028.14,1014.59,1071.89,1277.57,1084.92,1072.03,1058.6,1048.28,1098.88,0.18,0.82,0.77,0.83,5.48,-17.63,34.04,18.02
Dhanuka Infra Realty Ltd.,DIRL,,DIRL,INE704V01015,Realty,Realty,12.9,12.9,9.98,49.56,41.59,40.73,40.16,39.61,43.75,49.99,-0.21,-0.33,11.63,13.77,20.48,19.18,12.42,12.64,12.65,14.54,16.98,0,0.94,0.22,,37.97,-4.44,0.58,21.08
Dhara Rail Projects Ltd.,DHARARAIL,,DHARARAIL,INE2HJL01019,Commercial Vehicles,Automobiles & Auto Components,132.25,132.25,199.49,40.24,34.58,33.07,33.42,27.21,69.07,66.19,5.07,3.01,114.8,113.25,,,129.88,123.97,120.44,117.36,,0.32,1.14,,,21.22,,6.8,20.86
Dharan Infra-Epc Ltd.,DHARAN,541161,DHARAN,INE278R01034,Realty,Realty,0.13,0.13,67.97,33.89,27.85,24.86,24.86,28.82,16.91,40.99,0,0,0.14,0.15,0.21,0.34,0.15,0.14,0.14,0.16,0.22,1.17,0.47,0.23,0.09,-7.14,-76.79,0.01,32.2
Dhariwalcorp Ltd.,DHARIWAL,,DHARIWAL,INE0YRN01025,Petrochemicals,Chemicals & Petrochemicals,36.15,36.15,339.86,48.05,38.67,39.49,37.82,45.56,48.99,38.54,-1.89,-2.18,39.24,42.36,57.56,50,36.75,37.52,38.43,44.16,49.21,0.25,0.87,0.34,,-9.06,-15.93,2.23,22.99
Dharmaj Crop Guard Ltd.,DHARMAJ,543687,DHARMAJ,INE00OQ01016,Agrochemicals,Chemicals & Petrochemicals,262.3,262.3,886.5,60.87,49.44,50.02,47.66,52.63,28.38,50.58,3.65,4.6,260.77,252.26,245.32,274.27,269.92,265.41,263.52,256.16,254.8,1.29,0.77,0.74,0.84,-2.21,5.15,11.9,14.93
Dhruv Consultancy Services Ltd.,DHRUV,541302,DHRUV,INE506Z01015,Consulting Services,Commercial Services & Supplies,30,30,56.9,33.12,28.43,27.22,37.07,43.24,17.38,34.36,-0.4,0.41,33.7,32.16,36.29,46.44,31.85,33.01,33.41,33.75,37.16,1.91,1.06,0.58,0.59,-12.87,-40.41,2.17,18.85
Dhunseri Investments Ltd.,DHUNINV,533336,DHUNINV,INE320L01011,Other Financial Services,Banking and Finance,894.2,894.2,545.21,56.77,39.5,46.65,44.55,30.19,45.58,48.67,21.97,23.92,864.22,863.8,982.11,1187.56,936.69,923.89,909.51,907.75,985.59,2.15,1.22,1.05,1.09,15.14,-34.19,44.19,22.63
Dhunseri Tea & Industries Ltd.,DTIL,538902,DTIL,INE341R01014,Tea & Coffee,"Food, Beverages & Tobacco",140.44,140.44,147.57,60.9,40.85,50.05,48.61,37.77,65.35,49.44,3.76,3.9,136.53,134.57,142.83,161.18,148.16,144.85,142.47,139.58,144.54,0.59,1.26,0.89,0.88,7.58,-13.02,8.46,29.13
Dhunseri Ventures Ltd.,DVL,523736,DVL,INE477B01010,Other Financial Services,Banking and Finance,245.16,245.16,858.67,58.51,38.76,48.08,46.48,35.35,63.2,51.64,6.72,6.78,235.86,230.74,249.64,293.12,254.57,249.98,245.71,241.47,253.69,1.11,1.26,1.09,1.16,8.67,-25.59,10.02,29.22
DiGiSPICE Technologies Ltd.,DIGISPICE,517214,DIGISPICE,INE927C01020,IT Software Products,Software & Services,20.05,20.05,470.11,60.39,41.09,49.63,47.61,36.01,52.48,54.38,0.77,0.82,18.84,18.39,20.25,22.77,20.82,20.51,20.03,19.44,20.23,0.64,0.78,1.05,0.78,16.98,-20.15,1.07,30.14
Diamines & Chemicals Ltd.,DIAMINESQ,500120,DIAMINESQ,INE591D01014,Specialty Chemicals,Chemicals & Petrochemicals,265.8,265.8,267.22,54.09,47.26,44.45,44.01,46.93,31.72,52.61,7.06,8.09,258.81,245.51,249.6,288.62,272.99,269.33,265.31,255.46,259.69,1.87,0.67,0.64,,9.91,3.12,13.54,35.14
Diamond Power Infrastructure Ltd.,DIACABS,522163,DIACABS,INE989C01038,Other Electrical Equipment/Products,Consumer Durables,169.77,169.77,8946.39,75.4,61.54,61.96,57.99,50.61,50.86,62.59,9.27,8.94,150.25,142.93,138.41,144.46,172.88,166.64,160.95,148.84,143.3,1.14,1.72,1.49,0.12,27.82,13.86,9.22,44.23
Diensten Tech Ltd.,DTL,,DTL,INE0JRD01019,IT Consulting & Software,Software & Services,126,126,104.08,50.71,50.98,41.67,,37.92,36.22,58.61,0.65,-3.63,109.17,119.83,135.95,139.63,119.81,113.04,111.55,119.19,129.15,0.02,0.26,0.08,,11.5,-18.08,8.61,22.88
Diffusion Engineers Ltd.,DIFFNKG,544264,DIFFNKG,INE184O01015,Other Industrial Goods,General Industrials,303.85,303.85,1137.2,64.61,43.42,53.1,42.18,46.09,56.03,53.65,9.15,9.86,294.67,278.63,283.9,317.09,313,307.98,302.67,290.1,291.45,1.11,1.09,1.12,,8.88,-17.34,14.06,22.44
Digicontent Ltd.,DGCONTENT,542685,DGCONTENT,INE03JI01017,Advertising & Media,Media,28.8,28.8,167.58,61.82,40.62,50.8,51.8,46.34,66.55,46.37,1.11,1.31,28.8,27.34,28.57,32.49,31.3,30.75,30.11,28.76,29.41,0.64,1.67,1.19,0.64,-0.35,-24.65,2.56,47.32
Digidrive Distributors Ltd.,DIGIDRIVE,544079,DIGIDRIVE,INE0PSC01024,Commodity Trading  & Distribution,Commercial Services & Supplies,22.18,22.18,85.53,49,40.49,40.27,48.88,38.73,50.05,48.16,0.43,0.62,21.71,21.32,22.9,26.55,22.78,22.86,22.61,22.25,23.27,1.94,1.14,1.09,,6.63,-21.57,1.35,18.83
Digikore Studios Ltd.,DIGIKORE,,DIGIKORE,INE0QJ901011,Movies & Entertainment,Media,73.3,73.3,92.84,47.2,40.59,38.79,54.28,31.81,67.18,51.31,-0.28,-0.54,71.34,75.39,73.49,76.64,71.66,72.07,72.13,73.18,74.53,-0.33,1.24,0.66,,0.41,-5.66,5.92,13.93
Digitide Solutions Ltd.,DIGITIDE,544413,DIGITIDE,INE0U4701011,IT Consulting & Software,Software & Services,97.17,97.17,1447.95,53.7,43.42,44.13,41.96,29.44,78.64,52.72,3.12,2.84,91.99,89.16,105.48,143,100.93,98.41,96.3,96.13,108.89,0.36,1.29,,,9.64,-34.87,5.63,33.22
Digjam Ltd.,DIGJAMLMTD,539979,DIGJAMLMTD,INE731U01028,Textiles,Textiles Apparels & Accessories,45.49,45.49,90.98,52.54,42.24,43.18,42.77,40.38,56.91,48.66,0.59,0.86,45.33,43.95,47.06,48.61,46.57,46.58,46.26,45.7,46.56,0.63,0.8,0.53,-0.04,-0.04,-19.67,3.5,27.51
Diligent Media Corporation Ltd.,DNAMEDIA,540789,DNAMEDIA,INE016M01021,Advertising & Media,Media,2.9,2.9,34.14,34.94,28.23,28.71,27.35,36.96,22.78,41.36,-0.06,-0.05,3.01,3.13,3.43,3.97,2.96,2.99,3.02,3.16,3.41,1.25,0.79,0.78,0.68,-7.94,-32.4,0.22,11.11
Dilip Buildcon Ltd.,DBL,540047,DBL,INE917M01012,Roads & Highways,Cement and Construction,469.35,469.35,7624.35,64.52,53.3,53.02,51.87,40.51,65.31,55.82,12.16,11.56,446.11,440.13,449.2,467.32,479.3,471.11,463.4,451.12,452.38,0.7,1.05,1.12,1.31,8.97,-1.49,15.25,24.72
Disa India Ltd.,,500068,DISAQ,INE131C01011,Industrial Machinery,General Industrials,12160,12160,1768.31,50.69,43.02,43.9,43.17,42.21,54.64,50.08,80.75,113.28,12074.24,11940.95,12053.98,12836.9,12254.8,12242.83,12198.37,12104.78,12250.42,0.43,0.91,0.68,0.42,0.18,-10.11,397.14,20.17
Dish TV India Ltd.,DISHTV,532839,DISHTV,INE836F01026,Broadcasting & Cable TV,Media,3.6,3.6,662.85,53.52,43.63,43.98,45.12,43.18,56.97,53.07,0.2,0.25,3.36,3.03,3.33,4.1,3.74,3.73,3.62,3.36,3.48,1.11,1.58,1.14,1.14,20.4,-18.55,0.2,33.61
Dishman Carbogen Amcis Ltd.,DCAL,540701,DCAL,INE385W01011,Pharmaceuticals,Pharmaceuticals & Biotechnology,174.83,174.83,2741.04,53.8,45.23,44.21,44.35,32.71,72.11,49.3,5.22,4.98,167.92,166.84,197.72,231.13,185.31,181.02,177.43,177.77,193.22,1.17,2.16,1.75,1.55,10.34,-34.73,8.68,22.12
Divgi Torqtransfer Systems Ltd.,DIVGIITTS,543812,DIVGIITTS,INE753U01022,Auto Parts & Equipment,Automobiles & Auto Components,718.65,718.65,2197.84,74.5,60.86,61.22,57.54,55.25,36.91,49.91,6.33,9.22,710.05,707.7,666.8,652.84,725.71,725.85,722.79,705.45,681.75,1.17,1.23,1.07,0.74,6.08,16.65,33.17,9.09
Divi's Laboratories Ltd.,DIVISLAB,532488,DIVISLAB,INE361B01024,Pharmaceuticals,Pharmaceuticals & Biotechnology,6644,6644,176377.34,62.75,52.78,51.57,50.85,38.71,82.3,66.51,149.99,127.83,6279.83,6263.17,6271.42,6295.08,6694.6,6579.27,6481.28,6332.31,6297.06,0.52,0.48,0.49,0.59,11.62,-3.48,130.49,36.88
Divine Hira Jewellers Ltd.,DIVINEHIRA,,DIVINEHIRA,INE0NA501011,Gems & Jewellery,Textiles Apparels & Accessories,338.1,338.1,441.12,95.75,77.55,78.69,79.45,75.78,52.18,73.24,15.08,13.8,300.18,283.96,257.31,182.39,333.04,323.17,314.06,288.72,254.69,0.53,0.29,0.16,,17.17,183.4,12.49,16.25
Divine Power Energy Ltd.,DPEL,523810,DPEL,INE0SCO01019,Other Electrical Equipment/Products,Consumer Durables,525.05,525.05,1127.13,88.53,73.11,72.75,74.37,76.46,86.83,76.93,32.42,29.69,458.92,405.32,346.68,281.9,517.88,497.77,478.46,422.95,368.04,0.84,0.85,0.56,,12.97,71.75,17.13,48.07
Divyadhan Recycling Industries Ltd.,DIVYADHAN,,DIVYADHAN,INE0QYI01019,Textiles,Textiles Apparels & Accessories,32.8,32.8,46.93,50.04,41.12,43.67,53,42.12,93.84,52.31,2.6,3.44,30.11,26.27,27.74,37.07,34.54,34.87,33.42,29.7,30.57,0,0.69,0.3,,41.08,-23.99,1.71,41.38
Dixon Technologies (India) Ltd.,DIXON,540699,DIXON,INE935N01020,Consumer Electronics,Consumer Durables,10138,10138,61640.97,48.2,37.94,39.61,47.5,37.05,30.2,37.22,21.85,133.52,10794.45,10605.33,11122.44,13694.15,10812,10909.31,10911.95,10923.06,11540.36,1.59,1.48,1.4,1.33,-4.59,-32.77,416.01,14.4
DocMode Health Technologies Ltd.,DHTL,,DHTL,INE0OGG01015,Education,Diversified Consumer Services,46.3,46.3,14.55,45.3,37.23,36.14,,34.53,48.35,44.52,-4.96,-6.24,50.65,56.91,76.58,64.73,42.35,43.5,46.09,56.88,65.04,-1.61,-0.89,-0.78,,-19.62,-10.7,1.97,38.18
Dodla Dairy Ltd.,DODLA,543306,DODLA,INE021O01019,Packaged Foods,FMCG,1101.2,1101.2,6643.3,59.37,48.89,48.79,45.88,38.63,66.57,51.73,13.01,12.02,1073.35,1068.81,1137.83,1224.35,1115.7,1104.8,1095.86,1095.87,1130.95,0.74,1.32,0.9,0.71,6.53,-8.33,40.19,33.35
Dolat Algotech Ltd.,DOLATALGO,505526,DOLATALGO,INE966A01022,Capital Markets,Banking and Finance,76.46,76.46,1345.7,51.7,42.79,42.49,43.24,42.04,61.01,47.61,0.42,0.7,76.36,75.55,79.31,80.46,77.37,77.53,77.32,76.96,78.11,0.79,0.82,0.88,1.2,-3.33,-0.82,2.74,11.74
Dollar Industries Ltd.,DOLLAR,541403,DOLLAR,INE325C01035,Other Apparels & Accessories,Textiles Apparels & Accessories,275.8,275.8,1564.23,47.12,37.19,38.72,47.51,33.83,88.69,44.6,5.7,8.9,277.25,272.06,302.97,332.64,291.16,293.11,289.83,286.52,299.95,-1.14,1.18,0.97,0.78,12.09,-20.52,14.16,27.79
Dollex Agrotech Ltd.,DOLLEX,,DOLLEX,INE0JHH01011,Sugar,"Food, Beverages & Tobacco",30.65,30.65,122.44,48.08,37.2,39.51,38.22,36.85,41.98,47.15,-0.2,-0.32,30.78,32.05,35.64,38.45,31.11,31.07,31.12,32.4,34.59,-0.77,-0.02,0.25,0.28,5.87,-26.5,1.78,36.61
Dolphin Offshore Enterprises (India) Ltd.,DOLPHIN,522261,DOLPHIN,INE920A01037,Oil Equipment & Services,Oil & Gas,409.4,409.4,1637.79,65.69,55.95,53.98,55.16,47.6,74.95,47.76,4.04,3.94,409.15,408.32,420.31,408.56,421.29,417.16,414.46,411.7,410.88,-0.13,0.2,0.49,-4.26,1.97,-0.05,20.45,40.07
Donear Industries Ltd.,DONEAR,512519,DONEAR,INE668D01028,Textiles,Textiles Apparels & Accessories,90.21,90.21,469.09,50.69,41.48,41.66,50.13,50.31,61.71,47.48,0.82,1.14,90.34,88.98,90.33,94.26,92.46,92.09,91.64,90.62,91.56,1.19,1.06,1.14,0.94,0.42,-9.38,3.38,27.03
Dr. Agarwal's Eye Hospital Ltd.,,526783,DRAGARWQ,INE934C01018,Healthcare Facilities,Healthcare,5050,5050,2373.5,63.43,53.83,53.38,54.13,52.42,76.2,57.47,79.24,71.27,4905.35,4811.57,4913.81,4908.01,5091.79,5031.91,4982.08,4898.7,4895.03,0.09,0.41,0.34,0.49,3.61,-3.33,162.56,28.36
Dr. Agarwals Health Care Ltd.,AGARWALEYE,544350,AGARWALEYE,INE943P01029,Healthcare Facilities,Healthcare,450.2,450.2,14269.44,62.75,51.6,51.57,49.59,41.42,49.07,52.19,4.82,4.31,440.79,439.51,457.7,469.1,455.26,451.67,448.49,446.54,453.34,0.68,0.3,0.31,,3.48,-10.67,15.2,18.76
Dr. Lal Pathlabs Ltd.,LALPATHLAB,539524,LALPATHLAB,INE600L01024,Healthcare Services,Healthcare,1587,1587,26604.12,64.81,52.99,53.26,51.66,38.83,85.35,61.92,61.06,42.13,1435.3,1406.28,1414.46,1499.45,1608.18,1538.94,1497.84,1442.6,1439.59,1.66,0.56,0.44,0.45,13.75,2.12,64.67,35.97
Dr. Reddy's Laboratories Ltd.,DRREDDY,500124,DRREDDY,INE089A01031,Pharmaceuticals,Pharmaceuticals & Biotechnology,1270,1270,106001.44,68.18,54.85,56.03,62.91,42.64,68.36,48.03,8.81,11,1263.51,1276.01,1260.26,1258.34,1292.48,1288.98,1283.51,1272.59,1265.37,-0.32,0.34,0.57,0.51,4.79,5.38,35.71,22.69
Dreamfolks Services Ltd.,DREAMFOLKS,543591,DREAMFOLKS,INE0JS101016,Travel Support Services,Diversified Consumer Services,78.12,78.12,416.14,46.18,38.16,37.95,36.2,33.54,46.46,46.37,1.05,1.47,77.81,76.59,87.99,108.71,81.55,81.01,80.36,81.03,90.72,2.29,2.32,1.59,1.02,4.3,-37.06,3.77,20.18
Dredging Corporation Of India Ltd.,DREDGECORP,523618,DREDGECORP,INE506A01018,Shipping,Transportation,889.85,889.85,2491.58,70.52,54.59,57.95,63.93,54.5,27.37,40.93,4.34,10.3,915.88,918.85,964.61,837.08,937.99,938.36,936.12,933.14,919.31,0.84,1.49,1.5,1.15,1.21,1.83,40.67,14.17
Drone Destination Ltd.,DRONE,,DRONE,INE0P7201019,Special Consumer Services,Diversified Consumer Services,46,46,112.24,44.94,26.78,36.93,35.6,43.93,40.43,39.83,-0.3,0.56,49.49,47.97,53.25,68.45,47.99,49.41,49.75,50.27,55.43,1.38,1.18,0.85,,-7.44,-41.81,3.08,17.97
Ducol Organics & Colours Ltd.,DUCOL,,DUCOL,INE0LZO01015,Dyes & Pigments,Chemicals & Petrochemicals,111.35,111.35,181.43,37.52,28.04,30.83,47.22,41.39,44.57,41.79,-1.01,-0.21,114.49,120.16,137.88,146.65,114.86,117.24,117.78,122.7,132.33,-0.3,0.14,-0.12,-0.06,8.16,-37.97,6.25,14.26
Ducon Infratechnologies Ltd.,DUCON,534674,DUCON,INE741L01018,Heavy Electrical Equipment,General Industrials,3.27,3.27,106.25,47.77,39.01,39.26,40.31,46.61,34.34,49.02,0.01,0.02,3.27,3.19,3.36,4.24,3.31,3.3,3.3,3.31,3.53,1.05,1.81,1.31,1.05,-9.67,-29.83,0.18,13.82
Durlax Top Surface Ltd.,DURLAX,,DURLAX,INE0OUW01013,Furniture-Furnishing,Diversified Consumer Services,50,50,144.66,75.78,61.13,62.28,61.82,67.92,46.87,53.21,0.66,0.78,49.3,47.85,44.77,42.6,50.42,50.18,49.84,48.1,46,0.27,0.44,0.67,,4.17,22.4,1.93,31.35
Dwarikesh Sugar Industries Ltd.,DWARKESH,532610,DWARKESH,INE366A01041,Sugar,"Food, Beverages & Tobacco",46.91,46.91,869.25,67.15,54.73,55.18,63.37,55.7,85.57,53.69,1.34,1.47,46.07,42.8,39.43,40.84,48,47.12,46.39,43.67,41.82,0.48,0,0.5,0.79,5.09,12.52,2.77,28.34
Dynacons Systems & Solutions Ltd.,DSSL,532365,DSSL,INE417B01040,IT Consulting & Software,Software & Services,1354.1,1354.1,1724.73,85.23,69.6,70.04,61.01,52.5,90.08,70.18,106.04,77.36,1066.96,999.8,983.68,969.47,1362.9,1243.25,1173.37,1059.49,1009.53,-0.42,1.32,1.41,1.19,37.31,51.97,73.58,42.29
Dynamatic Technologies Ltd.,DYNAMATECH,505242,DYNAMATECH,INE221B01012,Industrial Machinery,General Industrials,10754,10754,7303.47,74.23,59.63,61,72.4,69.83,72.8,45.56,434.38,532.38,10784.75,10450.69,9777.5,8686.77,11878.8,11609.54,11361.21,10628.45,9936.38,1.23,1.33,1.3,1.05,7.36,29.85,659.93,38.12
Dynamic Cables Ltd.,DYCL,540795,DYCL,INE600Y01019,Wires & Cables,Consumer Durables,328.7,328.7,1592.83,67.95,45.01,55.84,55.05,44.6,48.7,43.12,24.16,26.96,335.24,311.75,312.93,356.34,395.63,379.85,365.41,333.99,329.34,0.99,1.58,1.42,1.3,11.86,-12.57,24.08,39.95
Dynamic Services & Security Ltd.,DYNAMIC,,DYNAMIC,INE0DZ701010,Misc. Commercial Services,Commercial Services & Supplies,115,115,256.66,56.16,46.17,46.15,60.65,54.35,37.78,39.22,0.8,5.35,125.86,119.42,122.98,124.9,122.52,129.71,130.02,125.55,124.7,1.75,0.61,0.28,0.06,-4.09,-1.46,9.47,30.49
Dynemic Products Ltd.,DYNPRO,532707,DYNPRO,INE256H01015,Specialty Chemicals,Chemicals & Petrochemicals,225.11,225.11,279.78,49.57,39.24,40.74,40.46,34.7,31.42,45.91,1,1.98,228.62,225.65,232.79,281.15,232.36,231.47,231.07,230.32,240.33,1,0.82,0.88,0.67,1.48,-24.78,12.39,11.17
E Factor Experiences Ltd.,EFACTOR,,EFACTOR,INE0KFF01017,Misc. Commercial Services,Commercial Services & Supplies,207.2,207.2,272.08,67.55,41.07,55.51,50.48,42.63,12.52,41.08,4.68,5.5,215,219.7,264.25,263.13,237.33,232.09,228.8,231.8,245.89,0.32,0.13,0.06,,6.26,-27.3,15.42,21.81
E to E Transportation Infrastructure Ltd.,E2ERAIL,,E2ERAIL,INE1CEJ01017,Heavy Electrical Equipment,General Industrials,286.45,286.45,494.34,43.06,35.02,35.39,33.87,22.69,80.76,62.52,23.81,20.24,233.01,214.03,,,295.12,274.77,259.37,237.87,,2.58,1.11,,,49.93,,19.36,36.18
E2E Networks Ltd.,E2E,,E2E,INE255Z01019,Internet Software & Services,Software & Services,3425.1,3425.1,7040.81,82.85,68.58,68.09,58.76,49.85,67.93,69.4,245,192.51,2740.63,2582.13,2409.57,2556.84,3372.74,3162.27,3004.01,2717.75,2589.09,0.87,1.2,1.1,0.76,41.32,12.38,160.01,38.07
EFC (I) Ltd.,EFCIL,512008,EFCIL,INE886D01026,Realty,Realty,180.05,180.05,2663.77,34.95,21.87,28.72,20.93,29.67,46.97,38.21,-4.32,-4.01,191.37,199.53,236.36,,187.63,189.1,191.38,204.48,227.15,0.39,1.1,,,-7.81,-32.87,9.83,16.75
EID Parry (India) Ltd.,EIDPARRY,500125,EIDPARRY,INE126A01031,Other Food & Beverages,"Food, Beverages & Tobacco",804.15,804.15,14307.92,45.08,29.1,37.05,37.82,38.92,61.1,38.43,-2.93,2.06,838.01,831.75,892.76,989.06,832.51,836.94,839.21,850.12,886.54,0.7,0.99,0.94,0.85,-3.2,-22.73,25.05,15.28
EIH Associated Hotels Ltd.,EIHAHOTELS,523127,EIHAHOTELS,INE276C01014,Hotels,Hotels Restaurants & Tourism,317.55,317.55,1935.03,60.96,42.91,50.1,49.3,38.21,33.45,46.28,3.86,4.47,315.86,314.83,329.71,356.15,328.67,326.04,323.6,321.88,330.52,1.06,1.42,1.18,0.97,3.03,-15.35,10.66,19.96
EIH Ltd.,EIHOTEL,500840,EIHOTEL,INE230A01023,Hotels,Hotels Restaurants & Tourism,317.9,317.9,19880.33,58.63,42.56,48.18,48.16,34.32,37.24,46.34,3.54,4.27,316.3,316.26,330.33,358.11,329.58,326.63,324.43,322.81,331.73,1.34,1.17,0.92,0.83,3.21,-18.77,10.09,20.45
EMA Partners India Ltd.,EMAPARTNER,,EMAPARTNER,INE0ZOL01023,Misc. Commercial Services,Commercial Services & Supplies,88.8,88.8,206.43,60.56,49.58,49.77,49.23,35.78,70.49,56.71,2.92,2.66,81.66,82.74,85.6,91.92,90.29,88.81,86.87,84.8,86.78,1.06,0.33,0.04,,25.96,-11.33,3.95,28.25
EMS Ltd.,EMSLIMITED,543983,EMSLIMITED,INE0OV601013,Waste Management,Utilities,332.4,332.4,1845.84,48.89,38.14,40.18,38.24,33.08,58.65,46,10,13.44,333.43,314.06,346.93,440.37,356.68,352.65,347.07,336.89,360.17,1.24,1.42,1.17,,9.38,-30.01,16.5,28.94
EPACK Durables Ltd.,EPACK,544095,EPACK,INE0G5901015,Consumer Electronics,Consumer Durables,243.8,243.8,2346.05,46.45,34.9,38.17,46.83,36.06,90.33,44.19,5.64,7.82,247.25,245.68,253.79,297.52,261.97,261.55,258.27,252.4,260.83,1.95,1.66,1.09,,1.31,-19.08,14.21,16.8
EPL Ltd.,EPL,500135,EPL,INE255A01020,Containers & Packaging,Commercial Services & Supplies,228.31,228.31,7311.63,79.92,57.38,65.68,53.02,52.48,51.03,52.85,4.51,4.86,225.26,214.33,212.27,213.66,233.39,229.92,227.38,219.65,215.27,0.43,1.15,1.05,0.89,-0.58,16.35,8.27,22.79
EPW India Ltd.,EPWINDIA,,EPWINDIA,INE1KEC01023,Computer Hardware,Hardware Technology & Equipment,142,142,163.01,40.3,33.12,33.33,32.5,28.39,80.98,64.28,7.9,5.16,122.82,121.91,,,146.57,136.46,131.09,122.12,,0.12,-0.13,,,26.5,,6.19,28.73
EPack Prefab Technologies Ltd.,EPACKPEB,544540,EPACKPEB,INE0MLS01022,Construction & Engineering,Cement and Construction,191.58,191.58,1927.85,49.25,31.84,40.47,40.65,32.14,59.35,51,8,8.73,181.81,173.9,205.2,,203.69,198.45,193.46,188.31,206.38,3.53,2.2,,,8.29,-41.3,10.63,32.45
ESAF Small Finance Bank Ltd.,ESAFSFB,544020,ESAFSFB,INE818W01011,Microfinance Institutions,Banking and Finance,28.61,28.61,1475.35,62.33,51.99,51.22,49.26,37.8,83.76,64.91,1.34,0.8,24.67,24.75,26.06,27.48,28.73,27.3,26.36,25.58,26.06,-0.13,0.79,0.82,,23.16,4.91,1.31,33.85
Eastern Silk Industries Ltd.,EASTSILK,590022,EASTSILK,INE962C01035,Textiles,Textiles Apparels & Accessories,59.65,59.65,29.82,81.94,68.2,67.34,59.26,55.88,31.74,45.94,-1.22,-1.51,61.7,64.49,55.67,29.03,60.29,60.27,60.95,61.32,53.18,-1.46,0.11,-0.35,-0.22,-9.62,2385.42,3.52,16.93
Easy Trip Planners Ltd.,EASEMYTRIP,543272,EASEMYTRIP,INE07O001026,Travel Support Services,Diversified Consumer Services,7.35,7.35,2673.09,53.15,41.52,43.68,53.89,50.2,59.8,42.9,0.1,0.15,7.5,7.48,7.38,7.92,7.81,7.76,7.71,7.56,7.62,1.69,2.43,1.51,1.11,-7.66,-8.35,0.31,11.74
Ecoline Exim Ltd.,ECOLINE,,ECOLINE,INE0VBS01016,Textiles,Textiles Apparels & Accessories,127.2,127.2,260.96,50.27,39.75,41.31,21.86,13.79,76.98,52.18,1.68,-0.34,122.9,126.35,128.7,,132.59,126.29,124.82,125.62,128.51,0.99,-0.19,,,5.17,-6.23,7.33,21.75
Ecos (India) Mobility & Hospitality Ltd.,ECOSMOBLTY,544239,ECOSMOBLTY,INE06HJ01020,Transport Related Services,Transportation,136.99,136.99,821.94,53.14,44.27,43.67,41.29,30.23,61.1,48.65,2.36,1.75,133.93,133.28,162.98,211.36,143.15,140.89,139.06,143.03,162.3,0.83,1.85,1.73,,7.82,-31.08,8.57,18.48
Edelweiss BSE Capital Markets & Insurance ETF,ECAPINSURE,544326,ECAPINSURE,INF754K01TX4,Others,Others,24.14,24.14,,,55.88,54.97,,,59.68,53.66,0.36,0.32,23.49,23.36,23.7,23.56,24.61,24.24,24.01,23.67,23.59,0.85,1.01,1.02,,5.05,2.37,0.66,15.84
Edelweiss BSE Sensex ETF,ESENSEX,544618,ESENSEX,INF754K01VY8,Others,Others,74.67,74.67,,,20.45,19.81,,,7.32,38.29,-0.22,-0.02,76.66,77.13,80.5,,76.73,76.87,77,77.91,80.59,0.9,0.93,,,-2.7,,1.78,20.38
Edelweiss Bharat Bond ETF - April 2030,EBBETF0430,542909,EBBETF0430,INF754K01KO2,Others,Others,1573.02,1573.02,,,66.09,65.28,56.73,64.11,31.42,56.6,2.06,2,1566.41,1566.44,1563.53,1553.4,1571.91,1571.09,1569.83,1566.82,1562.48,0.01,0.1,0.05,0.03,0.85,1.03,16.59,17.14
Edelweiss Bharat Bond ETF - April 2031,EBBETF0431,543216,EBBETF0431,INF754K01LE1,Others,Others,1401.06,1401.06,,,55.18,56.03,55.97,61.7,69.22,52.02,1.7,2.09,1397.16,1397.59,1395.79,1388.4,1401.75,1401.75,1400.76,1398.21,1394.95,0,0.08,0.06,0.03,0.66,0.64,8.88,27.1
Edelweiss Bharat Bond ETF - April 2032,BBETF0432,543418,BBETF0432,INF754K01OB1,Others,Others,1317.41,1317.41,,20.61,55.22,55.16,17.49,17.49,57.9,56.12,1.16,1.21,1310.6,1312.62,1310.94,1303.68,1313.96,1314.63,1313.91,1312.41,1309.84,0,0.05,0.02,0.01,0.95,0.71,8.27,20.61
Edelweiss Bharat Bond ETF - April 2033,EBBETF0433,543699,EBBETF0433,INF754K01QX0,Others,Others,1274.73,1274.73,,,55.12,55.15,0,,43.1,52.03,0.6,0.65,1271.14,1273.01,1272.49,1266.15,1273.89,1273.96,1273.6,1272.9,1271.12,-0.02,0.06,0.05,0.03,0.87,0.19,10.65,38.67
Edelweiss Financial Services Ltd.,EDELWEISS,532922,EDELWEISS,INE532F01054,Other Financial Services,Banking and Finance,118.8,118.8,11244.8,81.67,59.22,67.12,56.43,60.85,48.09,51.69,2.29,2.39,115.8,113.33,111.85,110.76,121.61,120.01,118.64,115.37,113.19,1.43,1.45,1.22,1.24,3.5,7.56,5.9,17.32
Edelweiss Gold ETF,EGOLD,140518539,EGOLD,INF754K01SE6,Others,Others,150.2,150.2,,,57.21,57.93,,,62.86,51.19,-0.09,-0.28,149.03,151.45,148.67,131.43,150.31,149.68,149.67,149.66,145.43,0.34,0.65,0.38,,0.81,24.44,3.93,22.41
Edelweiss Nifty 1D Rate Liquid ETF - Growth,ELIQUID,544573,ELIQUID,INF754K01VW2,Others,Others,1030.33,1030.33,,,30.3,30.3,,,100,99.62,1.5,1.51,1027.34,1025.09,1020.08,,1029.96,1029.24,1028.38,1025.19,1019.96,-0.01,0,,,0.44,2.87,0.4,95.53
Edelweiss Nifty 50 ETF,ENIFTY,,ENIFTY,INF754K01VX0,Others,Others,23.43,23.43,,,18.89,27.41,,,14.81,40.49,-0.01,0.05,23.89,23.99,24.88,,24.06,24.04,24.05,24.23,24.94,1.1,0.95,,,-1.76,,0.78,33.14
Edelweiss Nifty Bank ETF,EBANKNIFTY,,EBANKNIFTY,INF754K01TE4,Others,Others,53.93,53.93,,,36,35.38,,,26.95,39.55,-0.22,-0.06,55.17,55.88,58.03,57.53,55.33,55.39,55.52,56.2,57,0.97,1.21,0.99,,-2.07,-6.63,1.46,16.15
Edelweiss Nifty LargeMidcap 250 ETF,ELM250,,ELM250,INF754K01VV4,Others,Others,15.97,15.97,,,33.19,41.83,,,71.31,47.22,0.16,0.18,15.88,15.82,16.21,,16.36,16.26,16.16,16.03,16.14,0.78,1.17,,,2.11,-3.74,0.51,36.65
Edelweiss Nifty500 Multicap Momentum Quality 50 ETF,EMULTIMQ,,EMULTIMQ,INF754K01TF1,Others,Others,41.86,41.86,,,45.49,52.76,,,64.48,53.73,0.71,0.74,40.88,40.26,40.76,41.36,42.75,42.25,41.81,41,40.95,0.79,0.92,0.92,,4.23,-1.27,0.86,18.64
Edelweiss Silver ETF,ESILVER,140518548,ESILVER,INF754K01SF3,Others,Others,262.27,262.27,,,70.41,70.67,,,61.06,64.49,2.85,0.51,239.76,245.06,248.45,194.42,251.61,246.89,244.6,243.5,233.25,1.16,1.41,0.88,,12.19,76.45,8.31,13.42
Educomp Solutions Ltd.,EDUCOMP,532696,EDUCOMP,INE216H01027,Education,Diversified Consumer Services,0.99,0.99,12.12,29.68,24.39,24.66,24.66,24.91,44.53,36.69,-0.11,-0.13,1.12,1.35,1.72,2.72,0.95,0.99,1.04,1.31,1.73,-1.84,-0.35,0.01,-0.03,-20.16,-70.88,0.09,47.64
Effwa Infra & Research Ltd.,EFFWA,,EFFWA,INE0U9101019,Construction & Engineering,Cement and Construction,252.9,252.9,585.39,71.47,59.12,58.73,57.07,52.96,63.33,56.8,14.94,13.23,229.23,218.18,217.57,222.94,267.2,255.26,245.76,228.62,222.95,2.13,1.33,0.83,,12.85,7.48,14.8,19.3
Eicher Motors Ltd.,EICHERMOT,505200,EICHERMOT,INE066A01021,2/3 Wheelers,Automobiles & Auto Components,7126,7126,195472.88,73.85,61.37,60.69,62.06,57.34,47.29,47.92,33.58,30.5,7087.62,7187.72,7281.3,6928.82,7253.8,7211.98,7186.61,7190.26,7152.5,1.13,1.49,1.16,0.97,-0.3,4.69,188.81,10.09
Eimco Elecon (India) Ltd.,EIMCOELECO,523708,EIMCOELECO,INE158B01016,Industrial Machinery,General Industrials,1561.7,1561.7,900.85,38.9,33.44,31.97,32.85,50.15,30.9,45.39,-14.01,-3.11,1614.18,1587.64,1602.93,1790.2,1570.26,1586.8,1597.9,1605.78,1641.87,0.29,1.11,0.95,1.05,-10.07,-7.34,62.67,11.87
Elantas Beck India Ltd.,,500123,ELANTAS,INE280B01018,Specialty Chemicals,Chemicals & Petrochemicals,9593.8,9593.8,7605.68,62.66,53.18,53.9,51.9,46.97,63.78,57.21,306.6,303.34,9077.46,8695.45,8894.21,9654.76,9714.8,9565.1,9376.76,9021.55,9059.29,1.05,0.95,0.92,0.77,7.5,-4.36,390.93,29.58
Elcid Investments Ltd.,,503681,ELCIDIN,INE927X01018,Misc. Commercial Services,Commercial Services & Supplies,119000,119000,2380,55.33,46.96,46.09,51.36,38.11,13.74,52.4,4502.74,5555.85,112829.21,107958.17,114257.54,124129.92,122850.2,122263.81,119657.35,114252.49,115541.15,0.61,-0.12,-0.06,,19.41,-11.2,3918.71,43.56
Eldeco Housing & Industries Ltd.,ELDEHSG,523329,ELDEHSG,INE668G01021,Realty,Realty,814.1,814.1,800.5,65.41,51.45,53.75,52.56,51.39,44.22,44.56,5.81,5.77,825.23,831.63,875,838.99,852.45,844.32,840.1,842.08,849.58,0.62,0.84,0.64,0.69,-0.32,-7.18,40.76,16.09
Elecon Engineering Company Ltd.,ELECON,505700,ELECON,INE205B01031,Industrial Machinery,General Industrials,502,502,11264.87,65.99,53.77,54.23,52.46,44.96,70.09,55.07,31.65,31.02,458.47,434.37,438.72,497.41,541.84,516.2,496.46,460.19,459.28,1.26,1.33,1.49,1.37,17.88,-8.07,25.39,37.84
Electro Force (India) Ltd.,EFORCE,,EFORCE,INE0Q1W01012,Electronic Components,Commercial Services & Supplies,25.2,25.2,58.97,45.9,36.28,37.72,39.34,37.18,42.55,44.09,0.31,0.64,25.81,24.95,28.71,34.88,26.6,26.77,26.62,26.68,28.97,1.22,2.44,1.49,,-6.49,-44,1.34,20.29
Electronics Mart India Ltd.,EMIL,543626,EMIL,INE02YR01019,Specialty Retail,Retailing,113.53,113.53,4368.05,62.79,42.79,51.6,52.24,43.75,85.7,53.62,5.27,5.8,107.23,101.81,100.53,118.06,118.37,116.53,113.37,106.63,107.21,1.49,1.55,1.22,1.14,12.92,-19.36,5.49,26.93
Electrosteel Castings Ltd.,ELECTCAST,500128,ELECTCAST,INE086A01029,Iron & Steel/Interm.Products,Metals & Mining,85.01,85.01,5255.19,68.92,55.52,56.64,57.11,52.51,68.69,51.76,3.25,3.21,83.09,77.68,75.64,84.78,90.18,87.28,85.33,80.65,79.84,1.27,1.16,1.21,1.38,1.09,-3.21,4.39,27.47
Electrotherm (India) Ltd.,ELECTHERM,526608,ELECTHERM,INE822G01016,Iron & Steel Products,Metals & Mining,722.05,722.05,920.09,46.91,37.55,38.55,49.26,36.84,82.56,45.93,20.95,31.66,719.11,691.62,758.37,852.43,763.44,768.3,756.76,734.95,764.34,2.87,2.07,1.2,0.72,7.13,-29.11,43.92,25.82
Eleganz Interiors Ltd.,ELGNZ,,ELGNZ,INE0R9101015,Furniture-Furnishing,Diversified Consumer Services,75.7,75.7,171.08,56.66,46.73,46.56,35.69,40.46,46.98,51.67,1.62,1.14,72.79,71.49,79.35,103.23,79.21,76.22,75.1,75.12,81.85,1.23,1.73,1.12,,-0.59,-28.08,4.8,13.48
Elgi Equipments Ltd.,ELGIEQUIP,522074,ELGIEQUIP,INE285A01027,Compressors & Pumps,General Industrials,522.95,522.95,16572.76,68.89,55.56,56.61,55.63,56.76,65.07,45.15,9.46,13.35,526.98,516.68,493.45,497.06,546.93,545.06,540.08,521.46,507.66,1.08,1.18,1.22,1.02,4.67,8.18,17.27,26.43
Elgi Rubber Company Ltd.,ELGIRUBCO,590023,ELGIRUBCO,INE819L01012,Auto Tyres & Rubber Products,Automobiles & Auto Components,49.98,49.98,250.15,56.84,46.14,46.71,44.01,45.62,41.63,51.14,2.31,2.84,47.78,44.62,43.92,52.48,53.09,51.93,50.63,47.13,47.24,4.01,2.15,1.45,1.07,21.08,-22.54,3.76,31.35
Elin Electronics Ltd.,ELIN,543725,ELIN,INE050401020,Household Appliances,Consumer Durables,118.27,118.27,587.91,52.07,42.29,42.79,44.13,33.49,66.41,45.63,1.8,1.7,118.24,119.56,136.98,165.47,127.57,124.34,122.99,125.21,136.78,1.64,1.57,1.39,1.08,1.81,-42.46,6.89,18.48
Elitecon International Ltd.,,539533,ELITECON,INE669R01026,Commodity Trading  & Distribution,Commercial Services & Supplies,33.59,33.59,5369.36,32.87,27.9,28.69,22.32,19.08,6.43,26.71,-3.38,-3.55,40.57,46.13,65.69,126.92,35.73,36.99,38.83,47.96,66.07,1.15,0.96,0.19,,-14.92,-80.35,2.31,33.54
Ellenbarrie Industrial Gases Ltd.,ELLEN,544421,ELLEN,INE236E01022,Industrial Gases,General Industrials,287.7,287.7,4054.72,59.48,47.91,48.88,46.32,28.81,56.52,62.6,15.21,13.81,250.41,235.43,262.55,371.55,287.57,277.34,267.66,255.68,282.64,0.6,1.63,,,26.75,-37.51,15.63,38.99
Elpro International Ltd.,,504000,ELPROINTL,INE579B01039,Realty,Realty,165.05,165.05,2797.25,88.99,75.53,75.77,67.58,55.58,90.2,91.85,15.23,9.9,108.24,99.16,90.21,89.28,145.3,132.34,122.21,105.42,96.42,-1.42,0.25,0.48,0.74,75.03,93.02,7.74,57.67
Emami Ltd.,EMAMILTD,531162,EMAMILTD,INE548C01032,Personal Products,FMCG,432.4,432.4,18874.26,47.79,37,39.27,46.53,36.95,61.48,43.23,3.45,5.34,435.09,436.61,471.66,516.02,448.1,448.09,445.87,448.15,467.99,1.05,0.8,0.66,0.57,3.21,-17.32,14.43,19.37
Emami Paper Mills Ltd.,EMAMIPAP,533208,EMAMIPAP,INE830C01026,Paper & Paper Products,Commercial Services & Supplies,78.81,78.81,476.79,56.44,46.76,46.38,46.63,33.87,79.57,56.21,2.25,1.91,73.28,74.28,79.95,88.79,80.88,78.99,77.44,76.7,80.05,0.87,1.17,1.13,0.91,13.72,-18.86,3.71,29.41
Emami Realty Ltd.,EMAMIREAL,533218,EMAMIREAL,INE778K01012,Realty,Realty,101.14,101.14,526.27,72.51,58.58,59.59,57.07,45.6,67.26,64.56,10.25,9.13,78.72,71.43,73.63,88.9,104.8,96.8,90.24,79.22,78.45,0.04,1.4,1.19,0.62,49.02,7.03,6.25,40.74
Embassy Developments Ltd.,EMBDL,532832,EMBDL,INE069I01010,Realty,Realty,68.04,68.04,9461.87,59.03,46.88,48.51,32.09,34.04,81.59,65.97,3.96,0.73,51.63,55.65,61.13,79.8,67.82,59.52,56.36,56.5,63.03,0.17,-0.02,-0.21,0.12,36.52,-26.65,4.57,31.08
Embassy Office Parks REIT,EMBASSY,542602,EMBASSY,INE041025011,REITs-InvITs,Realty,422.35,422.35,40034.29,53.13,44.59,43.66,44.73,62.33,28.11,43.56,-2.8,-1.81,430.06,427.2,432.37,422.24,421.32,424.3,426.25,428.87,428.51,-0.06,0.31,0.21,0.15,-3.99,-1.77,6.58,15
Emcure Pharmaceuticals Ltd.,EMCURE,544210,EMCURE,INE168P01015,Pharmaceuticals,Pharmaceuticals & Biotechnology,1657.5,1657.5,31424.46,74.07,60.1,60.87,68.51,66.96,57.39,52.51,28.02,33.32,1631.65,1571.26,1521.27,1452.25,1660.56,1663.54,1648.18,1592.85,1534.41,0.43,0.48,0.5,,3.28,21.96,75.72,14.24
Emerald Tyre Manufacturers Ltd.,ETML,,ETML,INE0RHD01013,Auto Tyres & Rubber Products,Automobiles & Auto Components,86.9,86.9,169.25,32.53,37.3,26.73,37.3,39.16,45.68,49.22,-1.36,-1.45,86.79,90.07,96.11,111.11,85.29,85.95,86.67,90.26,96.68,0.13,0.42,0.16,,-6.16,-27.79,4.15,36.93
Emkay Global Financial Services Ltd.,EMKAY,532737,EMKAY,INE296H01011,Capital Markets,Banking and Finance,210.1,210.1,561.28,46.71,29.89,38.39,38.42,37.17,35.22,42.11,-0.24,1.54,220.9,222.09,242,258.69,225.44,224.71,224.98,228.25,238.85,3.66,1.89,1.66,1.18,-2.85,-31.1,13.34,17.2
Emkay Taps and Cutting Tools Ltd.,EMKAYTOOLS,,EMKAYTOOLS,INE332S01011,Industrial Machinery,General Industrials,107.65,107.65,114.88,52.66,42.32,43.28,38.74,45.23,33.62,50.22,1.11,2.22,106.27,102.76,105.6,132.6,107.43,108.68,108.27,106.24,114.26,-0.19,-0.15,-0.12,-0.01,7.17,-27.17,6.26,18.12
Emkay Tools Ltd.,ETL,,ETL,INE0PXC01024,Industrial Machinery,General Industrials,1022,1022,1090.61,56.04,48.31,46.05,,44.2,62.37,69.63,32.92,26.87,939.31,901.6,881.03,,1018.6,986.45,965.74,923.03,908.52,0.47,-0.17,,,7.58,14.19,20.35,29.46
Emmbi Industries Ltd.,EMMBI,533161,EMMBI,INE753K01015,Containers & Packaging,Commercial Services & Supplies,80.36,80.36,154.61,52,40.16,42.73,42.47,40.72,14.03,42.73,0.26,0.81,81.21,81.75,88.66,96.53,83.03,83.51,83.38,84.11,88.07,0.36,1.21,0.95,0.97,-3.62,-24.37,4.25,18.85
Emmvee Photovoltaic Power Ltd.,EMMVEE,544608,EMMVEE,INE1C6T01020,Other Electrical Equipment/Products,Consumer Durables,264.25,264.25,18295.22,35.26,29.2,28.98,28.5,34.12,67.85,54.49,9.66,11.28,250.96,233.62,216.35,,266.83,265.47,260.15,242.01,225.5,1.84,1,,,17.6,,15.2,31.4
Empower India Ltd.,,504351,EMPOWER,INE507F01023,IT Consulting & Software,Software & Services,2.7,2.7,314.23,77.58,65.84,63.24,60.32,38.06,89.72,92.72,0.33,0.25,1.68,1.53,1.55,1.62,2.52,2.25,2.04,1.71,1.62,1.1,1.42,0.94,0.55,117.74,46.74,0.11,50.29
Encompass Design India Ltd.,ENCOMPAS,,ENCOMPAS,INE433T01015,Other Apparels & Accessories,Textiles Apparels & Accessories,239.75,239.75,340.05,21.34,16.87,17.54,19.43,34.98,28.93,42.15,-3.32,-1.92,260.34,260.83,,,250.91,252.85,255.34,254.12,,0.52,0.25,,,-17.57,,15.46,13.45
Endurance Technologies Ltd.,ENDURANCE,540153,ENDURANCE,INE913H01037,Auto Parts & Equipment,Automobiles & Auto Components,2578.8,2578.8,36274.12,59.36,49.21,48.78,40.07,40.33,72.71,64.37,45.14,15.45,2368.41,2403.49,2464.18,2617.73,2525.4,2460.46,2426.45,2417.11,2466.34,0.33,0.99,0.99,0.7,8.37,-8.99,95.01,21.93
Energy Development Company Ltd.,ENERGYDEV,532219,ENERGYDEV,INE306C01019,Power - Electric Utilities,Utilities,16.86,16.86,80.08,52.09,41.18,42.81,50.01,39.29,50.91,52.05,0.35,0.41,16.26,15.94,17.12,18.8,17.23,17.08,16.87,16.61,17.21,1.02,0.97,0.97,0.86,5.51,-12.51,0.83,27.04
Energy-Mission Machineries (India) Ltd.,EMMIL,,EMMIL,INE0S1L01013,Industrial Machinery,General Industrials,146.25,146.25,165.65,51.05,40.94,41.95,40.42,40.91,33.19,46.37,1.36,2.57,146.93,143.8,157.93,174.68,150.15,150.78,150.13,149.52,156.68,2.82,1.58,0.68,,-1.85,-20.06,6.36,19.9
Enfuse Solutions Ltd.,ENFUSE,,ENFUSE,INE0S3X01014,Data Processing Services,Software & Services,191,191,168.99,61.75,50.09,50.75,48.95,37.58,37.18,50.09,2.37,1.31,185.12,190.36,206.16,215.75,195,193.16,191.23,193.26,200.61,-0.68,-0.11,-0.14,,8.52,-10.54,11.53,14.06
Engineers India Ltd.,ENGINERSIN,532178,ENGINERSIN,INE510A01028,Consulting Services,Commercial Services & Supplies,236.95,236.95,13317.59,73.61,60.02,60.49,66.09,55.33,62.3,49.17,10.64,13.03,230.95,218.8,205.45,204.12,253.1,249.42,243.42,225.54,213.87,1.24,1.51,1.31,1.55,13.6,21.89,9.58,36.68
Enser Communications Ltd.,ENSER,,ENSER,INE0R9I01021,BPO/KPO,Software & Services,16,16,139.46,54.42,45.32,44.72,46.89,49.71,25.45,62.84,0.69,0.8,14.36,13.32,14.32,17.14,15.77,15.65,15.26,14.39,14.89,0.64,0.69,0.43,,14.29,-22.89,0.74,11.8
Entero Healthcare Solutions Ltd.,ENTERO,544122,ENTERO,INE010601016,Healthcare Services,Healthcare,1210.3,1210.3,5266.12,72.1,57.97,59.25,55.7,48.18,41.3,49.43,11.42,17.43,1229.54,1161.81,1131.63,1137.97,1228.92,1226,1221.3,1186.94,1158.48,-0.06,0.2,0.11,,2.49,14.44,48.03,21.09
Entertainment Network (India) Ltd.,ENIL,532700,ENIL,INE265F01028,Broadcasting & Cable TV,Media,120.47,120.47,574.29,63.97,52.42,52.57,49.79,35.92,56.15,61.8,3.24,3.08,113.63,110.48,112,129.2,121.54,119.43,117.42,113.91,116.1,0.41,0.53,0.39,0.66,13,-8.5,4.03,54.39
Enviro Infra Engineers Ltd.,EIEL,544290,EIEL,INE0LLY01014,Utilities:Non-Electrical,Utilities,203.03,203.03,3563.79,55.15,43.56,45.32,42.32,42.98,71.77,51.9,10.1,12.2,194.87,176.68,181.04,212.39,214.02,211.19,205.54,190.55,190.48,0.33,1.17,1.18,,18.72,-15.01,10.32,34.06
Envirotech Systems Ltd.,ENVIRO,,ENVIRO,INE0SUH01015,Other Industrial Products,General Industrials,107.25,107.25,201.52,50,39.49,41.09,49.73,36.81,49.53,47.41,2.24,3.12,107.31,104.58,107.53,127.06,111.22,111.79,110.57,107.86,111.14,0.25,-0.39,0.13,,7.63,-33.94,5.4,17.08
Epigral Ltd.,EPIGRAL,543332,EPIGRAL,INE071N01016,Specialty Chemicals,Chemicals & Petrochemicals,1246.8,1246.8,5378.86,61.37,41.74,50.43,50.71,43.32,78.66,57.71,80.57,85.18,1136.72,1031.31,1085.12,1395.87,1321.64,1272.24,1223.97,1126.95,1161.73,1.21,1.39,1.34,1.14,21.85,-25.35,58.49,41.79
Eppeltone Engineers Ltd.,EEPL,,EEPL,INE11HF01010,Other Electrical Equipment/Products,Consumer Durables,110.15,110.15,142.75,43.42,33.71,35.68,25.44,30.14,29.88,41.33,-3.38,-3.43,116.41,123.26,149.61,171.54,112.67,114.29,116.1,125.87,143,1.52,1.54,,,-8.21,-43.71,6.01,22.99
Equippp Social Impact Technologies Ltd.,EQUIPPP,590057,EQUIPPP,INE217G01035,IT Consulting & Software,Software & Services,15.4,15.4,158.77,47.43,31.24,38.98,48.28,28.58,35.23,38.56,-0.06,0.07,16.1,16.52,18.32,18.8,16.25,16.45,16.5,16.83,17.59,1.84,0.6,0.06,0.24,3.29,-17.38,0.98,17.29
Equitas Small Finance Bank Ltd.,EQUITASBNK,543243,EQUITASBNK,INE063P01018,Microfinance Institutions,Banking and Finance,67.91,67.91,7752.42,76.73,64.03,63.06,62.5,51.79,79.96,54.54,2.69,2.62,63.81,61.89,63.86,60.94,71.39,69.07,67.37,64.52,63.43,1.89,1.63,1.13,0.89,14.38,11.99,2.78,38.89
Eris Lifesciences Ltd.,ERIS,540596,ERIS,INE406M01024,Pharmaceuticals,Pharmaceuticals & Biotechnology,1357.6,1357.6,18808.58,61.56,41.06,50.59,33.53,38.68,48.86,48.58,2.14,2.35,1364.73,1351.98,1406.52,1534.97,1375.04,1366.55,1365.25,1371.37,1411.28,0.3,0.55,0.32,0.43,-0.48,-14.37,47.59,20.29
Esab India Ltd.,ESABINDIA,500133,ESABINDIA,INE284A01012,Other Industrial Goods,General Industrials,6721,6721,10345.64,81.71,68,67.15,66.32,52.35,89.07,65.11,388.48,342.71,5909.42,5698.58,5747.9,5494.8,6927.1,6616.48,6366.46,5939.19,5737.93,1.42,0.79,0.76,0.58,24.09,40.53,253.37,43.56
Esconet Technologies Ltd.,ESCONET,,ESCONET,INE0RQZ01017,Internet Software & Services,Software & Services,136.5,136.5,178.73,60.43,39.77,49.66,46.98,46.61,65.21,52.38,6.11,6.22,128.07,123.63,125.54,163.92,145.24,140.05,136.31,129.86,136.3,1.68,1.15,0.79,,3.21,-33.71,7.97,29.72
Escorts Kubota Ltd.,ESCORTS,500495,ESCORTS,INE042A01014,Commercial Vehicles,Automobiles & Auto Components,2960.7,2960.7,33123.66,45.66,30.14,37.52,47.77,38.9,44.7,37.15,-19.02,14.14,3138.92,3178.87,3413.16,3509.63,3147.4,3166.36,3180.6,3231.9,3336.42,2.1,1.58,1.28,0.97,-5.32,-19.76,114.02,15.31
Esprit Stones Ltd.,ESPRIT,,ESPRIT,INE0SBP01018,Furniture-Furnishing,Diversified Consumer Services,74.5,74.5,163.49,60.15,49.53,49.43,49.26,40.2,90.08,63.4,2.48,1.13,63.44,65.08,67.58,75.77,72.4,69.1,67.23,66.56,68.99,0.47,0.54,0.21,,24.17,1.29,3.77,26.5
Essar Shipping Ltd.,ESSARSHPNG,533704,ESSARSHPNG,INE122M01019,Shipping,Transportation,24.03,24.03,497.36,50.85,33.29,41.79,41.61,43.72,25.44,39.58,-0.06,0.31,25.72,25.24,26.05,27.33,25.29,25.87,25.97,25.9,26.38,1.94,1.75,1.54,1.41,-3.42,-30.02,1.56,26.89
Essen Speciality Films Ltd.,ESFL,,ESFL,INE0ITO01014,Furniture-Furnishing,Diversified Consumer Services,125,125,310.49,30.47,23.81,25.04,26.48,32.69,24.96,40.73,-1.62,-1.11,130.86,134.31,144.38,224.47,129.22,130.17,131.18,136,158.1,-0.36,0.77,0.66,,-12.22,-41.11,5.71,10.55
Ester Industries Ltd.,ESTER,500136,ESTER,INE778B01029,Containers & Packaging,Commercial Services & Supplies,94.42,94.42,921.41,58.03,46.9,47.69,46.8,34.99,78.95,52.03,2.16,1.32,89.64,92.23,95.71,103.82,99.04,95.36,93.79,93.22,96.43,1.12,1.37,1.31,1.4,6.52,-12.83,4.89,18.64
Eternal Ltd.,ETERNAL,543320,ETERNAL,INE758T01015,Internet & Catalogue Retail,Retailing,239.98,239.98,231589.11,47.91,38.96,39.37,38.57,38.08,49.08,42.33,1.09,2.43,246.88,242.03,262.14,289.42,251.14,250.33,249.74,251.16,260.98,1.84,1.45,1.42,1.04,0.88,-21.49,8.77,13.44
Ethos Ltd.,ETHOSLTD,543532,ETHOSLTD,INE04TZ01018,Specialty Retail,Retailing,2361.3,2361.3,6318.3,48.38,41.52,39.76,40.24,48.27,48.71,45.57,0.51,24.08,2413.14,2341.49,2526.94,2632.44,2380.82,2414.9,2418.79,2421.26,2491.3,0.3,1.17,0.92,0.81,-2.9,-19.61,115.55,14.66
Eureka Forbes Ltd.,EUREKAFORB,543482,EUREKAFORB,INE0KCE01017,Consumer Electronics,Consumer Durables,499.5,499.5,9664.92,61.17,48.27,50.27,49.33,38.11,71.53,50.37,10.02,9.94,491.35,475.14,522.42,547.77,516.9,509,502.63,497.08,512.73,-0.15,0.75,0.44,,5.22,-8.58,20.18,25.4
Euro India Fresh Foods Ltd.,EIFFL,,EIFFL,INE546V01010,Packaged Foods,FMCG,246.29,246.29,610.8,62.24,50.55,51.15,48.19,56.5,51.65,54.46,2.5,2.94,240.23,236.78,244.96,237.78,245.49,245.51,244.04,241.18,239.87,-0.73,0.19,0.28,0.32,3.15,7.66,9.73,18.49
Euro Panel Products Ltd.,EUROBOND,544461,EUROBOND,INE505V01016,Aluminium and Aluminium Products,Metals & Mining,180.81,180.81,442.98,61.73,50.62,50.73,40.31,41.43,60.91,60.21,4.35,3.61,166.56,162.64,169.93,190.57,176.77,174.66,171.85,168.42,172.28,-0.08,1.49,1.02,0.3,11.66,-13.05,10.96,19.25
Euro Pratik Sales Ltd.,EUROPRATIK,544519,EUROPRATIK,INE198501012,Furniture-Furnishing,Diversified Consumer Services,270.3,270.3,2762.47,51.03,34.22,41.94,40.19,31.4,57.21,61.09,9.44,9.56,251.85,245.37,257.47,,275.51,269.94,264.05,254.89,262.76,0.69,1.16,,,16.33,-16.69,10.49,32.32
Eurotex Industries & Exports Ltd.,EUROTEXIND,521014,EUROTEXIND,INE022C01012,Textiles,Textiles Apparels & Accessories,15.42,15.42,13.49,68.37,56.47,56.19,55.13,50.42,75.78,53.17,0.72,0.7,14.51,13.92,13.78,14.54,16.44,15.79,15.34,14.47,14.25,2.6,0.16,0.18,0.2,13.97,5.26,1.42,31.9
Eveready Industries India Ltd.,EVEREADY,531508,EVEREADY,INE128A01029,Household Products,Consumer Durables,317,317,2304.19,58.87,46.07,48.38,45,37.34,85.8,50.05,6.97,6.83,306.78,308.22,318.82,354.08,328.67,324.18,319.61,314.94,321.74,0.23,0.97,0.92,0.9,9.99,-13.25,15.14,33.71
Everest Industries Ltd.,EVERESTIND,508906,EVERESTIND,INE295A01018,Cement & Cement Products,Cement and Construction,380.5,380.5,603.31,57.22,37.68,47.02,44.99,31.33,66.15,47.99,9.21,10.18,372.85,369.24,412.56,508.51,403.96,395.88,390.03,387.65,418.34,2.53,1.3,0.98,0.96,14.52,-34.42,24.33,23.32
Everest Kanto Cylinder Ltd.,EKC,532684,EKC,INE184H01027,Other Industrial Products,General Industrials,115.72,115.72,1298.47,64.49,43.44,53,50.3,38.41,52.64,48.11,2.77,3.15,114.37,111.41,113.19,124.84,121.51,119.88,118.23,115.05,116.43,1.59,1.34,1.23,1.35,5.4,-17.32,4.59,14.56
Excel Industries Ltd.,EXCELINDUS,500650,EXCELINDUS,INE369A01029,Specialty Chemicals,Chemicals & Petrochemicals,957.7,957.7,1203.9,62.48,49.65,51.35,48.68,41.19,70.61,51.16,21.09,19.12,936.24,920.54,927.5,1035.75,999,974.19,960.74,939.71,952.81,1.34,1.37,0.98,0.93,4.63,-12.27,34.29,24.58
Excellent Wires & Packaging Ltd.,EXCELLENT,,EXCELLENT,INE0Y4801011,Iron & Steel Products,Metals & Mining,138,138,61.69,83.95,69.81,68.99,71.78,79.38,63.54,72.86,8.11,8.34,118.35,108.43,80.81,65.66,133.8,130.38,125.78,109.37,91.78,-0.33,0.14,0.57,,27.78,196.46,3.55,35.53
Excelsoft Technologies Ltd.,EXCELSOFT,544617,EXCELSOFT,INE606N01019,IT Consulting & Software,Software & Services,84.69,84.69,974.65,34.45,28.45,28.31,27.86,32.68,52.13,44.09,1.72,2.66,86.64,83.65,83.54,,89.91,90.03,89.17,86.52,86.42,1.45,1.61,,,0.36,,4.42,25.68
Exicom Tele-Systems Ltd.,EXICOM,544133,EXICOM,INE777F01014,Power - Electric Utilities,Utilities,113.99,113.99,1585.37,54.23,43.26,44.57,43.54,45.82,76.46,52.88,5.43,6.06,107.45,99.96,103.35,121.86,119.63,117.06,113.89,106.73,108.58,-1.35,1.29,1.17,,16.07,-14.26,7,36.62
Exide Industries Ltd.,EXIDEIND,500086,EXIDEIND,INE302A01020,Auto Parts & Equipment,Automobiles & Auto Components,346.3,346.3,29435.5,62.25,41.5,51.16,51.15,39.3,72,52.63,9.74,10.71,333.16,325.16,335.62,363.15,355.48,352.32,346.37,336.1,340.36,0.44,1.3,1.26,1.21,11.26,-8.83,12.93,29.56
Exim Routes Ltd.,EXIMROUTES,,EXIMROUTES,INE19I001020,Commodity Trading  & Distribution,Commercial Services & Supplies,131.85,131.85,247.25,30.66,24.63,25.2,27.01,26.3,32.57,45.79,-4,-4.86,136.63,142.9,,,132.82,132.24,134.26,146.01,,0.03,0.38,,,-12.1,,9.21,19.85
Expleo Solutions Ltd.,EXPLEOSOL,533121,EXPLEOSOL,INE201K01015,IT Consulting & Software,Software & Services,885.75,885.75,1374.66,56.63,46.89,46.54,45.62,36.53,98.1,72.31,24.6,18.86,788.45,770.68,851.46,953.49,853.31,837.66,821.13,809.66,848.9,0.79,1.17,1,0.72,16.78,-11,41.84,41.37
Exxaro Tiles Ltd.,EXXARO,543327,EXXARO,INE0GFE01026,Ceramics,Consumer Durables,6.72,6.72,300.66,47.18,28.9,38.77,49.36,38.85,41.89,43.87,-0.01,0,6.83,6.95,7.25,7.7,6.87,6.88,6.89,6.98,7.21,0.33,0.91,0.9,0.77,-5.75,-32.26,0.32,8.2
FCS Software Solutions Ltd.,FCSSOFT,532666,FCSSOFT,INE512B01022,IT Consulting & Software,Software & Services,1.63,1.63,278.66,49.05,40.14,40.31,40.07,48.68,43.16,47.97,0.02,0.03,1.62,1.57,1.66,1.98,1.66,1.67,1.66,1.64,1.72,1.26,1.63,1.3,1.19,-7.91,-26.58,0.07,10.24
FDC Ltd.,FDC,531599,FDC,INE258B01022,Pharmaceuticals,Pharmaceuticals & Biotechnology,375.7,375.7,6116.78,57.57,49.13,47.31,45.84,38.4,68.03,61,6.77,5.4,355.89,355.83,374.65,413.22,376.66,371.2,366.58,363.92,376.16,0.3,0.4,0.43,0.51,10.31,-10.9,11.33,29.99
FIEM Industries Ltd.,FIEMIND,532768,FIEMIND,INE737H01014,Auto Parts & Equipment,Automobiles & Auto Components,2196,2196,5779.81,64.26,53.48,52.81,61.08,53.13,68.3,49.79,25.84,30.15,2169.77,2140.73,2206.11,2137.78,2240.42,2225.01,2209.44,2182.86,2169.56,1.58,1.51,1.16,1.1,1.75,5.74,71.68,11.07
FSN E-Commerce Ventures Ltd.,NYKAA,543384,NYKAA,INE388Y01029,Internet & Catalogue Retail,Retailing,260.65,260.65,74637.33,79.51,56.94,65.34,63.69,53.26,48.1,47.71,3.74,4.26,259.72,255.99,256.38,249.11,269.18,266.81,264.58,259.69,255.85,0.7,0.98,0.96,0.74,2.24,5.9,7.38,21.14
Fabtech Technologies Ltd.,FABTECH,544558,FABTECH,INE0HF201011,Misc. Commercial Services,Commercial Services & Supplies,162.8,162.8,723.66,47.32,30.02,38.89,38.61,30.17,80.75,53.09,3.76,3.93,156.94,152.24,167.06,,164.92,163.88,161.52,159.48,172.81,0.36,1.28,,,7.28,-29.87,8.67,40.81
Fairchem Organics Ltd.,FAIRCHEMOR,543252,FAIRCHEMOR,INE0DNW01011,Commodity Chemicals,Chemicals & Petrochemicals,590.4,590.4,768.75,55.33,47.44,45.47,45.95,33.71,73.91,55.89,19.93,16.6,546.9,545.09,608.03,692.59,615.16,592.15,578.52,571.09,605.26,1.87,1.28,0.98,0.64,15.66,-18.9,24.45,29.13
Falcon Technoprojects India Ltd.,FALCONTECH,,FALCONTECH,INE0PQK01013,Consulting Services,Commercial Services & Supplies,14.1,14.1,37.77,57.62,47.35,46.28,44.24,21.87,50.14,52.86,0.15,0.15,13.36,13.87,14.6,16.85,14,13.99,13.88,14,15.06,0.53,-0.43,-0.2,,13.25,-20.56,1.1,17.15
Faze Three Ltd.,FAZE3Q,530079,FAZE3Q,INE963C01033,Textiles,Textiles Apparels & Accessories,449.85,449.85,1093.99,51.75,46.6,42.53,42.11,41.97,31.97,48.53,0.23,2.35,448.87,445.9,445.47,480.05,451.46,453.41,453.54,453.05,458.05,1.54,1.05,1.39,0.94,-1.87,-4.04,20.89,11.02
Fedbank Financial Services Ltd.,FEDFINA,544027,FEDFINA,INE007N01010,Finance (including NBFCs),Banking and Finance,149.51,149.51,5596.5,63.49,51.26,52.18,50.16,53.77,46.72,54.36,3.19,3.62,143.96,138.16,143.22,142.62,150.68,149.24,147.39,143.26,141.89,0.79,1.41,1.21,,7.17,9.39,6.88,20.42
Fedders Holding Ltd.,,511628,FEDDERSHOL,INE417D01020,Finance (including NBFCs),Banking and Finance,33.99,33.99,684.61,41.56,35.27,37.75,34.93,34.59,30.02,42.63,-0.8,-0.97,35.1,37.33,43.9,47.43,34.65,34.81,35.19,37.81,41.67,0.42,1.73,1.25,1.15,-8.14,-33.38,2.14,29.53
Federal Bank Ltd.,FEDERALBNK,500469,FEDERALBNK,INE171A01029,Banks,Banking and Finance,284.8,284.8,70213.77,74.36,61.26,61.11,60.75,69.29,38.07,46.7,2.91,3.68,285.66,282.4,278.33,247.16,292.91,291.01,289.38,283.99,274.29,0.37,1.09,0.86,0.82,0.53,20.76,7.99,14.82
Federal-Mogul Goetze (India) Ltd.,FMGOETZE,505744,FMGOETZE,INE529A01010,Auto Parts & Equipment,Automobiles & Auto Components,443.4,443.4,2466.73,64.02,42.26,52.61,52.41,47.24,60.24,47.58,11.89,13.92,443.69,421.87,433.62,476.91,466.64,461.39,454.46,439.44,442.13,0.94,1.48,1.38,0.98,1.14,-10.74,18.9,28.86
Felix Industries Ltd.,FELIX,,FELIX,INE901X01013,Other Industrial Products,General Industrials,214.7,214.7,369.42,72.5,60.82,59.58,67.59,50.97,52.37,57.82,8.31,9.1,198.6,190.4,185.51,183.08,216.84,214.18,209.23,197.39,189.83,1.59,1.14,0.82,0.74,18.62,24.5,11.39,31.85
Fermenta Biotech Ltd.,,506414,FERMENTA,INE225B01021,Pharmaceuticals,Pharmaceuticals & Biotechnology,286.1,286.1,842.02,48.13,40.85,40.08,45.05,56.2,38.86,31.78,-10.65,-8.06,318.02,324.38,328.78,322.31,291.84,299.74,306.74,317.63,320.35,0.17,1.11,0.83,1.11,-14.58,3.55,11.82,28.85
Fiberweb (India) Ltd.,FIBERWEB,507910,FIBERWEB,INE296C01020,Textiles,Textiles Apparels & Accessories,37.01,37.01,106.56,49.36,41.33,40.56,39.96,40.68,37.96,46.47,0.01,0.11,36.96,37.35,37.56,40.8,37.32,37.47,37.46,37.62,38.34,1.14,1.08,1.13,1.05,-0.78,-12.49,1.67,15.31
Fidel Softech Ltd.,FIDEL,,FIDEL,INE0LQQ01019,IT Consulting & Software,Software & Services,193,193,265.39,69.57,57.17,57.26,54.29,49.24,83.6,73.72,15.92,12.02,149.2,142.89,140.89,162.11,191.99,177.5,166.93,151.35,148.93,3.42,0.17,0.27,0.1,54.4,6.93,10.34,32.31
Filatex Fashions Ltd.,FILATFASH,532022,FILATFASH,INE185E01021,Textiles,Textiles Apparels & Accessories,0.25,0.25,208.35,45.42,37.24,37.33,35.32,28.34,49.61,51.94,0.01,0.02,0.23,0.21,0.26,0.39,0.26,0.26,0.25,0.24,0.28,0.48,1.08,0.97,,25,-45.65,0.01,27.57
Filatex India Ltd.,FILATEX,526227,FILATEX,INE816B01035,Textiles,Textiles Apparels & Accessories,42.37,42.37,1881.48,47.51,37.5,39.04,46.67,47.86,55.97,43.48,0.37,0.57,43.37,42.56,45.22,50.19,44.34,44.25,44.03,43.97,45.58,1.33,1.53,1.34,1.11,-3.77,-29.24,2.01,12.12
Finbud Financial Services Ltd.,FINBUD,,FINBUD,INE0EDU01014,Other Financial Services,Banking and Finance,121.55,121.55,231.55,37.73,30.94,31.01,36.51,29.32,27.62,50.6,5.02,6.31,115.26,109.68,115.42,,127.22,126.27,123.4,117.25,121.83,1.78,1.42,,,23.09,,7.48,24.18
Fine Organic Industries Ltd.,FINEORG,541557,FINEORG,INE686Y01026,Specialty Chemicals,Chemicals & Petrochemicals,4577,4577,14033.08,62.96,51.33,51.74,49.04,54.36,35.75,46.37,25.15,64.28,4615.57,4521.75,4403.07,4552.85,4636.5,4667.18,4661.42,4566.34,4506.12,1.08,0.99,0.89,0.76,-0.2,4.33,147.27,15.11
Fineotex Chemical Ltd.,FCL,533333,FCL,INE045J01034,Specialty Chemicals,Chemicals & Petrochemicals,27.12,27.12,3158.13,63.23,53.54,51.96,51.46,40.66,77.37,70.19,1.28,0.75,23.29,22.91,23.31,24.11,27.37,25.52,24.64,23.61,23.58,1.1,1.3,1.21,1.16,18.48,6.56,1.27,23.25
Finkurve Financial Services Ltd.,FINKURVE,508954,FINKURVE,INE734I01027,Finance (including NBFCs),Banking and Finance,67.1,67.1,939.74,37.43,31.26,30.76,37.58,29.76,62.16,47.14,1.15,1.64,66.02,65.38,79.04,,69.93,69.83,69.07,70.23,79.31,1.96,0.26,,,6.19,-40.58,4.59,24.87
Fino Payments Bank Ltd.,FINOPB,543386,FINOPB,INE02NC01014,Microfinance Institutions,Banking and Finance,125.88,125.88,1047.55,37.14,29.87,30.52,29.34,26.73,31.34,39.7,-4.7,-5.59,131.55,147.14,191.77,236.6,131.35,131.49,133.6,151.59,182.28,1.86,1.18,1.42,1.17,-5.74,-53.79,7.28,27.07
Finolex Cables Ltd.,FINCABLES,500144,FINCABLES,INE235A01022,Wires & Cables,Consumer Durables,1073.5,1073.5,16418.03,83.88,69.22,68.93,65.54,54.4,75.03,64.77,61.35,51.74,937.58,914.74,840.94,828.71,1096.14,1048.09,1009.01,929.91,879.45,0.69,1.13,0.91,0.95,27.27,39.42,48.17,38.51
Finolex Industries Ltd.,FINPIPE,500940,FINPIPE,INE183A01024,Plastic Products,General Industrials,168.13,168.13,10432.08,57.78,38.36,47.48,47.46,40.62,63.16,42.07,0.73,0.9,169.3,173.73,174.93,185.71,174.95,173.87,173.32,173.75,176.76,1.21,0.89,0.86,0.94,3.78,-7.77,5.08,13.68
Firstsource Solutions Ltd.,FSL,532809,FSL,INE684F01012,BPO/KPO,Software & Services,249.09,249.09,17361.34,55.66,45.36,45.74,23.27,34.36,87.45,57.05,6.6,1.72,226.04,222.87,267.85,308.74,252.58,238.38,233.17,237.12,260.19,1.93,1.11,1.1,1.06,13.72,-29.09,13.89,21.99
Fischer Medical Ventures Ltd.,FISCHER,524743,FISCHER,INE771F01041,Commodity Chemicals,Chemicals & Petrochemicals,35.3,35.3,2289.26,26.9,21.46,22.11,21.7,37.85,43.94,35.71,-0.59,-0.22,39.07,37.88,39.24,65.21,36.96,37.53,37.97,38.97,45.37,0.7,0.58,,,-13.99,-63.43,1.69,12.44
Five-Star Business Finance Ltd.,FIVESTAR,543663,FIVESTAR,INE128S01021,Finance (including NBFCs),Banking and Finance,469.45,469.45,13857,49.59,42.48,40.75,49.99,36.05,42.93,54.21,14.26,19.5,446.42,421.8,461.94,521.35,471.85,474.25,466.37,450.23,468.56,2.13,1.7,1.08,0.79,10.9,-24.8,20.58,32.37
Flair Writing Industries Ltd,FLAIR,544030,FLAIR,INE00Y201027,Commodity Printing/Stationery,Commercial Services & Supplies,327,327,3446.43,71.48,63.49,58.74,50.35,48.38,63.2,54.61,5.8,5.56,316.29,312.07,310.14,311.91,332.17,327.6,324.04,316.44,311.9,0.49,0.91,0.75,,7.23,-0.91,11.82,20.02
Flexituff Ventures International Ltd.,FLEXITUFF,533638,FLEXITUFF,INE060J01017,Textiles,Textiles Apparels & Accessories,7.02,7.02,23.04,43.02,36.13,35.35,26.66,25.32,55.88,50.43,0.02,-0.04,6.7,7.07,9.46,15.94,7.08,7.01,6.96,7.59,10.07,-0.02,0.29,0.05,0.18,13.41,-62.4,0.55,32.37
FlySBS Aviation Ltd.,FLYSBS,,FLYSBS,INE0VCK01011,Airlines,Transportation,427.75,427.75,740.17,39.19,31.81,32.21,32.67,30.22,51.04,45.1,2.47,4.78,435.52,433.24,461.34,,449.07,445.64,444.27,445.74,466.24,2.7,1.26,,,3.76,-18.83,27.58,16.44
Flywings Simulator Training Centre Ltd.,FWSTC,,FWSTC,INE0SQZ01015,Education,Diversified Consumer Services,168,168,170.98,15.5,13.33,12.74,20.52,32.59,82.74,39.04,-2.07,-0.74,179.32,184.5,,,177.3,180.05,181.22,188.6,,-0.3,0.33,,,-0.39,,7.18,22.9
Foce India Ltd.,FOCE,,FOCE,INE0I7D01019,Other Apparels & Accessories,Textiles Apparels & Accessories,556,556,652.91,45.17,37.62,37.12,35.94,40.28,73.3,39.03,-10.28,-14.96,553.08,606.89,668.35,681.08,557.92,557.5,561.44,599.48,636.26,-0.01,0.65,0.3,,0.82,-7.33,7.27,13.84
Focus Lighting and Fixtures Ltd.,FOCUS,,FOCUS,INE593W01028,Other Electrical Equipment/Products,Consumer Durables,83.89,83.89,566.84,66.93,55.43,55,54.21,39.16,60.21,65.52,4.03,3.83,74.43,71.01,71.32,80.4,84.61,81.79,79.3,74.39,74.28,1.57,1.08,1.05,0.65,26.93,2.13,3.81,24.45
Fonebox Retail Ltd.,FONEBOX,,FONEBOX,INE0Q4701019,Specialty Retail,Retailing,65.85,65.85,67.56,43.65,36.35,35.87,37.06,29.37,44.14,44.9,-1.92,-2.61,67.3,72.69,83.92,87.1,65.63,65.63,66.52,72.2,79.21,1.58,-0.05,-0.05,,-1.79,-20.28,4.1,18.17
Foods & Inns Ltd.,FOODSIN,507552,FOODSIN,INE976E01023,Other Food & Beverages,"Food, Beverages & Tobacco",57.75,57.75,424.64,47.72,37.4,39.22,48.16,44.64,58.17,43.46,1.04,1.49,59.28,57.73,61.84,75.18,61.73,61.65,61.04,60.33,63.81,1.19,1.94,1.45,1.09,-3.62,-29.2,3.42,12.26
Forcas Studio Ltd.,FORCAS,,FORCAS,INE0U2501017,Textiles,Textiles Apparels & Accessories,102.85,102.85,180.81,58.94,49.76,48.44,29.95,42.26,66.94,51.77,0.22,0.12,101.5,101.32,109.46,110.95,102.33,102.39,102.17,103.45,106.61,0.06,0.03,0.07,,1.83,-7.38,2.99,10.19
Force Motors Ltd.,FORCEMOT,500033,FORCEMOT,INE451A01017,Cars & Utility Vehicles,Automobiles & Auto Components,19861,19861,26169.45,68.07,45.86,55.94,46.88,59.71,40.53,43.52,-369.19,-350.48,20979.2,21424.98,20980,19405.6,20447.8,20428.23,20658.38,21027.34,20578.63,1.45,2.12,1.83,1.39,-10.41,11.06,1004.38,13.65
Forge Auto International Ltd.,FORGEAUTO,,FORGEAUTO,INE0YKW01013,Other Industrial Products,General Industrials,94,94,102.65,55.93,45.96,45.01,45.4,39.91,70.03,58.64,2.23,1.93,84.84,85.84,102.8,113.23,91.5,91.32,89.69,91.07,98.85,0.33,0.24,0.23,,30.56,-41.98,3.49,26.62
Fortis Healthcare Ltd.,FORTIS,532843,FORTIS,INE061F01013,Healthcare Facilities,Healthcare,951.15,951.15,71807.84,64.76,53.39,53.22,50.9,37.56,74.7,60.4,25.54,23.97,891.21,884.31,885.73,918.04,956.45,942.87,926.6,899.98,894.92,0.67,0.78,0.79,0.65,11.89,-5.82,26.32,24.83
Foseco India Ltd.,FOSECOIND,500150,FOSECOIND,INE519A01011,Commodity Chemicals,Chemicals & Petrochemicals,4803.8,4803.8,3067.95,62.23,48.93,51.14,41.26,34.29,48.87,50.26,39.07,6.16,4724.53,4858.2,4807.03,5168.63,4927.64,4837.99,4806.05,4808.01,4872.62,0.18,0.81,0.91,0.79,3.38,-15.86,167.68,12.51
Fractal Analytics Ltd.,FRACTAL,544700,FRACTAL,INE212S01015,Internet Software & Services,Software & Services,1033.95,1033.95,17780.33,40.96,34.12,33.66,32.9,19.45,74.98,62.48,57.75,48.64,904.55,863.5,,,1060.56,1005.56,968.48,885.52,,1.28,,,,25.82,,53,28.91
Freshara Agro Exports Ltd.,FRESHARA,,FRESHARA,INE0SFW01015,Other Food & Beverages,"Food, Beverages & Tobacco",207.9,207.9,488.55,74.98,62.58,61.62,60.38,55.09,27.86,53.58,4.4,5.62,199.49,193.95,186.41,181.6,208.14,208.07,205.66,197.43,189.57,1.63,1.28,0.78,,11.18,26,10.04,12.18
Frog Innovations Ltd.,FROG,,FROG,INE385O01018,Telecom Equipment,Telecommunications Equipment,201.5,201.5,313.42,70.31,55.88,57.78,45.05,48.25,71.69,66.02,10.13,6.31,165.73,153.96,151.32,184.1,185.43,178.53,171.89,160.83,162.55,-3.8,0.52,0.6,0.84,12.89,1.84,13.27,21.97
Frontier Springs Ltd.,,522195,FRONTSP,INE572D01014,Auto Parts & Equipment,Automobiles & Auto Components,1635.95,1635.95,1932.96,69.78,59.22,58.87,46.88,44.28,66.49,57.51,67.81,43.86,1469.77,1447.89,1430.06,1479.73,1683.51,1591.27,1545.44,1480.16,1452.33,-0.27,1.28,1.35,0.84,13.01,13.11,111.36,24.26
Fujiyama Power Systems Ltd.,UTLSOLAR,544613,UTLSOLAR,INE12UR01024,Other Electrical Equipment/Products,Consumer Durables,273.6,273.6,8396.83,35.64,29.04,29.29,36.83,31.81,78.38,56.08,15.33,19.62,254.83,228.11,218.99,,279.51,279.89,271.5,244.9,228.06,-0.21,0.62,,,23.81,,14.01,34.6
Fusion Finance Ltd.,FUSION,543652,FUSION,INE139R01012,Microfinance Institutions,Banking and Finance,202.75,202.75,3273.06,68.24,58.52,56.08,53.04,39.89,83.7,60.03,13.16,10.28,174.64,173.21,173.22,173.83,215.6,200.59,191.78,179.69,176.05,2.08,1.56,1.48,1.04,30.25,18.28,11.06,35.66
Future Consumer Ltd.,FCONSUMER,533400,FCONSUMER,INE220J01025,Packaged Foods,FMCG,0.35,0.35,69.9,30.6,25.15,25.28,25.28,12.45,47.04,40.62,-0.03,-0.03,0.39,0.42,0.53,0.75,0.34,0.35,0.36,0.42,0.53,-0.24,0.41,-0.06,0.07,-30,-63.16,0.02,30.86
Future Enterprises Ltd.,FEL,523574,FEL,INE623B01027,Specialty Retail,Retailing,0.45,0.45,20.47,56.53,46.57,46.46,44.86,39.5,33.09,48.91,0.01,0.01,0.44,0.43,0.44,0.49,0.46,0.46,0.46,0.44,0.45,0.59,0.49,0.24,0.29,7.14,9.76,0.01,28.45
Future Lifestyle Fashions Ltd.,FLFL,536507,FLFL,INE452O01016,Department Stores,Retailing,1.8,1.8,36.32,70.71,57.9,58.11,55.26,48.58,83.06,75.37,0.12,0.09,1.45,1.37,1.37,1.49,1.75,1.65,1.58,1.45,1.42,0.59,0.3,0.31,0.02,37.4,25,0.12,39.75
Future Market Networks Ltd.,FMNL,533296,FMNL,INE360L01017,Misc. Commercial Services,Commercial Services & Supplies,9.67,9.67,61.54,62.89,52.61,51.68,50.97,47.93,73.09,59.33,0.4,0.36,8.76,8.5,8.48,10.17,9.73,9.49,9.24,8.8,9.03,0.75,0.83,0.92,0.54,18.8,-14.95,0.69,25.96
Future Retail Limited(DVR),FELDVR,570002,FELDVR,IN9623B01058,Department Stores,Retailing,2.9,2.9,,49.16,41.24,40.4,48.81,36.48,56.12,51.98,0.04,0.04,2.81,2.81,2.9,3.13,2.92,2.91,2.88,2.85,2.93,0.22,0.11,-0.14,0.04,3.57,-12.12,0.18,24.38
G M Breweries Ltd.,GMBREW,507488,GMBREW,INE075D01018,Breweries & Distilleries,"Food, Beverages & Tobacco",915.4,915.4,2091.41,48.42,39.1,39.79,39.23,57.63,39.68,31.93,-14.41,-11.58,986.37,988.4,1017.81,947.44,953.82,958.34,967.49,986.99,990.36,0.72,1.05,1.07,0.96,-8.31,-25.22,26.71,13.22
G R Infraprojects Ltd.,GRINFRA,543317,GRINFRA,INE201P01022,Roads & Highways,Cement and Construction,936.2,936.2,9058.72,59.5,47.31,48.9,46.58,33.53,60.44,53.41,25.11,17.54,888.1,901.47,939.22,1072.45,978.72,946.23,928.41,919.06,956.13,0.75,0.55,0.64,0.82,12.2,-17.52,37.49,35.21
G-Tec Jainx Education Ltd.,GTECJAINX,,GTECJAINX,INE586X01012,IT Training Services,Software & Services,19.36,19.36,19.73,59.88,39.27,49.21,42.52,43.21,31.24,47.28,0,0.02,19.51,19.57,20.59,22.68,19.6,19.66,19.66,19.82,20.65,0.99,0.84,0.7,0.12,-0.77,-20.16,1.4,15.06
GACM Technologies Ltd-DVR,GATECHDVR,570005,GATECHDVR,INE224E01036,Investment Companies,Others,0.5,0.5,,66.68,46.46,54.8,51.97,40.13,52.36,54.96,0.02,0.01,0.46,0.45,0.46,0.49,0.51,0.5,0.48,0.47,0.48,-1.29,0.92,0.87,0.51,11.11,,0.04,27.84
GACM Technologies Ltd.,GATECH,531723,GATECH,INE224E01028,Other Financial Services,Banking and Finance,0.56,0.56,61.75,62.11,50.29,51.04,47.03,39.26,83.21,69.77,0.02,0.01,0.48,0.47,0.5,0.56,0.52,0.51,0.5,0.49,0.51,-0.63,1.11,1.01,0.79,14.29,-9.68,0.03,20.46
GAIL (India) Ltd.,GAIL,532155,GAIL,INE129A01019,Utilities:Non-Electrical,Utilities,160.35,160.35,105431.72,50.96,41.65,41.88,48.18,38.71,57.35,50.31,2.89,3.39,156.57,155.18,160.88,169.39,164.46,163.23,161.47,158.98,161.62,0.62,1.11,1.02,1.37,5.34,-10.41,3.73,22.36
GE Power India Ltd.,GVPIL,532309,GVPIL,INE878A01011,Heavy Electrical Equipment,General Industrials,671.3,671.3,4512.98,93.03,77.28,76.45,77.03,70.65,84.19,76.45,54.42,46.82,519.65,491.38,416.29,374.13,652.88,614.7,580.24,507.07,448.65,0.35,0.93,1.37,1.31,52.69,129.31,33.07,50.56
GE Vernova T&D India Ltd.,GVT&D,522275,GVT&D,INE200A01026,Industrial Machinery,General Industrials,4282.4,4282.4,109649.35,76.82,63.2,63.13,70.39,68.43,62.5,49.86,161.35,192.58,4196.35,4009.79,3583.48,3228.73,4534.42,4458.61,4368.31,4057.56,3718.84,0.14,1.06,0.96,0.87,9.49,42.72,195.96,43.81
GFL Ltd.,GFLLIMITED,500173,GFLLIMITED,INE538A01037,Holding Companies,Diversified,47.33,47.33,519.92,58.66,39.02,48.21,47.59,39.36,64.04,51.42,1.08,1.1,45.56,44.97,48.96,55.51,48.74,48.09,47.4,46.85,49.18,0.58,1.04,1.09,0.97,6.24,-22.61,2.6,20.26
GHCL Ltd.,GHCL,500171,GHCL,INE539A01019,Commodity Chemicals,Chemicals & Petrochemicals,469.65,469.65,4326.92,49.87,39.02,40.98,48.45,38.4,47.89,40.33,6.06,10.63,489.2,476.94,508.08,551.51,503.2,502.97,499.8,494.62,510.3,1.41,1.15,1.01,0.89,0.61,-23.13,17.93,28.59
GHCL Textiles Ltd.,GHCLTEXTIL,543918,GHCLTEXTIL,INE0PA801013,Textiles,Textiles Apparels & Accessories,85.83,85.83,820.41,68.02,56.18,55.9,64,55.67,79.26,49.66,2.85,3.38,84.04,80.02,77.69,78.62,90.54,89.04,87.43,82.77,80.19,1.47,1.12,1.12,,3.68,7.11,4.69,21.53
GIC Housing Finance Ltd.,GICHSGFIN,511676,GICHSGFIN,INE289B01019,Housing Finance,Banking and Finance,148.51,148.51,799.74,50.06,41.23,41.14,48.44,39.76,40.86,44.75,1.08,1.49,149.36,148.5,158.03,166.6,153.54,152.6,151.93,152.06,156.56,1.18,1.02,0.85,1.14,1.83,-14,4.25,23.81
GK Energy Ltd.,GKENERGY,544525,GKENERGY,INE1AG301022,Compressors & Pumps,General Industrials,121.27,121.27,2459.57,40.64,33.53,33.4,42.4,29.24,44.95,48,4.34,5.68,118.34,113.36,123.38,,129.28,127.75,125.28,120.9,131.8,1.66,1.85,,,12.46,-40.35,6.71,28.13
GKW Ltd.,GKWLIMITED,504704,GKWLIMITED,INE528A01020,Other Financial Services,Banking and Finance,1675.6,1675.6,999.75,60.49,48.85,49.71,49.36,40.16,87.23,54.83,45.7,31.47,1587.27,1601.58,1651.58,1686.4,1753.6,1685.88,1653.67,1627.65,1647.53,0.75,0.9,0.95,0.79,7.55,-1.38,69.25,26.54
GMM Pfaudler Ltd.,GMMPFAUDLR,505255,GMMPFAUDLR,INE541A01023,Industrial Machinery,General Industrials,862.2,862.2,3876.21,46.45,29.84,38.17,39.65,39.76,45.92,38.54,-1.68,2.53,892.13,890.45,956.86,1072.51,895.47,897.28,898.49,911.4,957.17,0.7,0.92,0.72,0.53,-3.13,-32.72,27.98,11.22
GMR Airports Ltd.,GMRAIRPORT,532754,GMRAIRPORT,INE776C01039,Construction & Engineering,Cement and Construction,94.69,94.69,99982.94,70.04,44.99,57.56,60.24,50.95,50.45,46.33,1.1,1.21,95.23,94.76,97.09,95.01,98.8,97.59,96.91,95.94,95.82,1.41,1.67,1.45,1.29,0.17,0.25,3.11,12.72
GMR Power and Urban Infra Ltd.,GMRP&UI,543490,GMRP&UI,INE0CU601026,Power - Electric Utilities,Utilities,104.89,104.89,8192.09,59.24,39.27,48.68,49.49,38.84,51.91,46.27,0.74,1,105.07,106.38,107.17,111.91,108.38,107.58,107.12,106.63,107.94,1.33,1.69,1.6,1.54,2.67,-12.02,3.76,11.26
GNA Axles Ltd.,GNA,540124,GNA,INE934S01014,Auto Parts & Equipment,Automobiles & Auto Components,384.75,384.75,1651.76,73.13,51.76,60.1,60.19,68.05,23.72,38.86,-2.54,4.09,416.86,412.34,387.65,349.88,409.06,414.83,417.72,410.58,391.7,1.58,1.76,1.6,1.15,-6.08,22.26,21.17,16.2
GNG Electronics Ltd.,EBGNG,544455,EBGNG,INE18JU01028,Computer Hardware,Hardware Technology & Equipment,431.3,431.3,4917.32,64.97,53.58,53.39,53.05,49.67,38.57,57.29,14.33,13.94,402.43,389.97,344.64,,431.62,424.51,416.05,390.05,366.82,0.06,0.86,,,15.99,25.43,27.18,23.5
GOCL Corporation Ltd.,GOCLCORP,506480,GOCLCORP,INE077F01035,Oil Marketing & Distribution,Oil & Gas,306.35,306.35,1518.65,59.88,49.32,49.21,45.67,45.95,32.82,48.2,11.04,15.23,305.88,281.9,278.83,313.67,323.56,321.84,316.05,296.66,292.91,2.45,1.79,1.55,1.23,11.73,-9.66,14.16,20.76
GP Eco Solutions India Ltd.,GPECO,,GPECO,INE0S7E01015,Other Electrical Equipment/Products,Consumer Durables,353.9,353.9,418.69,50.06,39.6,41.14,40.57,47.3,31.15,45.93,4.63,7.94,358.74,346.99,364.86,451.44,366.54,368.18,365.98,360.65,376.81,1.59,1.57,1.4,,-1.15,-28.66,18.72,18.97
GP Petroleums Ltd.,GULFPETRO,532543,GULFPETRO,INE586G01017,Oil Marketing & Distribution,Oil & Gas,33.46,33.46,170.59,61.22,49.45,50.31,50.39,40.06,68.89,53.72,0.91,0.88,31.85,31.23,32.6,36.4,34.52,33.74,33.16,32.36,33.25,1.76,1.11,1.02,1.26,3.08,-16.06,1.35,17.03
GPT Healthcare Ltd.,GPTHEALTH,544131,GPTHEALTH,INE486R01017,Healthcare Facilities,Healthcare,141.85,141.85,1163.95,64.69,52.31,53.16,52.11,51.53,64.9,61.12,3.56,3.43,134.41,129.97,131.72,141.91,142.32,140.27,138.1,133.8,134.32,-0.46,0.56,0.56,,3.58,-2.45,5.31,32.05
GPT Infraprojects Ltd.,GPTINFRA,533761,GPTINFRA,INE390G01014,Construction & Engineering,Cement and Construction,112.81,112.81,1425.52,69.49,49.87,57.11,56.17,44.95,66.76,47.39,1.64,1.99,112.46,111.83,110.48,112.58,116.68,116.04,115.07,112.81,111.99,0.87,1.37,1.27,1.32,2.56,6.14,4.63,14.21
GRM Overseas Ltd.,GRMOVER,531449,GRMOVER,INE192H01020,Other Agricultural Products,"Food, Beverages & Tobacco",158.12,158.12,3276.4,68.18,56.63,56.03,66.46,65.39,43.93,39.42,0.02,1.06,162.49,160.12,161.68,147.57,161.35,162.39,162.57,161.46,158.06,0.19,0.32,0.54,0.69,-5.85,7.08,6.28,13.54
GRP Ltd.,GRPLTD,509152,GRPLTD,INE137I01015,Auto Tyres & Rubber Products,Automobiles & Auto Components,1794.7,1794.7,957.17,43.44,36,35.7,47.6,51.53,35.7,38.57,-12.36,6.39,1925.52,1862.31,1805.7,1957.03,1861.04,1882.45,1895.09,1876.57,1884.46,0.74,0.03,0.61,0.8,-7.84,-11.25,91,15.88
GSM Foils Ltd.,GSMFOILS,,GSMFOILS,INE0SQY01018,Containers & Packaging,Commercial Services & Supplies,198.65,198.65,279.95,54.88,43.29,45.1,55.21,40.65,13.12,47.03,1.31,2.17,199.41,199.99,202.66,209.8,204.72,204.27,203.56,202.13,202.42,1.62,1.37,0.85,,5.02,-6.76,10.13,11.73
GSP Crop Science Ltd.,GSPCROP,544733,GSPCROP,INE713R01022,Agrochemicals,Chemicals & Petrochemicals,420.8,420.8,1957.51,,,,,,62.07,58.97,,,402.67,,,,423.47,419.34,411.6,,,1.29,,,,8.72,,21.28,69.31
GSS Infotech Ltd.,GSS,532951,GSS,INE871H01011,IT Consulting & Software,Software & Services,13.51,13.51,35.34,47.93,37.29,39.39,35.14,43.32,28.55,45,0.12,0.32,13.77,13.18,14.42,20.03,13.98,14.13,14.09,14.01,15.57,-0.28,1.15,0.87,0.74,-6.05,-43.68,0.84,24.9
GTL Infrastructure Ltd.,GTLINFRA,532775,GTLINFRA,INE221H01019,Telecom Equipment,Telecommunications Equipment,1.28,1.28,1639.57,63.94,51.77,52.55,40.9,46.8,78.42,54.71,0.05,0.04,1.2,1.15,1.15,1.31,1.34,1.29,1.25,1.19,1.2,0.84,1.36,1.14,0.94,6.67,-9.86,0.08,37.52
GTL Ltd.,GTL,500160,GTL,INE043A01012,Other Telecom Services,Telecom Services,7.6,7.6,119.55,61.26,48.81,50.34,40.09,48.14,70.1,56.34,0.22,0.19,7.11,6.95,7.31,8.22,7.72,7.54,7.4,7.23,7.44,0.79,2.07,1.62,1.08,2.43,-15.93,0.39,18.34
GTPL Hathway Ltd.,GTPL,540602,GTPL,INE869I01013,Broadcasting & Cable TV,Media,67,67,753.5,45.35,36.77,37.27,37.82,35.26,51.1,50.77,0.83,0.95,65.89,63.45,75.2,92.71,68.03,67.65,67.12,67.9,74.84,0.82,0.91,0.79,0.78,2.34,-36.82,2.53,13.13
GVK Power & Infrastructure Ltd.,GVKPIL,532708,GVKPIL,INE251H01024,Construction & Engineering,Cement and Construction,3.38,3.38,533.77,65.61,54.16,53.92,50.54,36.86,71.4,68.25,0.2,0.18,2.93,2.84,2.94,3.22,3.48,3.33,3.2,3,3.02,0.56,0.29,0.33,0.43,31.01,3.68,0.07,51.46
GVP Infotech Ltd Partly Paidup,GVPTECHPP,,GVPTECHPP,IN9382T01012,Others,Others,2.57,2.57,,44.99,33.3,36.97,41.23,27.44,14.46,39.55,0.05,0.08,2.75,2.75,3.38,,2.96,2.95,2.92,2.96,3.3,1.21,0.87,,,4.47,-35.59,0.39,21.62
GVP Infotech Ltd.,GVPTECH,,GVPTECH,INE382T01030,IT Consulting & Software,Software & Services,6.71,6.71,116.38,47.29,39.51,38.86,39.9,35.22,33.74,45.27,0.04,0.09,6.77,6.62,7.47,8.59,6.88,6.91,6.89,6.94,7.41,0.95,0.49,0.35,0.56,-3.17,-27.62,0.48,12.91
Gabriel India Ltd.,GABRIEL,505714,GABRIEL,INE524A01029,Auto Parts & Equipment,Automobiles & Auto Components,1098.7,1098.7,15782.16,63.04,52.29,51.81,50.17,39.51,88.15,65.69,49.44,41.48,983.31,950.89,963.11,1059.12,1113.46,1070.13,1038.25,987.75,984.01,0.97,1.43,1.25,1.09,21.11,-10.16,42.08,32.07
Gajanand International Ltd.,GAJANAND,,GAJANAND,INE0QTE01018,Commodity Trading  & Distribution,Commercial Services & Supplies,8.3,8.3,15.63,52.11,42.82,43.35,44.58,,75.46,49.48,0.1,0.04,7.96,8.48,9.64,11.35,8.59,8.45,8.35,8.64,9.58,-1.67,-0.4,-0.3,,13.7,-34.13,0.54,21.98
Gala Precision Engineering Ltd.,GALAPREC,544244,GALAPREC,INE0RE001014,Other Industrial Goods,General Industrials,819.7,819.7,1049.02,69.07,56.64,56.76,54.07,40.82,74.07,59.23,21.95,13.77,763.96,755.2,760.48,774.05,830.33,803.21,788.18,768.73,765.97,0.79,0.67,0.61,,13.08,9.68,36.47,21.3
Galaxy Medicare Ltd.,GML,,GML,INE09A801015,Medical Equipment,Healthcare,18.05,18.05,27.39,43.9,33.58,36.08,44.05,38.21,52.95,44.57,0.33,0.48,18.68,17.95,19.07,,19.34,19.3,19.12,18.82,19.94,-0.6,-0.13,,,6.49,-10.86,0.95,22.62
Galaxy Surfactants Ltd.,GALAXYSURF,540935,GALAXYSURF,INE600K01018,Specialty Chemicals,Chemicals & Petrochemicals,1871.3,1871.3,6634.66,58.66,48.12,48.21,47.54,39.34,60.85,55.13,34.31,29.71,1787.95,1801.77,1868.24,2072.09,1900.14,1868.51,1845.25,1829.74,1888.34,1.31,1.35,0.99,0.69,3.36,-17.2,64.08,23.63
Gallantt Ispat Ltd.,GALLANTT,532726,GALLANTT,INE297H01019,Iron & Steel/Interm.Products,Metals & Mining,817.1,817.1,19715.06,78,62.33,64.1,63.9,52.26,71.41,53.67,52.33,63.75,765.45,678.42,615.37,626.13,857.12,848.84,820.15,725.96,662.23,1.47,1.07,1.11,1.07,22.78,56.26,53.11,48.66
Gandhar Oil Refinery (India) Ltd.,GANDHAR,544029,GANDHAR,INE717W01049,Refineries/Petro-Products,Oil & Gas,141.13,141.13,1381.37,65.05,51.73,53.46,43.59,40.38,88.55,49.87,2.97,2.75,138.2,135.98,143.14,143.57,149.61,144.36,142.43,140.04,141.04,2.77,1.51,1.16,,4.7,6.47,7.34,18.88
Gandhi Special Tubes Ltd.,GANDHITUBE,513108,GANDHITUBE,INE524B01027,Iron & Steel Products,Metals & Mining,889,889,1080.31,78.47,63.63,64.49,54.12,60.85,68.1,59.8,11.75,10.45,847.3,839.17,804.53,821.48,875.3,866.85,859.75,840.32,824.07,0.18,1.06,0.93,0.76,6.26,7.24,30.64,18.2
Ganesh Benzoplast Ltd.,GANESHBE,500153,GANESHBE,INE388A01029,Commodity Chemicals,Chemicals & Petrochemicals,89.73,89.73,645.96,70.19,55.65,57.68,60.12,53.83,55.28,43.36,2.66,4.25,92.05,86.72,82.47,86.1,96.31,96.6,95.32,89.59,86.67,1.01,1.25,1.31,1.1,8.53,6.16,4.64,28.02
Ganesh Consumer Products Ltd.,GANESHCP,544528,GANESHCP,INE652V01016,Packaged Foods,FMCG,195.77,195.77,791.16,48.75,40.88,40.06,40.9,38.6,75.84,49.72,6.02,5.64,193.64,183.99,195.74,,208.68,202.48,198.7,193.81,207.59,1.28,1.19,,,0.1,-25.53,10.47,29.86
Ganesh Green Bharat Ltd.,GGBL,,GGBL,INE0R8C01018,Power - Electric Utilities,Utilities,320.55,320.55,795,53.74,42.47,44.16,50.76,36.61,62.73,51.68,15.15,17.24,303.11,287.18,290.77,355.54,337.05,332.39,323.47,304.27,309.99,1.97,1.57,1.37,,22.65,-21.18,17.42,29.75
Ganesh Housing Ltd.,GANESHHOU,526367,GANESHHOU,INE460C01014,Realty,Realty,662.6,662.6,5525.23,57.63,46.29,47.36,45.35,34.36,75,52.49,18.62,16.05,626.11,627.73,692.64,773.08,689.02,671.55,658.78,653.67,690.6,1.37,1.63,1.39,1.32,13.37,-19.75,30.8,24.89
Ganesh Infraworld Ltd.,GANESHIN,,GANESHIN,INE0TVT01024,Construction & Engineering,Cement and Construction,76.2,76.2,325.54,26.7,24.2,21.94,29.7,28.58,4.76,37.67,-1.06,0.6,82.95,81.07,104.85,166.44,80.39,83.36,84.2,88.94,109.1,3.06,1.02,1.14,,4.31,-65.4,4.52,23.79
Ganesha Ecosphere Ltd.,GANECOS,514167,GANECOS,INE845D01014,Textiles,Textiles Apparels & Accessories,1001.5,1001.5,2683.62,55.61,45.54,45.7,46.97,52.4,55.95,48.44,24.39,36.76,1027.45,927.59,858,1039.26,1034.9,1037.77,1027.2,962.22,946.27,0.88,0.45,0.66,0.85,-4.81,-14.71,53.21,22.81
Ganga Bath Fittings Ltd.,GANGABATH,,GANGABATH,INE0ZI101018,Household Appliances,Consumer Durables,23.75,23.75,52.74,59.84,49.02,49.18,47.97,47.43,47.01,56.09,0.74,0.92,22.7,21.16,20.59,23.29,24.14,23.88,23.49,22.14,22.09,0.73,0.7,,,4.17,-6.68,1.09,16.69
Ganga Forging Ltd.,GANGAFORGE,,GANGAFORGE,INE691Z01023,Castings & Forgings,General Industrials,2.5,2.5,33.7,38.27,30.48,31.45,37.03,37.33,10.58,31.94,-0.06,-0.02,2.74,2.79,3.07,3.29,2.61,2.7,2.74,2.84,3.02,0.25,0.77,0.67,0.69,-7.06,-27.54,0.15,37.91
Ganges Securities Ltd.,GANGESSECU,540647,GANGESSECU,INE335W01016,Tea & Coffee,"Food, Beverages & Tobacco",126.94,126.94,126.99,50.67,42.58,41.64,49.47,39.14,45.01,54.79,2.19,2.39,122.36,120.43,125.59,140.47,128.02,126.95,125.6,123.94,127.83,1.03,1.1,0.87,1.12,4.08,-15.58,6.65,24.87
Garden Reach Shipbuilders & Engineers Ltd.,GRSE,542011,GRSE,INE382Z01011,Aerospace & Defence,General Industrials,2791.3,2791.3,31974.9,72.18,49.26,59.32,56.93,50.8,74.53,51.35,128.42,140.1,2654.04,2541.37,2489.69,2544.12,2979.8,2896.33,2819.57,2644.62,2566.83,1.2,1.77,1.47,1.41,10.61,8.01,150.91,33.19
Garuda Construction and Engineering Ltd.,GARUDA,544271,GARUDA,INE0JVO01026,Construction & Engineering,Cement and Construction,172.68,172.68,1606.64,62.16,47.42,51.08,51.87,41.35,78.37,46.92,6.1,5.53,170.94,168.84,176.81,188.86,192.07,183.73,179.73,175.01,177.01,0.91,1.87,1.88,,5.89,-26.8,9.46,20.41
Garware Hi-Tech Films Ltd.,GRWRHITECH,500655,GRWRHITECH,INE291A01017,Containers & Packaging,Commercial Services & Supplies,4948.1,4948.1,11495.62,86.97,71.11,71.47,67.61,57.93,81.48,63.99,342.98,228,4086.74,4013.83,3734.47,3536.75,5184.26,4690.12,4457.7,4107.85,3887.67,2.14,1.44,1.66,1.38,35.76,48.08,283.29,32.01
Garware Technical Fibres Ltd.,GARFIBRES,509557,GARFIBRES,INE276A01018,Textiles,Textiles Apparels & Accessories,625.25,625.25,6206.59,58.77,41.87,48.3,39.8,37.43,46.47,47.98,3.61,3.65,624.77,623.53,647.01,712.95,646.35,635.15,632.63,634.13,654.65,2.2,0.7,0.86,0.62,3.79,-15.66,23.98,13.54
Gateway Distriparks Ltd.,GATEWAY,543489,GATEWAY,INE079J01017,Warehousing & Logistics,Transportation,56.68,56.68,2831.98,60.01,40.46,49.32,50.26,40.35,69.81,45.56,0.7,0.83,57.12,56.3,57.87,60.68,59.1,58.44,58.02,57.41,58.11,1.31,1.36,1.2,0.97,0.07,-8.15,2.03,14.73
Gaudium IVF And Women Health Ltd.,GAUDIUMIVF,544709,GAUDIUMIVF,INE0P8B01020,Misc. Commercial Services,Commercial Services & Supplies,110.75,110.75,806.11,,,,,,92.16,52.77,7.18,8.59,102.42,,,,117.46,115.38,111.36,,,-0.56,,,,24.2,,8.36,30.38
Gayatri Highways Ltd.,GAYAHWS,541546,GAYAHWS,INE287Z01012,Roads & Highways,Cement and Construction,2.35,2.35,56.32,62.08,41.71,51.02,43.75,39.42,32.05,49.96,0.03,0.03,2.32,2.27,2.44,2.66,2.41,2.38,2.36,2.36,2.44,0.74,0.93,0.46,0.02,4.91,-42.12,0.16,20.34
Gayatri Projects Ltd.,GAYAPROJ,532767,GAYAPROJ,INE336H01023,Construction & Engineering,Cement and Construction,18.61,18.61,864.06,87.25,71.51,71.7,70.69,75.55,57.73,58.12,1.17,1.42,17.24,14.91,11.73,9.57,19.11,18.75,18.14,15.56,13.04,-0.03,0.56,0.39,0.15,19.29,165.1,1.01,44.2
Gayatri Rubbers and Chemicals Ltd.,GRCL,,GRCL,INE0LVM01018,Auto Tyres & Rubber Products,Automobiles & Auto Components,559.95,559.95,321.3,73.84,61.09,60.68,55.25,47.62,98.18,82.27,40.96,23.27,408.25,401.86,387.9,409.57,526.42,477.51,449.11,412.84,401.72,0.1,0.21,0.22,,48.9,43.58,24.54,29.38
GeeCee Ventures Ltd.,GEECEE,532764,GEECEE,INE916G01016,Realty,Realty,296.4,296.4,619.82,62.12,41.58,51.05,41.49,49.57,46.78,52.19,6.12,6.64,285.53,279.32,297.12,328.9,301.5,299.06,295.33,290.52,300.15,0.4,1.53,1.08,0.9,-1.03,-15.37,14.97,25.46
Geekay Wires Ltd.,GEEKAYWIRE,,GEEKAYWIRE,INE669X01032,Iron & Steel Products,Metals & Mining,26.45,26.45,276.46,52.42,42.31,43.08,41.45,37.15,37.19,52,0.82,0.92,25.28,24.09,26.99,30.56,27.32,26.9,26.41,25.74,26.99,1.44,1.23,0.99,0.91,7.74,-19.48,1.67,25.21
Gem Aromatics Ltd.,GEMAROMA,544491,GEMAROMA,INE06XZ01023,Specialty Chemicals,Chemicals & Petrochemicals,155.79,155.79,813.8,28.44,22.52,23.37,22.52,31.49,56.94,37.89,-1.84,-1.21,162.55,170.71,169.87,,163.04,163.8,164.89,168.67,179.78,0.91,0.74,,,-5.17,-27.57,6.55,14.15
General Insurance Corporation of India,GICRE,540755,GICRE,INE481Y01014,General Insurance,Banking and Finance,382.4,382.4,67088.26,69.93,55.18,57.47,55.33,53.21,54.06,42.42,2.46,4.85,391.33,382.66,379.32,379.21,393.6,394.64,393.65,387.36,383.41,0.99,0.83,0.8,1.05,-1.71,2.26,10.36,28.38
Generic Engineering Construction and Projects Ltd.,GENCON,539407,GENCON,INE854S01022,Realty,Realty,39.64,39.64,225.89,44.85,36.64,36.86,40.36,50.87,18.34,33.7,-1,-0.9,42.19,43.18,45.37,44.17,40.44,40.9,41.49,43.17,44.06,0.21,0.28,0.57,0.77,-9.7,-5.1,1.59,12.06
Genesys International Corporation Ltd.,GENESYS,506109,GENESYS,INE727B01026,IT Consulting & Software,Software & Services,218.25,218.25,912.08,24.57,19.86,20.19,28.94,28.41,46.28,36.31,-5.23,-1.82,250.87,261.3,313.49,422.58,248.68,251.27,254.48,270.79,316.6,2.33,1.74,1.67,1.65,-6.87,-54.86,17.09,16.61
Gensol Engineering Ltd.,GENSOL,542851,GENSOL,INE06H201014,Construction & Engineering,Cement and Construction,20.9,20.9,79.43,29.84,24.52,25.06,25.06,18.14,69.14,41.83,-0.4,-0.61,23.05,23.98,28.07,86.9,23.21,22.46,22.62,24.91,46.66,-0.13,-0.01,0.11,,-25.09,-58.52,1.27,22.9
Genus Paper & Boards Ltd.,GENUSPAPER,538961,GENUSPAPER,INE949P01018,Paper & Paper Products,Commercial Services & Supplies,12.62,12.62,324.49,55.35,44.04,45.49,41.73,38.36,24.15,43.7,0.21,0.4,12.69,12.31,12.48,14.69,13.09,13.22,13.13,12.75,13.06,1.06,1.62,1.22,1.06,6.59,-20.88,0.72,18.01
Genus Power Infrastructures Ltd.,GENUSPOWER,530343,GENUSPOWER,INE955D01029,Other Electrical Equipment/Products,Consumer Durables,307.7,307.7,9360.78,64.97,44.98,53.39,53.73,39.87,75.65,55.68,16.14,16.22,284.29,270.66,275.35,304.48,325.8,314.17,304.24,285.26,284.63,2.32,1.69,1.47,1.24,19.69,-13.19,14.35,32.02
Geojit Financial Services Ltd.,GEOJITFSL,532285,GEOJITFSL,INE007B01023,Capital Markets,Banking and Finance,69.74,69.74,1945.92,65.05,53.47,53.46,40.55,39.59,46.94,62.22,1.89,1.47,63.89,62.41,67.22,70.88,69.45,67.51,66.25,65,66.72,1.63,1.45,1.29,1.34,11.92,-3.15,2.79,18.24
Gillanders Arbuthnot & Company Ltd.,GILLANDERS,532716,GILLANDERS,INE047B01011,Tea & Coffee,"Food, Beverages & Tobacco",98.84,98.84,210.95,59.15,49.07,48.61,47.27,45.01,76.15,55.83,4.22,3.64,92.15,89.02,93.2,107.43,104.7,99.45,96.7,93.07,95.75,1.34,1.06,0.98,0.75,10.29,-17.53,5.93,39.1
Gillette India Ltd.,GILLETTE,507815,GILLETTE,INE322A01010,Personal Products,FMCG,7882.5,7882.5,25685.28,57.91,39.96,47.59,45.65,38.73,52.47,47.35,23.98,28.06,7827.58,7924.5,8108.68,8853,7962.9,7968.55,7949.66,7989.51,8187.8,0.33,0.61,0.53,0.48,3.59,-9.46,177.96,13.7
Ginni Filaments Ltd.,GINNIFILA,590025,GINNIFILA,INE424C01010,Textiles,Textiles Apparels & Accessories,41.74,41.74,357.5,67.89,45.86,55.79,48.17,51.03,62.14,49.85,1.3,1.43,40.9,39.16,39.42,42.25,44.43,43.17,42.4,40.62,40.19,1.29,0.91,1.03,0.98,2.3,-5.78,2.68,18.3
Giriraj Civil Developers Ltd.,GIRIRAJ,,GIRIRAJ,INE614Z01017,Construction & Engineering,Cement and Construction,188,188,449.71,48.77,41.17,40.08,46.95,43.57,30.32,55.46,5.85,6.96,182.29,166.33,166.5,227.73,189.53,188.72,185.34,178.48,187.65,0.22,0.31,0.15,0.1,6.97,-49.87,8.9,14.35
Gland Pharma Ltd.,GLAND,543245,GLAND,INE068V01023,Pharmaceuticals,Pharmaceuticals & Biotechnology,1872.1,1872.1,30844.05,65.92,54.29,54.17,51.17,47.96,68.76,59.88,39.52,26.59,1768.3,1739.82,1743.72,1828.28,1875.54,1830.62,1803.94,1769.06,1767.63,1.11,0.79,0.67,0.67,7.03,-1.4,59.12,23.59
GlaxoSmithKline Pharmaceuticals Ltd.,GLAXO,500660,GLAXO,INE159A01016,Pharmaceuticals,Pharmaceuticals & Biotechnology,2448.8,2448.8,41484.14,59.54,49.25,48.93,31.38,39.18,56.66,54.03,8.04,1.62,2393.6,2426.64,2450.92,2590.12,2453.3,2426.91,2420.04,2428.55,2471.75,0.21,0.57,0.58,0.63,3.78,-6.01,66.74,17.85
Glenmark Pharmaceuticals Ltd.,GLENMARK,532296,GLENMARK,INE935A01035,Pharmaceuticals,Pharmaceuticals & Biotechnology,2257.1,2257.1,63695.54,74.06,59.86,60.86,67.03,57.74,44.79,46.1,45.59,57.37,2258.59,2211.43,2107.11,2039.34,2344,2336.98,2311.79,2224.2,2135.47,0.06,0.77,0.53,0.74,4.06,24.67,70.88,22.48
Global Education Ltd.,GLOBAL,,GLOBAL,INE291W01037,Education,Diversified Consumer Services,107.31,107.31,546.22,86.89,71.29,71.41,70.46,71.69,65.8,53.06,3.7,2.75,102.3,101.41,94.77,82.02,114.37,108.57,106.14,101.19,94.98,2.26,1.33,1.05,0.8,9.03,51.87,6.51,23
Global Health Ltd.,MEDANTA,543654,MEDANTA,INE474Q01031,Healthcare Facilities,Healthcare,1193.1,1193.1,32076.72,62.01,52.21,50.96,48.1,36.75,53.87,60.86,37.54,29.19,1097.96,1091.25,1117.4,1216.36,1204.28,1171.61,1146.46,1116.89,1132.39,0.76,0.95,0.61,0.62,13.59,-6.84,39.65,35.49
Global Pet Industries Ltd.,GLOBALPET,,GLOBALPET,INE0PS501019,Industrial Machinery,General Industrials,135,135,159.13,64.32,52.87,52.86,48.13,36.8,93.73,71.23,7.74,4.2,107.79,110.99,120.93,126.38,133.04,123.51,117.9,114.34,117.96,0.51,-0.08,0.07,,56.52,2.04,6.22,35.05
Global Surfaces Ltd.,GSLSU,543829,GSLSU,INE0JSX01015,Furniture-Furnishing,Diversified Consumer Services,55.84,55.84,236.66,41.54,32.86,34.14,33.22,29.96,21.68,39.7,-1.2,-1.37,56.67,62.49,78.24,95.05,57.67,57.98,58.47,64.16,75.29,0.82,1,1.16,1.13,1.53,-54.36,3.33,18.77
Global Vectra Helicorp Ltd.,GLOBALVECT,532773,GLOBALVECT,INE792H01019,Airlines,Transportation,167.29,167.29,234.21,51.84,39.51,42.6,40.58,46.94,30.54,41.17,1.46,3.93,177.43,169.83,177.71,195.73,179.93,180.59,180.19,176.88,180.96,1.26,1.46,1.48,1.08,-3,-25.87,9.79,13.35
Globale Tessile Ltd.,GLOBALE,544234,GLOBALE,INE0URU01010,Textiles,Textiles Apparels & Accessories,13.89,13.89,14.75,60.81,51.68,49.97,56.32,40.13,57.55,65.8,0.64,0.72,12.64,11.91,11.89,12.51,14.02,13.83,13.45,12.55,12.34,1.07,0.95,0.62,,29.81,11.03,0.96,30.03
Globe Civil Projects Ltd.,GLOBECIVIL,544424,GLOBECIVIL,INE0V3U01015,Construction & Engineering,Cement and Construction,44.55,44.55,266.05,45.97,35.19,37.78,45,29.32,44.81,42.97,0.47,0.75,45.09,45.4,50.27,62.36,47.25,47.08,46.78,47.23,51.5,2.18,1.47,,,4.82,-38.21,2.72,19.53
Globe Enterprises (India) Ltd.,GLOBE,,GLOBE,INE581X01021,Textiles,Textiles Apparels & Accessories,2.49,2.49,112.15,54.11,43.88,44.47,60,50.81,56.02,50.28,0.01,0.01,2.44,2.47,2.61,2.49,2.51,2.5,2.49,2.51,2.54,0.26,1.29,1.01,0.7,0.81,-4.6,0.14,17.79
Globe International Carriers Ltd.,GICL,,GICL,INE947T01022,Surface Transportation,Transportation,39.26,39.26,439.53,58.55,47.73,48.12,49.46,50.46,52.78,38.71,-0.33,-0.35,40.22,42.05,43.95,40.57,40.43,40.45,40.6,41.64,42.05,0.23,0.24,0.39,0.14,-3.56,-5.05,1.74,14.87
Globesecure Technologies Ltd.,GSTL,,GSTL,INE00WS01056,IT Software Products,Software & Services,22.15,22.15,35.31,65.92,53.12,54.17,67.23,68.74,,18.02,-1.8,-0.14,32.09,29.4,21.75,15.99,24.56,27.87,29.41,28.13,23.85,0.77,0.05,0.02,-0.19,-35.33,182.17,0.95,57.27
Globus Spirits Ltd.,GLOBUSSPR,533104,GLOBUSSPR,INE615I01010,Breweries & Distilleries,"Food, Beverages & Tobacco",940,940,2715.5,53.24,41.83,43.75,53.35,47.65,42.81,41.05,25.14,41.6,981.58,933.98,958.46,1039.64,1029.76,1031.42,1018.6,978.19,977.67,1.12,0.95,0.91,0.97,0.61,-18.4,48.08,30.86
Gloster Ltd.,GLOSTERLTD,542351,GLOSTERLTD,INE350Z01018,Jute & Jute Products,Forest Materials,651.15,651.15,712.57,62.05,52.29,50.99,50.49,45.81,87.66,66.51,26.21,21.08,591.58,570.88,596.22,620.67,663.99,635.87,618.66,594.69,597.29,1.52,0.69,0.58,,12.52,4.18,33.01,38.45
Glottis Ltd.,GLOTTIS,544557,GLOTTIS,INE0TQE01026,Warehousing & Logistics,Transportation,58.46,58.46,540.19,43.2,35.74,35.5,36.87,40.33,60.86,55.28,2.6,3.03,54.27,50.5,52.81,,59.44,59.01,57.52,54.2,56.27,-0.87,1.22,,,21.64,-15.56,3.35,27.62
Go Digit General Insurance Ltd.,GODIGIT,544179,GODIGIT,INE03JT01014,General Insurance,Banking and Finance,309.2,309.2,28515.8,47.87,31.69,39.34,33.43,30.01,40.35,39.67,-3.77,-3.76,317.78,323.61,328.32,341.96,311.11,312.51,314.76,320.92,327.45,0.19,0.16,0.35,,-3,-13.02,8.83,14.55
Go Fashion (India) Ltd.,GOCOLORS,543401,GOCOLORS,INE0BJS01011,Other Apparels & Accessories,Textiles Apparels & Accessories,272,272,1469.04,40.2,21.68,33.04,19.89,25.14,36.92,43.75,-1.64,-0.78,282.16,283.33,346.38,508.3,283.46,284.32,284.95,300.73,359.5,1.87,1.52,1,0.75,-2.44,-57.63,15.88,17.32
Goa Carbon Ltd.,GOACARBON,509567,GOACARBON,INE426D01013,Refineries/Petro-Products,Oil & Gas,404.7,404.7,370.35,64.95,51.7,53.38,48.67,34.89,71.32,62.13,19.56,15.58,354.94,344.67,367.61,406.37,407.33,392.12,379.19,363.19,372.07,1.01,1.54,1.28,1.11,24.1,-6.13,20.75,31.98
Godavari Biorefineries Ltd.,GODAVARIB,544279,GODAVARIB,INE497S01012,Specialty Chemicals,Chemicals & Petrochemicals,294.55,294.55,1507.39,68.86,48.54,56.59,56.58,60.32,58.97,39.42,-0.58,2.8,313.73,305.88,289.41,280.04,306.7,310.82,312.06,305.17,293.63,-0.04,1.15,1.15,,-4.46,13.66,13.97,28.05
Godawari Power & Ispat Ltd.,GPIL,532734,GPIL,INE177H01039,Iron & Steel/Interm.Products,Metals & Mining,282.3,282.3,18991.05,71.54,58.01,58.79,58.44,66.1,50.54,43.28,4.14,6.96,292.02,278.17,267.19,252.95,295.72,295.94,294.13,283.01,270.89,1.24,1.16,1.15,0.99,-1,4.79,10.56,23.45
Godfrey Phillips India Ltd.,GODFRYPHLP,500163,GODFRYPHLP,INE260B01028,Cigarettes-Tobacco Products,"Food, Beverages & Tobacco",2341.3,2341.3,36520.02,58.63,47.5,48.18,46.16,34.46,72.73,61.43,82.25,62.34,2127.64,2089.91,2203.67,2709.7,2361.32,2280.93,2225.87,2170.75,2275.66,1.34,1.32,1.13,0.96,15.06,-22.56,90.82,31.49
Godrej Agrovet Ltd.,GODREJAGRO,540743,GODREJAGRO,INE850D01014,Other Agricultural Products,"Food, Beverages & Tobacco",572.85,572.85,11019.34,40.33,32.24,33.14,41.54,43.09,59.19,43.12,-2.32,0.28,586.96,590.36,580.25,638.37,582.7,586.45,588.36,588.82,596.67,1.09,0.94,0.78,0.83,-2.39,-7.44,18.6,18.74
Godrej Consumer Products Ltd.,GODREJCP,532424,GODREJCP,INE102D01028,Personal Products,FMCG,1030.2,1030.2,105414.66,39.72,31.73,32.64,49.93,39.2,41.56,41.55,-10.84,-2.75,1064.6,1079.56,1141.73,1161.94,1042.84,1060.19,1067.47,1087.97,1116.78,1.2,1.16,0.84,0.57,-3.12,-10.1,34.96,18.88
Godrej Industries Ltd.,GODREJIND,500164,GODREJIND,INE233A01035,Diversified,Diversified,1091.15,1091.15,36750.46,64.49,52.65,53,47.46,33.79,88.52,60.84,62.94,44.67,944.18,928.11,966.78,1048.58,1140.94,1061.46,1018.72,968.72,979.44,0.93,1.25,1.02,0.83,25.04,0.49,54.33,42.14
Godrej Properties Ltd.,GODREJPROP,533150,GODREJPROP,INE484J01027,Realty,Realty,1712.4,1712.4,51578.81,49.45,39.66,40.64,48.86,39.28,56.28,44.38,35.23,46.61,1731.92,1699.71,1779.13,1941.71,1825.22,1809.39,1788.91,1754.36,1800.76,2.04,1.64,1.86,1.6,1,-21.94,67.65,19.55
Gokaldas Exports Ltd.,GOKEX,532630,GOKEX,INE887G01027,Textiles,Textiles Apparels & Accessories,689.3,689.3,5050.75,50.57,42.62,41.56,39.62,40.65,53.07,49.44,12.26,15.62,682.49,655.7,683.5,748.7,709.35,704.99,698.05,684.8,701.38,2.44,1.78,1.75,1.24,5.55,-17.65,30.8,17.21
Gokul Agro Resources Ltd.,GOKULAGRO,539725,GOKULAGRO,INE314T01033,Edible Oils,FMCG,235.08,235.08,6936.9,82,59.43,67.39,67.27,58.34,87.13,69.93,12.14,12.51,213.72,196.19,183.65,181.36,237.18,231.49,224.36,205.15,192.39,0,0.77,1.07,1.02,17.61,34.96,10.69,55.41
Gokul Refoils & Solvent Ltd.,GOKUL,532980,GOKUL,INE020J01029,Edible Oils,FMCG,39.3,39.3,389.05,56.74,46.22,46.63,47.9,46.32,47.7,47.15,0.07,0.16,39.52,39.91,38.69,39.93,39.8,39.87,39.86,39.52,39.45,0.38,1.33,0.96,0.8,0.61,-2.55,1.93,12.18
Golden Tobacco Ltd.,GOLDENTOBC,500151,GOLDENTOBC,INE973A01010,Realty,Realty,26.68,26.68,46.98,60.57,40.53,49.78,48.33,34.73,39.93,48.31,0.29,0.3,25.75,26.81,28.76,31.74,27.43,27.21,26.99,27.24,28.64,1.11,0.39,0.41,0.37,13.73,-21.07,1.74,17.77
Goldiam International Ltd.,GOLDIAM,526729,GOLDIAM,INE025B01025,Gems & Jewellery,Textiles Apparels & Accessories,383.35,383.35,4328.7,71.5,49.24,58.76,54.84,39.79,60.39,50.99,18.37,19.4,365.28,346.07,350.36,360.61,412.14,399.53,388.46,365.07,358.08,3.51,2.1,1.99,1.63,14.98,7.71,21.5,34.17
Goldkart Jewels Ltd.,GOLDKART,,GOLDKART,INE06MH01016,Gems & Jewellery,Textiles Apparels & Accessories,179.95,179.95,302.05,65.48,54.78,53.81,55.86,69.98,40.98,26.86,-17.38,-11.23,230.18,239.22,217.59,135.44,182.78,200.89,212.93,223.34,203.59,-0.03,0.45,,,-28.87,120.12,7.72,29.76
Goldman Sachs CPSE ETF - Growth Option,CPSEETF,538057,CPSEETF,INF457M01133,Others,Others,105,105,,65.74,58.77,59.65,61.28,58.8,50.32,46.45,0.81,1.27,105.01,103.92,99.42,95.61,106.12,106.46,106.07,103.84,100.79,0.31,0.34,0.62,0.97,1.61,14.42,2.41,18.75
Goldstar Power Ltd.,GOLDSTAR,,GOLDSTAR,INE405Y01021,Auto Parts & Equipment,Automobiles & Auto Components,6.85,6.85,196.05,52.09,40.75,42.81,41.46,28.82,47.38,46.08,0.01,0.06,6.92,7.24,6.82,7.96,7.01,7.08,7.08,7.01,7.17,-0.23,-0.45,-0.35,0.04,7.03,-22.6,0.3,27.05
Goodluck India Ltd.,GOODLUCK,530655,GOODLUCK,INE127I01024,Iron & Steel Products,Metals & Mining,1305,1305,4337.62,78.41,65.67,64.44,56.78,43.6,69.14,57.2,72.07,65.48,1193.22,1145.05,1122.11,1138.75,1383.72,1321.16,1275.46,1191.23,1152.98,1.7,1.65,1.61,1.31,21.85,12.07,58.12,29.25
Goodyear India Ltd.,,500168,GOODYEAR,INE533A01012,Auto Tyres & Rubber Products,Automobiles & Auto Components,764.8,764.8,1764.13,47.44,40.26,39.92,48.79,40.39,44.37,45.29,4.58,7,761.5,764.36,795.56,877.76,778.94,779.44,776.67,777.54,803.04,0.75,0.88,0.58,0.52,-0.12,-22.07,22.45,19.04
Gopal Snacks Ltd.,GOPAL,544140,GOPAL,INE0L9R01028,Packaged Foods,FMCG,314.05,314.05,3914.58,62.39,49.48,51.27,49.72,37.43,70.16,60.87,12.8,7.87,281.78,282,296.19,323.8,325.3,306.61,297.56,290.4,297.87,1.2,1.27,1.03,,16.51,-11.65,13.87,29.55
Goyal Aluminiums Ltd.,GOYALALUM,541152,GOYALALUM,INE705X01026,Commodity Trading  & Distribution,Commercial Services & Supplies,6.88,6.88,98.2,54.92,45.68,45.13,43.58,40.09,32.29,49.17,0.1,0.14,6.78,6.6,7.08,7.16,7.02,7.01,6.95,6.86,6.96,0.26,1.14,0.83,0.64,2.69,-3.23,0.3,24.49
Goyal Salt Ltd.,GOYALSALT,,GOYALSALT,INE0QFE01017,Other Food & Beverages,"Food, Beverages & Tobacco",120,120,214.8,56.74,47.15,46.63,47.07,34.45,48.31,48.26,1.44,1.26,117.64,119.99,135.88,152.87,124.1,122.9,121.79,124.05,133.86,0.84,0.15,0.25,,14.18,-33.87,5.05,11.46
Grand Continent Hotels Ltd.,GCHOTELS,,GCHOTELS,INE12E301017,Hotels,Hotels Restaurants & Tourism,94.95,94.95,236.61,50.72,40.1,41.68,42.86,31.97,45.21,43.91,0.54,0.44,96.56,97.68,121.72,154.49,101.95,99.87,99.28,103.95,118.67,1.38,1.32,1.1,,-2.37,-52.05,7.16,15.95
Grand Foundry Ltd.,GFSTEELS,513343,GFSTEELS,INE534A01028,Iron & Steel Products,Metals & Mining,12.97,12.97,39.47,84.69,69.6,60.09,60.09,71.92,100,98.51,0.55,0.54,11.5,10.76,9.63,7.94,12.48,12.25,11.93,10.95,9.87,-0.33,-0.07,-0.08,-0.05,15.29,71.79,0.12,58.95
Grand Oak Canyons Distillery Ltd.,,523862,GRANDOAK,INE926B01016,Finance (including NBFCs),Banking and Finance,28.52,28.52,1479.86,34.82,29.55,29.28,32.39,49.38,26.51,43.57,-0.41,-0.27,30.37,30.24,32.64,35.28,29.43,29.63,29.89,30.76,32.48,1.02,0.34,-0.34,-0.22,-6.12,-52.58,2.43,16.95
Granules India Ltd.,GRANULES,532482,GRANULES,INE101D01020,Pharmaceuticals,Pharmaceuticals & Biotechnology,729.05,729.05,18065.63,81.42,67.85,66.91,66.27,67.55,86.82,67.19,31.25,28.66,673.99,636.67,610.3,567.35,743.42,719.28,700.12,655.06,620.23,0.54,0.89,0.97,0.98,14.72,32.01,24.03,44.17
Graphisads Ltd.,GRAPHISAD,,GRAPHISAD,INE0POU01017,Advertising & Media,Media,35.1,35.1,64.15,65.84,54.11,53.89,49.78,41.15,57.61,49.33,0.25,0.23,34.64,34.16,40.01,38.05,35.73,35.55,35.33,36.01,37.43,0.81,0.16,-0.16,,3.54,3.24,1.64,11.31
Graphite India Ltd.,GRAPHITE,509488,GRAPHITE,INE371A01025,Electrodes & Refractories,General Industrials,717,717,14008.43,72.24,60,59.37,56.42,54.1,63.07,54.57,18.85,20.52,687.17,671.5,647.9,600.92,729.19,720.77,709.62,680.34,651.6,1.66,1.26,1.33,1.21,12.32,21.29,29.41,20.28
Grasim Industries Ltd.,GRASIM,500300,GRASIM,INE047A01021,Cement & Cement Products,Cement and Construction,2903,2903,197555.3,63.13,53.35,51.88,50.87,41.39,79.72,60.67,63.57,47.23,2758.79,2737.11,2784.83,2786.93,2946.24,2877.61,2834.62,2782.52,2775.77,0.63,1.14,1.14,1.01,5.93,7.51,67.98,22.72
Grauer & Weil (India) Ltd.,,505710,GRAUWEIL,INE266D01021,Commodity Chemicals,Chemicals & Petrochemicals,68.02,68.02,3084.11,49.52,42.03,41.85,41.44,39.09,43.58,48.94,1.29,1.78,66.97,64.65,69.02,78.9,69.62,69.67,68.95,67.7,70.13,-0.03,1.16,0.97,0.82,6.51,-17.8,3.12,24.44
Graviss Hospitality Ltd.,,509546,GRAVISSHO,INE214F01026,Hotels,Hotels Restaurants & Tourism,27.47,27.47,193.72,36.16,30.69,31.2,31.2,47.66,3.33,43.93,-0.66,-0.6,28.76,29.01,30.83,35.66,27.34,27.76,28.17,29.28,31.17,-0.53,0.32,0.21,0.21,-11.3,-30.68,1.67,31.45
Gravita India Ltd.,GRAVITA,533282,GRAVITA,INE024L01027,Other Non-Ferrous Metals,Metals & Mining,1685.3,1685.3,12438.95,65.84,53.7,54.11,53.73,40.48,65.2,55.42,62.84,56.21,1579.2,1543.37,1621.6,1665.67,1763.74,1700.62,1660.03,1602.91,1614.78,1.39,1.49,1.24,1.37,11.76,-1.09,74.41,26.67
Great Eastern Shipping Company Ltd.,GESHIP,500620,GESHIP,INE017A01032,Shipping,Transportation,1510.5,1510.5,21564.99,85.54,70.3,69.98,68.65,61.9,78.59,63.94,48.18,37.29,1455.1,1427.36,1298.21,1161.29,1564.38,1528.42,1497.7,1423.01,1330.13,1.63,0.48,0.7,0.77,13.87,50.21,59.06,33.62
Greaves Cotton Ltd.,GREAVESCOT,501455,GREAVESCOT,INE224A01026,Auto Parts & Equipment,Automobiles & Auto Components,168.15,168.15,3917.08,59.87,49.17,49.2,46.47,35.51,72.35,57.11,6.41,5.91,154.69,150.36,162.44,185.98,171.55,167.44,163.31,158.44,164.75,1.04,1.71,1.61,1.42,14.66,-17.21,7.01,27.08
Greenchef Appliances Ltd,GREENCHEF,,GREENCHEF,INE0O7P01015,Household Appliances,Consumer Durables,53.15,53.15,123.69,57.7,48.36,47.42,41.03,41.31,78.59,58.55,1.15,0.72,49.05,49.2,50.9,56.7,52.95,51.59,50.8,50.09,51.65,0.3,-0.02,-0.09,,7.92,-14.34,1.95,18.91
Greenlam Industries Ltd.,GREENLAM,538979,GREENLAM,INE544R01021,Furniture-Furnishing,Diversified Consumer Services,218.23,218.23,5568.09,62.12,42.42,51.05,48.44,39.1,14.54,43.52,0.56,0.84,222.12,223.33,235.73,240.89,225.26,225.1,224.63,226.66,232.4,0.68,1.04,0.97,0.93,-0.64,-17.9,8.18,17.5
Greenleaf Envirotech Ltd.,GREENLEAF,,GREENLEAF,INE0PLX01017,Utilities:Non-Electrical,Utilities,84.5,84.5,50.1,47.93,38.53,39.39,29.41,21.35,80.04,58.84,2.15,-0.37,70.2,78.76,113.77,,84.47,79.59,77.37,84.7,103.49,0.62,0.98,,,41.07,-35,4.71,21.1
Greenpanel Industries Ltd.,GREENPANEL,542857,GREENPANEL,INE08ZM01014,Forest Products,Forest Materials,214.35,214.35,2628.52,57.69,39.97,47.41,46.69,37.69,76.97,49.86,6.13,6.66,207.63,203.72,213.75,247.15,224.24,220.94,217.12,211.99,219.31,1.05,1.11,1.1,0.86,6.74,-23.34,10.27,32.28
Greenply Industries Ltd.,GREENPLY,526797,GREENPLY,INE461C01038,Forest Products,Forest Materials,257.5,257.5,3216.23,60.67,42.44,49.86,50.03,37.12,90.17,57.55,14.09,14.34,232.71,220.22,231.4,267.59,265.28,258.89,250.18,235.08,239.24,1.86,1.51,1.23,1.1,21.45,-11.97,12.71,36.56
Gretex Corporate Services Ltd.,GCSL,543324,GCSL,INE199P01028,Other Financial Services,Banking and Finance,380.4,380.4,861.21,61.86,50.83,50.84,48.47,26.66,75.75,61.62,10.64,7.04,351.71,351.9,342.07,,382.29,369.75,362.51,351.25,337.47,0.01,0.21,,,11.88,56.57,22.27,33.84
Gretex Industries Ltd.,GRETEX,,GRETEX,INE985P01012,Distributors,Commercial Services & Supplies,274.55,274.55,425.72,75.13,60.81,61.74,,71.2,72.82,51.26,13.47,17.08,271.18,240.03,231.18,191.97,289.11,287.22,279.96,254.88,231.4,-0.21,-0.54,0.27,,12.52,20.76,5.87,31.84
Grill Splendour Services Ltd.,BIRDYS,,BIRDYS,INE0PC901019,Restaurants,Hotels Restaurants & Tourism,125,125,78.85,73.34,60.27,60.99,,37.96,64.46,52.05,3.66,2.16,119.5,121.04,124.78,117.81,132.7,126.83,124.12,122.62,122.09,2.28,0.45,0.32,,2.46,-6.89,4.38,25.83
Grindwell Norton Ltd.,GRINDWELL,506076,GRINDWELL,INE536A01023,Abrasives & Bearings,General Industrials,1786.7,1786.7,19782.34,66.44,54.73,54.6,45.59,38.95,64.47,72.21,55.38,38.18,1563.48,1545.67,1569.1,1584.58,1715.4,1667.47,1630.26,1581.59,1577.26,-0.01,0.75,0.69,0.65,19.72,12.08,63.26,36.05
Grover Jewells Ltd.,GJL,,GJL,INE1TY801010,Gems & Jewellery,Textiles Apparels & Accessories,140.1,140.1,203.25,15.87,12.36,13.04,14.13,18.7,63.28,35.82,-9.11,-6.47,179.08,182.38,,,148.47,154.82,161.75,173.11,,-1.21,,,,-23.04,,8.08,23.31
Groww BSE Hospitals ETF,GROWWHOSPI,544721,GROWWHOSPI,INF666M01OD9,Others,Others,50.14,50.14,,,,,,,68.65,60.82,1,0.8,47.61,,,,50.2,49.44,48.82,,,0.64,,,,8.55,,1.46,27.62
Groww BSE Power ETF,GROWWPOWER,544473,GROWWPOWER,INF666M01LM6,Others,Others,11.89,11.89,,,42.47,42.18,,,56.55,52.73,0.38,0.45,11.54,11.09,10.46,,12.31,12.19,11.98,11.32,10.81,0.65,0.72,,,10.19,17.84,0.38,47.75
Groww Gold ETF,GROWWGOLD,,GROWWGOLD,INF666M01OE7,Others,Others,14.7,14.7,,,60.57,61.09,,,29.29,51.99,-0.02,-0.03,14.55,14.8,14.52,12.85,14.65,14.61,14.61,14.62,14.21,0.28,0.72,0.53,,0.96,24.41,0.31,11.03
Groww Nifty 1D Rate Liquid ETF,GROWWLIQID,,GROWWLIQID,INF666M01IP5,Others,Others,109.02,109.02,,,50.41,51.25,,,93.65,100,0.15,0.15,108.71,108.49,108,106.98,108.97,108.9,108.82,108.5,107.99,-0.01,0,0,,0.41,2.39,0.16,38.32
Groww Nifty 200 ETF,GROWWN200,,GROWWN200,INF666M01JV1,Others,Others,10.86,10.86,,,41.59,51.4,,,40.07,43.11,0.06,0.08,10.95,10.95,11.27,11.34,11.18,11.13,11.09,11.08,11.17,0.87,0.98,0.98,,0.28,-5.81,0.33,18.5
Groww Nifty 50 ETF,GROWWNIFTY,,GROWWNIFTY,INF666M01LL8,Others,Others,9.41,9.41,,,25.75,33.55,,,30.54,39.42,0,0.02,9.57,9.61,9.97,,9.65,9.64,9.64,9.7,9.84,0.86,0.92,,,-1.47,-8.11,0.34,16.93
Groww Nifty 500 Low Volatility 50 ETF,GROWWLOVOL,,GROWWLOVOL,INF666M01LB9,Others,Others,10.22,10.22,,,43.83,51.03,,,51.93,46.71,0.06,0.07,10.18,10.2,10.43,10.4,10.41,10.35,10.31,10.28,10.34,0.68,0.71,,,1.39,-3.13,0.27,20.41
Groww Nifty 500 Momentum 50 ETF,GROWWMOM50,,GROWWMOM50,INF666M01KJ4,Others,Others,10.39,10.39,,,44.18,53.9,,,57.44,51.21,0.14,0.15,10.22,10.12,10.29,10.44,10.63,10.5,10.42,10.28,10.31,0.84,1.22,1.12,,2.77,-3.35,0.32,25.11
Groww Nifty Capital Markets ETF,GROWWCAPM,,GROWWCAPM,INF666M01MM4,Others,Others,11.27,11.27,,,27.87,35.73,,,75.64,59.7,0.37,0.38,10.64,10.21,10.04,,11.51,11.27,11.04,10.51,10.11,1.25,1.23,,,9.95,,0.48,34.79
Groww Nifty Chemicals ETF,GROWWCHEM,,GROWWCHEM,INF666M01NP5,Others,Others,28.68,28.68,,,33.2,31.87,,,79.74,56.36,0.62,0.55,27.58,27.3,,,29.37,28.8,28.4,27.92,,0.85,0.96,,,7.26,,0.98,21.06
Groww Nifty EV & New Age Automotive ETF,GROWWEV,140518861,GROWWEV,INF666M01IH2,Others,Others,29.94,29.94,,,52.58,53.29,,,53.97,51.76,0.47,0.44,29.26,29.12,29.9,30.27,30.71,30.27,29.96,29.59,29.75,0.96,1.22,1.15,,4.65,-2.95,0.88,21.19
Groww Nifty India Defence ETF,GROWWDEFNC,,GROWWDEFNC,INF666M01IO8,Others,Others,89.27,89.27,,,59.5,66.39,,,58.61,54.8,2.71,2.79,85.49,83.55,80.86,80.12,92.31,90.56,88.93,85.05,82.59,0.77,1.01,1,,8.88,12.93,2.52,18.43
Groww Nifty India Internet ETF,GROWWNET,,GROWWNET,INF666M01LI4,Others,Others,8.8,8.8,,,41.68,41.52,,,35.41,44.53,0.08,0.12,8.87,8.71,9.35,10.02,9.12,9.07,9.02,9,9.29,1.39,1.2,,,1.27,-17.6,0.29,12.05
Groww Nifty India Railways PSU ETF,GROWWRAIL,,GROWWRAIL,INF666M01JJ6,Others,Others,31.74,31.74,,,40.76,49.93,,,76.29,45.48,0.47,0.57,31.65,31.29,32.6,33.8,33.03,32.74,32.45,32.06,32.51,1.11,1.11,1.15,,3.46,-7.57,0.94,24.57
Groww Nifty Metal ETF,GROWWMETAL,,GROWWMETAL,INF666M01NI0,Others,Others,12.21,12.21,,,26.5,26.67,,,54.54,56.06,0.25,0.29,11.85,11.56,,,12.39,12.28,12.14,11.72,,0.83,1.02,,,5.44,,0.4,32.06
Groww Nifty Midcap 150 ETF,GROWWMC150,,GROWWMC150,INF666M01MV5,Others,Others,219.27,219.27,,,26.28,33.29,,,61.42,50.47,3.54,3.72,215.56,212.99,216.2,,225.29,222.7,220.51,216.74,218.01,0.64,1.09,,,4.89,,5.57,13.52
Groww Nifty Next 50 ETF,GROWWNXT50,,GROWWNXT50,INF666M01LZ8,Others,Others,68.89,68.89,,,40.25,46.5,,,24.59,47.87,1.01,1.19,68.19,67.56,68.18,,71.01,70.4,69.8,68.57,68.28,0.83,1.08,,,4.05,-0.91,1.62,13.67
Groww Nifty PSE ETF,GROWWPSE,,GROWWPSE,INF666M01NQ3,Others,Others,105.11,105.11,,,28.63,27.18,,,38.62,49.43,1.19,1.46,103.89,103.02,,,106.93,106.54,105.83,103.68,,0.57,,,,3.09,,2.86,21.27
Groww Nifty PSU Bank ETF,GROWWPSUBK,,GROWWPSUBK,INF666M01OG2,Others,Others,80.75,80.75,,,,,,,39.73,38.63,,,,,,,83.9,84.63,85.03,,,1.47,,,,-5.83,,2.93,13.2
Groww Nifty Realty ETF,GROWWRLTY,,GROWWRLTY,INF666M01MN2,Others,Others,8.59,8.59,,,33.7,41.01,,,57.76,45.92,0.16,0.19,8.54,8.43,8.94,,9.03,8.92,8.82,8.71,9.03,1.5,1.36,,,3.12,-19.04,0.39,23.18
Groww Nifty Smallcap 250 ETF,GROWWSC250,,GROWWSC250,INF666M01MO0,Others,Others,9.67,9.67,,,44.03,42.83,,,60.59,56.1,0.25,0.24,9.3,9.09,9.21,,9.94,9.75,9.6,9.32,9.36,1.02,1.08,,,8.53,-1.93,0.3,12.05
Groww Silver ETF,GROWWSLVR,,GROWWSLVR,INF666M01OF4,Others,Others,25.8,25.8,,,70.53,70.85,,,65.59,64.94,0.3,0.07,23.52,24.02,24.36,19.08,24.73,24.25,24.02,23.88,22.84,1.1,1.36,,,12.61,77.12,0.79,11.25
Gufic BioSciences Ltd.,GUFICBIO,509079,GUFICBIO,INE742B01025,Pharmaceuticals,Pharmaceuticals & Biotechnology,296.45,296.45,2972.87,58.32,47.51,47.93,32.49,49.29,76.32,51.75,1.14,0.55,294.14,290.29,304.83,331.26,298.52,295.65,294.84,295.89,305.36,0.05,0.88,0.83,0.76,-1.18,-9.66,11.72,22.11
Gujarat Alkalies & Chemicals Ltd.,GUJALKALI,530001,GUJALKALI,INE186A01019,Commodity Chemicals,Chemicals & Petrochemicals,679.2,679.2,4987.83,74.19,58.06,60.97,68.95,57.14,62.55,47.24,38.94,52.24,686.97,601.46,541.56,552.87,745.6,738.33,718,639.97,588.26,-0.51,-0.27,0.29,0.81,9.89,21.71,43.18,56.71
Gujarat Ambuja Exports Ltd.,GAEL,524226,GAEL,INE036B01030,Other Agricultural Products,"Food, Beverages & Tobacco",166.42,166.42,7633.2,84.25,70.54,69.24,62.21,68.59,75.54,68.93,5.73,4.77,151.36,144.76,139.2,123.45,163.94,159.61,156.03,147.77,139.48,0.18,0.69,0.77,0.76,8.92,53.17,6.8,21.93
Gujarat Apollo Industries Ltd.,GUJAPOLLO,522217,GUJAPOLLO,INE826C01016,Industrial Machinery,General Industrials,410.45,410.45,532.35,57.12,42.56,46.94,48.11,52.51,67.73,42.21,2.62,4.93,429.37,415.07,409.87,437.24,429.85,430.42,429.48,421.62,418.98,0.19,0.57,0.5,0.8,-5.58,-8.8,20.49,24.46
Gujarat Fluorochemicals Ltd.,FLUOROCHEM,542812,FLUOROCHEM,INE09N301011,Specialty Chemicals,Chemicals & Petrochemicals,3644.9,3644.9,40039.23,64.43,52.32,52.95,50.83,46.66,83.45,60.41,125.94,102.34,3405.83,3348.12,3380.81,3474.27,3752.08,3627.75,3544.84,3422.78,3412.04,-0.07,0.46,0.58,0.75,10.13,-0.04,123.39,25.94
Gujarat Gas Ltd.,GUJGASLTD,539336,GUJGASLTD,INE844O01030,Utilities:Non-Electrical,Utilities,368.25,368.25,25349.97,61.85,42.49,50.83,47.26,36,40.98,47.59,8.96,9.05,355.9,365.49,388.32,406.24,390.43,382.89,376.74,373.74,384.27,2.01,0.78,0.81,0.85,15.19,-8.16,14.04,25.18
Gujarat Industries Power Company Ltd.,GIPCL,517300,GIPCL,INE162A01010,Power - Electric Utilities,Utilities,146.17,146.17,2268.79,51.68,41.48,42.47,50.67,37.34,67.08,44.32,3.42,4.82,146.83,141.92,144.44,163.52,154.22,153.68,151.83,146.98,149.33,0.88,1.38,1.41,1.65,7.37,-16.95,5.3,26.59
Gujarat Kidney and Super Speciality Ltd.,GKSL,544666,GKSL,INE0V0W01025,Healthcare Facilities,Healthcare,142.24,142.24,1121.47,38.17,31.38,31.37,31.56,24.94,92.79,82.08,7.96,5.24,115.05,112.1,,,135.78,128.6,123.23,114.99,,0.2,0.54,,,30.86,,6.24,41.73
Gujarat Lease Financing Ltd.,GLFL,500174,GLFL,INE540A01017,Finance (including NBFCs),Banking and Finance,7,7,18.99,72.43,52.14,59.52,58.52,38.9,76.45,69.47,0.58,0.59,5.68,5.32,5.66,5.76,7.01,6.83,6.47,5.81,5.69,0.14,0.53,0.3,-0.04,62.79,22.59,0.2,52.93
Gujarat Mineral Development Corporation Ltd.,GMDCLTD,532181,GMDCLTD,INE131A01031,Coal & Mining,Metals & Mining,643.1,643.1,20450.58,74.23,59.56,61,67.64,62.36,57,44.38,17.55,28.39,658.13,615.81,591.95,554.43,678.9,685.61,677.25,637.93,602.15,0.66,1,1.34,1.38,6.41,13.47,33.15,25.82
Gujarat Narmada Valley Fertilizers & Chemicals Ltd.,GNFC,500670,GNFC,INE113A01013,Fertilizers,Fertilizers,470.15,470.15,6908.42,65.34,43.64,53.7,49.6,38.74,58.71,51.72,13.25,14.32,452.77,442.29,459.16,484.3,490.16,480.31,472.21,458.32,462.47,1.47,1.29,1.1,1.11,9.72,-4.11,14.34,24.95
Gujarat Natural Resources Ltd.,,513536,GNRL,INE207H01018,Exploration & Production,Oil & Gas,95.99,95.99,1472.51,65.22,55.35,65.95,66.81,58.85,41.39,45.15,0.74,0.9,97.13,96.52,97.44,87.5,99.94,98.82,98.37,97.51,95.03,0.76,1.32,1,0.53,-1.76,6.75,4.27,12.3
Gujarat Pipavav Port Ltd.,GPPL,533248,GPPL,INE517F01014,Marine Port & Services,Transportation,152.85,152.85,7389.38,61.05,40.73,50.17,50.27,41.45,57.49,43.99,0.38,0.45,154.11,156.77,168.06,165.92,157.72,157,156.62,158.68,162.63,1.4,1.34,1,0.98,1.9,-11.04,4.21,15.31
Gujarat Raffia Industries Ltd.,GUJRAFFIA,523836,GUJRAFFIA,INE610B01024,Containers & Packaging,Commercial Services & Supplies,38.04,38.04,20.56,44.82,38.25,36.83,46.09,41.56,56.52,38.65,0.07,0.42,39.63,38.8,42.11,44.88,39.58,39.91,39.92,40.16,41.95,0.65,0.33,0.52,0.56,-2.46,-39.77,2.23,10.27
Gujarat State Fertilizer & Chemicals Ltd.,GSFC,500690,GSFC,INE026A01025,Fertilizers,Fertilizers,167.12,167.12,6659.36,50.61,41.95,41.59,48.94,38.59,56.39,46.42,2.63,3.4,166.16,163.44,170.07,183.58,173.92,172.31,170.77,168.32,171.54,1.08,1.34,1.2,1.24,3.41,-10.62,4.67,19.84
Gujarat State Petronet Ltd.,GSPL,532702,GSPL,INE246F01010,Utilities:Non-Electrical,Utilities,268.35,268.35,15140.61,60.03,49.33,49,47.55,36.5,44.64,45.32,6.86,6.44,262.23,269.66,285.68,296.84,287.94,282.09,277.32,275.12,282.44,2.33,0.98,0.8,0.64,11.25,-12.56,11.38,34.23
Gujarat Themis Biosyn Ltd.,GUJTHEM,506879,GUJTHEM,INE942C01045,Pharmaceuticals,Pharmaceuticals & Biotechnology,362.3,362.3,3947.81,62.46,49.01,51.33,50.33,35.44,96.81,56.49,23.91,22.81,321.39,308.85,337.33,370.2,384.73,369.15,353.89,331.78,337.41,0.51,2,1.88,,29.77,-19.38,20.84,39.18
Gulf Oil Lubricants India Ltd.,GULFOILLUB,538567,GULFOILLUB,INE635Q01029,Oil Marketing & Distribution,Oil & Gas,947.65,947.65,4691.62,57.34,45.55,47.12,45.01,35.58,51.91,44.5,5.49,5.19,949.59,971.83,1058.06,1138,989.56,978.38,973.54,989.69,1038.9,2.1,1.32,1.11,1.07,5.91,-23.77,30.2,14.9
Gulshan Polyols Ltd.,GULPOLY,532457,GULPOLY,INE255D01024,Commodity Chemicals,Chemicals & Petrochemicals,186.1,186.1,1160.72,79.37,57.07,65.23,65.88,59.59,85.31,59.45,7.12,7.26,173.42,165.93,153.47,154.06,188.82,185.11,180.91,169.21,161.05,0.15,1.12,1.08,1.21,8.11,22.79,8.76,39.33
Gurunanak Agriculture India Ltd.,GURUNANAK,,GURUNANAK,INE1CCX01012,Industrial Machinery,General Industrials,40.3,40.3,48.36,59.98,49.27,49.29,46.29,25.11,45.8,59.46,3.61,3.15,33.82,31.73,32.13,,43.78,40.28,37.96,34.1,33.53,2.57,1.46,,,28.96,15.47,1.89,35.58
HB Estate Developers Ltd.,,532334,HBESD,INE640B01021,Realty,Realty,77.15,77.15,150.13,62.91,53.39,53.11,52.47,40.95,89.71,53.13,3.19,3.09,71.58,70.05,69.21,75.83,81.89,77.84,75.84,72.24,72.25,3.8,1.11,0.69,0.19,17.62,-9.02,7.76,51.38
HB Stockholdings Ltd.,HBSL,532216,HBSL,INE550B01022,Finance (including NBFCs),Banking and Finance,63.09,63.09,45.03,50.54,41.95,41.53,40.06,33.78,52.27,58.27,2.18,2.39,57.62,55.15,61.47,71.2,62.95,62.22,60.89,59.14,62.34,0.6,1.32,1.22,0.86,15.63,-24.15,3.66,36.7
HBL Engineering Ltd.,HBLENGINE,517271,HBLENGINE,INE292B01021,Other Electrical Equipment/Products,Consumer Durables,782.25,782.25,21683.57,63.64,42.51,52.3,50.93,48.86,68.2,50.02,27.29,30.03,761.73,725.17,768.18,799.92,832.59,811.04,794.7,764.17,767.19,1.52,1.5,1.49,1.38,8.26,-19.03,31.5,20.99
HCL Infosystems Ltd.,HCL-INSYS,500179,HCL-INSYS,INE236A01020,Computer Hardware,Hardware Technology & Equipment,11.51,11.51,378.92,49.66,32,40.81,40.91,39.34,15.41,37.36,-0.04,0.05,12.05,12.1,12.68,13.87,12.07,12.15,12.19,12.3,12.75,0.94,1.27,1.31,0.99,-6.19,-27.29,0.59,9.97
HCL Technologies Ltd.,HCLTECH,532281,HCLTECH,INE860A01027,IT Consulting & Software,Software & Services,1145.8,1145.8,310931.75,38.7,32.27,31.8,32.71,50.73,8.55,25.53,-59.42,-52.32,1320.35,1333.49,1479.61,1496.59,1182.32,1214.41,1251.75,1339.64,1418.95,1.52,0.66,0.92,0.79,-21.78,-24.93,36.47,39.73
HDB Financial Services Ltd.,HDBFS,544429,HDBFS,INE756I01012,Finance (including NBFCs),Banking and Finance,674.15,674.15,55977.22,59.69,49.44,49.05,47.59,32.92,56.04,53,11.1,9.11,646.21,653.33,695.64,726.3,689.67,676.8,669.03,667.22,687.45,1.32,1.26,,,8.89,-6.46,18.64,20.55
HDFC Asset Management Company Ltd.,HDFCAMC,541729,HDFCAMC,INE127D01025,Asset Management Cos.,Banking and Finance,2632.8,2632.8,112807.13,56.16,44.98,46.15,51.35,43.12,51.57,46,55.31,68.6,2630.28,2578.25,2609.09,2694.25,2776.9,2747.07,2714.75,2644.32,2628.99,1.79,1.68,1.49,1.35,4.68,-2.28,86.95,21.66
HDFC BSE 500 ETF,HDFCBSE500,543774,HDFCBSE500,INF179KC1EZ4,Others,Others,35.81,35.81,,,43.52,50.74,,,51.74,45.26,0.26,0.32,35.8,35.77,36.74,37.08,36.7,36.5,36.34,36.2,36.49,0.9,1.01,0.78,0.66,1.27,-5.01,1.08,12.13
HDFC BSE Sensex ETF,HDFCSENSEX,539517,HDFCSENSEX,INF179KC1HX2,Others,Others,84.14,84.14,,46.13,33.8,31.82,58.97,57.3,35.55,37.68,-0.25,-0.02,86.37,86.91,90.67,91.82,86.55,86.61,86.76,87.71,89.4,1.09,0.95,0.9,0.71,-3.35,-10.36,2.08,13.27
HDFC Bank Ltd.,HDFCBANK,500180,HDFCBANK,INE040A01034,Banks,Banking and Finance,750.45,750.45,1155357.99,46.24,30.96,38,38.41,38.87,26.65,37.56,-10.45,-9.48,782.3,806.93,878.63,932.15,777.51,777.79,783.39,813.07,857.35,1.46,1.38,1.16,0.97,-5.92,-23.79,18.88,23.22
HDFC Gold ETF,HDFCGOLD,533230,HDFCGOLD,INF179KC1981,Others,Others,128.63,128.63,,34.79,59.75,60.28,20.79,20.79,39.99,52.2,-0.11,-0.27,127.27,129.46,126.99,112.29,128.21,127.8,127.81,127.83,124.23,0.31,0.68,0.44,0.24,1.04,24.47,2.4,11.61
HDFC Life Insurance Company Ltd.,HDFCLIFE,540777,HDFCLIFE,INE795G01014,Life Insurance,Banking and Finance,601.8,601.8,129857.58,44.49,35.71,36.56,37.53,37.73,72.77,46.32,-3.19,-7.14,602,626.34,681.72,722.3,615.59,607.12,607.54,629.18,663.86,0.92,0.91,0.86,0.7,1.79,-18.24,16.96,18.53
HDFC NIFTY 1D Rate Liquid ETF - Growth,HDFCLIQUID,543973,HDFCLIQUID,INF179KC1JG3,Others,Others,1060.09,1060.09,,,51.25,52.09,,,88.03,99.96,1.52,1.52,1057.04,1054.78,1049.82,1039.83,1059.7,1058.97,1058.1,1054.93,1049.89,0,0,0,,0.43,2.43,0.68,24.5
HDFC NIFTY Growth Sectors 15 ETF,HDFCGROWTH,543607,HDFCGROWTH,INF179KC1DJ0,Others,Others,113.02,113.02,,5.74,40.84,50.63,5.83,5.83,42.39,43.51,0.04,0.08,114.3,114.59,120.95,122.32,115.37,114.99,114.91,116.07,118.62,0.95,0.79,0.76,0.66,-2.85,-8.87,2.36,13.16
HDFC NIFTY Midcap 150 ETF,HDFCMID150,543776,HDFCMID150,INF179KC1HT0,Others,Others,22.25,22.25,,,47.32,54.61,,,48.28,52.21,0.37,0.38,21.76,21.51,21.84,21.88,22.78,22.5,22.27,21.88,21.81,0.87,1.03,0.98,0.77,4.9,0.41,0.59,20.11
HDFC NIFTY Private Bank ETF,HDFCPVTBAN,543666,HDFCPVTBAN,INF179KC1HZ7,Others,Others,26.33,26.33,,,35.31,44.07,5.83,0,28.74,42.3,-0.04,0.01,26.69,26.95,28.03,27.99,26.93,26.88,26.9,27.16,27.59,0.88,1.13,1,0.81,-1.35,-6.99,0.79,18.03
HDFC NIFTY Smallcap 250 ETF,HDFCSML250,543775,HDFCSML250,INF179KC1FB2,Others,Others,168.24,168.24,,,46.55,54.76,,,51.82,55.04,4.2,4.2,162.32,158.81,160.8,166.05,173.19,170.09,167.49,162.72,162.33,1.04,1.05,1.02,0.86,7.78,-2.16,3.85,22.37
HDFC NIFTY100 Quality 30 ETF,HDFCQUAL,543605,HDFCQUAL,INF179KC1DL6,Others,Others,57.03,57.03,,10.53,44.78,50.97,9.17,9.17,44.95,49.79,0.48,0.53,56.41,56.15,57.97,58.26,57.82,57.55,57.25,56.98,57.43,0.78,0.78,0.78,0.7,1.51,-2.81,1.07,17.09
HDFC NIFTY50 Value 20 ETF,HDFCVALUE,543608,HDFCVALUE,INF179KC1DK8,Others,Others,125.48,125.48,,4.79,32.57,31.3,5,5,66.47,34.97,-0.73,-0.25,129.32,129.87,134.55,134.48,128.26,128.87,129.36,130.78,132.64,0.82,0.71,0.8,0.67,-3.95,-6.55,2.32,14.97
HDFC Nifty 100 ETF,HDFCNIF100,543569,HDFCNIF100,INF179KC1HR4,Others,Others,25.07,25.07,,,42.98,52.63,23.36,25.43,24.7,41.95,0.06,0.12,25.37,25.47,26.28,26.45,25.76,25.68,25.64,25.71,26.01,1.02,0.76,0.84,0.67,-0.91,-6.73,0.65,27.14
HDFC Nifty 50 ETF,HDFCNIFTY,539516,HDFCNIFTY,INF179KC1965,Others,Others,262.12,262.12,,51.43,35.15,43.12,58.91,55.54,25.46,39.4,0,0.59,266.78,268.02,278.08,280.32,269.05,268.77,268.74,270.55,274.6,0.94,0.98,0.96,0.8,-1.67,-8.12,5.59,11.95
HDFC Nifty Bank ETF,HDFCNIFBAN,543224,HDFCNIFBAN,INF179KC1HY0,Others,Others,54.9,54.9,,,33.43,32.17,61.53,67.13,55.85,38.86,-0.22,-0.05,56.23,56.98,59.14,58.62,56.47,56.49,56.62,57.3,58.1,0.95,1.22,1.05,0.9,-2.24,-7.12,1.31,13.18
HDFC Nifty IT ETF,HDFCNIFIT,543665,HDFCNIFIT,INF179KC1IA8,Others,Others,30.05,30.05,,,32.3,31.68,10,0,29.95,34.97,-0.5,-0.42,31.98,31.82,35.55,36.6,30.92,31.16,31.46,32.59,34.28,1.17,0.62,0.86,0.79,-10.57,-19.44,0.95,19.86
HDFC Nifty Next 50 ETF,HDFCNEXT50,543570,HDFCNEXT50,INF179KC1HS2,Others,Others,70.04,70.04,,,49.48,46.83,33.55,24.31,46.34,47.12,1.02,1.23,69.45,68.77,69.4,69.43,72.24,71.69,71.09,69.82,69.47,0.93,1.08,1.01,0.88,3.7,-0.81,1.82,23.23
HDFC Nifty PSU Bank ETF,HDFCPSUBK,544110,HDFCPSUBK,INF179KC1HW4,Others,Others,81.35,81.35,,,43.77,43.1,,,30.01,34.98,-1.18,-0.54,86.35,88.17,88.52,82.44,84.48,85.32,86.12,87.37,86.78,0.91,1.34,1.16,,-5.49,-2.34,2.66,23.85
HDFC Nifty100 Low Volatility 30 ETF,HDFCLOWVOL,543627,HDFCLOWVOL,INF179KC1HU8,Others,Others,19.8,19.8,,0,44.06,52.92,0,0,18.84,44.01,0.08,0.1,19.9,19.96,20.64,20.77,20.27,20.18,20.12,20.17,20.4,0.87,0.96,0.87,0.68,0.35,-5.8,0.51,26.25
HDFC Nifty200 Momentum 30 ETF,HDFCMOMENT,543628,HDFCMOMENT,INF179KC1HV6,Others,Others,30.15,30.15,,0,43.6,51.62,0,0,47.16,45.86,0.23,0.28,30.18,30.11,30.71,30.97,30.97,30.77,30.63,30.45,30.62,0.78,1.13,1.09,0.99,0.2,-4.26,0.77,13.46
HDFC Silver ETF,HDFCSILVER,543592,HDFCSILVER,INF179KC1DI2,Others,Others,252.23,252.23,,25.05,70.54,70.88,21.83,21.83,64.48,64.51,2.98,0.67,229.92,234.67,238.12,186.4,241.7,237.04,234.69,233.38,223.52,1.18,1.54,1.11,0.56,12.66,77.14,7.46,10.87
HEC Infra Projects Ltd.,HECPROJECT,,HECPROJECT,INE558R01013,Construction & Engineering,Cement and Construction,114.74,114.74,124.36,59.97,43.8,49.28,47.59,49.43,28.54,38.66,0.2,2.81,126.09,120.26,118.95,131.75,123.14,126.59,127.06,123.67,123.4,0.44,1.48,1.17,0.89,-13.95,-17.73,9.15,29.97
HEG Ltd.,HEG,509631,HEG,INE545A01024,Electrodes & Refractories,General Industrials,581.9,581.9,11229.36,69.62,57.96,57.21,56.3,62,52.3,44.91,5.9,15.59,598.69,569.89,563.9,541.78,591.68,605.55,604.12,583.47,565.64,1.59,1.03,1.2,1.13,4.04,4.54,28.04,21.86
HFCL Ltd.,HFCL,500183,HFCL,INE548A01028,Telecom Cables,Telecommunications Equipment,147.78,147.78,22619.24,95.57,78.31,78.54,72.11,56.25,90.94,84.64,17.59,14.04,100.2,88.15,77.55,75.76,145.02,129.31,117.96,97.01,85.75,1.3,1.3,1.55,1.75,85.63,97.86,7.17,62.84
HG Infra Engineering Ltd.,HGINFRA,541019,HGINFRA,INE926X01010,Construction & Engineering,Cement and Construction,634.85,634.85,4137.39,58.71,46.83,48.25,44.23,32.61,71.57,66.11,21.88,21.4,572.75,546.64,619.56,784.25,629.61,616.52,602.7,589.49,638.7,2.31,1.7,1.57,1.32,21.9,-29.34,26.76,29.5
HLE Glascoat Ltd.,HLEGLAS,522215,HLEGLAS,INE461D01028,Industrial Machinery,General Industrials,327.05,327.05,2271.52,54.7,44.72,44.95,45.33,33.97,60.32,51.43,9.44,8.4,312,308.15,357.5,425.43,344.58,333.78,327.38,326.88,353.69,1.54,1.4,1.11,0.85,11.24,-44.73,16.5,20.29
HLV Ltd.,HLVLTD,500193,HLVLTD,INE102A01024,Hotels,Hotels Restaurants & Tourism,7.99,7.99,526.75,50.04,39.28,41.12,40.77,36.76,47.99,43.82,0.2,0.27,8.15,7.88,8.44,9.9,8.69,8.6,8.48,8.28,8.65,1.45,1.47,1.24,0.95,2.96,-27.56,0.48,27.67
HMA Agro Industries Ltd.,HMAAGRO,543929,HMAAGRO,INE0ECP01024,Other Food & Beverages,"Food, Beverages & Tobacco",23.89,23.89,1196.34,54.84,45.99,45.07,45.08,36.37,50.69,46.73,0.02,0.01,23.94,24.22,26.03,28.38,24.38,24.27,24.23,24.66,25.91,1.62,1.03,0.83,,8.79,-22.36,1.02,13.25
HMT Ltd.,HMT,500191,HMT,INE262A01018,Heavy Electrical Equipment,General Industrials,57.49,57.49,6922.32,66.43,46.32,54.59,56.98,59.73,47.47,36.81,-0.22,0.45,61.92,61.53,53.53,55.05,60.26,60.92,61.26,59.5,56.96,0.6,0.69,0.62,0.75,-10.28,3.75,3.11,14.02
HOAC Foods India Ltd.,HOACFOODS,,HOACFOODS,INE0S6S01017,Packaged Foods,FMCG,489.4,489.4,212.42,93.93,75.61,77.19,65.74,73.92,65.14,65.71,26.97,20.99,428.03,398.41,367.87,311.91,491.81,465.55,448.51,410.74,374.8,0.31,0.36,0.44,,22.96,80.96,19.44,22.98
HP Adhesives Ltd.,HPAL,543433,HPAL,INE0GSL01024,Specialty Chemicals,Chemicals & Petrochemicals,41.03,41.03,376.96,63.7,53.55,52.35,41.19,38.06,45.05,58.52,1.81,1.46,36.9,35.39,37.78,42.59,41.73,40.17,39,37.45,38.59,1.81,1.86,1.36,1.03,17.67,-16.16,2.67,31.24
HP Telecom India Ltd.,HPTL,,HPTL,INE0VA601019,Specialty Retail,Retailing,263,263,313.36,63.69,52.34,49.98,50.08,69.22,20.87,52.08,-2.18,-1.57,260.1,261.14,278.14,227.68,252.89,257.55,258.89,262.61,256.91,-0.31,-0.05,,,0.38,43.72,8.01,22.23
HPL Electric & Power Ltd.,HPL,540136,HPL,INE495S01016,Consumer Electronics,Consumer Durables,348.1,348.1,2238.3,62.33,42.01,51.22,48.33,36.06,53.6,48.61,12.72,14.27,340.14,327.96,345.3,409.9,373.24,365.15,357.47,344.36,356.35,2.05,1.85,1.5,1.6,8.51,-18.2,17.44,24.07
HRH Next Services Ltd.,HRHNEXT,,HRHNEXT,INE0R3501012,BPO/KPO,Software & Services,28.55,28.55,37.7,54.22,41.97,44.56,53.17,36,42.23,45.48,0.69,1.09,29.41,27.45,28.63,32.86,30.34,30.45,30.1,29.07,30.08,1.01,0.15,0.1,,10.02,-20.14,1.89,13.35
HSBC Gold ETF,HSBCGOLD,544736,HSBCGOLD,INF336L01RX2,Others,Others,130.82,130.82,,,,,,,42.37,60.1,,,,,,,130.53,130.15,129.96,,,-0.08,,,,1.29,,4.15,65.51
HT Media Ltd.,HTMEDIA,532662,HTMEDIA,INE501G01024,Publishing,Commercial Services & Supplies,21.57,21.57,502.04,51.13,41.28,42.02,42.34,50.97,35.69,44.78,0.06,0.2,22.17,21.61,22.16,23.85,22.16,22.23,22.23,22.08,22.37,1.8,1.7,1.06,1.2,-7.07,-20.35,1.05,15.61
HVAX Technologies Ltd.,HVAX,,HVAX,INE0TO501019,Misc. Commercial Services,Commercial Services & Supplies,779,779,216.32,56.34,46.85,46.3,44.97,51.65,6.38,46.82,8.14,12.48,790.19,772.71,805.3,813.18,811.15,805.59,801.44,791.62,797.53,1.32,0.52,0.09,,0.6,-4.53,30.74,12.78
Halder Venture Ltd.,HALDER,539854,HALDER,INE115S01010,Other Food & Beverages,"Food, Beverages & Tobacco",230.97,230.97,287.28,19.69,15.7,16.18,14.87,24.37,56.06,39.16,-4.45,-3.07,247.07,249.55,,,236.43,240.92,243.78,250.97,,-0.79,0.05,,,-7.05,,15.22,10.38
Haldyn Glass Ltd.,,515147,HALDYNGL,INE506D01020,Containers & Packaging,Commercial Services & Supplies,108.25,108.25,581.86,66.21,56.19,56.63,54.38,39.3,88.87,63.34,6.58,5.87,94.27,90.64,90.99,98.77,110.76,106.34,102.12,95.01,93.68,0.39,1.21,1.07,0.93,23.53,17.46,5.68,40.46
Haleos Labs Ltd.,HALEOSLABS,540679,HALEOSLABS,INE320X01016,Pharmaceuticals,Pharmaceuticals & Biotechnology,1690.1,1690.1,510.97,82.75,69.21,68,67.28,63.3,91.06,74.03,93.44,68.66,1381.98,1335.86,1305.35,1250.6,1630.74,1540.36,1478.56,1378.77,1325.41,1.19,0.55,0.54,0.68,33.27,46.88,88.45,34.86
HandsOn Global Management (HGM) Ltd.,HGM,532761,HGM,INE596H01014,BPO/KPO,Software & Services,58.08,58.08,73.15,58.2,47.15,47.83,44.98,34.2,94.53,56.69,2.04,1.38,53.69,52.91,58.05,63.91,60.53,57.59,56.17,55.27,57.6,0.99,0.26,0.61,0.81,7.56,-16.87,4.27,23.14
Happiest Minds Technologies Ltd.,HAPPSTMNDS,543227,HAPPSTMNDS,INE419U01012,IT Consulting & Software,Software & Services,359.95,359.95,5481.13,54.83,27.75,45.06,36.85,27.36,61.35,39.7,-1.18,-1.15,379.14,377.16,403.58,473.7,381.36,377.31,377.89,384.41,409.31,1.46,1.21,1.04,0.75,-5.14,-28.07,14.09,13.81
Happy Forgings Ltd.,HAPPYFORGE,544057,HAPPYFORGE,INE330T01021,Castings & Forgings,General Industrials,1417.1,1417.1,13370.41,83.6,69.18,68.7,68.49,69.49,76.23,64.17,41.24,31.75,1303.46,1291.92,1210.23,1091.07,1414.36,1376.83,1350.38,1291.65,1222.4,-0.12,1.09,1.14,,11.53,42.51,54.51,36.39
Happy Square Outsourcing Services Ltd.,WHITEFORCE,,WHITEFORCE,INE0TLP01015,Misc. Commercial Services,Commercial Services & Supplies,50.8,50.8,58.93,49.22,40.64,40.45,40.45,25.6,75.65,60.83,3.34,2.15,41.73,41.25,54.57,,52.53,48.42,45.97,45.99,53.21,5.32,0.74,,,53.94,-38.05,3.29,29.93
Hardwyn India Ltd.,HARDWYN,541276,HARDWYN,INE626Z01029,Household Products,Consumer Durables,23.07,23.07,1126.82,79.73,65.77,65.52,73.79,69.78,46,47.45,0.93,1.42,23.13,20.95,19.04,16.71,23.91,24.44,23.99,21.82,19.78,0.49,0.22,0.35,0.8,11.29,56.83,1.23,43.16
Hariom Pipe Industries Ltd.,HARIOMPIPE,543517,HARIOMPIPE,INE00EV01017,Iron & Steel Products,Metals & Mining,313.55,313.55,970.98,55.27,45.07,45.42,41.86,25,64.03,47.61,3.66,2.22,307.83,318.28,353.73,402.86,326.44,322.52,319.34,326.22,348.51,1.56,1.15,1.16,1.14,14.27,-26.34,16.51,21.83
Harrisons Malayalam Ltd.,HARRMALAYA,500467,HARRMALAYA,INE544A01019,Auto Tyres & Rubber Products,Automobiles & Auto Components,213.16,213.16,393.4,67.85,56.64,55.76,63.22,52.86,69.33,53.04,8.76,10.52,204.32,194.49,179.95,189.91,221.76,219.31,214.38,199.42,190.99,-0.08,0.57,0.5,0.93,13.23,13.45,10,34.4
Harsha Engineers International Ltd.,HARSHA,543600,HARSHA,INE0JUS01029,Construction & Engineering,Cement and Construction,412.25,412.25,3753.29,67.75,56.03,55.68,43.18,40.17,67.39,59.74,13.99,12.05,376.53,366.96,373.78,387.34,416.15,402.81,393.85,379.29,377.8,1.42,0.85,1,0.93,18.14,6.22,20.27,35.56
Hathway Cable & Datacom Ltd.,HATHWAY,533162,HATHWAY,INE982F01036,Broadcasting & Cable TV,Media,10.55,10.55,1867.46,49.39,39.13,40.59,40.1,46.67,59.92,43.18,0.08,0.16,10.75,10.48,11.11,12.61,10.96,10.94,10.9,10.83,11.27,0.96,1.39,1.25,1.07,-1.4,-20.86,0.36,17.85
Hatsun Agro Products Ltd.,HATSUN,531531,HATSUN,INE473B01035,Packaged Foods,FMCG,930.55,930.55,20727.84,59.67,44.13,49.04,44.15,35.97,50.23,43.51,6.3,10.76,950.28,940.34,938.31,947.37,970.13,964.59,961.64,949.33,947.08,1.25,0.63,0.64,0.57,2.34,-8.78,32.33,18.26
Havells India Ltd.,HAVELLS,517354,HAVELLS,INE176B01034,Other Electrical Equipment/Products,Consumer Durables,1190.9,1190.9,74662.49,35.63,30.21,29.28,29.49,39.75,46.39,36.94,-15.29,-10.51,1255.2,1287.61,1339.95,1421.24,1240.46,1246.83,1256.18,1286.33,1331.84,1.39,1.02,0.96,0.79,-5.26,-17.43,36.29,9.52
Hawkins Cookers Ltd.,,508486,HAWKINCOOK,INE979B01015,Houseware,Consumer Durables,7331.55,7331.55,3876.78,38.29,32.5,33.24,32.5,47.58,30.63,41.17,-32.65,-15.06,7488.72,7442.72,7603.95,8166.26,7389.69,7422.05,7445.91,7492.21,7648.58,0.39,0.2,0.2,0.21,-3.32,-15.43,157.18,30.84
Heads UP Ventures Ltd.,HEADSUP,540210,HEADSUP,INE759V01019,Specialty Retail,Retailing,7.57,7.57,16.72,58.32,47.56,47.93,46.23,34.68,50.09,54.04,0.14,0.1,7.25,7.24,7.95,9.12,7.71,7.55,7.45,7.49,7.97,0.62,1.06,0.69,0.78,8.45,-27.35,0.53,24.47
Health X Platform Ltd.,HEALTHX,533259,HEALTHX,INE019J01013,Healthcare Services,Healthcare,283.05,283.05,900.4,61.06,47.17,50.18,38.85,32.59,90.78,53.05,3.81,1.29,274.31,276.87,289.64,293.86,290.56,282.69,279.71,280.23,285.46,0.02,-0.31,-0.15,-0.1,5.79,-5.19,11.84,26.36
Healthcare Global Enterprises Ltd.,HCG,539787,HCG,INE075I01017,Healthcare Facilities,Healthcare,606.35,606.35,9052.94,60.29,50.66,49.55,47.84,40.08,55.47,59.14,14.97,11.62,569.4,564.49,597.47,638.35,613.23,598.95,588.81,580.65,595.38,0.38,0.87,0.73,0.6,11.1,-19.22,21.03,22.49
Heidelberg Cement India Ltd.,HEIDELBERG,500292,HEIDELBERG,INE578A01017,Cement & Cement Products,Cement and Construction,154.06,154.06,3491.2,57.63,37.87,47.36,45.87,36.77,58.35,43.13,1.26,1.65,155.13,155.2,162.83,181.9,160.08,159.03,158.21,158.39,164.27,1.26,0.94,0.93,0.72,1.26,-17.33,4.03,13.22
Hemisphere Properties India Ltd.,HEMIPROP,543242,HEMIPROP,INE0AJG01018,Realty,Realty,149.09,149.09,4249.06,63.14,52.31,51.89,51.61,39.09,83.48,63.59,5.76,3.01,130.21,132.73,133.82,139.4,149.5,142.02,137.89,134.21,134.88,0.91,1.28,1.11,1.36,21.19,9.67,6.49,23.38
Heranba Industries Ltd.,HERANBA,543266,HERANBA,INE694N01015,Agrochemicals,Chemicals & Petrochemicals,208.76,208.76,835.32,48.58,39.7,39.92,45.97,33.12,53.29,48.53,6.1,7.58,203.94,197.43,212.37,262.8,218.79,216.99,213.39,207.98,218.98,1.42,1.73,1.11,1.07,10.61,-28.47,10.05,27.09
Hercules Investments Ltd.,,505720,HERCULES,INE688E01024,Industrial Machinery,General Industrials,127.85,127.85,409.12,46.86,39.77,49.86,47.1,34.04,57.22,50.92,4.73,4.94,121.24,118.85,130.81,153.01,135.31,131.84,128.87,125.55,132.69,2.81,1.86,1.46,1.08,14.41,-27.34,7.87,35.97
Heritage Foods Ltd.,HERITGFOOD,519552,HERITGFOOD,INE978A01027,Packaged Foods,FMCG,350.8,350.8,3255.28,58.37,40.08,47.97,46.39,36.53,57.99,49.56,7.94,8.82,344.55,331.67,372.34,426.47,363.26,360.02,355.16,351.04,370.83,1.01,1.2,1.21,1.04,8.34,-27.05,13.03,28.63
Hero MotoCorp Ltd.,HEROMOTOCO,500182,HEROMOTOCO,INE158A01026,2/3 Wheelers,Automobiles & Auto Components,5082.5,5082.5,101697.22,50.01,40.25,41.1,41.87,49.98,63.43,44.82,-21.04,-38.71,5170.53,5284.93,5489.98,5412.78,5229.2,5173.84,5180.15,5276.82,5366.74,1.19,1.3,1.22,0.88,-3.81,-4.57,174.36,15.35
Hester Biosciences Ltd.,HESTERBIO,524669,HESTERBIO,INE782E01017,Pharmaceuticals,Pharmaceuticals & Biotechnology,1695,1695,1441.92,65.44,53.22,53.78,50.56,38.63,77.72,64.26,62.74,52.95,1517.56,1495.57,1517.83,1677.84,1673.6,1638.8,1597.8,1538.99,1553.4,0.43,0.72,0.65,0.73,18.66,6.51,79.66,35.03
Hexa Tradex Ltd.,HEXATRADEX,534328,HEXATRADEX,INE750M01017,Other Financial Services,Banking and Finance,163,163,900.49,55.35,45.07,45.49,43.39,51.72,48.14,44.57,0.96,1.62,164.54,162.76,161.93,168.67,166.46,166.53,166.08,164.19,164.66,0.52,0.52,0.54,0.65,-0.65,-5.51,6.66,15.82
Hexaware Technologies Ltd.,HEXT,544362,HEXT,INE093A01041,IT Consulting & Software,Software & Services,494.75,494.75,30130.62,54.25,45.7,44.58,26.42,32.56,60.24,59.81,3.46,-1.52,464.23,456.29,574.19,653.85,480.52,472.98,469.32,488.78,545.68,0.83,0.8,0.94,,4.07,-29.27,18.54,19.67
Hi-Green Carbon Ltd.,HIGREEN,,HIGREEN,INE0PIC01017,Waste Management,Utilities,150.85,150.85,376.97,61.29,48.73,50.37,41.68,47.75,64.66,61.1,4.59,3.24,134.56,130.91,137.16,168.65,146.02,142.88,139.84,136.43,143.05,-1.4,1.07,0.63,,4.36,-18.88,7.04,19.57
Hi-Tech Pipes Ltd.,HITECH,543411,HITECH,INE106T01025,Iron & Steel Products,Metals & Mining,84.58,84.58,1717.88,50.79,40.03,41.74,51.13,47.11,60.92,43.85,1.66,2.42,85.94,83.71,84.84,93.54,89.45,89.27,88.38,86.1,87.52,0.93,1.3,1.42,1.29,-1.32,-19.42,3.45,19.66
Highway Infrastructure Ltd.,HILINFRA,544477,HILINFRA,INE00RL01028,Roads & Highways,Cement and Construction,50.21,50.21,360.11,38.77,32.18,31.86,30.41,29.21,33.2,43.26,0.21,0.46,51.12,51.08,53.44,,52.22,52.15,52.05,52.3,56.81,1.56,1.56,,,0.02,-32.1,2.47,10.63
Hikal Ltd.,HIKAL,524735,HIKAL,INE475B01022,Pharmaceuticals,Pharmaceuticals & Biotechnology,198.68,198.68,2449.74,59.87,48.69,49.2,47.76,34.65,71.95,56.3,7.47,5.96,184.03,182.35,197.66,228.58,208.61,199.37,194.33,190.01,200.79,1.78,1.71,1.08,0.96,13.69,-15.69,8.33,28.2
Hilton Metal Forging Ltd.,HILTON,532847,HILTON,INE788H01017,Castings & Forgings,General Industrials,22.08,22.08,113.64,46.59,37.54,38.29,35.32,40.08,31.05,44.9,0.35,0.71,23.37,20.7,24.89,33.41,23.23,23.38,23.24,22.97,25.73,1.12,-0.04,0.42,0.79,8.71,-38.82,1.44,24.14
Himadri Speciality Chemical Ltd.,HSCL,500184,HSCL,INE019C01026,Specialty Chemicals,Chemicals & Petrochemicals,607.7,607.7,30660.99,84.31,69.89,69.29,66.67,53.26,72.78,66.93,39.92,37.19,526.85,498.26,483.48,473.63,622.27,596.58,571.52,521.98,496.16,0.85,1.02,1.05,1.08,30.74,33.18,29.66,48.74
Himatsingka Seide Ltd.,HIMATSEIDE,514043,HIMATSEIDE,INE049A01027,Textiles,Textiles Apparels & Accessories,79.13,79.13,995,34.34,28.39,28.22,45.3,35.91,27.28,34.48,-1.14,-0.18,86.53,87.08,98.5,112.02,84.59,86.22,86.96,90.1,97.51,1.76,1.72,1.81,1.57,-9.13,-33.11,3.85,15.35
Hind Rectifiers Ltd.,HIRECT,504036,HIRECT,INE835D01023,Electronic Components,Commercial Services & Supplies,882.8,882.8,3034.38,68.96,55.81,56.67,60.78,54.7,64.26,52.11,37.39,46.34,846.13,795.07,741.32,782.05,915.53,910.6,890.13,822.83,781.6,0,1.57,1.56,1.33,25.01,-4.11,47.58,39.32
Hindalco Industries Ltd.,HINDALCO,500440,HINDALCO,INE038A01020,Aluminium and Aluminium Products,Metals & Mining,1041.4,1041.4,234026.17,73.96,60.84,60.78,67.58,67.14,63.83,56.75,22.08,27.49,1001.22,970.73,944.3,850.66,1042.16,1039.78,1027.61,986.98,940.99,0.66,0.7,0.98,1.03,5.66,32.09,27.21,27.08
Hindcon Chemicals Ltd.,HINDCON,,HINDCON,INE642Y01029,Specialty Chemicals,Chemicals & Petrochemicals,24.26,24.26,124.19,59.7,48.91,49.06,49.08,47.14,59.19,63.18,0.87,0.78,22.02,20.82,22.64,27.32,23.94,23.45,22.91,22.16,23.34,-0.06,1.65,1.27,0.83,-2.1,-23.57,1.31,23.08
Hindprakash Industries Ltd.,HPIL,543645,HPIL,INE05X901010,Dyes & Pigments,Chemicals & Petrochemicals,134.64,134.64,153.81,57.08,47.22,46.91,43.26,38.53,45.34,53.16,2.89,3.47,130.51,126.08,129.51,132.29,136.37,135.67,134.01,130.2,129.89,1.37,1.13,0.93,0.71,7.33,-5.12,7.52,19.13
Hinduja Global Solutions Ltd.,HGS,532859,HGS,INE170I01016,BPO/KPO,Software & Services,414,414,1925.94,61.65,41.57,50.66,41.54,46.74,57.17,52.94,9.7,9.87,401.55,387.41,405.98,462.18,425.67,418.48,412.56,403.23,415.33,1.21,0.94,0.93,0.82,3.92,-17.85,13.3,36
Hindustan Aeronautics Ltd.,HAL,541154,HAL,INE066F01020,Aerospace & Defence,General Industrials,4572.5,4572.5,305797.37,64.24,54.16,52.79,52.28,39.17,69.4,61.18,178.3,157.36,4218.47,4096.64,4217.42,4421.91,4705.18,4554.15,4439.91,4260.58,4265.85,0.99,0.89,0.85,1.25,13.38,-0.46,119.29,32.49
Hindustan Composites Ltd.,HINDCOMPOS,509635,HINDCOMPOS,INE310C01029,Auto Parts & Equipment,Automobiles & Auto Components,447.9,447.9,661.5,55.82,47.75,45.87,44.25,39.99,57.44,50.64,10.02,13.95,435.4,421.57,423.47,444.25,459.07,456.79,451.46,435.21,432.08,3.13,1.52,1.19,1.12,14.3,-0.89,21.8,36.64
Hindustan Construction Company Ltd.,HCC,500185,HCC,INE549A01026,Construction & Engineering,Cement and Construction,21.74,21.74,5694.72,67.1,47.9,55.14,55.24,36.32,68.19,57.71,1.54,1.55,19.28,17.99,18.55,20.53,23.19,22.14,21.19,19.45,19.33,1.72,1.85,1.76,1.65,31.6,-3.78,1.07,42.93
Hindustan Copper Ltd.,HINDCOPPER,513599,HINDCOPPER,INE531E01026,Copper,Metals & Mining,564.2,564.2,54559.49,87.34,72.57,71.78,62.34,60.89,67.43,56.86,9.74,8.12,535.7,531.97,535.07,417.25,565.08,555.77,549.34,537.79,508.85,1.33,1.58,1.82,1.82,8.02,75.05,21.3,16.39
Hindustan Foods Ltd.,HNDFDS,519126,HNDFDS,INE254N01026,Packaged Foods,FMCG,522.2,522.2,6239.34,65.31,53.84,53.67,54.25,50.92,67.24,55.87,10.47,6.96,506.08,495.51,496.77,516.5,537.15,519.91,512.89,502.83,503.45,1.26,0.87,0.73,0.62,4.13,-2.19,18.12,25.73
Hindustan Media Ventures Ltd.,HMVL,533217,HMVL,INE871K01015,Publishing,Commercial Services & Supplies,63.22,63.22,465.75,52.06,31.77,42.78,40.82,38.82,30.27,40.87,-0.07,0.3,65.62,65.14,67.63,74.18,65.67,65.9,66,66.28,68.21,1.46,1.08,0.8,0.98,-4.65,-16.05,3.29,17.25
Hindustan Motors Ltd.,,500500,HINDMOTORS,INE253A01025,Cars & Utility Vehicles,Automobiles & Auto Components,18.36,18.36,383.1,64.68,54.89,56.36,52.18,40.25,49.93,57.98,1.13,0.98,16.23,15.55,16.63,18.78,19.57,18.38,17.65,16.6,16.98,1.97,2.14,1.65,1.3,15.18,-1.87,0.89,24.5
Hindustan Oil Exploration Company Ltd.,HINDOILEXP,500186,HINDOILEXP,INE345A01011,Exploration & Production,Oil & Gas,166.11,166.11,2196.69,66.85,54.04,54.94,54.67,40.62,82.37,61.88,5.93,5.48,148.94,144.66,147.46,154.45,162.68,160.21,156.5,149.79,149.39,-0.76,-0.54,0.07,0.85,17.28,9.85,7.96,29.25
Hindustan Petroleum Corporation Ltd.,HINDPETRO,500104,HINDPETRO,INE094A01015,Refineries/Petro-Products,Oil & Gas,369.9,369.9,78708.15,58.64,48.69,48.19,46.7,37.15,42.69,46.8,3.42,3.07,365.75,373.28,414.78,424.07,386.08,379.29,376.51,382.71,400.03,2.28,1.79,1.47,1.42,3.32,-21.82,13.75,15.52
Hindustan Unilever Ltd.,HINDUNILVR,500696,HINDUNILVR,INE030A01027,Personal Products,FMCG,2262,2262,531477.55,50.51,41.84,41.51,49.29,38.23,56.91,50.53,26.51,30.75,2218.64,2213.73,2282.02,2396.95,2289.24,2285.4,2268.67,2252.33,2285.9,0.91,0.75,0.61,0.4,6.04,-7.14,63.95,17.79
Hindustan Zinc Ltd.,HINDZINC,500188,HINDZINC,INE267A01025,Other Non-Ferrous Metals,Metals & Mining,641.9,641.9,271223.23,81.48,67.7,66.96,66.27,55.05,66.14,65.13,18.92,15.93,581.87,575.77,599.38,531,635.45,619.67,607.21,589.75,576.01,1.49,1.34,1.32,1.08,14.93,37.39,19.82,19.22
Hindware Home Innovation Ltd.,HINDWAREAP,542905,HINDWAREAP,INE05AN01011,Household Appliances,Consumer Durables,215.48,215.48,1802.41,56.38,46.36,46.33,44.48,34.81,54.04,47.92,4.91,4.88,213.43,210.9,228.4,275.74,229.61,224.44,221.23,220.04,234.25,2.14,1.66,1.11,0.96,7.02,-41.41,12.28,26.48
Hisar Metal Industries Ltd.,HISARMETAL,590018,HISARMETAL,INE598C01011,Iron & Steel/Interm.Products,Metals & Mining,149.88,149.88,80.94,50.17,39.82,41.23,48.88,38.14,36.93,45.94,0.94,1.34,149.99,151.56,157.03,171.3,154.21,153.93,153.31,153.74,158.52,1.6,1,0.84,0.92,1.27,-17.33,6.88,18.31
Hitachi Energy India Ltd.,POWERINDIA,543187,POWERINDIA,INE07Y701011,Heavy Electrical Equipment,General Industrials,32265,32265,143812.85,78.71,65.47,64.68,73.67,71.98,69.18,58.96,1862.26,2027.74,29708.17,27809.84,23574.91,21595.88,33509,32733.88,31654.84,28388.21,25384.3,-0.21,0.89,0.72,0.98,18.12,59.67,1152.01,43.57
Hitech Corporation Ltd.,HITECHCORP,526217,HITECHCORP,INE120D01012,Containers & Packaging,Commercial Services & Supplies,137.16,137.16,235.58,47.31,37.78,38.88,35.96,37.1,42.01,46.49,0.06,0.36,138.67,137.18,149.43,170.71,140.24,139.78,139.73,141.66,149.96,1.06,1.7,1.33,1.28,-4.4,-30,8.44,16.82
Holmarc Opto-Mechatronics Ltd.,HOLMARC,,HOLMARC,INE0LXA01019,Other Industrial Products,General Industrials,102,102,102.51,64.36,52.89,53.86,49.77,36.09,64.17,64.62,4.97,3.48,83.57,86.85,92.93,105.48,99.08,95.55,92.06,89.6,93.99,-0.07,0.63,0.37,,46.76,-0.15,3.6,25.13
Home First Finance Company India Ltd.,HOMEFIRST,543259,HOMEFIRST,INE481N01025,Housing Finance,Banking and Finance,1108.2,1108.2,11576.09,67.07,45.62,55.12,50.92,39.46,37.71,46.49,30.63,35.15,1098.14,1075.35,1103.93,1167.45,1184.78,1161.97,1143.34,1110.37,1115.62,1.57,1.23,1.11,0.74,4.57,-2.45,45.73,25.33
Homesfy Realty Ltd.,HOMESFY,,HOMESFY,INE0N7F01017,Realty,Realty,110,110,35.49,26.03,20.6,21.39,21.5,33.82,24.4,33.61,-6.24,-3.28,131.38,139.1,155.23,216.16,116,125.47,129.57,140.15,164.11,-0.36,-0.1,0.02,,-11.79,-53.99,6.29,23.37
Honasa Consumer Ltd.,HONASA,544014,HONASA,INE0J5401028,Personal Products,FMCG,348.15,348.15,11327.75,75.05,62.8,61.68,62.61,62.4,39.88,59.95,9.87,11.11,334.52,315.76,299.35,291.91,352.02,347.44,341.96,323.61,308.75,0.44,0.81,0.77,,4.75,25.71,11.61,37.1
Honda India Power Products Ltd.,HONDAPOWER,522064,HONDAPOWER,INE634A01018,Industrial Machinery,General Industrials,2186.1,2186.1,2217.38,52.79,43.22,43.38,49.59,38.18,44.87,45.21,37.72,50.82,2188.47,2138.29,2181.62,2450.6,2274.02,2267.49,2246.45,2198.95,2238.54,0.74,1.1,0.91,0.8,2.68,-12.74,74.46,24.52
Honeywell Automation India Ltd.,HONAUT,517174,HONAUT,INE671A01010,Other Electrical Equipment/Products,Consumer Durables,28455,28455,25158.49,48.24,32.1,39.64,38.23,35.85,38.52,36.98,-59.75,294.01,29886.17,29868.2,31370,34019.48,29750,30262.48,30346.8,30470.56,31456.8,1.34,0.83,0.75,0.64,2.5,-21.48,921.56,24.04
Housing Development & Infrastructure Ltd.,HDIL,532873,HDIL,INE191I01012,Realty,Realty,2.02,2.02,95.75,35.19,28.89,28.92,27.83,26.61,28.88,42.1,-0.04,-0.04,2.1,2.15,2.33,2.71,2.04,2.07,2.1,2.18,2.35,0.98,0.63,0.09,0.05,-1.46,-31.99,0.13,12.75
Housing and Urban Development Corporation Ltd.,HUDCO,540530,HUDCO,INE031A01017,Financial Institutions,Banking and Finance,218.93,218.93,43827.6,63.39,51.92,52.09,50.64,38.86,84.92,62.04,11.08,10.42,198.35,190.05,198.8,211.24,225.92,218.88,211.86,200.54,201.36,-0.16,1.32,1.43,1.58,20.34,-3.78,7.49,38.29
Hubtown Ltd.,HUBTOWN,532799,HUBTOWN,INE703H01016,Realty,Realty,216.71,216.71,3079.46,57.29,48.83,47.08,36.99,35.13,46.3,56.42,4.37,3.04,203.92,203.1,215.49,267.1,218.06,213.31,210.28,209.54,222.13,0.77,1.6,1.53,1.14,8.64,-31.36,10.09,14.5
Huhtamaki India Ltd.,HUHTAMAKI,509820,HUHTAMAKI,INE275B01026,Containers & Packaging,Commercial Services & Supplies,172.91,172.91,1305.85,49.76,38.51,40.89,39.2,39.34,46.54,43.87,1.2,2.23,176.85,173.21,184.04,206.83,180.76,179.78,179.18,178.81,186.1,2.29,1.62,1.26,1.03,-1.33,-27.47,6.18,14.44
Hybrid Financial Services Ltd.,HYBRIDFIN,500262,HYBRIDFIN,INE965B01022,Finance (including NBFCs),Banking and Finance,18.72,18.72,55.1,57.08,45.28,46.91,45.46,60.74,40.78,43.53,0.07,0.3,19.43,18.66,19.21,18.88,19.32,19.52,19.53,19.27,19.19,-0.18,0.83,1.3,0.65,-7.37,-12.4,1.57,23.47
Hyundai Motor India Ltd.,HYUNDAI,544274,HYUNDAI,INE0V6F01027,Cars & Utility Vehicles,Automobiles & Auto Components,1877.9,1877.9,152587.09,45.18,36.86,37.13,36.73,38.03,60.27,52.69,-6.03,-19.98,1815.3,1908.23,2083.37,2233.54,1862.66,1850.53,1848.79,1916.84,2026.5,0.91,0.88,0.79,,6.2,-20.2,56.55,17.52
I G Petrochemicals Ltd.,IGPL,500199,IGPL,INE204A01010,Petrochemicals,Chemicals & Petrochemicals,447.55,447.55,1378.22,69.94,59.14,57.48,56.45,55.29,76.33,58.55,20.15,19.3,412.46,388.86,381.27,404.17,458.42,445.23,433.02,405.16,395.46,0.82,1.26,1,0.89,11.68,11,20,43.37
IBL Finance Ltd.,IBLFL,,IBLFL,INE0O7401018,Finance (including NBFCs),Banking and Finance,62.8,62.8,155.31,64.75,54.2,53.21,54.08,46.7,75.65,59.7,4.04,3.59,54.32,51.72,56.16,60.61,64.94,61.52,58.9,55.21,55.96,0.95,0.55,0.16,,22.66,-2.1,2.65,40.52
ICDS Ltd.,ICDSLTD,511194,ICDSLTD,INE613B01010,Finance (including NBFCs),Banking and Finance,46.82,46.82,60.99,57.85,48.43,47.54,53.54,53.85,54.56,53.27,0.76,0.9,45.22,44.27,43.74,45.96,46.8,46.78,46.35,45.12,44.88,0.39,-0.09,-0.01,0.14,8.58,-0.4,2.36,19.76
ICE Make Refrigeration Ltd.,ICEMAKE,,ICEMAKE,INE520Y01019,Industrial Machinery,General Industrials,767.15,767.15,1210.54,67.25,53.16,55.27,55.59,57.35,54.14,43.54,2.09,5.81,772.44,784.49,775.6,755.43,783.89,787.16,786.43,780.08,772.34,1.06,1.3,1.06,0.87,-0.01,8.65,25.91,11.66
ICICI Bank Ltd.,ICICIBANK,532174,ICICIBANK,INE090A01021,Banks,Banking and Finance,1240.3,1240.3,889120.69,39.75,33.93,32.67,32.36,40.21,25.01,38.23,-13.29,-6.39,1289.92,1298.07,1339.7,1370.04,1266,1277,1286.08,1304.97,1328.07,0.62,0.96,0.91,0.89,-3.2,-6.07,27.78,17.52
ICICI Lombard General Insurance Company Ltd.,ICICIGI,540716,ICICIGI,INE765G01017,General Insurance,Banking and Finance,1782.8,1782.8,88912.3,62.73,50.11,51.55,30.84,41.69,38.56,46.17,0.02,-3,1787.06,1813.91,1860.6,1898.24,1819.9,1802.96,1801.66,1817.59,1848.73,0.86,0.65,0.72,0.66,0.8,-10.9,48.54,15.19
ICICI Prudential Asset Management Company Ltd.,ICICIAMC,544658,ICICIAMC,INE346A01027,Asset Management Cos.,Banking and Finance,3183.9,3183.9,157366.96,33.9,27.62,27.86,27.81,33.32,38.04,47.38,35.74,63.37,3199.61,3106.84,,,3242.88,3255.69,3240.74,3129.31,,0.59,1.31,,,-2.07,,107.21,20.18
ICICI Prudential BSE 500 ETF,BSE500IETF,541313,BSE500IETF,INF109KC1V59,Others,Others,37.67,37.67,,,42.66,51.57,59.91,59.53,51.08,45.09,0.28,0.35,37.69,37.57,38.63,38.99,38.61,38.42,38.24,38.07,38.37,0.92,0.98,0.94,0.86,1.13,-5.35,1.02,32.74
ICICI Prudential BSE Liquid Rate ETF - IDCW,LIQUIDIETF,541946,LIQUIDIETF,INF109KC1KT9,Others,Others,999.99,999.99,,,30,30.83,44.17,29.17,27.59,50.68,0,0,999.99,999.99,999.99,999.99,999.99,999.99,999.99,999.99,999.99,0,0,0,0,,,0.26,46.46
ICICI Prudential BSE Midcap Select ETF,MIDSELIETF,539980,MIDSELIETF,INF109KC10W0,Others,Others,17.84,17.84,,,46.15,54.39,51.8,47.42,45.48,51.86,0.31,0.32,17.45,17.18,17.68,17.76,18.3,18.06,17.87,17.57,17.59,1.01,1.07,1.06,0.85,4.27,-2.46,0.58,15.3
ICICI Prudential BSE Sensex ETF,SENSEXIETF,555555,SENSEXIETF,INF346A01034,Others,Others,853.82,853.82,,65.12,33.85,41.01,29.65,29.65,32.23,37.64,-2.25,0.05,875.3,880.59,919.03,931.1,877.62,878.29,879.6,889,906.18,0.96,0.94,0.94,0.81,-2.53,-10.31,23.4,31.19
ICICI Prudential Bharat 22 ETF,ICICIB22,540787,ICICIB22,INF109KB15Y7,Others,Others,120.1,120.1,,,58.01,56.51,61.11,62.84,35.14,38.43,0.26,0.92,122.14,121.92,120.67,116.13,122.6,123.2,123.14,122.15,120.44,0.77,0.84,0.89,1.02,-0.84,4.75,2.66,24.34
ICICI Prudential Gold ETF,GOLDIETF,533244,GOLDIETF,INF109KC1NT3,Others,Others,129,129,,37.77,60.63,60.28,19.92,19.92,27.38,52.17,-0.1,-0.26,127.62,129.76,127.4,112.56,128.61,128.15,128.15,128.19,124.58,0.34,0.74,0.46,0.24,1.08,24.82,3.07,10.97
ICICI Prudential Life Insurance Company Ltd.,ICICIPRULI,540133,ICICIPRULI,INE726G01019,Life Insurance,Banking and Finance,541.5,541.5,78524.91,50.4,40.22,41.42,41.74,40.15,47.88,47.22,-1.56,-6.48,537.38,564.56,609.65,610.31,557.47,546.11,545.37,563.63,586.82,1.34,1.07,0.96,0.71,-0.08,-10.31,17.38,20.29
ICICI Prudential Nifty 10 yr Benchmark G-sec ETF,GSEC10IETF,543700,GSEC10IETF,INF109KC18O0,Others,Others,258.99,258.99,,,63.44,51.69,,,38.79,52.12,0.03,-0.11,258.14,258.95,258.89,258.4,258.95,258.5,258.44,258.62,258.61,0.07,0.01,0,,1.79,0.11,2.47,16.86
ICICI Prudential Nifty 100 ETF,NIF100IETF,537008,NIF100IETF,INF109KC16V9,Others,Others,27.07,27.07,,52.56,42.98,44.31,59.63,57.83,27.85,42.91,0.06,0.12,27.39,27.48,28.37,28.57,27.78,27.7,27.66,27.74,28.08,1.17,0.86,0.85,0.64,-0.77,-6.82,0.84,15.8
ICICI Prudential Nifty 100 Low Volatility 30 ETF,LOWVOLIETF,540612,LOWVOLIETF,INF109KC19U5,Others,Others,21.22,21.22,,,40.64,51.25,58.36,58.82,59.2,42.98,0.07,0.09,21.35,21.42,22.15,22.32,21.7,21.61,21.56,21.63,21.9,0.87,0.79,0.77,0.64,-0.28,-6.02,0.63,40.16
ICICI Prudential Nifty 200 Momentum 30 ETF,MOM30IETF,543568,MOM30IETF,INF109KC17C7,Others,Others,30.35,30.35,,37.63,45.21,52.38,32.82,32.82,19.13,45.11,0.23,0.3,30.45,30.35,30.98,31.25,31.28,31.04,30.9,30.71,30.89,1.07,1.28,1.2,1.03,-0.16,-4.38,0.71,17
ICICI Prudential Nifty 200 Quality 30 ETF,QUAL30IETF,543956,QUAL30IETF,INF109KC18V5,Others,Others,20.54,20.54,,,46.25,55.21,,,24.53,47.27,0.21,0.23,20.42,20.29,21,21.2,21.05,20.89,20.76,20.63,20.82,0.93,0.82,0.84,,2.14,-4.11,0.43,18.59
ICICI Prudential Nifty 5 Yr Benchmark G-SEC ETF,GSEC5IETF,543480,GSEC5IETF,INF109KC14A8,Others,Others,64.54,64.54,,12.82,66.06,66.14,10.88,10.88,36.19,50.03,0.07,0.06,64.43,64.5,64.25,63.76,64.73,64.61,64.57,64.45,64.23,0.25,0.07,0.02,0.04,-0.08,1.49,0.6,14.4
ICICI Prudential Nifty 50 ETF,NIFTYIETF,537007,NIFTYIETF,INF109K012R6,Others,Others,263.48,263.48,,47.41,35.14,43.96,60.58,55.55,27.75,39.27,-0.03,0.56,268.28,269.55,279.68,281.92,270.51,270.22,270.21,272.07,276.17,0.91,0.95,0.94,0.88,-1.71,-8.22,5.13,14.9
ICICI Prudential Nifty Alpha Low Volatility 30 ETF,ALPL30IETF,543219,ALPL30IETF,INF109KC17V7,Others,Others,26.4,26.4,,,50.25,49.95,57.64,59.89,52.53,47,0.15,0.13,26.27,26.47,27.12,27.3,26.93,26.73,26.62,26.64,26.91,0.71,0.92,0.85,0.76,1.3,-3.93,0.48,18.49
ICICI Prudential Nifty Auto ETF,AUTOIETF,543450,AUTOIETF,INF109KC10V2,Others,Others,26.89,26.89,,39.78,51.49,52.96,33.79,33.79,63.66,49.12,0.23,0.18,26.62,26.75,27.64,27.3,27.61,27.21,27.05,27.02,27.2,1.19,1.43,1.25,0.97,0.98,-1.65,0.72,13.57
ICICI Prudential Nifty Bank ETF,BANKIETF,542730,BANKIETF,INF109KC15I8,Others,Others,54.81,54.81,,,34.29,33,59.95,66.25,48.17,38.99,-0.23,-0.06,56.12,56.85,58.99,58.48,56.32,56.34,56.47,57.15,57.95,1.02,1.18,1.03,0.89,-2.26,-6.99,1.35,15.29
ICICI Prudential Nifty Commodities ETF,COMMOIETF,543710,COMMOIETF,INF109KC19O8,Others,Others,103.05,103.05,,,58.64,58.03,,,50.16,52.79,1.67,1.92,100.99,99.62,98.51,94.99,104.95,104.24,103.26,100.79,98.68,0.6,0.79,0.93,0.91,5.1,9.94,2.56,24.1
ICICI Prudential Nifty EV & New Age Automotive ETF,EVIETF,544394,EVIETF,INF109K1A153,Others,Others,30.01,30.01,,,51.74,53.24,,,54.91,51.38,0.47,0.45,29.37,29.21,30.02,30.4,30.8,30.37,30.07,29.7,29.86,0.96,1.11,1.06,,4.71,-2.82,0.92,35.83
ICICI Prudential Nifty FMCG ETF,FMCGIETF,543326,FMCGIETF,INF109KC19V3,Others,Others,53.85,53.85,,42.25,42.49,50.36,35.88,35.88,41.22,51.62,0.68,0.73,52.74,52.66,54.53,56.96,54.62,54.38,53.94,53.54,54.46,0.74,0.72,0.66,0.5,5.59,-9.36,1.25,32.71
ICICI Prudential Nifty Financial Services Ex-BaNk ETF,FINIETF,543677,FINIETF,INF109KC17L8,Others,Others,31.45,31.45,,,46.09,56.03,0,,52.38,48.73,0.45,0.47,31.05,30.84,31.53,31.24,32.51,32.05,31.77,31.35,31.31,1,1.32,1.29,1.03,2.44,-0.73,0.89,17.09
ICICI Prudential Nifty Healthcare ETF,HEALTHIETF,543292,HEALTHIETF,INF109KC1Q72,Others,Others,156.34,156.34,,,62.15,60.15,45.38,50.58,66.7,63.13,2.65,2.01,149.94,150.08,149.02,149.6,157.71,155.02,153.24,150.68,149.73,0.57,0.51,0.57,0.55,7.44,3.78,3.29,27.62
ICICI Prudential Nifty IT ETF,ITIETF,543221,ITIETF,INF109KC16I6,Others,Others,31.14,31.14,,,31.38,30.84,40.9,47.43,35.72,33.68,-0.54,-0.44,33.22,33.06,36.93,38.04,32.11,32.35,32.68,33.86,35.62,1.3,0.62,0.87,0.78,-10.65,-19.85,0.96,16.35
ICICI Prudential Nifty India Consumption ETF,CONSUMIETF,543383,CONSUMIETF,INF109KC1V42,Others,Others,115.81,115.81,,31.83,41.37,49.44,27,27,63.7,45.73,0.98,1.17,115.69,115.06,119.16,122.66,118.85,118.07,117.45,116.97,118.56,1,0.98,0.88,0.73,1.29,-8.9,4.33,33.48
ICICI Prudential Nifty Infrastructure ETF,INFRAIETF,543571,INFRAIETF,INF109KC16E5,Others,Others,93.65,93.65,,27.05,43.74,52.63,25.16,25.16,48.28,42.97,0.77,1,94.1,93.88,95.45,95.26,96.4,96.04,95.57,94.88,95.02,0.84,0.93,0.99,0.96,1.19,-3.72,1.8,13.26
ICICI Prudential Nifty Metal ETF,METALIETF,544229,METALIETF,INF109KC19W1,Others,Others,12.97,12.97,,,60.81,60.71,,,53.69,57.67,0.26,0.3,12.53,12.24,11.87,10.93,13.11,12.99,12.84,12.39,11.89,0.97,1.01,1.16,,5.53,25.56,0.4,15.76
ICICI Prudential Nifty Midcap 150 ETF,MIDCAPIETF,542921,MIDCAPIETF,INF109KC11W8,Others,Others,22.72,22.72,,,45.64,52.96,60.17,49.15,68.02,51.73,0.38,0.39,22.25,21.99,22.32,22.35,23.3,23.01,22.78,22.37,22.29,0.96,1.07,1.03,0.91,4.8,0.44,0.57,23.27
ICICI Prudential Nifty Next 50 ETF,NEXT50IETF,541809,NEXT50IETF,INF109KC1NS5,Others,Others,72.4,72.4,,,49.52,47.63,58.69,58.1,36.51,47.55,1.06,1.27,71.68,71.02,71.66,71.68,74.6,74.02,73.4,72.09,71.73,0.94,1.08,1.02,0.87,3.86,-0.59,1.69,15.65
ICICI Prudential Nifty Oil & Gas ETF,OILIETF,544216,OILIETF,INF109KC18W3,Others,Others,11.46,11.46,,,43.52,52.8,,,35.76,44.26,0.07,0.09,11.46,11.55,11.8,11.73,11.71,11.68,11.64,11.63,11.7,0.92,0.73,0.85,,2.05,-5.6,0.27,12.62
ICICI Prudential Nifty PSU Bank ETF,PSUBNKIETF,543819,PSUBNKIETF,INF109KC10S8,Others,Others,81.73,81.73,,,43.76,43.94,,,33.32,34.21,-1.16,-0.55,86.62,88.45,88.76,82.67,84.8,85.6,86.38,87.63,87.03,1.1,1.39,1.17,1.16,-6.15,-2.41,2.46,16.9
ICICI Prudential Nifty Private Bank ETF,PVTBANIETF,542758,PVTBANIETF,INF109KC18U7,Others,Others,26.04,26.04,,,35.25,36.48,61.79,56.02,24.89,41.3,-0.06,-0.01,26.46,26.72,27.8,27.75,26.62,26.6,26.63,26.92,27.35,0.75,1.14,1.01,0.86,-1.62,-7.07,0.57,19.71
ICICI Prudential Nifty Top 15 Equal Weight ETF,TOP15IETF,544427,TOP15IETF,INF109K1A344,Others,Others,9.56,9.56,,,34.52,34.29,,,22.04,37.27,-0.03,0,9.81,9.88,10.38,10.48,9.83,9.84,9.85,9.98,10.19,0.96,0.89,,,-2.94,-11.32,0.21,27.89
ICICI Prudential Nifty200 Value 30 ETF,VAL30IETF,544275,VAL30IETF,INF109KC16X5,Others,Others,15.5,15.5,,,57.12,57.33,,,52.82,43.91,0.09,0.15,15.57,15.55,15.4,14.49,15.85,15.83,15.78,15.6,15.29,0.87,0.9,0.95,,0.39,9.08,0.42,26.72
ICICI Prudential Nifty50 Value 20 ETF,NV20IETF,539945,NV20IETF,INF109KC11V0,Others,Others,13.61,13.61,,,35.94,34.61,57.95,56.87,28.09,35.21,-0.08,-0.02,14.02,14.07,14.58,14.57,13.9,13.97,14.02,14.17,14.37,0.76,0.76,0.8,0.71,-3.82,-6.4,0.5,24.31
ICICI Prudential Silver ETF,SILVERIETF,543452,SILVERIETF,INF109KC1Y56,Others,Others,263.22,263.22,,30.08,69.82,70.09,25.53,25.53,72.68,65.39,3.14,0.72,239.63,244.63,247.76,193.57,252.05,247.13,244.66,243.17,232.67,1.14,1.45,0.96,0.51,12.6,77.96,9.16,13.95
ICRA Ltd.,ICRA,532835,ICRA,INE725G01011,Other Financial Services,Banking and Finance,5326,5326,5140.23,47.49,39.12,39.03,47.87,35.49,40.64,44.4,2.62,11.14,5343.75,5366.44,5708.17,6019.16,5390.4,5396.88,5393.02,5456.9,5641.23,0.55,0.68,0.55,0.46,0.69,-17.12,129.61,14.47
IDBI Bank Ltd.,IDBI,500116,IDBI,INE008A01015,Banks,Banking and Finance,71.03,71.03,76374.31,43.89,35.45,36.07,36.41,35.85,64.31,36.13,-1.48,-1.72,72.91,81.67,92.78,93.66,74.16,74.36,74.96,80.71,87.15,0.61,1.46,1.5,1.48,-1.48,-26.97,2.61,18.42
IDFC First Bank Ltd.,IDFCFIRSTB,539437,IDFCFIRSTB,INE092T01019,Banks,Banking and Finance,67.68,67.68,58261.08,60.18,50.6,49.46,49.7,40.72,59.55,48.13,0.74,0.69,66.54,66.66,75.15,74.68,69.63,69.01,68.44,69.27,71.86,1.56,1.37,1.18,1.03,3.68,-15.79,1.92,19
IDFC Nifty ETF,IDFNIFTYET,,IDFNIFTYET,INF194KA1U07,Others,Others,256.83,256.83,,,34.29,42.28,58.93,56.55,39.52,39.46,-0.01,0.6,261.51,262.86,273.92,275.84,263.91,263.59,263.57,265.45,269.79,1.01,0.8,0.8,0.52,-1.62,-7.92,4.82,15.23
IFB Agro Industries Ltd.,IFBAGRO,507438,IFBAGRO,INE076C01018,Breweries & Distilleries,"Food, Beverages & Tobacco",1071.75,1071.75,1003.92,61.93,51.41,50.89,54.05,41.15,92.81,65.75,70.66,51.67,893.9,845.05,1056.91,1036.84,1092.47,1020.27,971.89,935.92,979.51,0.53,1.25,1.16,1.01,22.75,-18.9,60.41,38.67
IFB Industries Ltd.,IFBIND,505726,IFBIND,INE559A01017,Household Appliances,Consumer Durables,1121.6,1121.6,4544.59,57.36,37.89,47.14,44.46,37.62,63.05,48,33.1,36.6,1098.19,1074.01,1216.94,1413.98,1188.6,1171.34,1150.42,1136.55,1216.04,1.26,1.47,1.12,1.09,7.83,-37.43,54.51,29.44
IFCI Ltd.,IFCI,500106,IFCI,INE039A01010,Financial Institutions,Banking and Finance,61.07,61.07,16454.18,80.17,66.92,65.88,57.19,50.78,61.61,54.79,1.55,1.4,58,56.89,56.42,55.63,62.7,61.05,60.07,58.19,57.02,1.33,1.26,1.49,1.52,9,12.76,2.64,22.45
IFGL Refractories Ltd.,IFGLEXPOR,540774,IFGLEXPOR,INE133Y01011,Electrodes & Refractories,General Industrials,172.69,172.69,1244.73,49.6,39.67,40.76,50.35,34.97,59.56,45.86,5.95,7.74,170.75,163.89,178.01,211.08,184.33,183.73,180.27,174.4,182.12,0.84,1.08,1.4,1.09,2.27,-28,10.7,32.46
IIFL Capital Services Ltd.,IIFLCAPS,542773,IIFLCAPS,INE489L01022,Capital Markets,Banking and Finance,345.35,345.35,10755.4,68.22,56.57,56.06,53.54,39.65,63.37,64.99,14.86,11.64,303.19,298.1,319.25,316.69,347.17,333.03,323.1,311.44,312.37,1.58,1.4,1.45,1.68,25.66,4.04,14.7,33.46
IIFL Finance Ltd.,IIFL,532636,IIFL,INE530B01024,Other Financial Services,Banking and Finance,445.7,445.7,18955.16,47.43,38.22,38.98,38.68,41.29,71.85,46.07,-2.18,-4.22,450.2,463.24,515.65,504.69,457.75,453.35,453.76,468.55,488.17,2.11,1.38,1.43,1.26,0.56,-14.41,19.14,13.33
IKIO Technologies Ltd.,IKIO,543923,IKIO,INE0LOJ01019,Consumer Electronics,Consumer Durables,161.48,161.48,1247.93,63.09,49.96,51.85,51.37,36.11,66.1,56.55,10.06,9.01,144.7,138.64,151.2,177.91,171.92,163.61,157.08,148.59,154.8,2.24,1.71,1.34,,16.3,-22.61,9.98,30.66
IL&FS Engineering & Construction Company Ltd.,IL&FSENGG,532907,IL&FSENGG,INE369I01014,Construction & Engineering,Cement and Construction,26.88,26.88,352.45,68.78,48.48,56.52,44.4,50.49,35.42,52.24,0.46,0.49,26.47,25.45,25.42,27.85,27.52,27.01,26.75,26.03,26.21,1.29,1.43,1.07,0.72,0.67,-0.33,1.55,30.1
IL&FS Investment Managers Ltd.,IVC,511208,IVC,INE050B01023,Asset Management Cos.,Banking and Finance,7.67,7.67,240.86,53.87,42.94,44.27,51.73,41.06,62.71,50.71,0.17,0.2,7.48,7.3,7.58,7.93,7.88,7.83,7.73,7.54,7.62,0.88,1.12,0.96,0.95,5.5,1.05,0.34,20.35
IL&FS Transportation Networks Ltd.,IL&FSTRANS,533177,IL&FSTRANS,INE975G01012,Roads & Highways,Cement and Construction,2.39,2.39,78.62,62.39,49.82,51.27,39.72,36.76,39.2,50.75,0.05,0.04,2.29,2.29,2.53,2.8,2.46,2.43,2.4,2.39,2.51,1.06,1.03,1.08,0.62,12.74,-15.55,0.12,26.69
IOL Chemicals and Pharmaceuticals Ltd.,IOLCP,524164,IOLCP,INE485C01029,Pharmaceuticals,Pharmaceuticals & Biotechnology,105.71,105.71,3102.88,69.83,56.73,57.39,54.5,47.5,93.32,70.61,5.96,5.02,88.43,81.89,79.56,88.58,101.04,97.5,93.77,86.3,84.01,0.31,1.13,1.46,1.15,30.76,16.69,5.21,37.62
IRB Infrastructure Developers Ltd.,IRB,532947,IRB,INE821I01022,Roads & Highways,Cement and Construction,20.82,20.82,25146.4,59.48,45.68,48.88,47.43,52.6,36.41,40.42,0.01,0.14,21.53,21.14,21.01,21.43,21.41,21.49,21.51,21.33,21.3,0.7,0.24,0.73,1.23,-0.34,-7.2,0.57,9.63
IRB InvIT Fund,IRBINVIT,540526,IRBINVIT,INE183W23014,REITs-InvITs,Realty,60.68,60.68,7776.75,52.79,43.96,43.38,42.2,40.35,38.26,45.5,0.14,0.2,60.91,60.67,61.36,61.75,61.35,61.19,61.11,61.01,61.15,0.4,0.03,0.14,0.11,1.12,-1.33,0.78,13.59
IRIS Clothings Ltd.,IRISDOREME,,IRISDOREME,INE01GN01025,Textiles,Textiles Apparels & Accessories,36.38,36.38,692.43,71.17,50.83,58.49,55.29,50.3,81.8,59.6,1.19,1.2,34.09,32.72,33.68,33.05,36.86,36.16,35.44,33.99,33.42,0.76,0.75,0.82,0.75,13.37,14.08,1.84,28.82
IRIS RegTech Solutions Ltd.,IRIS,540735,IRIS,INE864K01010,IT Software Products,Software & Services,235.46,235.46,484.3,58.01,45.76,47.67,38.19,34.9,37.36,46.39,0.4,0.1,237.09,238.14,261.57,298.14,241.41,239.85,239.35,244.16,260,0.51,1.18,0.93,0.37,-0.09,-33.12,11.65,12.8
IRM Energy Ltd.,IRMENERGY,544004,IRMENERGY,INE07U701015,Utilities:Non-Electrical,Utilities,291.75,291.75,1197.92,57.23,46.29,47.03,55.64,32.51,92.13,55.18,26.05,29.05,252.48,236.32,248.87,276.75,309.45,305.35,289.42,259.63,257.59,0.19,0.58,0.73,,49.38,-3.41,21.79,37.52
ISGEC Heavy Engineering Ltd.,ISGEC,533033,ISGEC,INE858B01029,Industrial Machinery,General Industrials,1054,1054,7750.01,71.1,58.19,58.43,65.89,56.58,61.88,55.69,33.68,40.33,1016.05,968.31,895.26,920.57,1074.92,1068.89,1050.47,985.59,942.93,0.39,0.74,0.83,1.31,10.6,22.23,37.93,26.06
ITC Hotels Ltd.,ITCHOTELS,544325,ITCHOTELS,INE379A01028,Hotels,Hotels Restaurants & Tourism,153.72,153.72,32019.51,55.89,36.71,45.93,46.35,34.78,44.37,42.03,0.74,1.07,156.89,158.83,173.51,199.48,162.57,160.85,160.25,162.85,172.86,2.07,1.51,1.25,,1.55,-27.14,5.2,13.66
ITC Ltd.,ITC,500875,ITC,INE154A01025,Cigarettes-Tobacco Products,"Food, Beverages & Tobacco",300.7,300.7,376761.11,59.35,39.16,48.77,46.66,36.63,26.64,42.64,0.58,1.03,303.26,304.95,325.94,367.09,306.42,306.78,306.29,310.11,326.92,0.84,0.65,0.63,0.62,-0.76,-26.21,5.26,15.63
ITI Ltd.,ITI,523610,ITI,INE248A01017,Telecom Equipment,Telecommunications Equipment,283,283,27193.1,49.6,38.64,40.76,51.6,46.84,87.36,44.06,4.77,7.15,286.18,276.74,286.85,299.31,296.39,295.93,293.41,286.65,288.46,0.59,1.01,0.93,0.95,-4.84,-10.4,10.63,28.63
IVP Ltd.,IVP,507580,IVP,INE043C01018,Commodity Chemicals,Chemicals & Petrochemicals,161.2,161.2,166.46,62.58,51.84,51.43,50.33,40,89.47,69.29,6.07,4.34,139.78,136.02,139.97,153.86,155.96,150.72,146.71,141.28,143.25,0.7,1.29,1.07,0.97,20.34,-8.21,8.28,36.11
IZMO Ltd.,IZMO,532341,IZMO,INE848A01014,IT Consulting & Software,Software & Services,663.95,663.95,993.44,37.58,30.76,30.88,39.96,39.97,41.43,38.43,-5.64,-1.24,701.14,708.75,734.35,759.61,695.24,700.55,704.39,715.43,730.1,1.02,1.21,1.22,1.14,-6.39,-26.51,32.02,10.12
Ideal Technoplast Industries Ltd.,IDEALTECHO,,IDEALTECHO,INE0T9I01011,Plastic Products,General Industrials,208.6,208.6,104.3,66.14,54.35,49.01,49.17,61.76,37.41,51.3,-3.78,-1.28,209.59,203.98,204.54,176.05,190.23,201.56,204.51,205.01,198.24,1.67,0.24,0.13,,-0.19,54.46,16.01,17.38
Identical Brains Studios Ltd.,IDENTICAL,,IDENTICAL,INE0TD101011,Movies & Entertainment,Media,18.7,18.7,26.23,30.65,25.8,25.19,34.3,43.96,31.3,45.73,-0.22,0.14,19.57,18.94,20.17,29.43,18.59,19.31,19.52,19.74,22.15,-0.61,0.39,0.39,,-1.58,-50.92,1.04,20.07
Igarashi Motors India Ltd.,IGARASHI,517380,IGARASHI,INE188B01013,Auto Parts & Equipment,Automobiles & Auto Components,406.35,406.35,1278.99,61.11,48.66,50.22,46.28,33.79,88.3,62.24,22.23,17.9,352.22,341.64,375.48,440.88,412.69,395.24,380.45,364.28,381,0.13,1.49,1.4,1.28,30.14,-18.58,19.04,43.38
Imagicaaworld Entertainment Ltd.,IMAGICAA,539056,IMAGICAA,INE172N01012,Other Leisure Facilities,Diversified Consumer Services,44.25,44.25,2503.94,50.32,39.99,41.35,40.99,48.52,53.09,42.92,0.42,0.77,45.44,43.75,46.36,50.93,46.36,46.23,46.04,45.54,46.87,0.45,1.12,0.98,1.12,-4.18,-14.06,1.97,17.95
Impex Ferro Tech Ltd.,IMPEXFERRO,532614,IMPEXFERRO,INE691G01015,Iron & Steel/Interm.Products,Metals & Mining,1.64,1.64,14.42,50.52,40.99,41.52,50.07,38.35,52.74,48.27,0.02,0.03,1.61,1.62,1.7,1.82,1.67,1.68,1.66,1.65,1.71,-0.36,0.37,0.24,0.16,7.89,-12.3,0.1,23.5
Incredible Industries Ltd.,INCREDIBLE,538365,INCREDIBLE,INE452L01012,Iron & Steel/Interm.Products,Metals & Mining,36.44,36.44,170.41,62.68,51.31,51.51,41.05,39.98,48.58,57.4,0.58,0.43,34.21,33.84,35.82,39.32,35.99,35.47,35.08,34.83,35.99,-0.23,1.15,0.95,0.84,7.75,-17.41,2.49,17.24
Ind-Swift Laboratories Ltd.,INDSWFTLAB,532305,INDSWFTLAB,INE915B01019,Pharmaceuticals,Pharmaceuticals & Biotechnology,137.76,137.76,1196.26,71.98,51.73,59.15,54.57,63.69,49.1,48.48,-0.02,0.15,139.41,139.97,124.75,113.05,139.68,139.1,139.22,136.53,128.5,0.04,1.44,1.09,0.91,-3.82,36.29,7.43,8.44
Indbank Merchant Banking Services Ltd.,INDBANK,511473,INDBANK,INE841B01017,Capital Markets,Banking and Finance,33.21,33.21,147.38,51.91,40.92,42.66,48.52,38.77,65.97,44.8,0.31,0.42,33.52,33.17,34.54,35.12,34.43,34.28,34.09,33.92,34.38,0.73,1.1,1.09,1.34,3.2,-14.93,1.37,24.65
Indef Manufacturing Ltd.,BAJAJINDEF,544364,BAJAJINDEF,INE0O9T01021,Industrial Machinery,General Industrials,289.4,289.4,926.08,50.55,41.73,41.54,41.13,45.67,56.48,50.22,10.65,13.16,280.06,262.75,287.88,332.66,303.54,300.26,294.15,282.19,290.52,0.38,1.2,1.31,,13.66,-20.31,17.62,32.33
Indegene Ltd.,INDGN,544172,INDGN,INE065X01017,Healthcare Services,Healthcare,528.8,528.8,12729.08,65.2,53.72,53.58,52.12,49.98,68.66,60.91,16.63,14.21,494.27,479.44,490.14,520.43,533.24,521.17,510.48,493.76,496.55,0.17,0.99,0.77,,7.86,-0.25,18.71,27.44
IndiGrid Infrastructure Trust,INDIGRID,540565,INDIGRID,INE219X23014,REITs-InvITs,Realty,173.45,173.45,14926.07,68.86,56.55,56.59,55.94,59.21,48.52,60.5,1.35,1.53,171.04,168.61,167.44,166.57,173.45,172.98,172.23,169.87,168.13,0.35,0.22,0.11,0.11,2.04,0.8,2.16,20.78
India Cements Ltd.,INDIACEM,530005,INDIACEM,INE383A01012,Cement & Cement Products,Cement and Construction,390.45,390.45,12099.94,53.14,43.67,44.55,43.08,46.15,88.05,49.27,4.22,5.73,391.61,387.86,417.34,401.9,402.94,403.8,401.21,399.68,402.61,1.54,1.25,1.01,0.96,5.33,-0.09,15.59,24.1
India Glycols Ltd.,INDIAGLYCO,500201,INDIAGLYCO,INE560A01023,Commodity Chemicals,Chemicals & Petrochemicals,1051.5,1051.5,7047.87,70.13,58.04,57.63,54.62,51.56,80.9,57.6,50.03,42.24,973.19,934.15,946.27,940.66,1109.18,1056.47,1024.22,970.71,953.3,1.51,1.13,1.25,1.22,16.61,6.53,46.45,34.65
India Motor Parts & Accessories Ltd.,IMPAL,590065,IMPAL,INE547E01014,Commodity Trading  & Distribution,Commercial Services & Supplies,1017.3,1017.3,1269.59,59.65,48.91,49.02,48.45,40.64,64.63,52.87,3.66,2.1,1004.22,1009.17,1025.61,1039.15,1021.02,1015.48,1012.68,1014.19,1023.3,0.43,0.63,0.58,0.76,1.47,-2.41,25.64,21.89
India Nippon Electricals Ltd.,INDNIPPON,532240,INDNIPPON,INE092B01025,Auto Parts & Equipment,Automobiles & Auto Components,770.25,770.25,1742.41,60.32,38.7,49.57,50.37,39.5,52.36,46.47,7.8,8.61,770.84,774.94,781.7,836.08,798.24,792.09,787.12,781.95,791.96,0.86,1.5,1.14,1.04,1.94,-17.43,27.55,9.75
India Pesticides Ltd.,IPL,543311,IPL,INE0D6701023,Agrochemicals,Chemicals & Petrochemicals,167.96,167.96,1934.29,60.26,48.62,49.52,38.65,36.04,95.71,62.63,6.01,3.56,150.17,148.64,157.42,180.33,169.01,161.41,157.21,153.86,159.26,1,1.33,1.36,1.29,15.23,-8.37,8.25,27.27
India Power Corporation Ltd.,DPSCLTD,,DPSCLTD,INE360C01024,Power - Electric Utilities,Utilities,9.67,9.67,941.65,53.54,42.96,44,49.45,39.36,59.04,51.19,0.34,0.38,9.29,8.98,9.26,10.57,10.1,9.96,9.76,9.38,9.58,1.03,1.38,1.17,0.93,8.04,-16.28,0.48,25.77
India Shelter Finance Corporation Ltd.,INDIASHLTR,544044,INDIASHLTR,INE922K01024,Housing Finance,Banking and Finance,831.8,831.8,9048.74,64.75,44.25,53.21,51.69,49.12,66.39,62.22,20.25,20.95,798.09,761.38,775.28,834.08,836.82,825.66,813.64,787.69,790.01,0.76,0.88,0.67,,8.87,-1.67,25.13,45.07
India Tourism Development Corporation Ltd.,ITDC,532189,ITDC,INE353K01014,Hotels,Hotels Restaurants & Tourism,568.1,568.1,4872.56,56.73,47.46,46.62,45.97,50.73,44.11,51.16,18.57,25.87,547.29,514.35,532.83,561.09,585.07,584.1,574.31,545.14,541.96,1.03,1.73,1.4,1.29,7.32,-4.86,28.84,34.53
IndiaMART InterMESH Ltd.,INDIAMART,542726,INDIAMART,INE933S01016,Internet & Catalogue Retail,Retailing,2011.8,2011.8,12099.59,39.47,32.52,32.44,38.92,38.63,26.19,35.89,-12.98,-2.57,2091.13,2095.42,2152.86,2310.38,2063.3,2081.01,2090.3,2112.02,2164.32,0.52,0.48,0.44,0.75,-4.21,-18.65,58.16,14.59
Indiabulls Ltd.,IBULLSLTD,533520,IBULLSLTD,INE126M01010,Misc. Commercial Services,Commercial Services & Supplies,20.02,20.02,4653.41,77.96,56.83,64.07,62,48.12,50.18,65.28,2.21,2.22,15.64,13.29,13.21,15.13,20.35,19.39,18.04,15.16,14.32,-0.09,1.57,0.99,0.39,83.67,12.09,1.29,55.47
Indian Bank,INDIANB,532814,INDIANB,INE562A01011,Banks,Banking and Finance,821.4,821.4,110639.62,57.3,46.6,47.09,48.68,68.86,21.84,35.21,-19.4,-12.17,897.2,905.77,879.76,813.29,850.84,863.28,876.75,889.84,873.32,0.18,1.45,1.25,1.16,-12.79,-5.13,31.8,21.52
Indian Emulsifiers Ltd.,IEML,,IEML,INE0RRU01016,Specialty Chemicals,Chemicals & Petrochemicals,74.15,74.15,135.94,49.18,38.83,40.42,38.71,48.48,24.11,43.11,0.04,0.85,78.86,75.79,79.82,100.2,78.69,78.82,78.97,78.79,83.7,1.57,1.72,1.29,,-8,-22.64,5.1,26.26
Indian Energy Exchange Ltd.,IEX,540750,IEX,INE022Q01020,Capital Markets,Banking and Finance,127.21,127.21,11343.22,61.41,49.67,50.47,41.13,48.4,67.05,49.37,1.35,1.2,127,124.85,128.97,136.02,131.13,129,128.15,127.14,130.08,1.31,1.18,1.15,1.19,-1.91,-7.91,3.89,14.48
Indian Hotels Company Ltd.,INDHOTEL,500850,INDHOTEL,INE053A01029,Hotels,Hotels Restaurants & Tourism,634.4,634.4,90302.54,60.65,49.84,49.72,48.68,38.95,50.27,56.11,8.45,6.35,634.98,634.95,667.38,706.64,663.48,655.16,649.29,647.51,664.54,1.24,1.4,1.34,1.19,3.92,-11.02,17.22,13.8
Indian Hume Pipe Company Ltd.,INDIANHUME,504741,INDIANHUME,INE323C01030,Cement & Cement Products,Cement and Construction,328.85,328.85,1732.44,55.71,46.78,45.78,46.02,41.34,91.64,48.67,3.16,2.09,324.97,324.82,359.46,371.13,339.22,334.12,331.64,335.16,348.77,1.12,1.14,1.26,1.26,0.5,-7.24,15.33,18.1
Indian Metals & Ferro Alloys Ltd.,IMFA,533047,IMFA,INE919H01018,Iron & Steel/Interm.Products,Metals & Mining,1450.2,1450.2,7824.42,74.75,60.48,61.43,61.14,66.01,60.26,50.07,34.53,49.52,1432.86,1349.42,1333.79,1198.37,1481.72,1486.77,1469.53,1398.28,1329.04,0.7,1.1,1.12,1.17,6.08,28.45,79.15,18.79
Indian Oil Corporation Ltd.,IOC,530965,IOC,INE242A01010,Oil Marketing & Distribution,Oil & Gas,137.65,137.65,194378.85,50.07,33.21,41.15,41.86,46.27,32.07,37.41,-1.59,-1.53,142.24,150.01,158.08,155.35,143.56,143.11,143.87,148.79,153.24,1.65,1.13,1.05,1.23,-2.84,-18.25,3.75,14.89
Indian Overseas Bank,IOB,532388,IOB,INE565A01014,Banks,Banking and Finance,33.65,33.65,64798.42,49.63,38.8,40.79,40.23,40.34,61.68,41.53,0.1,0.26,34.29,34.13,34.73,36.77,34.62,34.63,34.59,34.53,35.15,0.77,1.17,1.15,1.4,-1.2,-13.09,0.8,12.83
Indian Phosphate Ltd.,IPHL,,IPHL,INE0DHF01018,Fertilizers,Fertilizers,54.95,54.95,137.32,65.33,54.58,53.69,44.81,44.1,39.7,50.64,0.42,0.14,53.95,54.39,58.05,56.95,56.2,55.18,54.83,55.24,56.47,0.4,0.65,0.31,,-0.09,7.64,2.32,11.52
Indian Railway Catering & Tourism Corporation Ltd.,IRCTC,542830,IRCTC,INE335Y01020,Travel Support Services,Diversified Consumer Services,534,534,42720,56.11,36.79,46.11,45.88,36.3,54.61,42.12,2.61,2.89,542.69,545.13,594.75,654.4,559.39,553.91,551.79,559.52,589.8,1.22,1.08,1.11,1.18,0.46,-24.08,14.79,16.16
Indian Railway Finance Corporation Ltd.,IRFC,543257,IRFC,INE053F01010,Financial Institutions,Banking and Finance,99.36,99.36,129848.68,48.27,37.1,39.67,46.34,37.23,71.66,41.43,0.98,1.42,100.81,99.97,109.05,116.5,104.4,103.84,103.22,103.46,107.61,1.06,1.4,1.44,1.44,0.88,-17.37,2.76,20.99
Indian Renewable Energy Development Agency Ltd.,IREDA,544026,IREDA,INE202E01016,Financial Institutions,Banking and Finance,124.69,124.69,35028.31,49.61,38.7,40.77,49.38,38.53,73.35,41.24,2.23,3.59,127.93,123.68,128.56,138.35,132.39,132.51,131.36,128.27,130.46,0.65,1.29,1.42,,1.27,-16.07,4.21,22.43
Indian Terrain Fashions Ltd.,INDTERRAIN,533329,INDTERRAIN,INE611L01021,Other Apparels & Accessories,Textiles Apparels & Accessories,30,30,152,51.76,33.07,42.54,33.21,49.37,12.61,43.65,-0.04,0.11,31.1,30.49,32.38,34.45,31.25,31.11,31.16,31.37,32.35,1.19,1.41,1.17,1.14,-5.99,-23.72,1.65,17.69
Indifra Ltd.,INDIFRA,,INDIFRA,INE0PS301014,Misc. Commercial Services,Commercial Services & Supplies,13,13,9.48,47.91,39.37,39.66,37.77,29.95,22.05,47.31,-0.48,-0.63,13.47,14.35,16,17.68,12.65,12.77,13.03,14.09,15.48,0.37,0.39,0.03,,-9.41,-6.47,0.49,18.25
Indigo Paints Ltd.,INDIGOPNTS,543258,INDIGOPNTS,INE09VQ01012,Paints,Consumer Durables,939.1,939.1,4477.22,57.99,49.36,47.66,47.66,34.25,66.77,63.35,30.71,19.55,840.84,838.54,971.74,1057.73,941.24,906.3,884.17,883.11,941.53,1.31,1.39,1.1,0.74,18.92,-5.22,37.71,28.99
Indiqube Spaces Ltd.,INDIQUBE,544454,INDIQUBE,INE06ST01018,Special Consumer Services,Diversified Consumer Services,163.58,163.58,3467.86,36.96,31.34,30.37,38.61,28.02,81.74,47.58,3.66,4.44,160.22,159.41,175.3,,170.32,169.64,167.33,166.02,175.38,-0.31,0.75,,,7.85,-20.45,8.62,36.31
Indo Amines Ltd.,INDOAMIN,524648,INDOAMIN,INE760F01028,Commodity Chemicals,Chemicals & Petrochemicals,115.4,115.4,837.66,60.53,49.4,49.74,48.18,38.47,74.76,54.42,4.36,4.28,109.19,104.78,112.51,125.45,120.54,117.15,114.4,110.45,113.46,1.73,1.85,1.46,1.38,11.61,-13.49,4.73,22.83
Indo Borax & Chemicals Ltd.,INDOBORAX,524342,INDOBORAX,INE803D01021,Commodity Chemicals,Chemicals & Petrochemicals,281.8,281.8,904.3,70.81,58.43,58.19,57.06,54.56,80.53,66.98,6.62,5.31,257.72,252.51,253.73,252.52,272.35,268.36,264.08,256.63,252.64,1.18,0.33,0.44,0.85,10.81,15,10.62,35.73
Indo Count Industries Ltd.,ICIL,521016,ICIL,INE483B01026,Textiles,Textiles Apparels & Accessories,281.5,281.5,5575.23,67.3,55.16,55.31,53.14,38.95,71.9,53.46,9.56,8.28,267.97,260.5,266.36,271.71,292.75,284.77,278.51,269.71,269.7,1.84,1.46,1.62,1.2,15.62,3.13,13.55,30.58
Indo Farm Equipment Ltd.,INDOFARM,544328,INDOFARM,INE622H01018,Commercial Vehicles,Automobiles & Auto Components,135.83,135.83,652.68,55.76,35.82,45.82,35.51,43.14,50.01,46.04,1.29,1.62,138.51,134.57,154.9,190.08,143.77,141.42,140.63,142.19,154.81,1.61,1.64,1.45,,-4.4,-38.92,7.19,14.98
Indo National Ltd.,NIPPOBATRY,504058,NIPPOBATRY,INE567A01028,Household Products,Consumer Durables,384.6,384.6,288.45,65.1,51.21,53.5,52.71,35.97,76.16,57.78,27.64,19.7,336.92,324.09,355.19,404.6,424.89,385.69,366.86,346.77,359.05,0.25,1.3,0.98,0.91,14.63,-13.31,25.78,29.08
Indo Rama Synthetics (India) Ltd.,INDORAMA,500207,INDORAMA,INE156A01020,Textiles,Textiles Apparels & Accessories,37.81,37.81,987.27,56.78,38.38,46.66,37.89,36.2,44.57,51.29,0.85,0.96,36.78,35.54,39.46,47.49,38.97,38.49,37.96,37.57,40.02,0.63,1.09,1.4,1.21,8.12,-43.92,1.63,35.89
Indo Tech Transformers Ltd.,INDOTECH,532717,INDOTECH,INE332H01014,Heavy Electrical Equipment,General Industrials,2652.2,2652.2,2816.64,91.25,75.47,74.99,68.37,35.55,73.13,68.12,320.03,312.55,1975.73,1737.22,1592.29,1666.5,2698.26,2550.82,2353.56,1939.31,1756.18,2.01,1.92,1.77,1.25,100.62,63.97,156.2,55.16
Indo Thai Securities Ltd.,INDOTHAI,533676,INDOTHAI,INE337M01021,Capital Markets,Banking and Finance,280.85,280.85,3612.24,55.74,44.19,45.81,45.93,52.49,48,43.83,2.04,4.48,293.88,279.92,280.36,285.86,292.58,292.63,292.06,286.43,286.31,1.4,0.37,0.35,0.14,-3.19,-26.63,13.78,13.71
Indo US Bio-Tech Ltd.,INDOUS,541304,INDOUS,INE250Z01010,Other Agricultural Products,"Food, Beverages & Tobacco",106.71,106.71,213.97,55.8,37.84,45.86,36.51,35.25,53.08,48.3,-0.06,-0.88,105.89,109.91,117.42,130.66,109.87,107.44,107.16,110.48,117.16,1.34,0.93,0.94,,-0.23,-20.38,5.04,19.91
Indoco Remedies Ltd.,INDOCO,532612,INDOCO,INE873D01024,Pharmaceuticals,Pharmaceuticals & Biotechnology,217.8,217.8,2010.37,58.87,48.33,48.38,39.75,37.99,77.04,52.86,6.48,6.01,207.4,202.66,211.26,246.93,228.79,219.82,215.7,210.14,217.41,1.75,1.26,1.06,0.88,8.13,-17.64,11.68,28.62
Indogulf Cropsciences Ltd.,IGCL,544432,IGCL,INE05J901018,Agrochemicals,Chemicals & Petrochemicals,62.64,62.64,396.04,54.64,44.64,44.9,42.94,28.53,56.14,47.24,1.06,0.88,62.84,62.3,68.39,85.95,66.83,64.99,64.25,64.62,70.32,1.29,0.56,,,0.37,-37.81,3.74,17.02
Indosolar Ltd.,WAAREEINDO,533257,WAAREEINDO,INE866K01023,Other Electrical Equipment/Products,Consumer Durables,403.4,403.4,1678.29,75.15,49.98,61.76,60.59,71.91,19.33,41.15,-0.68,7.63,436.62,400.78,423.29,309.3,420.69,430.33,432.8,423.06,400.64,1.05,0.69,16.04,5.33,-2.02,-3.25,20.92,18.71
Indostar Capital Finance Ltd.,INDOSTAR,541336,INDOSTAR,INE896L01010,Finance (including NBFCs),Banking and Finance,200.66,200.66,3241.43,58.77,46.92,48.3,51.16,38.84,40.58,43.72,1.78,1.76,208.14,207.6,218.87,238.83,216.78,212.32,211.07,211.65,219.7,2.11,1.66,1.69,1.28,-6.84,-21,10.57,19.66
Indowind Energy Ltd.,INDOWIND,532894,INDOWIND,INE227G01018,Power - Electric Utilities,Utilities,9.88,9.88,159.07,46.07,38.1,37.86,46.8,28.74,58.95,45.93,0.3,0.41,9.69,9.33,11.33,13.94,10.46,10.47,10.29,10.21,11.29,2.2,1.32,1.51,1.26,13.69,-34.11,0.59,17.79
Indraprastha Gas Ltd.,IGL,532514,IGL,INE203G01027,Utilities:Non-Electrical,Utilities,156.81,156.81,21953.43,45.52,37.66,37.41,46.08,36.98,61.13,39.48,0.86,1.82,160.75,160.36,170.94,189.24,164.56,164.23,163.76,164.31,171.26,1.19,1.05,1,1.01,1.1,-25.7,4.54,18.85
Indraprastha Medical Corporation Ltd.,INDRAMEDCO,532150,INDRAMEDCO,INE681B01017,Healthcare Facilities,Healthcare,415.85,415.85,3812.22,59.44,49.01,48.85,40.89,48.88,57.2,51.41,3.75,2.48,412.45,405.66,411.96,455.91,422.1,416.58,414.17,411.62,421.39,0.42,1.49,1.42,1.14,-2.99,-33.23,16.47,11.11
Indus Infra Trust,INDUSINVIT,544137,INDUSINVIT,INE0NHL23019,REITs-InvITs,Realty,124.98,124.98,5458.8,69.79,58.06,57.35,65.75,66.35,36.48,44.02,0.28,0.85,126.35,125.53,122.28,119.25,125.97,126.9,126.86,125.41,123.17,-0.07,0.09,0.03,,0.05,2.55,2.73,16.26
Indus Towers Ltd.,INDUSTOWER,534816,INDUSTOWER,INE121J01017,Other Telecom Services,Telecom Services,400.8,400.8,105737.57,63.85,51.69,52.47,46.37,57.45,40.02,41.2,-6.32,-6.86,415.87,426.3,430.95,399.72,405.39,407.04,410.63,420.63,420.53,-0.38,0.83,0.96,1.12,-8.59,0.63,12.83,21.45
IndusInd Bank Ltd.,INDUSINDBK,532187,INDUSINDBK,INE095A01012,Banks,Banking and Finance,892.85,892.85,69562.93,77.83,64,63.96,62.02,51.86,68.21,51.75,22.57,19.65,857.58,864.88,880.72,834.95,931.92,908.81,893.57,875.93,867.96,1.83,1.54,1.14,1.05,9.61,13.57,27.51,26.26
Industrial & Prudential Investment Company Ltd.,,501298,INDPRUD,INE620D01011,Investment Companies,Others,6613.65,6613.65,1108.32,61.78,52.43,51,56.78,50.98,59.65,59.98,280.44,321.55,6218.18,5806.23,5576.37,5975.8,6759.52,6664.57,6504.81,6054.15,5855.8,1.07,0.53,0.37,0.29,16.66,8.92,195.38,51.11
Industrial Investment Trust Ltd.,IITL,501295,IITL,INE886A01014,Finance (including NBFCs),Banking and Finance,161.1,161.1,363.24,54.45,45.19,44.75,44.51,46.89,55,53.8,4.23,6.12,154.48,145.37,146.76,163.37,160.77,161.67,159.55,152.02,152.91,0.05,0.68,0.58,0.55,13.35,-12.72,10.87,17
Infinium Pharmachem Ltd.,INFINIUM,,INFINIUM,INE0MRE01011,Pharmaceuticals,Pharmaceuticals & Biotechnology,216,216,300.59,59.42,50.69,48.83,50.33,49.49,46.95,55.72,1.43,0.97,209.7,208.76,215.45,237.41,213.51,212.64,211.64,211.86,218.58,0.05,0.55,0.41,,-1.8,-14.29,7.9,17.89
Influx Healthtech Ltd.,INFLUX,,INFLUX,INE0MYZ01012,Pharmaceuticals,Pharmaceuticals & Biotechnology,280,280,648.21,88.88,72.92,73.04,72.26,49.19,43.84,64.38,14.21,13.38,248.37,234.15,226.49,204.81,280.95,272.15,263.42,243.79,228.37,1.62,1.38,,,20.82,41.38,14.33,26.79
Info Edge (India) Ltd.,NAUKRI,532777,NAUKRI,INE663F01032,Internet & Catalogue Retail,Retailing,930.9,930.9,60361.47,37.95,31.29,31.19,29.41,37.02,19.2,33.72,-16.83,-10.88,1001.09,996.14,1134.08,1248.71,966.74,977.59,988.19,1027.58,1104.85,1.59,0.87,1.07,1.11,-7.13,-29.84,29.93,20.72
InfoBeans Technologies Ltd.,INFOBEAN,543644,INFOBEAN,INE344S01016,IT Consulting & Software,Software & Services,157.32,157.32,1525.37,60.72,45.69,49.9,52.95,55.35,46.84,43.18,0.9,3.41,166.29,161.97,186.3,164.52,167.9,171.16,170.84,171.25,171.6,0.21,2.14,1.84,1.16,-0.1,5.91,11.92,21.9
Infollion Research Services Ltd.,INFOLLION,,INFOLLION,INE0NNZ01013,Misc. Commercial Services,Commercial Services & Supplies,213.65,213.65,207.39,28.11,30.69,23.1,24.26,46.98,23.15,29.04,-21.91,-22.02,263.51,280.41,326.5,379.37,217.4,226.12,239.21,275.61,313.83,1.01,0.24,0.05,,-34.56,-45.6,15.47,45.18
Infomedia Press Ltd.,INFOMEDIA,509069,INFOMEDIA,INE669A01022,Publishing,Commercial Services & Supplies,5.65,5.65,28.36,50.67,40.07,41.64,43.97,46.13,47.61,49.17,0.07,0.11,5.68,5.4,5.68,6.32,5.74,5.76,5.73,5.63,5.77,-1.06,0.78,0.21,-0.04,-7.68,-27.84,0.57,26.06
Infosys Ltd.,INFY,500209,INFY,INE009A01021,IT Consulting & Software,Software & Services,1140.3,1140.3,462466.77,38.77,31.01,31.86,30.9,37.99,17.61,32.91,-37.26,-34.86,1244.87,1257.48,1418.23,1461.64,1165.28,1182.76,1205.19,1274.92,1357.24,1.15,0.52,0.82,0.78,-14.37,-22.25,33.32,24.35
Ingersoll-Rand (India) Ltd.,INGERRAND,500210,INGERRAND,INE177A01018,Compressors & Pumps,General Industrials,4293.6,4293.6,13554.04,77.15,55.08,63.4,62.61,56.17,83.13,56.23,158.12,158.72,4065.49,3954.87,3697.99,3768.63,4450.92,4342.71,4247.13,4012.61,3864.2,0.46,0.8,0.77,0.87,13.06,14.27,149.34,47.96
Innomet Advanced Materials Ltd.,INNOMET,,INNOMET,INE0S1D01010,Other Non-Ferrous Metals,Metals & Mining,109.65,109.65,141.89,61.94,49.96,50.9,51.06,46.25,90.12,71.35,6.99,5.46,89.31,82.21,84.31,116.45,106.02,99.88,95.37,88.27,92.42,0.74,1.27,0.98,,33.72,-16.14,6.46,32.46
Innova Captab Ltd.,INNOVACAP,544067,INNOVACAP,INE0DUT01020,Pharmaceuticals,Pharmaceuticals & Biotechnology,871.85,871.85,4989.15,67.12,56.78,55.16,54.1,32.48,78.79,73.32,45.33,33.18,746.72,721.75,709.83,771.74,867.85,821.8,791.74,745.16,736.36,1.22,0.77,0.72,,28.06,8.58,37.35,31.26
Innovana Thinklabs Ltd.,INNOVANA,544302,INNOVANA,INE403Y01018,IT Software Products,Software & Services,375.5,375.5,775.78,58.64,36.48,48.19,49,37.93,64.08,45.13,3.27,4.37,379.4,380.1,388.42,444.67,390.36,388.64,386.66,385.21,397.15,-0.48,0.97,0.91,0.28,-0.11,-22.59,21.48,19.8
Innovative Tyres & Tubes Ltd.,ITTL,,ITTL,INE070Y01023,Auto Tyres & Rubber Products,Automobiles & Auto Components,90,90,90,55.69,45.77,46.03,44.72,50.86,13.51,38.01,1.06,3.02,94.51,86.65,95.4,98.34,92.99,95.53,95.28,92.69,92.69,0.24,0.33,2.33,0.58,-1.96,-14.2,1.52,35.72
Innovision Ltd.,INNOVISION,544732,INNOVISION,INE0ADB01012,Misc. Commercial Services,Commercial Services & Supplies,313.1,313.1,745.59,,,,,,11.45,35.63,,,328.7,,,,321.47,323.91,326.59,,,1.67,,,,-0.84,,16.5,30.12
Inox Green Energy Services Ltd.,INOXGREEN,543667,INOXGREEN,INE510W01014,Green & Renewable Energy,Utilities,178.69,178.69,7174.26,61.33,41.88,50.4,50.46,35.92,69.61,53.48,8.19,8.32,167.76,161.43,173.88,187.84,188.91,183.59,178.43,171.14,174.95,1.53,1.68,1.43,1.36,17.72,-30.86,8.18,40.29
Inox India Ltd.,INOXINDIA,544046,INOXINDIA,INE616N01034,Other Industrial Products,General Industrials,1411.4,1411.4,12810.36,74.81,61.44,61.48,60.14,58.89,52,48.33,46.33,65.35,1406.69,1310.3,1218.82,1197.4,1483.2,1476.18,1452.87,1353.06,1274.8,0.71,0.84,0.82,,15.32,17.33,70.01,35.5
Inox Wind Ltd.,INOXWIND,539083,INOXWIND,INE066P01011,Heavy Electrical Equipment,General Industrials,95.35,95.35,16478.75,47.42,38.76,38.97,47.16,32.42,51.22,46.48,3.2,4,94.21,90.22,101.92,123.6,102.51,100.97,99.04,96.84,103.95,2.21,1.82,1.7,1.59,11.66,-36.46,4.34,31.88
Insecticides (India) Ltd.,INSECTICID,532851,INSECTICID,INE070I01018,Agrochemicals,Chemicals & Petrochemicals,701.15,701.15,2040.19,56.38,48.39,46.33,45.43,46.02,39.34,58.18,20.27,23.12,671.54,641.1,647.34,723.06,714.46,705.49,693.92,664.81,666.03,0.08,0.88,0.69,0.65,9.4,0.6,23.76,30.75
Insolation Energy Ltd,,543620,INA,INE0LGX01024,Power - Electric Utilities,Utilities,129.75,129.75,2858.95,51.83,43.99,44.7,44.39,37,46.27,48.52,5.64,8.54,126.53,115.3,118.34,154.55,135.8,137.62,134.78,125.25,129.11,-0.34,1.36,1.42,1.18,21.42,-24.8,9.41,27.38
Inspire Films Ltd.,INSPIRE,,INSPIRE,INE0NDX01019,Movies & Entertainment,Media,11.45,11.45,15.58,56.04,46.05,46.31,42.79,20.71,66.83,58.79,0.42,0.22,9.73,10.22,11.57,15.45,11.36,10.84,10.52,10.58,11.99,0.3,0,-0.01,,59.03,-42.75,0.71,16.14
Inspirisys Solutions Ltd.,INSPIRISYS,532774,INSPIRISYS,INE020G01017,IT Consulting & Software,Software & Services,95.07,95.07,376.64,64.91,52.57,53.34,49.66,40.96,74.2,72.04,2.5,1.39,82.67,81.97,84.94,90.93,89.72,87.42,85.66,84.2,85.71,-0.43,0.97,1.05,0.68,13.67,5.89,4.54,29.81
Integra Essentia Ltd.,ESSENTIA,535958,ESSENTIA,INE418N01035,Other Apparels & Accessories,Textiles Apparels & Accessories,1.67,1.67,178.3,63.01,53.55,51.78,39.46,36.94,78.09,68.28,0.08,0.05,1.35,1.32,1.41,1.62,1.63,1.5,1.44,1.39,1.44,3.01,2.07,1.52,0.71,26.52,-4.57,0.1,24.35
Integrated Personnel Services Ltd.,IPSL,,IPSL,INE02EE01019,Misc. Commercial Services,Commercial Services & Supplies,211,211,181.6,44.82,34.15,36.83,33.62,35.76,43.62,40.51,-6.58,-7.8,233.97,252.32,288.95,294.08,227.56,228.15,231.35,249.57,268.07,0.33,0.42,0.31,,-10.59,-25.96,13.65,14.47
Integrity Infrabuild Developers Ltd.,INTEGRITY,,INTEGRITY,INE0YSH01017,Roads & Highways,Cement and Construction,154.1,154.1,67.8,61.57,50.77,50.6,46.96,35.74,86.74,75.93,8.87,4,122.75,127.35,116.04,,150.62,138.71,132.3,124.93,118.44,-0.62,-0.13,,,38.83,52.42,4.11,39.36
Intellect Design Arena Ltd.,INTELLECT,538835,INTELLECT,INE306R01017,IT Software Products,Software & Services,723.55,723.55,10122.07,54.64,43.92,44.9,45.87,34.64,82.43,50.12,22.62,19.81,700.34,687.66,787.49,908.67,771.45,746.4,731.08,726.31,779.97,1.45,1.03,1.02,0.99,7.72,-36.15,34.32,25.41
Intense Technologies Ltd.,INTENTECH,532326,INTENTECH,INE781A01025,IT Consulting & Software,Software & Services,101.11,101.11,238.87,63.09,50.5,51.85,42.32,48.92,58.19,50.65,1.63,1.54,99.2,96.1,104.84,107.32,104.18,102.36,101.32,100.66,103.43,1.41,1.8,1.37,1.18,0.2,-12.89,6.69,17.1
InterGlobe Aviation Ltd.,INDIGO,539448,INDIGO,INE646L01027,Airlines,Transportation,4201.7,4201.7,162461.25,35.36,30.18,29.06,28.72,38.06,38.35,41.07,-30.14,-7.5,4417.05,4410.96,4665.67,5205.62,4410.18,4392.35,4412.96,4489.01,4689.87,2.2,1.99,1.69,1.12,-5.56,-26.2,158.82,12.83
Interarch Building Solutions Ltd.,INTERARCH,544232,INTERARCH,INE00M901018,Construction & Engineering,Cement and Construction,2026.2,2026.2,3398.32,63.97,42.37,52.57,53.71,49.35,63.04,50.08,61.66,69.77,1977.17,1902.07,2014.87,2101.03,2111,2090.28,2053.1,1988.65,2008.03,0.96,1.47,1.03,,7.26,-7.66,86.88,27.87
Interiors & More Ltd.,INM,,INM,INE0OPC01015,Household Products,Consumer Durables,170,170,237.84,28.92,32.19,23.77,21.16,35.06,68.21,46.48,-4.16,-4.16,175.81,177.01,217.01,244.45,167.52,169.67,172.03,183.95,205.18,0.66,-0.82,-0.68,,-4.63,-43.43,8.63,28.97
International Conveyors Ltd.,INTLCONV,509709,INTLCONV,INE575C01027,Other Industrial Products,General Industrials,81.14,81.14,517.52,60.32,50.61,49.57,48.72,37.94,68.47,58.16,2.35,2.02,75.59,74.7,79.24,86.23,82.38,80.48,78.94,77.28,79.29,0.68,1.37,1.34,1.25,11.24,-10,3.34,30.72
International Gemological Institute Ltd.,IGIL,544311,IGIL,INE0Q9301021,Misc. Commercial Services,Commercial Services & Supplies,330.75,330.75,14293.68,61.5,46.17,50.54,49.83,54.25,45.71,41.21,2.49,5.4,345.1,338.05,329.36,340.13,351,349.69,348.8,341.28,337.74,1.75,1.15,1.23,,-1.85,-10.05,13.13,14.04
Intrasoft Technologies Ltd.,ISFT,533181,ISFT,INE566K01011,Internet & Catalogue Retail,Retailing,77.98,77.98,127.2,58.18,47.7,47.81,39.65,37.32,73.27,57.15,1.93,1.71,72.35,70.75,79.98,89.13,78.08,76.84,75.56,74.94,79.18,-0.35,1.19,0.9,0.93,14.16,-19.68,4.38,25.99
Inventure Growth & Securities Ltd.,INVENTURE,533506,INVENTURE,INE878H01024,Capital Markets,Banking and Finance,0.98,0.98,102.9,45.07,27.53,37.04,27.25,35.79,41.92,44.86,0,0,0.99,1.01,1.08,1.27,1.01,1.01,1,1.03,1.1,0.79,0.74,0.77,0.8,-10.09,-31.94,0.04,10.86
Inventurus Knowledge Solutions Ltd.,IKS,544309,IKS,INE115Q01022,Healthcare Services,Healthcare,1654.4,1654.4,28385.07,64.02,51.93,52.61,52.74,50.12,92.89,61.4,71.63,57.22,1507.19,1445.79,1554.59,1565.69,1690.6,1632.51,1584.89,1526.17,1534.72,-0.22,0.7,0.6,,11.99,-0.79,65.57,39.16
Invesco India Gold Exchange Traded Fund - Open Ended,IVZINGOLD,533172,IVZINGOLD,INF205KA1BP1,Others,Others,131,131,,45.81,58.99,59.54,29.19,29.19,42.07,52,-0.07,-0.26,129.63,131.79,129.17,114.29,130.68,130.19,130.17,130.14,126.43,0.41,0.83,0.59,0.27,1.64,24.91,2.39,12.58
Invesco India Nifty Exchange Traded Fund,IVZINNIFTY,,IVZINNIFTY,INF205K01DA9,Others,Others,2674.06,2674.06,,51.18,43.51,53.16,58.26,64.73,17.25,40.38,0.1,4.9,2712.07,2727.89,2830.26,2848.44,2735.27,2733.23,2732.63,2751.81,2791.28,0.86,0.93,0.57,0.24,-1.29,-8.66,46.25,20.57
Investment & Precision Castings Ltd.,,504786,INVPRECQ,INE155E01016,Castings & Forgings,General Industrials,624.75,624.75,624.75,76.69,65.09,64.88,60.97,55.62,15.02,56.02,17.84,19.16,582.36,563.06,536.43,511.03,621.04,614.36,604.1,573.84,547.41,1.97,0.64,0.68,0.87,18.62,23.65,43.25,19.4
Invicta Diagnostic Ltd.,INVICTA,,INVICTA,INE0XJ501010,Healthcare Services,Healthcare,86.1,86.1,108.24,36.36,30.17,29.88,36.07,37.15,55.26,52.51,4.9,5.62,80.84,74.89,74.6,,89.82,89.28,86.41,79.75,74.93,1.75,0.04,,,17.95,,5.04,28.57
Ion Exchange (India) Ltd.,IONEXCHANG,500214,IONEXCHANG,INE570A01022,Utilities:Non-Electrical,Utilities,393.1,393.1,5765.46,58.65,49.28,48.2,56.44,49.08,55.11,49.6,11.15,13.17,386.18,370.99,370.59,390.42,411.88,405.86,399.43,383.12,380.53,1.48,1.31,0.92,0.8,6.07,1.96,15.52,19.87
Ipca Laboratories Ltd.,IPCALAB,524494,IPCALAB,INE571A01038,Pharmaceuticals,Pharmaceuticals & Biotechnology,1509.1,1509.1,38286.5,80.07,65.19,65.8,65,46.29,55.55,46.83,10.52,10.03,1510.69,1517.23,1486.89,1431.94,1544.24,1532.01,1525.21,1509.71,1485.89,0.17,-0.1,-0.02,0.43,4.08,15.66,47.33,27.95
Ircon International Ltd.,IRCON,541956,IRCON,INE962Y01021,Construction & Engineering,Cement and Construction,143.96,143.96,13539.66,59.84,40.3,49.18,49.71,35.83,76.53,45.21,4.2,5.15,143.53,139.67,150.17,160.26,155.03,152.69,150.16,146.29,149.71,1.92,1.68,1.74,1.73,7.89,-11.97,6.06,31.39
Ishan Dyes and Chemicals Ltd.,ISHANCH,531109,ISHANCH,INE561M01018,Specialty Chemicals,Chemicals & Petrochemicals,64.33,64.33,175.65,55.12,45.72,45.3,41.39,39.73,54.83,60.42,1.4,1.41,59.19,58.1,60.08,62.62,62.42,62.13,61.28,59.85,60.07,0.52,1.17,0.89,,17.86,-12.64,4.27,13.4
Ishan International Ltd.,ISHAN,,ISHAN,INE0LCW01025,Industrial Machinery,General Industrials,0.7,0.7,15.14,50.62,41.6,41.22,40.26,49.34,31.09,52.43,0.01,0.01,0.66,0.67,0.71,0.81,0.69,0.69,0.68,0.68,0.73,0.81,0.82,0.48,0.25,16.67,-17.65,0.04,22.56
Italian Edibles Ltd.,ITALIANE,,ITALIANE,INE0R7R01018,Packaged Foods,FMCG,38.8,38.8,57.34,75.97,62.43,64.12,50.39,48.32,75.83,51.42,0.35,0.29,38.63,37.73,33.74,34.46,38.55,38.68,38.52,37.16,35.65,0.4,0.5,-0.08,,-5.48,7.93,1.63,15.9
Ivalue Infosolutions Ltd.,IVALUE,544523,IVALUE,INE056801025,IT Consulting & Software,Software & Services,232.55,232.55,1270.43,43.61,35.67,35.84,35.09,41.8,28.56,38.92,1.34,5.19,249.06,239.94,246.1,,248.49,252.03,251.99,247.35,253.78,2.1,1.24,,,-0.06,-18.8,12.83,13.29
Iware Supplychain Services Ltd.,IWARE,,IWARE,INE1AII01014,Warehousing & Logistics,Transportation,362.95,362.95,388.94,93.75,78.1,77.04,77.46,55.38,83.81,66.91,34.05,29.36,288.94,277.75,247.1,198.08,377.64,352.05,330.11,288.75,254.95,0.53,0.94,1.04,,56.58,110.71,16.82,43.84
J B Chemicals & Pharmaceuticals Ltd.,JBCHEPHARM,506943,JBCHEPHARM,INE572A01036,Pharmaceuticals,Pharmaceuticals & Biotechnology,2135.3,2135.3,34284.1,78.13,66.47,64.21,65.05,50.79,74.79,59.89,37.25,21.52,2036.38,2057.92,1966.1,1845.02,2155.8,2107.04,2081.25,2037.05,1974.34,0.15,0.21,0.34,0.4,8.38,26.21,55.37,29.76
J G Chemicals Ltd.,JGCHEM,544138,JGCHEM,INE0MB501011,Specialty Chemicals,Chemicals & Petrochemicals,387.95,387.95,1520.22,59.25,48.48,48.69,54.95,40.27,47.31,48.87,13.45,15.67,379.18,366.47,357.04,400.2,411.91,404.57,396.71,377.62,373.78,2.28,1.72,1.56,,9.93,-5.61,16.29,30.87
J Kumar Infraprojects Ltd.,JKIL,532940,JKIL,INE576I01022,Construction & Engineering,Cement and Construction,497.35,497.35,3763.22,46.74,38.47,38.41,45.74,36.15,64.05,45.77,4.24,5.52,493.01,495.68,531.99,585.5,509.99,509.21,506.34,508.89,531.45,0.97,1.23,1.04,1.22,6.17,-24.09,17.22,24.73
JBM Auto Ltd.,JBMA,532605,JBMA,INE927D01051,Auto Parts & Equipment,Automobiles & Auto Components,657.05,657.05,15538.86,64.81,54.63,53.26,45.43,49.14,72.19,61.17,19.24,17.8,610.1,578.87,584.06,613.14,646.24,638.52,626.88,601.53,597.15,-0.38,1.49,1.65,1.32,8.61,2.7,28.87,31.58
JFL Life Sciences Ltd.,JFLLIFE,,JFLLIFE,INE0LA901015,Pharmaceuticals,Pharmaceuticals & Biotechnology,9.2,9.2,60.71,40.98,33.14,33.68,32.67,26.62,63.72,46.02,-0.17,-0.25,9.41,10.03,11.09,13.11,9.35,9.33,9.4,9.97,11.02,-0.43,-0.72,-0.56,,-3.16,-29.23,0.36,22.12
JHS Svendgaard Laboratories Ltd.,JHS,532771,JHS,INE544H01014,Personal Products,FMCG,8.7,8.7,74.48,49.43,40.05,40.62,38.03,38.73,37.19,46.7,0.05,0.09,8.64,8.65,9.45,10.54,8.92,8.9,8.87,8.96,9.49,0.89,1.84,1.43,0.97,-0.11,-28.81,0.51,16.11
JHS Svendgaard Retail Ventures Ltd.,RETAIL,544197,RETAIL,INE03DD01011,Specialty Retail,Retailing,19.49,19.49,15.99,45.75,27.23,37.6,30.63,34.95,27.01,42.8,-0.14,-0.1,20.24,20.62,22.84,28.6,20.45,20.4,20.47,21.19,23.26,-0.18,1.58,1.09,,-4.13,-38.61,1.7,14.71
JITF Infralogistics Ltd.,JITFINFRA,540311,JITFINFRA,INE863T01013,Utilities:Non-Electrical,Utilities,315.95,315.95,812.11,59.84,49.38,49.18,41.14,54.83,75.71,52.49,-3.39,-4.67,311.18,324.44,305.84,318.03,308.84,308.91,310.78,314.82,316.02,0.33,1.06,0.9,0.81,-2.59,7.16,7.46,15.3
JK Cement Ltd.,JKCEMENT,532644,JKCEMENT,INE823G01014,Cement & Cement Products,Cement and Construction,5377.5,5377.5,41551.03,52.29,41.81,42.97,39.09,50.34,33.54,46.49,7.13,27.78,5471.9,5393.41,5536.98,5962.58,5512.3,5485.95,5485.33,5480.91,5566.6,1.89,1.35,0.98,0.87,-2.92,-5.69,184.61,15.82
JK Lakshmi Cement Ltd.,JKLAKSHMI,500380,JKLAKSHMI,INE786A01032,Cement & Cement Products,Cement and Construction,651.85,651.85,8092.35,60.43,49.95,49.66,49.23,35.57,21.14,50.3,7.94,6.84,637.85,636.97,700.32,787.18,666.37,658.99,653.27,658.14,693.98,1.1,1.3,1.02,0.78,6.08,-25.16,21.02,15.13
JK Paper Ltd.,JKPAPER,532162,JKPAPER,INE789E01012,Paper & Paper Products,Commercial Services & Supplies,391.1,391.1,7091.38,66.49,53.81,54.64,46.44,50.85,85.83,64.38,9.66,8.62,360.53,350.81,347.45,364.27,382.15,376.48,370.55,358.04,355.34,-0.36,1.1,1.07,1,13.51,1.76,14.01,21.28
JK Tyre & Industries Ltd.,JKTYRE,530007,JKTYRE,INE573A01042,Auto Tyres & Rubber Products,Automobiles & Auto Components,384.15,384.15,11074.64,49.45,32.44,40.64,46.74,49.78,54.67,36.58,-8.14,-7.61,408.2,424.1,471.34,428.99,402.19,403.52,407.85,428.23,441.49,1.79,1.79,1.52,1.21,-8.77,-14.23,14.67,13.41
JM Financial Ltd.,JMFINANCIL,523405,JMFINANCIL,INE780C01023,Holding Companies,Diversified,135.72,135.72,12981.16,59.99,40.84,49.3,49.65,47.19,70.55,49.54,3.37,3.7,133.32,129.45,133.44,149.89,141.56,139.58,137.55,133.89,135.9,0.57,1.59,1.64,1.38,4.14,-16.19,5.07,21.16
JNK India Ltd.,JNKINDIA,544167,JNKINDIA,INE0OAF01028,Other Industrial Products,General Industrials,351.65,351.65,1967.62,72.74,60.15,59.78,63.4,55.36,67.51,57.35,24.82,28.75,315.53,283.66,257.37,273.91,362.18,357.95,343.79,303.31,282.3,0.68,1.48,1.32,,32.71,24,19.99,44.45
JSW Cement Ltd.,JSWCEMENT,544480,JSWCEMENT,INE718I01012,Cement & Cement Products,Cement and Construction,121.41,121.41,16552.61,44.04,37.68,36.19,35.54,44.1,34.26,44.9,0.47,0.92,123.26,122.08,120.73,,124.25,124.08,123.91,122.68,124.09,0.74,1.15,,,-3.73,-5.44,3.25,15.78
JSW Dulux Ltd.,JSWDULUX,500710,JSWDULUX,INE133A01011,Paints,Consumer Durables,2922.8,2922.8,13310.52,60.14,39.12,49.42,48.71,47.18,64.71,46.44,9.39,10.18,2956.96,2932.69,3000.99,3216.8,2976.04,2967.3,2961.45,2962.75,3025.45,-0.16,0.56,0.4,0.47,-1.94,-9.16,90.22,14.47
JSW Energy Ltd.,JSWENERGY,533148,JSWENERGY,INE121E01018,Power - Electric Utilities,Utilities,517.95,517.95,91018.95,67.61,54.59,55.56,61.84,45.64,52.94,41.9,11.86,16.37,531.63,516.39,498.81,509.13,557.92,553.69,547.36,525.34,512.53,0.84,0.78,1.08,1.19,5.89,0.12,19.46,16.05
JSW Holdings Ltd.,JSWHL,532642,JSWHL,INE824G01012,Holding Companies,Diversified,12339,12339,13695.8,43.99,36.48,36.15,34.54,38.97,36.33,37.51,-346.87,-410.64,12689.5,14018.7,16259.72,17322.57,12765,12741.69,12907.18,13971.77,15392.86,0.89,1.15,0.99,0.79,-4.7,-25.91,530.78,18.9
JSW Infrastructure Ltd.,JSWINFRA,543994,JSWINFRA,INE880J01026,Marine Port & Services,Transportation,272.05,272.05,57130.54,64.48,43.21,52.99,41.45,41.1,64.08,50.34,5.03,5.4,267.09,262.5,265.56,282.55,279.49,276.94,273.93,267.77,269.13,0.23,1.25,1.05,,5.98,-4.17,9.79,15.16
JSW Steel Ltd.,JSWSTEEL,500228,JSWSTEEL,INE019A01038,Iron & Steel/Interm.Products,Metals & Mining,1252.3,1252.3,306244.2,72.21,59.34,66.42,65.58,56.13,44.12,55.39,20.21,21.44,1222.04,1214.39,1196.01,1155.14,1269.9,1264.4,1252.05,1225,1200.41,0.98,1.22,1.27,1.16,5.72,6.87,29.19,18.89
JTEKT India Ltd.,JTEKTINDIA,520057,JTEKTINDIA,INE643A01035,Auto Parts & Equipment,Automobiles & Auto Components,135.59,135.59,3761.22,58.19,47.03,47.82,49.28,39.76,76.08,50.87,2.62,1.95,132.19,132.34,137.45,143.65,141.04,137.71,135.88,134.74,137.35,0.92,1.32,1.2,1.04,3.55,-13.85,5.41,23.59
JTL Industries Ltd.,JTLIND,534600,JTLIND,INE391J01032,Iron & Steel Products,Metals & Mining,74.78,74.78,2939.46,73.72,52.36,60.58,59.56,48.27,58.2,54.68,5.22,5.74,67.8,62.55,63.81,66.91,79.94,77.77,74.65,67.94,65.97,0.49,2.11,1.9,1.48,13.65,24.65,4.93,44.08
Jagran Prakashan Ltd.,JAGRAN,532705,JAGRAN,INE199G01027,Publishing,Commercial Services & Supplies,65.75,65.75,1431.08,52.17,42.53,42.87,43.5,49.01,50.95,49.52,0.58,0.68,65.54,64.27,66.23,68.93,66.78,66.45,66.12,65.52,66.31,0.28,0.44,0.49,0.69,-1.05,-6.55,1.4,15.24
Jagsonpal Pharmaceuticals Ltd.,JAGSNPHARM,507789,JAGSNPHARM,INE048B01035,Pharmaceuticals,Pharmaceuticals & Biotechnology,212.29,212.29,1425.3,64.08,53.75,52.66,52.31,48.76,83.33,62.59,6.79,6.53,198.55,189.9,185.82,208.87,212.76,208.73,204.62,195.27,194.21,0.91,0.46,0.72,1.11,9.71,-2.02,8.25,41.93
Jai Balaji Industries Ltd.,JAIBALAJI,532976,JAIBALAJI,INE091G01026,Iron & Steel/Interm.Products,Metals & Mining,82.98,82.98,7569.86,66.76,55.04,54.86,52.9,35.14,65.02,64.4,5.24,4.74,70.87,67.94,68.06,81.53,84.17,80.82,77.47,71.84,72.62,1.86,1.85,1.52,1.24,33.64,-6.23,4.01,36.83
Jai Corp Ltd.,JAICORPLTD,512237,JAICORPLTD,INE070D01027,Plastic Products,General Industrials,111.83,111.83,1962.67,48.15,38.85,39.57,47.44,35.86,73.2,47.13,3,3.68,110.48,107.2,113.9,127.15,118.29,116.83,115.06,112.26,115.77,1.57,1.9,1.8,1.51,7.51,-28,4.78,24.8
Jain Irrigation Systems Ltd.,JISLJALEQS,500219,JISLJALEQS,INE175A01038,Plastic Products,General Industrials,32.3,32.3,2308.19,56.52,45.36,46.45,46.52,35.04,49.28,47.25,0.44,0.37,32.18,32.48,35.35,42.71,34.23,33.43,33.11,33.42,36.08,2.1,1.61,1.43,1.46,1.41,-33.63,1.61,13.63
Jain Resource Recycling Ltd.,JAINREC,544537,JAINREC,INE0YD401026,Other Non-Ferrous Metals,Metals & Mining,541.8,541.8,18696.75,57.12,47.17,46.94,44.64,39.61,86.99,71.61,28.59,15.42,453.22,439.16,418.79,,527.83,494.71,475.04,445.78,425.84,0.19,0.21,,,28.24,42.94,26.04,31.54
Jainam Ferro Alloys (I) Ltd.,JAINAM,,JAINAM,INE02KC01010,Other Non-Ferrous Metals,Metals & Mining,286,286,334.94,67.78,57.08,55.7,56.99,,79.66,75.67,20.83,10.02,213.81,221.24,250.52,243.49,283.34,254.59,239.15,231.3,237.13,-0.3,0.17,0.29,0.18,46.97,13.94,10.43,42.55
Jainik Power Cables Ltd.,JAINIK,,JAINIK,INE0XIL01012,Aluminium and Aluminium Products,Metals & Mining,144.3,144.3,207.04,77.7,64.06,63.85,63.49,31.75,88.28,59.14,6.54,6.29,130.9,126.05,126.2,124.19,146.6,143.06,138.98,131.15,126.96,-0.29,0.85,,,12.87,15.76,5.64,30.11
Jaiprakash Power Ventures Ltd.,JPPOWER,532627,JPPOWER,INE351F01018,Green & Renewable Energy,Utilities,17.52,17.52,12007.26,59.21,48.66,50.02,49.74,50.04,71.74,51.19,0.73,0.98,17.86,16.49,16.39,17.63,19.09,19.09,18.7,17.44,17.02,1.56,1.07,1.15,1.04,12.1,3.02,1.1,23.81
Jalan Transolutions (India) Ltd.,JALAN,,JALAN,INE349X01015,Surface Transportation,Transportation,1.7,1.7,2.47,35.68,28.97,29.32,26.93,19.16,23.06,25.8,-0.13,-0.15,1.85,2.26,2.8,4.39,1.75,1.8,1.86,2.22,2.9,0.1,-0.04,0.28,-0.03,-2.86,-58.02,0.07,34.07
Jammu & Kashmir Bank Ltd.,J&KBANK,532209,J&KBANK,INE168A01041,Banks,Banking and Finance,130.05,130.05,14320.88,83.78,59.27,68.85,67.88,67.12,72.78,50.86,4.06,4.19,126.97,123.69,113.06,108.87,137.05,133.64,131.27,124.09,117.43,1.72,1.73,1.49,1.43,6.98,26.57,5.69,18.13
Jamna Auto Industries Ltd.,JAMNAAUTO,520051,JAMNAAUTO,INE039C01032,Auto Parts & Equipment,Automobiles & Auto Components,120,120,4787.76,77.5,62.58,63.69,56.23,55.5,62.95,44.07,0.42,0.42,122.97,125.29,127.11,114.5,126.57,125.04,124.69,124.86,122.96,1.19,1.75,1.4,1.23,-1.6,31.56,5.2,10.34
Jana Small Finance Bank Ltd.,JSFB,544118,JSFB,INE953L01027,Microfinance Institutions,Banking and Finance,461.95,461.95,4865.47,57.65,49.1,47.38,55.66,48.89,59.97,59.75,19.27,21.09,422.54,396.39,396.74,431.18,460.44,453.82,442.47,416.01,411.65,1.43,1.08,0.79,,18.13,-0.73,24.3,24.85
Jaro Institute of Technology Management and Research Ltd.,JARO,544534,JARO,INE00YJ01010,Education,Diversified Consumer Services,409.55,409.55,912.08,24.7,20.49,20.3,20.72,20.5,55.33,44,-8.76,-7.57,425.05,432.77,458.56,,407.85,414.2,419.58,436.79,480.4,1.08,1.24,,,-5.31,-35.84,16.96,8.62
Jash Engineering Ltd.,JASH,544402,JASH,INE039O01029,Iron & Steel Products,Metals & Mining,410.1,410.1,2591.57,49.94,42.1,41.04,48.65,49.07,63.92,51.66,8.64,10,400.04,390.54,398.48,450.94,419.13,416.49,411.4,401.56,410.65,0.22,1.05,1.02,1.02,2.72,-10.98,16.81,20.71
Jay Bee Laminations Ltd.,JAYBEE,,JAYBEE,INE0SMY01017,Heavy Electrical Equipment,General Industrials,81.3,81.3,183.47,32.42,25.27,26.64,38,47.25,21.2,33.1,-2.77,0.33,99.45,90.97,95.7,144.17,86.82,92.69,95.13,95.62,105.69,-0.06,2.42,1.47,,-31.77,-41.66,5.81,24.69
Jay Bharat Maruti Ltd.,JAYBARMARU,520066,JAYBARMARU,INE571B01036,Auto Parts & Equipment,Automobiles & Auto Components,87.39,87.39,946,63.03,47.48,51.8,59.24,47.11,40.12,40.82,0.38,0.83,90.46,91.58,92.66,91.44,93.04,92.46,92.25,92.03,91.85,1.31,1.88,1.28,1.03,-1.16,-10.29,3.82,11.71
Jay Jalaram Technologies Ltd.,KORE,,KORE,INE0J6801010,Specialty Retail,Retailing,146.95,146.95,178.18,68.11,55.97,55.79,42.74,37.71,68.32,63.4,7.94,7.07,120.6,116.65,131.78,140.38,143.37,137.38,132.24,126,131.24,0.88,0.18,0.1,-0.1,47.69,-7.29,6.52,27.36
Jay Shree Tea & Industries Ltd.,JAYSREETEA,509715,JAYSREETEA,INE364A01020,Tea & Coffee,"Food, Beverages & Tobacco",90.18,90.18,260.42,64.7,43.91,53.17,53.34,40.93,72.04,51.59,2.97,3,86.73,84.63,84.83,91.55,94.91,92.57,90.74,87.18,87.13,0.81,1.17,1.05,1.2,10.16,-2.84,3.69,22.72
Jayant Agro Organics Ltd.,JAYAGROGN,524330,JAYAGROGN,INE785A01026,Edible Oils,FMCG,208.15,208.15,624.45,52.8,44,43.39,41.61,49.38,68.64,61.61,5,5.34,192.72,186.17,187.68,210.58,203.52,201.41,198.51,191.79,194.04,1.21,1.05,0.84,0.85,9.76,-6.3,7.14,18.97
Jayaswal Neco Industries Ltd.,JAYNECOIND,522285,JAYNECOIND,INE854B01010,Iron & Steel/Interm.Products,Metals & Mining,103.6,103.6,10059.54,88.17,63.32,72.46,71.71,63.43,71.47,55.27,7.52,8.11,95.13,86.58,83.02,74.34,111.3,107.79,103.31,92.32,84.53,1.57,1.4,1.57,1.28,26.23,42.09,5.29,52.83
Jayesh Logistics Ltd.,JAYESH,,JAYESH,INE1AE401014,Warehousing & Logistics,Transportation,168.2,168.2,146.19,44.51,28.92,36.58,37.05,36.38,61.53,48.29,4.86,5.54,166.61,160.64,158.68,,177.51,175.39,172.6,164.42,158.58,-0.65,1.15,,,5.13,,10.21,23.04
Jaykay Enterprises Ltd.,JAYKAY,500306,JAYKAY,INE903A01025,Aerospace & Defence,General Industrials,161.24,161.24,1973.08,34.24,27.46,28.14,35.23,33.41,56.06,47.62,6.16,7.78,159.21,150.31,163.09,,170.92,170.79,167.23,160.85,166.18,0.38,1.59,,,5.37,,10.12,26.8
Jeena Sikho Lifecare Ltd.,JSLL,544476,JSLL,INE0J5801029,Pharmaceuticals,Pharmaceuticals & Biotechnology,738.05,738.05,9174.01,64.46,52.49,52.97,53.67,51.35,82.08,60.62,29.21,22.25,666.5,644.76,671.54,689.86,750.33,718.64,699.32,673.07,669.89,1.44,1.46,1.2,0.94,13.4,-6,32.95,26.77
Jet Freight Logistics Ltd.,JETFREIGHT,543420,JETFREIGHT,INE982V01025,Warehousing & Logistics,Transportation,19.22,19.22,89.19,77.93,67.36,64.04,71.52,59.73,15.85,48.91,0.36,0.55,18.9,18.6,17.89,16,19.49,19.7,19.52,18.76,17.88,0.03,0.26,0.51,0.75,8.34,54.13,1.03,32.99
Jeyyam Global Foods Ltd.,JEYYAM,,JEYYAM,INE0RXB01022,Other Agricultural Products,"Food, Beverages & Tobacco",32.65,32.65,155.08,41.92,33.74,34.45,37.68,46.38,49.65,42.58,0,0.41,34.11,33.56,42.01,49.06,34.39,34.77,34.79,36.01,40.45,0.3,-0.2,-0.1,,-17.65,-53.26,1.62,12.63
Jindal Drilling & Industries Ltd.,JINDRILL,511034,JINDRILL,INE742C01031,Exploration & Production,Oil & Gas,571.8,571.8,1657.14,51.7,43.91,42.49,44.93,49.43,97.05,65.02,7.97,8,528.47,517.37,513.63,551.71,539.47,539.98,535.42,523.47,526.62,-0.41,0.07,0.3,0.74,7.37,0.23,24.87,36.79
Jindal Photo Ltd.,JINDALPHOT,532624,JINDALPHOT,INE796G01012,Photographic Products,General Industrials,1041.6,1041.6,1068.5,50.88,32.99,41.81,41.43,47.07,26.56,34.98,-16.51,-14.46,1105.33,1140.35,1284.54,1233.37,1098.06,1102.11,1110.85,1160,1211.56,1.08,1.54,1.04,0.93,-8.15,-22.13,48.11,26.87
Jindal Poly Films Ltd.,JINDALPOLY,500227,JINDALPOLY,INE197D01010,Containers & Packaging,Commercial Services & Supplies,711.65,711.65,3116.06,70.99,58.6,58.34,53.12,61.24,41.62,45.44,-11.1,-11.54,741.65,770.82,608.54,583.92,718.36,720.23,728.32,713.61,662.04,0.47,0.2,0.59,0.89,-12.2,29.7,35.89,14.93
Jindal Poly Investment & Finance Company Ltd.,JPOLYINVST,536773,JPOLYINVST,INE147P01019,Other Financial Services,Banking and Finance,1049.9,1049.9,1103.64,69.45,46.8,57.07,47.89,49.71,43.66,38.77,-10.67,-7.8,1109.19,1152.81,1094.36,1007.5,1109.08,1107.2,1113.99,1120.19,1093.14,1.62,1.32,0.99,0.83,-4.44,9.62,49.99,10.53
Jindal Saw Ltd.,JINDALSAW,500378,JINDALSAW,INE324A01032,Iron & Steel/Interm.Products,Metals & Mining,229.63,229.63,14685.03,76.31,62.71,61.8,61,59.15,48.16,59.44,10.18,11.14,219.09,204.93,189.77,191.99,239.94,235.82,230.01,212.49,200.87,1.86,1.24,1.31,1.52,19.02,39.68,10.33,27.22
Jindal Stainless Ltd.,JSL,532508,JSL,INE220G01021,Iron & Steel/Interm.Products,Metals & Mining,732.1,732.1,60355.76,55.26,45.41,46.83,47.26,51.2,30.45,41.4,1.78,6.12,757.82,753.88,774.42,762.98,761.68,764.92,764.44,761.9,762.66,0.89,1.18,1.15,1.09,-1.61,0.39,23.27,14.52
Jindal Steel Ltd.,JINDALSTEL,532286,JINDALSTEL,INE749A01030,Iron & Steel/Interm.Products,Metals & Mining,1214.3,1214.3,123869.3,73.9,60.73,59.66,58.62,67.35,44.18,49.96,14.95,19.66,1218.05,1206.41,1146.94,1084.63,1252.82,1248.29,1240.3,1207.45,1162.62,0.66,1.19,1.25,1.15,1.56,14,36.38,15.13
Jindal Worldwide Ltd.,JINDWORLD,531543,JINDWORLD,INE247D01039,Textiles,Textiles Apparels & Accessories,29.09,29.09,2916.57,58.91,48.71,48.41,47.69,34.25,94.37,67.08,1.26,1,24.65,23.75,25.65,30.97,27.84,27.03,26.2,25.25,26.88,0.94,2.27,1.65,1.04,20.01,-17.43,1.61,28.9
Jinkushal Industries Ltd.,JKIPL,544547,JKIPL,INE1FF001016,Misc. Commercial Services,Commercial Services & Supplies,83.1,83.1,318.99,50.11,41.04,41.18,37.36,29.85,10.93,49.71,5.08,7.25,78.92,69.84,75.87,,88.54,88.77,86.09,78.55,82.92,2.77,0.9,,,51.06,-29.05,5.1,37.49
Jio Financial Services Ltd.,JIOFIN,543940,JIOFIN,INE758E01017,Finance (including NBFCs),Banking and Finance,230.47,230.47,152182.6,43.45,35.57,35.71,46.68,37.36,75.41,39.32,0.31,1.53,241.72,241.8,259.64,285.37,244.72,244.55,244.37,247.01,257.85,1.14,1.29,1.46,,-3.5,-22.69,7.38,14.98
Jiwanram Sheoduttrai Industries Ltd.,JIWANRAM,,JIWANRAM,INE0N5H01017,Other Industrial Products,General Industrials,5.85,5.85,14.48,58.04,48.07,47.7,44.03,42.9,57.84,58.56,0.14,0.07,5.29,5.31,5.76,7.3,5.74,5.59,5.48,5.48,5.94,-0.36,-0.13,-0.15,,19.39,-27.33,0.3,22.67
Jocil Ltd.,JOCIL,,JOCIL,INE839G01010,Commodity Chemicals,Chemicals & Petrochemicals,132.95,132.95,118.08,59.69,49.92,49.05,47.04,36.9,76.99,59.04,5.24,4.52,121.19,121.1,129.01,142.48,137.37,132.76,129.26,125.72,129.78,0.23,0.84,0.62,0.83,17.67,-11.51,8.39,37.04
John Cockerill India Ltd.,,500147,COCKERILL,INE515A01019,Industrial Machinery,General Industrials,5154.25,5154.25,2545.07,55.59,47.18,54.77,46.15,44.83,71.16,51.53,119.01,123.42,4994.37,4910.65,4983.33,4961.4,5337.54,5234.36,5161.64,5022.27,4966.48,1.37,1.29,1.16,1.08,6.72,-5.64,217.87,22.1
Jubilant Agri and Consumer Products Ltd.,JUBLCPL,544355,JUBLCPL,INE03CC01015,Other Agricultural Products,"Food, Beverages & Tobacco",1813.8,1813.8,2748.36,59.31,48.99,48.74,28.15,36.92,34.94,54.98,14.9,5.57,1736.74,1736.46,1931.57,2188.07,1807.3,1776.68,1764.69,1791.43,1894.78,1.69,1.72,1.32,,4.48,-28,93.05,13.89
Jubilant Foodworks Ltd.,JUBLFOOD,533155,JUBLFOOD,INE797F01020,Restaurants,Hotels Restaurants & Tourism,442.15,442.15,29175.06,45.24,29.55,37.18,46.21,36.39,42.3,38.86,-1.07,1.41,461.35,469.59,502.01,560.21,465.24,467.55,468.09,476.77,502.72,1.08,1.15,1.02,0.79,3.34,-24.19,16.48,13.9
Jubilant Ingrevia Ltd.,JUBLINGREA,543271,JUBLINGREA,INE0BY001018,Specialty Chemicals,Chemicals & Petrochemicals,712.15,712.15,11343.2,66.85,54.94,54.4,53.19,49.07,80.97,66.3,33.32,32.39,665.48,628.66,650.66,679.62,741.7,723.24,702.7,663.5,657.82,-0.08,1.04,0.98,0.85,17.52,7.23,27.29,33.08
Jubilant Pharmova Ltd.,JUBLPHARMA,530019,JUBLPHARMA,INE700A01033,Pharmaceuticals,Pharmaceuticals & Biotechnology,988.1,988.1,15738.57,59.83,49.01,49.17,48.98,39.05,71.05,68.02,28.69,23.28,911.65,884.4,942.25,1024.76,986.32,961.53,942.78,920.83,944.25,0.14,0.55,0.56,0.7,12.41,-14.89,29.17,25.24
Jullundur Motor Agency (Delhi) Ltd.,JMA,,JMA,INE412C01023,Auto Parts & Equipment,Automobiles & Auto Components,85.42,85.42,195.11,69.08,45.77,56.77,55.21,44.44,75.35,46.38,1.47,1.78,85.66,85.17,82.02,85.71,89.38,88.75,87.89,85.62,84.67,0.27,0.48,0.52,0.72,4.34,-2.9,4.25,15.79
Juniper Hotels Ltd.,JUNIPER,544129,JUNIPER,INE696F01016,Hotels,Hotels Restaurants & Tourism,200.14,200.14,4453.16,46.23,27.89,37.99,28.68,36.9,69.56,40.04,-0.91,-0.35,209.18,208.01,225.62,250.67,209.37,208.67,209.2,213.02,224.07,0.58,1.12,1.06,,-5.86,-23.19,8.11,11.17
Jupiter Life Line Hospitals Ltd.,JLHL,543980,JLHL,INE682M01012,Healthcare Facilities,Healthcare,1234.2,1234.2,8092.16,51.01,32.1,41.92,31.2,30.02,25.01,44.7,-4.02,-3.2,1252.89,1260.07,1292.79,1381.84,1249.6,1249.28,1251.73,1263.81,1299.12,0.77,0.23,0.17,,-0.36,-20.56,35.56,15.8
Jupiter Wagons Ltd.,JWL,533272,JWL,INE209L01016,Commercial Vehicles,Automobiles & Auto Components,275.05,275.05,11754.82,59.13,38.93,48.59,47.65,36,77.06,44.92,4.86,5.43,277.18,273.98,290.36,306.43,293.24,288.55,285.44,282.4,289.33,1.52,1.21,1.48,1.38,2.28,-12.99,11.61,17.81
Just Dial Ltd.,JUSTDIAL,535648,JUSTDIAL,INE599M01018,Internet Software & Services,Software & Services,530.15,530.15,4508.87,46.26,37.69,38.02,29.22,34.78,39.88,44.67,-2.67,-3.21,537,535.95,613.69,709.01,539.4,536.91,537.88,556.5,605.6,0.4,1.15,1.03,0.96,-6.42,-29.62,15.25,17.16
Jyothy Labs Ltd.,JYOTHYLAB,532926,JYOTHYLAB,INE668F01031,Personal Products,FMCG,228.65,228.65,8396.36,47.49,38.94,39.03,48.36,34.6,45.52,39.14,4.69,8.07,238,235.69,248.24,284.1,248.64,250.56,248.03,243.43,253.16,1.66,1.36,0.88,0.6,3.25,-27.05,11.93,31.06
Jyoti CNC Automation Ltd.,JYOTICNC,544081,JYOTICNC,INE980O01024,Industrial Machinery,General Industrials,726,726,16510.92,42.98,35.32,44.26,38.25,39.27,72.71,46.4,-0.87,-3.03,756.26,766.22,830.66,888.19,763.62,758.66,758.07,775.45,817.28,2.13,1.53,1.33,,-7.8,-20.6,28.68,8.98
Jyoti Global Plast Ltd.,JYOTIGLOBL,,JYOTIGLOBL,INE1M3T01017,Plastic Products,General Industrials,51.3,51.3,101.68,51.8,42.05,42.57,43.51,42.97,86.03,69.86,2.58,1.88,42.57,41.66,43.59,,49.99,47.57,45.85,43.77,45.55,-0.62,-0.11,,,22.14,-15.21,2.18,18.22
Jyoti Structures Ltd.,JYOTISTRUC,513250,JYOTISTRUC,INE197A01024,Construction & Engineering,Cement and Construction,12.37,12.37,1470.1,61.51,49.76,50.55,49.88,50.16,57.59,47.71,0.45,0.56,12.26,11.83,10.89,12.69,13.37,13.1,12.85,12.08,11.89,1.92,2.21,1.96,1.38,7.1,11.84,0.75,13.08
K P Energy Ltd.,KPEL,539686,KPEL,INE127T01021,Power - Electric Utilities,Utilities,359.2,359.2,2428.04,63.42,42.77,52.12,54.76,47.01,80.1,52.76,22.12,23.34,336.55,311.71,316.04,370.11,392.03,375.28,361.93,334.07,334.46,2.04,1.61,1.65,,21.6,-17.73,20.95,44.92
K2 Infragen Ltd.,K2INFRA,,K2INFRA,INE0DEZ01013,Construction & Engineering,Cement and Construction,54.2,54.2,68.39,62.86,51.13,51.66,50.64,37.57,47.54,52.24,1.57,0.96,51.47,50.53,56.85,60.25,57.46,54.51,53.38,53.1,55.83,2.25,1.52,1,,2.55,-3.3,3.82,16.07
KCK Industries Ltd.,KCK,,KCK,INE0J1E01027,Other Agricultural Products,"Food, Beverages & Tobacco",14.45,14.45,91.9,33.28,25.72,27.35,28.77,21.82,75.66,45.67,-0.22,-0.61,14.05,17.06,20.8,29.03,15.36,14.82,14.8,16.71,20.58,-0.53,1.51,1.05,,1.4,-54.05,1.23,21.38
KCP Ltd.,KCP,590066,KCP,INE805C01028,Cement & Cement Products,Cement and Construction,161.21,161.21,2078.34,51.35,40.12,42.2,51.63,37.1,51.5,42.15,4.51,6.54,163.52,157.57,166.19,182.3,174.02,173.31,170.81,165.34,168.38,1.76,1.45,1.33,1.37,2.05,-18.72,8.06,35.98
KCP Sugar & Industries Corporation Ltd.,KCPSUGIND,533192,KCPSUGIND,INE790B01024,Sugar,"Food, Beverages & Tobacco",25.74,25.74,291.85,53.87,43.73,44.27,43.9,46.82,66.19,49.92,0.54,0.65,25.56,24.53,24.38,27.69,26.6,26.32,26.03,25.17,25.47,0.67,0.46,0.6,0.95,5.84,-15.27,1.13,28.42
KDDL Ltd.,KDDL,532054,KDDL,INE291D01011,Other Apparels & Accessories,Textiles Apparels & Accessories,2286,2286,2811.62,54.95,42.47,45.16,45.56,41.44,37.12,42.87,12.48,31.25,2352.9,2332.11,2338.8,2440.57,2382.6,2393.06,2388.59,2361.54,2372.93,0.54,1.15,0.99,0.63,0.06,-11.61,109.93,16.73
KEC International Ltd.,KEC,532714,KEC,INE389H01022,Heavy Electrical Equipment,General Industrials,551.7,551.7,14686.25,56.13,46.13,47.17,45.36,33.35,68.53,52.43,7.57,5.41,564.86,561.46,616.51,716.65,590.03,582.05,576.62,580.18,617.72,1.45,1.24,1.22,1.07,2.54,-28.08,21.03,17.22
KEI Industries Ltd.,KEI,517569,KEI,INE878B01027,Wires & Cables,Consumer Durables,4997.1,4997.1,47772.58,85.34,70.48,70.13,68.14,57.5,41.87,58.55,160.48,155.87,4676.59,4631.44,4482.25,4263.64,5095.1,4988.86,4889,4678.59,4511.43,1.04,1.22,1.18,0.98,13.14,27.23,199.38,20.38
KFIN Technologies Ltd.,KFINTECH,543720,KFINTECH,INE138Y01010,Other Financial Services,Banking and Finance,857.35,857.35,14793.33,38.54,31.67,31.47,30.16,38.64,29.85,43.04,-8.58,-2.96,928.28,930.26,985.48,1044.29,908.71,920.47,926.36,942.72,976.58,1.94,1.37,1.36,1.2,-3.11,-16.7,33.17,15.64
KHFM Hospitality & Facility Management Services Ltd.,KHFM,,KHFM,INE00UG01014,Misc. Commercial Services,Commercial Services & Supplies,56.75,56.75,131.15,42.61,37.02,35.02,23.99,37.53,53.26,55,-1.53,-2.25,53.68,57.92,63.49,70.93,51.8,52.17,52.9,57,62.21,-1.47,-0.65,-0.23,-0.27,11.93,-24.68,4.31,24.36
KIOCL Ltd.,KIOCL,540680,KIOCL,INE880L01014,Iron & Steel/Interm.Products,Metals & Mining,379.6,379.6,23070.23,57.08,45.27,46.91,53.01,46.93,65.97,46.2,10.95,15.85,381.37,357.34,359.94,382.41,398.92,399.34,393.67,374.58,368.23,1.22,1.61,1.78,1.42,7.95,-5.84,18.03,32.39
KKV Agro Powers Ltd.,KKVAPOW,,KKVAPOW,INE239T01016,Green & Renewable Energy,Utilities,613,613,38.23,50.1,41.17,42.03,,40.41,45.9,50.52,10.44,14,611.96,572.52,611.87,697.94,614.2,620.58,615.13,602.54,615.98,-0.18,-0.63,,,8.06,-42.77,27.18,11.58
KM Sugar Mills Ltd.,KMSUGAR,532673,KMSUGAR,INE157H01023,Sugar,"Food, Beverages & Tobacco",29.06,29.06,267.35,60.88,50.25,50.03,57.39,51.95,67.01,50.58,1,1.18,28.4,27.11,26.46,27.13,30.33,30.03,29.46,27.9,27.21,-0.14,0.09,0.39,0.86,7.15,6.1,1.37,31.71
KN Agri Resources Ltd.,KNAGRI,,KNAGRI,INE0KNW01016,Other Food & Beverages,"Food, Beverages & Tobacco",187.35,187.35,468.35,42.31,32.73,34.77,36.63,54.27,51.17,46.55,-1.27,0.22,195.95,189.21,185.94,205.23,189.67,190.91,192.2,190.58,192.05,-0.97,0.54,0.12,-0.17,-15.02,-19.23,14.31,18.69
KNR Constructions Ltd.,KNRCON,532942,KNRCON,INE634I01029,Construction & Engineering,Cement and Construction,130.54,130.54,3671.24,55.57,45.74,45.67,43.9,30.33,68.52,56.39,2.41,1.5,122.77,123.32,135.93,163.17,132.08,128.55,126.74,127.7,137.74,1.83,1.01,1.14,1.04,10.81,-27.08,5.44,13.53
KPI Green Energy Ltd.,KPIGREEN,542323,KPIGREEN,INE542W01025,Green & Renewable Energy,Utilities,432.7,432.7,8538.95,53.07,42.5,43.61,52.29,50.03,76.78,47.32,14.62,17.58,431.2,407.48,417.35,450.29,467.01,456.05,447.68,427.29,426.08,1.82,1.4,1.43,1.06,7.06,-15.28,20.9,22.51
KPIT Technologies Ltd.,KPITTECH,542651,KPITTECH,INE04I401011,IT Consulting & Software,Software & Services,712.05,712.05,19520.41,57.06,36.08,46.89,42.49,33.13,30.62,43.78,1.23,2.99,721.42,713.55,897.41,1053.75,729.18,734.44,732.56,764.12,861.86,0.59,0.99,1.13,1.03,-0.56,-38.57,30.19,18.53
KPR Mill Ltd.,KPRMILL,532889,KPRMILL,INE930H01031,Textiles,Textiles Apparels & Accessories,921.45,921.45,31496.45,62.31,51.21,50.05,49.33,39.22,68.91,56.29,22.12,21.26,900.02,883.44,898.67,978.53,956.46,941.49,927.5,906.37,919.26,1.01,0.54,0.52,0.5,8.73,-11.23,26.28,34.08
KRBL Ltd.,KRBL,530813,KRBL,INE001B01026,Other Agricultural Products,"Food, Beverages & Tobacco",349.55,349.55,8000.85,52.21,42.8,42.91,50.79,38.84,55.67,47.99,10.03,12.48,344.41,331.88,350.12,376.61,367.73,364.07,358.17,347.18,351.17,1.15,1.38,1.22,0.99,7.24,-7.38,14.19,29.13
KRM Ayurveda Ltd.,KRMAYURVED,,KRMAYURVED,INE1MTV01019,Healthcare Facilities,Diversified Consumer Services,241.15,241.15,512.7,40.53,33.56,33.31,32.69,28.3,82.55,55.54,13.5,13.09,220.74,210.92,,,253.93,244.62,236.28,218.79,,1.88,1.17,,,20.27,,14.02,27.8
KRN Heat Exchanger and Refrigeration Ltd.,KRN,544263,KRN,INE0Q3J01015,Electronic Components,Commercial Services & Supplies,1212.5,1212.5,7536.49,79.31,63.87,65.18,62.89,64.7,65.2,53.56,73.13,86.81,1133.21,1046.47,880.97,860.83,1283.66,1253.23,1212.76,1075.25,965.72,1.23,1.64,1.43,,25.75,50.81,72.09,37.97
KSB Ltd.,KSB,500249,KSB,INE999A01023,Compressors & Pumps,General Industrials,853.9,853.9,14861.21,72.06,59.84,59.22,55.95,59.02,24.35,39.97,5.87,24.48,904.92,848.09,788.9,796.08,878.63,905.09,906.33,863.59,823.71,0.53,0.74,0.56,0.63,-0.76,11.03,34.7,30.99
KSH International Ltd.,KSHINTL,544664,KSHINTL,INE987S01020,Other Industrial Products,General Industrials,610.55,610.55,4136.82,33.18,27.46,27.27,26.87,34.74,64.79,55.9,36.78,45.98,567.51,498.3,,,617.48,620.26,600.64,526.28,,0.22,0.92,,,22.32,,41.05,49.96
KSR Footwear Ltd.,KSR,544615,KSR,INE1SPP01016,Footwear,Retailing,36.62,36.62,67.3,41.73,34.29,36.11,27.82,25.65,80.59,61.27,0.52,0.38,35.11,34.62,29.43,,36.42,35.82,35.52,33.89,29.74,-0.13,0.13,,,9.36,,1.82,17.42
Kabra Extrusion Technik Ltd.,KABRAEXTRU,524109,KABRAEXTRU,INE900B01029,Industrial Machinery,General Industrials,231,231,807.87,54.04,41.83,44.41,52.82,39.84,76.16,45.1,3.33,5.14,230.99,231.97,228.48,242.76,240.49,240.97,239.13,234.35,234.97,0.13,1.46,1.25,1.28,1.74,-3.44,10.23,17.84
Kabra Jewels Ltd.,KKJEWELS,,KKJEWELS,INE0XOW01017,Gems & Jewellery,Textiles Apparels & Accessories,106.35,106.35,111.51,70.39,57.68,57.85,56.91,59.3,42.26,51.47,3.02,3.65,103.79,98.83,94.35,96.05,109.7,108.72,107.07,101.48,98.56,0.43,0.78,0.41,,8.52,1.14,4.72,14.36
Kajaria Ceramics Ltd.,KAJARIACER,500233,KAJARIACER,INE217B01036,Ceramics,Consumer Durables,1072.6,1072.6,17083.55,57.89,47.83,47.57,45.89,51.71,46.1,44.91,12.4,32.38,1105.88,1037.35,1007.06,1097.05,1096.36,1119.17,1116.53,1070.41,1050.69,1.07,1.31,0.97,0.75,-1.99,-6.05,43.01,28.42
Kakatiya Cement Sugar & Industries Ltd.,KAKATCEM,500234,KAKATCEM,INE437B01014,Cement & Cement Products,Cement and Construction,124.64,124.64,96.89,53.44,47.72,43.92,51.49,37.74,27.05,49.59,5.64,7.2,118.7,113.59,117.45,132.87,131.87,130.99,127.77,120.39,121.45,2.01,1.19,1.09,1.08,24,-11.65,6.74,28.54
Kalana Ispat Ltd.,KALANA,,KALANA,INE0T0L01014,Iron & Steel/Interm.Products,Metals & Mining,22.55,22.55,29.4,53.07,42.53,43.61,40.48,31.71,23.35,43.82,0.09,0.3,23.26,22.7,22.44,29.58,23.24,23.5,23.5,23.14,24.29,1.08,-0.46,-0.45,,12.75,-24.2,0.67,14.33
Kalpataru Ltd.,KALPATARU,544423,KALPATARU,INE227J01012,Realty,Realty,379.25,379.25,7809.29,62.97,54.19,51.75,46.37,30.07,65.67,74.71,17.92,11.66,318.11,313.16,328.14,354.1,371.67,351.87,339.59,326.16,331.78,0.78,1.12,,,26.97,2.76,17.36,36.16
Kalpataru Projects International Ltd.,KPIL,522287,KPIL,INE220B01022,Construction & Engineering,Cement and Construction,1232.6,1232.6,21049.42,60.27,49.71,49.53,54.27,49.34,47.74,51.52,30.51,35.81,1203.03,1170.63,1155.98,1194.52,1269.72,1256.72,1239.13,1194.46,1178.44,1.49,1.15,0.85,1.1,7.84,-5.5,41.27,30.35
Kalyan Jewellers India Ltd.,KALYANKJIL,543278,KALYANKJIL,INE303R01014,Gems & Jewellery,Textiles Apparels & Accessories,361.8,361.8,37364.54,37.52,29.17,30.83,42.15,47.8,34.54,31.99,-4.74,0.41,413.3,404.13,423.49,468.24,399.67,403.17,407.03,410.94,426,1.31,1.44,1.38,1.06,-18.9,-29.45,16.21,14.27
Kalyani Forge Ltd.,KALYANIFRG,513509,KALYANIFRG,INE314G01014,Castings & Forgings,General Industrials,638.4,638.4,232.25,60.85,50.35,50.01,49.7,39.82,70.31,64.64,9.84,7.09,601.15,595.28,608.96,653.51,626.16,618.76,612.12,605.74,615.91,-0.19,0.71,0.6,0.68,10.99,-5.69,27.5,22.72
Kalyani Investment Company Ltd.,KICL,533302,KICL,INE029L01018,Investment Companies,Others,4834.5,4834.5,2110.4,62.81,50.94,51.62,48.28,40.37,64.69,52.27,95.21,85.72,4670.52,4675.5,4758.32,4905.34,4975.7,4884.18,4821.88,4745.08,4781.26,1.2,1.36,1.31,1.24,5.59,-3.35,154.41,18.44
Kalyani Steels Ltd.,KSL,500235,KSL,INE907A01026,Iron & Steel/Interm.Products,Metals & Mining,808.45,808.45,3529.13,65.9,46.38,54.16,52.63,36.98,70.81,54.49,41.04,43.82,746.97,726.02,727,776.67,853.39,830.55,805.23,757.15,748.44,1.26,1.46,1.45,1.25,24.62,0.17,34.91,33.38
Kama Holdings Ltd.,,532468,KAMAHOLD,INE411F01010,Holding Companies,Diversified,2633.95,2633.95,8452.5,57.08,48.44,49.05,37.19,38.85,69.98,57.3,40.93,19.15,2519.67,2532.56,2647.5,2802.61,2681.83,2602.04,2571.46,2567.39,2630.64,1.27,1.1,0.84,0.29,7.96,-10.12,83.44,23.12
Kamat Hotels (India) Ltd.,KAMATHOTEL,526668,KAMATHOTEL,INE967C01018,Hotels,Hotels Restaurants & Tourism,174.33,174.33,513.93,52.28,42.41,42.96,32.84,33.81,75.58,53.12,0.41,-0.8,167.79,173.86,195.24,236.17,175.09,172.27,171.56,177.39,194.32,1.1,1.35,1.22,0.88,2.78,-37.3,7.44,20.17
Kamdhenu Ltd.,KAMDHENU,532741,KAMDHENU,INE390H01020,Iron & Steel/Interm.Products,Metals & Mining,25.53,25.53,719.65,62.03,51.5,50.98,48.27,39.53,82.56,64.56,1.17,0.83,22.27,22.07,22.44,25.25,25.72,24.53,23.74,22.75,23.19,1.47,1.61,1.32,1.23,18.19,-5.69,1.29,22.53
Kamdhenu Ventures Ltd.,KAMOPAINTS,543747,KAMOPAINTS,INE0BTI01037,Paints,Consumer Durables,5.21,5.21,171.41,50.66,40.44,41.63,39.36,45.39,29.19,47.05,0.11,0.18,5.21,4.85,5.36,6.99,5.4,5.41,5.35,5.22,5.65,0.63,1.63,0.97,0.94,-4.58,-35.2,0.26,25.58
Kanani Industries Ltd.,KANANIIND,506184,KANANIIND,INE879E01037,Gems & Jewellery,Textiles Apparels & Accessories,1.6,1.6,31.66,52.6,44.76,43.23,45.66,51.43,36.97,49.03,0.03,0.04,1.58,1.51,1.57,1.75,1.63,1.64,1.62,1.58,1.61,0.9,2,1.31,0.8,-8.57,-14.89,0.09,18.53
Kanchi Karpooram Ltd.,,538896,KANCHI,INE081G01019,Commodity Chemicals,Chemicals & Petrochemicals,385.1,385.1,167.28,60.4,51.26,51.27,55.18,47.98,33.8,49.71,12.79,15.86,376.42,358.67,355.46,382,402.27,399.51,392.34,372.48,367.92,-1.01,0.48,0.58,0.7,10.38,2.3,21.34,16.51
Kandarp Digi Smart BPO Ltd.,KANDARP,,KANDARP,INE0MOT01016,BPO/KPO,Software & Services,152,152,136.39,83.93,68.97,68.21,68.29,47.23,67.65,56.56,3.04,2.34,142.9,145.31,142.92,122.3,152.48,149.88,147.78,144.82,139,1,0.04,0.09,,9.43,49.02,7.68,9.47
Kanoria Chemicals & Industries Ltd.,KANORICHEM,506525,KANORICHEM,INE138C01024,Commodity Chemicals,Chemicals & Petrochemicals,91.81,91.81,401.15,72.6,58.37,59.66,56.51,48.83,80.4,62.12,6.95,6.6,79.03,73.11,73.54,77.6,96.44,91.28,86.94,78.69,76.28,1.89,1.57,1.37,1.12,32.02,18.56,4.48,51.82
Kanpur Plastipack Ltd.,KANPRPLA,507779,KANPRPLA,INE694E01014,Containers & Packaging,Commercial Services & Supplies,206.66,206.66,505.88,67.89,55.11,55.79,54.21,49.78,87.5,54.13,7.72,7.69,195.83,187.69,186.3,198.1,214.35,209.46,204.72,195,192.03,-0.07,1.64,1.39,1.03,10.45,2.75,11.99,17.98
Kansai Nerolac Paints Ltd.,KANSAINER,500165,KANSAINER,INE531A01024,Paints,Consumer Durables,213.83,213.83,17291.54,59.22,49.12,48.67,38.18,35.65,78.86,63.3,6.35,4.68,194.68,190.53,207.26,225.12,212.9,206.43,202.14,198.76,206.1,1.49,1.23,0.82,0.71,15.4,-13.84,7.8,29.45
Kapston Services Ltd.,KAPSTON,,KAPSTON,INE542Z01028,Misc. Commercial Services,Commercial Services & Supplies,338.95,338.95,1031.5,79.5,65.83,65.33,72.75,63.33,61.15,66.29,13.74,15.42,314.58,298.66,266.07,222.1,341.14,337.34,329.48,304.05,274.68,0.87,0.25,0.04,0.4,19.5,73.79,10.26,38.32
Karma Energy Ltd.,KARMAENG,533451,KARMAENG,INE725L01011,Green & Renewable Energy,Utilities,49.57,49.57,57.35,57.37,46.75,47.15,52.46,38.85,46.16,54.49,2.14,2.62,46.24,43.74,44.65,50.32,50.82,50.43,49.21,46.28,46.53,1.27,0.86,0.66,0.78,19.71,-9.08,2.61,37.64
Karnataka Bank Ltd.,KTKBANK,532652,KTKBANK,INE614B01018,Banks,Banking and Finance,247.05,247.05,9342.98,75.04,61.18,61.67,69.71,70.14,62.65,47.62,6.98,9.31,247.51,235.06,215.8,198.65,258.24,257.42,253.76,238.48,223.01,1.23,1.1,0.96,0.95,1.38,38.99,9.05,29.56
Karnika Industries Ltd.,KARNIKA,,KARNIKA,INE0MGA01012,Other Apparels & Accessories,Textiles Apparels & Accessories,127.6,127.6,791.09,53.67,44.11,43.12,42.94,52.08,48.72,48.06,1.95,3.22,127.35,123.84,122.46,141.65,130.1,131.45,130.52,127.11,128.32,-0.24,0.05,0.13,,3.74,-24.52,5.53,27.5
Karur Vysya Bank Ltd.,KARURVYSYA,590003,KARURVYSYA,INE036D01028,Banks,Banking and Finance,283.9,283.9,27443.09,80.64,56.85,66.27,65.57,57.6,47.74,44.29,2.88,2.94,288.88,293.11,287.78,257.77,300.82,296.34,294.34,291.6,283.19,1.11,1.18,1.1,1.01,2.25,15.07,11.95,17.08
Kataria Industries Ltd.,KATARIA,,KATARIA,INE0SVY01018,Iron & Steel Products,Metals & Mining,99.65,99.65,214.56,59.59,48.53,48.97,59.14,59.1,12.67,37.43,-1.44,0.43,108.24,106.15,103.9,102.3,103.46,106.09,107.4,106.59,105.04,0.22,0.8,0.53,,-4.14,3.59,4.31,20.74
Kaushalya Infrastructure Development Corpn.Ltd.,KAUSHALYA,532925,KAUSHALYA,INE234I01028,Construction & Engineering,Cement and Construction,890.8,890.8,30.85,64.88,43.41,53.32,50.58,39.25,53.37,51.72,21.15,22.87,867.19,849.86,854.19,950.38,920.22,906.26,893.5,868.88,877.9,0.7,0.84,0.48,0.42,7.42,-10.7,36.3,28.81
Kaushalya Logistics Ltd.,KLL,,KLL,INE0Q2V01012,Warehousing & Logistics,Transportation,39.55,39.55,73.29,46.3,36.25,38.05,46.46,37.54,54.43,45.75,0.08,0.43,40.37,40.26,42.99,53.02,40.4,41.14,41.13,41.34,44.22,-2.34,-0.24,-0.19,,-0.5,-28.87,2.49,12.99
Kaveri Seed Company Ltd.,KSCL,532899,KSCL,INE455I01029,Other Agricultural Products,"Food, Beverages & Tobacco",949.5,949.5,4884.14,64.08,44.87,52.66,51.97,48.3,56.26,54.93,30.78,32.74,917.53,863.71,884.15,981.74,984.62,963.95,945.78,905.51,913.03,0.21,0.78,0.81,0.82,4.49,-9.39,32.62,42.19
Kavveri Defence & Wireless Technologies Ltd.,KAVDEFENCE,590041,KAVDEFENCE,INE641C01019,Telecom Equipment,Telecommunications Equipment,62.63,62.63,376.56,61.55,40.28,50.58,37.68,36.05,35.41,46.92,0.7,0.88,62.91,62.37,66.08,78.77,65.86,65.04,64.61,64.68,68.14,2.54,0.97,0.78,0.33,2.27,-32.43,3.22,18.09
Kay Cee Energy & Infra Ltd.,KCEIL,,KCEIL,INE0RCG01017,Power - Electric Utilities,Utilities,111.65,111.65,136.48,30.71,25.84,25.24,34.73,35.32,34.16,39.02,-1.58,0.55,121.97,120.79,127.96,187.65,117.52,121.04,122.38,124.45,138.19,2.83,2.03,1.2,,-7.8,-39.76,7.21,12.42
Kaya Ltd.,KAYA,539276,KAYA,INE587G01015,Special Consumer Services,Diversified Consumer Services,241.85,241.85,367.31,31.07,24.52,25.53,26.53,34.51,49.04,33.12,-8.16,-7.29,263.8,280.24,321.36,372.73,254.49,258.11,262.76,282.33,311.73,1.13,1.26,1.23,0.93,-6.35,-42.64,13.48,14.51
Kaynes Technology India Ltd.,KAYNES,543664,KAYNES,INE918Z01012,Other Electrical Equipment/Products,Consumer Durables,4049.3,4049.3,27144.36,59.3,41.15,48.73,40.26,42.71,53.12,47.82,108.01,120.06,4039.13,3903.1,3866.48,5105.47,4321.26,4225.79,4162.73,4035.22,4215.85,1.12,1.7,1.41,1.37,5.14,-36.32,170.27,15.34
Kaytex Fabrics Ltd.,KAYTEX,,KAYTEX,INE13ZD01013,Textiles,Textiles Apparels & Accessories,67.2,67.2,98.78,40.41,30.95,33.21,42.12,32.94,55.47,42.83,0.55,1.08,68.42,71.01,68.47,,71.32,71.09,70.83,70.03,73.78,1.19,1.5,,,1.13,-23.46,3.4,20.49
Kellton Tech Solutions Ltd.,KELLTONTEC,519602,KELLTONTEC,INE164B01030,IT Consulting & Software,Software & Services,15.11,15.11,802.95,55.16,35.97,45.33,34.06,31.8,48.99,41.89,-0.03,-0.04,15.39,16.17,16.82,20.33,15.84,15.75,15.75,16.12,17.2,1.82,1.17,1.19,1.36,2.72,-28.15,0.7,14.69
Ken Enterprises Ltd.,KEN,,KEN,INE15DO01012,Textiles,Textiles Apparels & Accessories,34.75,34.75,85.37,45.39,37.91,37.3,37.94,35.3,26.52,43.19,-0.6,-0.65,35.79,37.38,40.28,44.4,35.47,35.48,35.8,37.35,39.63,1.12,-0.19,-0.28,,-4.4,-27.6,1.36,22.04
Kennametal India Ltd.,,505890,KENNAMET,INE717A01029,Other Industrial Products,General Industrials,2967.55,2967.55,6522.14,83.32,70.71,70.82,68.95,62.63,77.99,67.61,186.95,148.66,2501.96,2405.82,2249.04,2209.09,2960.56,2818.55,2697.93,2472.89,2343.5,0.33,0.34,0.47,0.68,33.58,37.26,160.57,57.98
Kernex Microsystems (India) Ltd.,KERNEX,532686,KERNEX,INE202H01019,Transport Related Services,Transportation,1374,1374,2308.65,73.36,60.47,60.29,55.2,53.59,75.58,57.96,101.91,92.07,1209.97,1127.23,1159.83,1151.95,1469.36,1390.05,1325.36,1211.81,1172.62,0.31,1.54,1.39,0.92,23.94,9.58,76.82,48.89
Kesoram Industries Ltd.,KESORAMIND,502937,KESORAMIND,INE087A01019,Cement & Cement Products,Cement and Construction,12.97,12.97,402.93,90.96,74.7,74.75,66.4,73.16,81.27,76.48,0.68,0.48,10.33,9.55,9.9,7.69,11.86,11.3,10.86,10.06,9.98,0.7,1.35,0.74,0.86,18.66,154.31,0.59,28.06
Kewal Kiran Clothing Ltd.,KKCL,532732,KKCL,INE401H01017,Other Apparels & Accessories,Textiles Apparels & Accessories,456.1,456.1,2810.73,61.54,41.32,50.57,41.99,42.23,35.73,42.89,2.68,3.91,468.59,467.65,476.84,503.4,483.34,476.1,474.46,473.37,480.25,1.28,1.24,1.22,0.9,-0.6,-10.99,19.72,13.97
Keynote Financial Services Ltd.,KEYFINSERV,512597,KEYFINSERV,INE681C01015,Finance (including NBFCs),Banking and Finance,267.95,267.95,149.16,54.09,39.9,44.45,47.06,43.3,69.55,42.69,4.14,6.08,274.67,270.73,284.32,279.91,288.43,285.76,283.44,278.97,280.42,1.35,0.9,0.77,1,-1.32,-25.08,18.47,32.71
Keystone Realtors Ltd.,RUSTOMJEE,543669,RUSTOMJEE,INE263M01029,Realty,Realty,414.85,414.85,5236.71,53.92,47.07,44.31,36.07,32.92,57.35,55.06,5.02,1.42,398.85,398.43,449.73,520.27,420.8,410.29,406.11,413.51,444.73,1.01,0.84,0.73,0.69,4.51,-25.97,17.41,17.16
Khadim India Ltd.,KHADIM,540775,KHADIM,INE834I01025,Footwear,Retailing,100.22,100.22,184.19,47.65,37.4,39.16,30.11,24.34,66.79,46.12,1.1,0.45,98.23,101.52,133.09,188.93,108.32,104.52,103.34,110.36,134.26,2.74,1.78,1.35,0.76,13.19,-57.93,6.13,17.91
Khaitan (India) Ltd.,KHAITANLTD,590068,KHAITANLTD,INE731C01018,Other Electrical Equipment/Products,Consumer Durables,144.62,144.62,68.69,63,62.14,51.77,58.98,48.29,77.73,67.32,8.47,8.16,118.96,109.49,103.8,110.66,136.15,132.82,127.69,115.77,110.22,-1.3,0.97,1.1,0.8,39.77,18.06,8.62,35.05
Khaitan Chemicals & Fertilizers Ltd.,KHAICHEM,507794,KHAICHEM,INE745B01028,Fertilizers,Fertilizers,55.96,55.96,542.75,52.25,34.8,42.94,33.04,31.25,66.76,48.54,0.61,0.69,55.65,54.56,61.97,86.01,58.34,57.21,56.83,57.57,64.12,2.11,1.95,1.73,1.14,6.11,-44.29,3.16,21.4
Khandwala Securities Ltd.,KHANDSE,531892,KHANDSE,INE060B01014,Capital Markets,Banking and Finance,16.98,16.98,25.9,55.73,46.13,45.8,45.09,35.73,68.57,53.51,0.4,0.31,15.92,16.31,18.13,20.8,17.46,17.09,16.8,16.86,18,0,0.88,0.64,0.78,10.98,-23.34,1.35,21.31
Kilburn Engineering Ltd.,,522101,KLBRENG-B,INE338F01015,Industrial Machinery,General Industrials,504.2,504.2,2394.34,52.9,44.9,43.07,49.65,40.08,26.11,48.47,3.75,4.77,500.38,497.17,521.86,537.56,512.94,510.56,508.26,507.18,514.97,0.66,1.07,1.04,1.02,3.36,-7.62,18.39,9.9
Kilitch Drugs(I) Ltd.,KILITCH,524500,KILITCH,INE729D01010,Pharmaceuticals,Pharmaceuticals & Biotechnology,147.94,147.94,517.22,56.36,45.48,46.32,44.84,27.92,77.01,47.57,2.62,1.88,143.7,149.74,159.32,174.34,155.62,152.78,150.77,151.67,158.39,1.27,0.96,0.92,0.72,12.7,-21.52,8.59,25.03
Kingfa Science & Technology (India) Ltd.,KINGFA,524019,KINGFA,INE473D01015,Plastic Products,General Industrials,5261.3,5261.3,7129.8,80.64,66.82,66.27,57.35,60.19,70.71,69.92,220.96,180.23,4642.27,4454.73,4339.86,4274.05,5182.9,5001.68,4861.46,4586.56,4417.15,0.54,0.54,0.92,0.82,22.5,16.55,209.46,36.15
Kiran Vyapar Ltd.,,537750,KIRANVYPAR,INE555P01013,Investment Companies,Others,189.3,189.3,516.49,51.94,44.08,43.34,43.94,40.43,24.7,50.23,3.28,4.11,185.32,181.25,189.43,201.91,192.87,192.6,190.69,187.34,190.61,0.62,1.11,1.11,0.98,7.56,-12.36,9.37,22.53
Kiri Industries Ltd.,KIRIINDUS,532967,KIRIINDUS,INE415I01015,Dyes & Pigments,Chemicals & Petrochemicals,393.7,393.7,2565.66,56.28,35.95,46.25,45.21,36.4,58.99,42.22,2.77,3.99,402.3,403.62,462.92,511.81,417.35,413.85,411.81,419.28,450.26,1.98,1.56,1.49,1.12,-0.94,-25.63,15.41,12.95
Kirloskar Brothers Ltd.,KIRLOSBROS,500241,KIRLOSBROS,INE732A01036,Compressors & Pumps,General Industrials,1679,1679,13332.75,56.11,47.38,46.11,47.05,40.08,35.57,50.62,31.26,41.46,1638.16,1603.62,1598.95,1745.61,1717.4,1706.73,1689.63,1641.55,1646.21,1.33,1.38,1.33,1.34,9.72,-6.86,68.72,18.35
Kirloskar Electric Company Ltd.,KECL,533193,KECL,INE134B01017,Other Electrical Equipment/Products,Consumer Durables,117.12,117.12,777.84,66.48,53.42,54.63,50.24,49.42,37.65,48.61,5.31,7.81,116.05,103.12,98.32,108.02,124.46,124.12,121.52,110.56,105.92,1.95,1.28,1.35,1.12,18.93,1.85,6.96,27.28
Kirloskar Ferrous Industries Ltd.,,500245,KIRLFER,INE884B01025,Iron & Steel/Interm.Products,Metals & Mining,437.3,437.3,7197.16,47.46,40.28,48.69,48.54,35.93,81.47,55.05,12.52,12.98,415.56,402.07,428.34,477.04,448.58,439.42,431.62,420.81,432.78,2.27,0.99,0.94,0.66,9.38,-10.29,20.28,25.64
Kirloskar Industries Ltd.,KIRLOSIND,500243,KIRLOSIND,INE250A01039,Other Industrial Products,General Industrials,3187.8,3187.8,3350.19,62.17,43.33,51.09,49.73,37.2,54.64,51.17,96.47,108.1,3086.76,2970.37,3057.48,3463.78,3322,3270.79,3213.38,3100.83,3149.68,2.18,1.65,1.48,1.02,9.95,-13.23,123.33,25.56
Kirloskar Oil Engines Ltd.,KIRLOSENG,533293,KIRLOSENG,INE146L01010,Industrial Machinery,General Industrials,1561.1,1561.1,22693.35,80.02,65.76,74.78,73.67,73.47,50.73,56.51,67.35,72.27,1563.67,1507.88,1365.43,1164.78,1712.62,1681.82,1642.51,1524.14,1393.44,1.77,1,1.23,1.03,13.28,63.51,63.33,27.77
Kirloskar Pneumatic Company Ltd.,KIRLPNU,505283,KIRLPNU,INE811A01020,Compressors & Pumps,General Industrials,1495.6,1495.6,9715.15,82.57,59.23,67.86,66.43,55.29,85.49,62.97,96.64,97.31,1324.84,1236.95,1165.18,1183.4,1543.22,1491.03,1432.16,1298.78,1225.78,1.3,0.83,0.89,0.91,27.32,38.94,56.87,52.16
Kitex Garments Ltd.,KITEX,521248,KITEX,INE602G01020,Other Apparels & Accessories,Textiles Apparels & Accessories,156.81,156.81,3128.36,58.64,30.88,48.19,47.8,37.73,38.05,39.06,-0.15,0.33,164.65,166.09,173.43,188.25,167.39,166.52,166.55,168.74,175.57,1.5,1.88,1.88,1.35,-5.29,-20.82,6.29,9.8
Knowledge Marine & Engineering Works Ltd.,KMEW,543273,KMEW,INE0CJD01029,Marine Port & Services,Transportation,2001.9,2001.9,4893.46,85.07,69.71,69.91,73.51,69.97,86.68,56.91,125.24,101.27,1798.93,1708.01,1731.96,1433.02,2133.92,2006.4,1924.73,1786.38,1676.62,0.82,1.62,1.4,,17.68,44.61,127.95,27.04
Knowledge Realty Trust,KRT,544481,KRT,INE1JAR25012,REITs-InvITs,Realty,117.17,117.17,51957.86,52.21,44.36,42.91,43.03,31.14,46.63,49.91,0.57,0.47,116.13,116.42,120.45,,118.18,117.77,117.34,117.56,117.85,0.18,0.43,,,2.56,0.4,2.5,14.06
Kody Technolab Ltd.,KODYTECH,,KODYTECH,INE0Q7P01013,IT Consulting & Software,Software & Services,802.2,802.2,1146.62,64.42,53.26,52.94,48.41,46.53,84.47,66.58,7.17,-1.78,743.18,752.71,802.82,770.58,773.46,756.52,750.13,757.66,775.41,-0.15,0.54,0.65,,2.17,17.95,16.54,12.33
Kohinoor Foods Ltd.,KOHINOOR,512559,KOHINOOR,INE080B01012,Other Agricultural Products,"Food, Beverages & Tobacco",24.87,24.87,92.2,49.76,39.82,40.89,49.17,38.91,65.64,46.2,0.47,0.66,24.71,24.39,25.06,28.84,25.93,25.89,25.63,25.1,25.86,0.12,1.09,0.92,0.94,2.77,-19.46,1.3,14.89
Kokuyo Camlin Ltd.,KOKUYOCMLN,523207,KOKUYOCMLN,INE760A01029,Commodity Printing/Stationery,Commercial Services & Supplies,92.46,92.46,927.41,62.35,42.9,51.24,51.26,39.44,84.51,56.7,3.38,3.46,86.84,83.52,85.52,96.23,94.96,93.22,91.15,87.27,88.36,1.26,1.15,0.96,0.96,14.43,-7.99,3.31,50.72
Kolte-Patil Developers Ltd.,KOLTEPATIL,532924,KOLTEPATIL,INE094I01018,Realty,Realty,364,364,3227.96,52.21,45.03,42.91,49.55,39.41,31.27,48.12,9.24,12.25,355.89,347.75,361.05,393.77,377.78,377.07,371.79,360.78,365.58,1.48,0.68,0.51,0.68,12.76,-12.27,14.66,28.42
Konstelec Engineers Ltd.,KONSTELEC,,KONSTELEC,INE0QEI01011,Construction & Engineering,Cement and Construction,43.25,43.25,65.31,61.56,42.5,50.59,41.79,33.26,39.55,54.54,2.1,2.18,38.81,37.76,41.59,52.3,44.64,43.54,42.22,40.58,43.57,0.71,0.34,0.04,,35.37,-39.43,2.28,29.71
Kontor Space Ltd.,KONTOR,,KONTOR,INE0KZ301010,Misc. Commercial Services,Commercial Services & Supplies,67,67,41.41,69.25,48.79,56.91,45.01,45.94,42.47,43.25,0.08,1.22,70.95,72.32,68.42,71.9,69.61,72.71,72.87,71.49,70.8,-1.22,-0.39,-0.28,,10.11,-4.29,6.22,18.82
Kopran Ltd.,KOPRAN,524280,KOPRAN,INE082A01010,Pharmaceuticals,Pharmaceuticals & Biotechnology,150.38,150.38,726.12,56.64,45.85,46.55,46.67,50.52,70.14,47.83,5.67,7.49,149.36,138.35,138.59,149.99,159.93,158.48,155.43,146,144.01,0.25,1.57,1.31,1.32,-3.61,-6.26,7.23,31.73
Kore Digital Ltd.,KDL,,KDL,INE0O4R01018,Telecom Equipment,Telecommunications Equipment,144.8,144.8,174.11,52.09,42.25,42.81,42.82,35.6,31,45.95,4.68,6.85,144.25,136.56,149.43,185.26,154.94,154.59,152.08,146.37,155.33,2.41,1.36,0.67,,10.32,-15.86,8.28,27.3
Kotak Gold Exchange Traded Fund,GOLD1,590097,GOLD1,INF174KA1HJ8,Others,Others,125.81,125.81,,51.47,58.15,58.56,26.61,26.61,51.35,52.66,-0.1,-0.26,124.29,126.42,123.84,109.52,125.22,124.81,124.81,124.8,121.23,0.38,0.71,0.48,0.24,1.31,24.66,2.92,10.09
Kotak MSCI India ETF,MSCIINDIA,,MSCIINDIA,INF174KA1VD2,Others,Others,29.12,29.12,,,45.35,52.26,,,26.2,47.5,0.16,0.18,29,29.02,29.84,29.94,29.6,29.46,29.36,29.33,29.56,0.98,1.07,1.02,,1.32,-3.96,0.75,23.27
Kotak Mahindra Bank Ltd.,KOTAKBANK,500247,KOTAKBANK,INE237A01036,Banks,Banking and Finance,376,376,373987.08,60.21,41.76,49.48,41.22,38.34,41.07,48.42,-0.12,-0.83,373.61,380.11,402.83,408.08,378.77,377.47,377.1,383.29,394.31,0.79,1.07,0.97,0.87,1.1,-9.75,9.8,12.97
Kotak Nifty 100 Equal Weight ETF,NIFTY100EW,,NIFTY100EW,INF174KA1UW4,Others,Others,33.42,33.42,,,45.13,55.6,,,50.57,48.02,0.36,0.42,33.16,32.96,33.48,33.46,34.21,33.99,33.78,33.41,33.37,0.99,0.87,0.86,,2.93,-1.21,0.96,17.73
Kotak Nifty 100 Low Volatility 30 ETF,LOWVOL1,,LOWVOL1,INF174KA1IY5,Others,Others,20.22,20.22,,8.84,42.38,52.12,7.5,7.5,31.86,43.77,0.06,0.1,20.37,20.42,21.08,21.21,20.68,20.62,20.58,20.62,20.85,0.92,0.77,0.72,0.61,0.2,-5.65,0.66,13.25
Kotak Nifty 1D Rate Liquid ETF,LIQUID1,590139,LIQUID1,INF174KA1LV5,Others,Others,1103.83,1103.83,,,52.94,52.94,,,69.68,100,1.6,1.6,1100.62,1098.23,1092.86,1081.91,1103.42,1102.65,1101.73,1098.36,1092.85,-0.01,0,0,0,0.43,2.53,3.44,34.39
Kotak Nifty 200 Momentum 30 ETF,MOMENTUM30,,MOMENTUM30,INF174KA1XS6,Others,Others,29.96,29.96,,,35.54,43.24,,,34.29,46.9,0.21,0.27,29.98,29.91,30.49,,30.76,30.53,30.4,30.25,30.55,1.23,1.42,,,0.33,-3.88,0.94,16.16
Kotak Nifty 50 ETF,NIFTY1,537708,NIFTY1,INF174K014P6,Others,Others,258.23,258.23,,52.35,42.68,43.13,58.87,57.16,24.01,40.01,0.02,0.58,262.52,263.8,273.84,275.91,264.83,264.55,264.5,266.31,270.33,0.94,0.97,0.94,0.84,-1.54,-8.05,5.67,17.77
Kotak Nifty 50 value 20 ETF,NV20,,NV20,INF174KA1ZE1,Others,Others,13.92,13.92,,58.54,35.92,34.63,58.3,55.22,24.06,35.03,-0.08,-0.02,14.35,14.41,14.94,14.92,14.22,14.31,14.36,14.52,14.72,0.53,0.57,0.62,0.6,-3.6,-6.46,0.36,14.68
Kotak Nifty Alpha 50 ETF,ALPHA,590154,ALPHA,INF174KA1IA5,Others,Others,48.76,48.76,,31.2,46.39,53.83,27.42,27.42,51.55,51.42,0.85,0.88,47.76,47.23,47.51,48.27,50.13,49.45,48.93,47.96,47.81,0.81,1.18,1.15,0.98,4.57,0.23,1.17,10.75
Kotak Nifty Bank ETF,BANKNIFTY1,590136,BANKNIFTY1,INF174KA1ZB7,Others,Others,55.41,55.41,,55.19,36.8,36.33,61.76,68.73,18.37,39.52,-0.25,-0.08,56.76,57.5,59.64,59.11,56.93,56.96,57.1,57.8,58.6,1.06,1.18,1.05,0.9,-2.36,-6.76,1.34,22.14
Kotak Nifty Chemicals ETF,CHEMICAL,,CHEMICAL,INF174KA1XV0,Others,Others,28.74,28.74,,,34.06,33.56,,,70.27,56.94,0.62,0.55,27.61,27.35,27.93,,29.43,28.85,28.44,27.89,28.14,0.75,0.99,,,7.68,,0.89,19.37
Kotak Nifty IT ETF,IT,,IT,INF174KA1GC5,Others,Others,31.17,31.17,,,33.96,34.15,50.95,49.9,2.65,35.22,-0.54,-0.44,33.17,33.03,36.89,37.97,32.05,32.31,32.64,33.82,35.58,1.31,0.58,0.82,0.74,-10.46,-19.48,1.26,18.19
Kotak Nifty India Consumption ETF,CONS,,CONS,INF174KA1ZF8,Others,Others,11.46,11.46,,25.62,41.28,49.34,23.31,23.31,57.8,44.67,0.09,0.11,11.48,11.43,11.84,12.17,11.77,11.71,11.65,11.61,11.77,0.9,0.9,0.83,0.62,1.15,-9.32,0.36,35.23
Kotak Nifty MNC ETF,MNC,,MNC,INF174KA1JF2,Others,Others,32.3,32.3,,,58.72,67.73,27.59,25.17,42.91,50.04,0.59,0.65,31.72,31.41,31.36,30.89,33.32,32.92,32.56,31.82,31.4,0.81,1.1,0.9,0.71,5.28,4.87,1.01,32.31
Kotak Nifty Midcap 150 ETF,MID150,,MID150,INF174KA1VW2,Others,Others,22.34,22.34,,,46.5,54.6,,,53.18,52,0.37,0.37,21.85,21.61,21.93,21.97,22.86,22.58,22.35,21.96,21.9,1.37,1.02,0.87,,5.28,0.49,0.77,19.97
Kotak Nifty Midcap 50 ETF,MIDCAP,,MIDCAP,INF174KA1ZC5,Others,Others,17.42,17.42,,32.43,55.83,55.65,27.49,27.49,50.08,54.45,0.3,0.29,16.93,16.73,17.06,17,17.79,17.52,17.33,17.04,16.99,0.91,1.11,1.1,0.86,5.19,1.01,0.54,36.57
Kotak Nifty Next 50 ETF,NEXT50ETF,,NEXT50ETF,INF174KA1YO3,Others,Others,69.13,69.13,,,28.64,27.24,,,38.63,48.18,0.96,1.17,68.41,67.79,,,71.11,70.55,69.99,69.01,,1.01,1,,,3.4,,1.74,19.47
Kotak Nifty PSU Bank ETF,PSUBANK,590107,PSUBANK,INF373I01023,Others,Banking and Finance,805.76,805.76,,48.43,42.89,42.97,39.07,39.07,45.34,35.07,-11.92,-5.71,854.99,873.34,876.88,816.88,836.35,844.37,852.4,865.22,859.61,1.4,1.37,1.16,1.19,-6.29,-2.45,23.77,22.02
Kotak Nifty200 Quality 30 ETF,QUALITY30,,QUALITY30,INF174KA1WT6,Others,Others,20.43,20.43,,,43.28,42.84,,,58.7,51.77,0.21,0.22,20.1,19.98,20.62,20.79,20.68,20.57,20.44,20.3,20.45,0.73,0.52,,,3.55,-2.85,0.56,33.66
Kotak Silver ETF,SILVER1,140518043,SILVER1,INF174KA1ZD3,Others,Others,25.54,25.54,,,71.39,71.73,0,,51.24,64.77,0.3,0.07,23.3,23.79,24.09,18.82,24.5,24.02,23.78,23.64,22.62,1.17,1.46,1.01,0.51,12.66,77.14,0.94,16.17
Kothari Industrial Corporation Ltd.,,509732,KOTIC,INE972A01020,Fertilizers,Fertilizers,178.1,178.1,1903.72,36.47,30.95,30.33,37.46,23.91,59.55,47.57,1.12,2.47,176.93,175.4,190.72,334.67,179.21,181.84,181.23,185.38,218.13,-0.21,0.71,0.22,,3.85,-64.14,11.51,15.26
Kothari Petrochemicals Ltd.,KOTHARIPET,532096,KOTHARIPET,INE720A01015,Petrochemicals,Chemicals & Petrochemicals,139.01,139.01,818.02,65.66,55.17,53.96,45.42,48.65,74.12,59.71,5.55,5.48,127.31,120.55,121.53,135.75,139.55,136.94,133.6,126.44,126.45,0.23,1.05,1.15,1.15,16.67,-1.89,6.27,35.48
Kothari Products Ltd.,KOTHARIPRO,530299,KOTHARIPRO,INE823A01017,Commodity Trading  & Distribution,Commercial Services & Supplies,71.87,71.87,428.98,61.46,43.67,50.51,49.86,42.46,49.59,51.89,1.84,2,69.68,67.6,68.95,76.23,74.24,73.15,72.05,69.92,70.89,1.04,1.18,0.99,0.87,7.9,-19.82,3.64,21.68
Kothari Sugars & Chemicals Ltd.,KOTARISUG,507190,KOTARISUG,INE419A01022,Sugar,"Food, Beverages & Tobacco",26.32,26.32,218.16,52.69,42.13,43.3,49.72,39.43,71.96,45.95,0.54,0.72,26.31,25.48,25.88,28.42,27.44,27.33,27.03,26.27,26.65,0.32,0.47,0.69,0.92,7.6,-13.51,1.06,17.35
Kotyark Industries Ltd.,KOTYARK,544726,KOTYARK,INE0J0B01017,Utilities:Non-Electrical,Utilities,415.05,415.05,426.63,76.11,63.17,62.55,70.46,61.29,59.1,61.13,15.34,17.58,392.63,359.75,292.73,286.86,408.63,407.01,398.97,361.66,326.8,-0.68,-0.55,-0.16,0.21,13.25,47.18,23.26,29.94
Kovai Medical Center and Hospital Ltd.,,523323,KOVAI,INE177F01017,Healthcare Services,Healthcare,5407.4,5407.4,5916.94,51.09,43.36,44.3,42.42,49.85,36.13,44.78,64.64,94.34,5468.47,5368.91,5450.01,5851.12,5625.77,5600.41,5565.83,5476.56,5532.24,1.22,0.67,0.5,0.43,1.29,-12.88,187.75,38.56
Krebs Biochemicals & Industries Ltd.,KREBSBIO,524518,KREBSBIO,INE268B01013,Pharmaceuticals,Pharmaceuticals & Biotechnology,58.89,58.89,126.97,51.28,40.95,42.14,42.86,48.14,50.28,50.73,1.2,1.52,57.56,55.59,59.55,65.97,60.38,59.93,59.26,58.02,59.9,0.4,1.15,1.29,1.01,2.72,-13.55,3.04,19.56
Kridhan Infra Ltd.,KRIDHANINF,533482,KRIDHANINF,INE524L01026,Construction & Engineering,Cement and Construction,3.28,3.28,32.66,59.8,48.38,49.14,44.61,33.24,87.32,70.63,0.14,0.06,2.53,2.61,3.27,3.6,3.01,2.86,2.75,2.79,3.08,0.94,1.51,1.1,0.78,33.33,-6.82,0.16,16.92
Krishana Phoschem Ltd.,KRISHANA,,KRISHANA,INE506W01012,Fertilizers,Fertilizers,681.85,681.85,4215.71,83.34,69.37,68.49,60.08,53.91,60.85,62.93,33.8,32.62,606.68,557.64,532.61,532.57,681.8,656.5,636.39,584.9,550.99,0.78,1.19,1.09,0.87,16.69,33.96,32.67,37.28
Krishca Strapping Solutions Ltd,KRISHCA,,KRISHCA,INE0NR701018,Industrial Machinery,General Industrials,168.8,168.8,251.34,49.1,38.76,40.35,40.87,38.47,50.7,42.99,1.4,2.95,173.39,173.04,179.24,196.05,178.25,178.95,178.3,176.72,181.29,0.32,1.04,0.95,,-2.17,-15.15,9.47,13.32
Krishival Foods Ltd Partly Paidup,KRISHPP,890232,KRISHPP,IN90GGO01013,Others,Others,111.25,111.25,,35.62,29.27,30.03,33.59,21.54,98.05,70.49,1.43,0.45,108.87,109.04,,,113.17,111.36,110.31,109.48,,-0.45,0,,,8.15,,2.45,25.6
Krishival Foods Ltd.,KRISHIVAL,544416,KRISHIVAL,INE0GGO01015,Other Food & Beverages,"Food, Beverages & Tobacco",368.6,368.6,864.8,56.12,45.28,46.12,44.81,39.08,92.8,86.13,11.86,8.66,334.72,326.99,339.75,383.22,366.49,354.91,346.98,338.15,346.64,0.04,0.32,0.29,-0.01,15.08,-21.54,7.2,57.02
Krishna Defence and Allied Industries Ltd.,KRISHNADEF,,KRISHNADEF,INE0J5601015,Aerospace & Defence,General Industrials,1154,1154,1723.31,86.68,70.8,71.23,68.24,55.02,70.33,58.74,55.04,39.95,1010.43,1015.44,961.09,877.89,1167.38,1120.49,1083.68,1024.16,972.27,0.13,1.3,0.85,0.95,26.08,50.58,75.57,30.54
Krishna Institute of Medical Sciences Ltd.,KIMS,543308,KIMS,INE967H01025,Healthcare Facilities,Healthcare,750.1,750.1,30014.42,67.1,55.14,55.41,54.18,41.54,70.8,76.56,17.25,7.68,666.48,675.57,654.9,689.02,715.8,699.22,686.97,672.93,669.82,0.42,0.83,0.78,0.62,17.09,8.51,24.86,24.57
Kriti Industries (India) Ltd.,KRITI,526423,KRITI,INE479D01038,Plastic Products,General Industrials,83.5,83.5,440.01,57.09,38.01,46.92,48.2,34.6,70.33,51.09,2.45,2.47,80.48,79.17,80.77,104.3,87.34,85.34,83.81,81.59,85.59,0.05,1.54,1.03,1.09,2.78,-25.49,5.87,33.04
Kriti Nutrients Ltd.,KRITINUT,533210,KRITINUT,INE798K01010,Edible Oils,FMCG,88.1,88.1,441.41,62.16,53.13,51.08,58.44,38.78,28.41,52.44,5.32,6.88,82.02,75.17,73.49,83.27,92.27,92.29,89.34,81.03,78.84,2.48,1.82,1.55,1.19,32.42,1.21,5.38,40.59
Kritika Wires Ltd.,KRITIKA,,KRITIKA,INE00Z501029,Iron & Steel Products,Metals & Mining,6.12,6.12,162.96,49.32,40.57,40.53,39.45,35.35,45.98,48.05,0.09,0.13,6.03,5.92,6.42,7.51,6.25,6.28,6.23,6.18,6.53,-0.19,2,1.34,0.92,2.17,-24.82,0.39,16.28
Kronox Lab Sciences Ltd.,KRONOX,544187,KRONOX,INE0ATZ01017,Specialty Chemicals,Chemicals & Petrochemicals,132.23,132.23,490.63,62.35,41.67,51.24,51.34,49.67,72.67,50.69,4.33,4.63,129.48,122.75,126.93,142.99,139.06,136.3,133.72,128.45,130.26,0.87,1.4,1.15,,0.26,-9.15,6.52,19.92
Kross Ltd.,KROSS,544253,KROSS,INE0O6601022,Auto Parts & Equipment,Automobiles & Auto Components,203.08,203.08,1310.06,66.72,55.36,54.83,53.58,47.65,88.79,55.78,7.52,4.57,186.82,186.71,193.31,189.28,212.94,202.13,196.86,191.61,190.57,1.14,1.63,1.47,,9.93,14.48,10.55,19.65
Krsnaa Diagnostics Ltd.,KRSNAA,543328,KRSNAA,INE08LI01020,Healthcare Services,Healthcare,587,587,1904.15,44.67,27.59,36.71,29.04,37.71,63.69,45.34,-1.77,-1.52,589.85,596.69,653.38,732.22,598.51,595.4,595.98,610.49,647.13,0.67,1.04,1.04,0.98,-0.95,-22.08,20.2,14.44
Krystal Integrated Services Ltd.,KRYSTAL,544149,KRYSTAL,INE0QN801017,Misc. Commercial Services,Commercial Services & Supplies,621.4,621.4,868.22,62.45,53.06,51.32,51.88,43.01,92.72,61.12,11.98,10.39,572.05,577.19,576.89,593.9,608.09,600.87,592.82,583.03,582.05,1.02,1.25,0.69,,13.91,8.27,26.37,34.98
Kshitij Polyline Ltd.,KSHITIJPOL,,KSHITIJPOL,INE013801027,Commodity Printing/Stationery,Commercial Services & Supplies,4.56,4.56,70.34,79.03,65.9,64.95,59,51.81,98.98,91.95,0.45,0.31,2.98,2.77,2.6,2.77,4.17,3.74,3.44,2.97,2.79,0.72,0.74,0.7,0.5,75.38,64.62,0.18,40.44
Ksolves India Ltd.,KSOLVES,543599,KSOLVES,INE0D6I01023,IT Consulting & Software,Software & Services,278.4,278.4,660.14,44.76,36.45,36.78,45.72,51.95,22.11,39.64,-3.15,2.22,303.59,296.17,291.13,304.38,290.43,298.9,302.01,299.37,299.11,2.34,1.54,1.1,0.87,-9,-12.37,16.78,19.34
Kuantum Papers Ltd.,KUANTUM,532937,KUANTUM,INE529I01021,Paper & Paper Products,Commercial Services & Supplies,76.85,76.85,670.62,36.66,28.64,30.13,29.89,38.14,45.86,42.16,-0.29,-0.07,78.14,79.7,85.33,97.77,79.23,79.19,79.33,80.99,85.72,0.76,1.36,1.15,1.13,-1.99,-24.34,3.27,11.63
Kundan Edifice Ltd.,KEL,,KEL,INE0OWX01025,Other Electrical Equipment/Products,Consumer Durables,92,92,94.5,56.29,48.91,46.26,46.84,38.26,76.63,63.58,1.19,0.16,80.6,82.77,93.14,100.71,85.54,84.25,83.22,84.78,90.13,0.7,0.04,-0.02,,45.34,-6.31,3.36,19.31
Kwality Pharmaceuticals Ltd.,,539997,KPL,INE552U01010,Pharmaceuticals,Pharmaceuticals & Biotechnology,1675.7,1675.7,1738.74,89.02,75.55,77.23,65.91,67.3,61.98,55.61,50.1,48.47,1580.32,1556.47,1349.84,1159.18,1713.81,1669.12,1639.75,1537.5,1395.69,0.95,0.76,0.54,0.7,11.66,92.81,108.86,20.25
Kwality Wall's (India) Ltd.,KWIL,544622,KWIL,INE2KCE01013,Packaged Foods,FMCG,28.03,28.03,6585.9,42.46,35.49,34.89,32.17,20.72,56.67,54.39,0.85,0.76,26.32,25.96,,,28.96,28.17,27.59,26.55,,0.92,,,,17.08,,1.44,34.64
L&T Finance Ltd.,LTF,533519,LTF,INE498L01015,Finance (including NBFCs),Banking and Finance,280.65,280.65,70315.47,76.49,53.29,62.86,61.75,52.25,59.84,47.14,5.52,5.83,278.43,275.5,286.37,269.03,296.6,290.55,287.09,281.98,279.24,1.36,1.74,1.58,1.39,3.11,1.98,9.63,18.54
L&T Technology Services Ltd.,LTTS,540115,LTTS,INE010V01017,IT Consulting & Software,Software & Services,3603.7,3603.7,38200.08,61.19,49.73,50.29,48.33,38.13,59.39,51.79,93.14,84.37,3497.26,3402.71,3737.63,3992,3754.48,3668.85,3607.89,3555.33,3685.42,1.64,0.84,0.92,0.85,8.12,-12.12,128.04,26.39
LCC Infotech Ltd.,LCCINFOTEC,532019,LCCINFOTEC,INE938A01021,Education,Diversified Consumer Services,5.31,5.31,89.52,72.88,66.79,59.89,46.85,69.26,70.59,58.19,0.02,-0.01,4.95,4.88,4.88,4.66,4.94,4.96,4.94,4.92,4.88,0.47,0.3,0.25,0.15,4.53,28.88,0.35,8.7
LE Travenues Technology Ltd.,IXIGO,544192,IXIGO,INE0HV901016,Travel Support Services,Diversified Consumer Services,156.8,156.8,6870.72,31.31,26.15,25.73,22.41,34.04,43.42,36.12,-3.06,-2.03,171.69,169.91,197.78,236.18,165.46,166.95,168.84,176.94,193.96,2.33,1.4,1.36,,-7.85,-43.24,6.87,10.76
LG Balakrishnan & Bros Ltd.,LGBBROSLTD,500250,LGBBROSLTD,INE337A01034,Auto Parts & Equipment,Automobiles & Auto Components,1675.5,1675.5,5343.57,51.84,42.6,43.48,53.89,53.71,46.66,44.22,-16.37,-11.75,1729.45,1772.9,1800.35,1635.1,1702.7,1721.46,1731.37,1757.54,1747.3,0.71,1.18,1.06,0.86,-2.19,-6.64,66.41,8.58
LG Electronics India Ltd.,LGEINDIA,544576,LGEINDIA,INE324D01010,Consumer Electronics,Consumer Durables,1495.3,1495.3,101496.84,41.6,34.19,34.48,42.74,16.33,42.92,42.11,4.88,15.91,1518.75,1535.95,1510.06,,1532.38,1547.91,1546.41,1534.43,1542.35,0.97,0.83,,,4.19,-8.75,52.86,18.85
LIC Housing Finance Ltd.,LICHSGFIN,500253,LICHSGFIN,INE115A01026,Housing Finance,Banking and Finance,567.65,567.65,31224.33,66.27,56.1,54.46,53.01,49.68,65.95,57.74,15.22,13.68,541.82,528.44,526.67,548.57,580.65,566.28,556.7,539.01,536.43,1.57,1.13,1.13,1.33,6.64,-0.44,16.37,26.54
LIC MF Exchange Traded Fund - NIfty 50 - Growth,LICNETFN50,539480,LICNETFN50,INF767K01OS7,Others,Others,260.5,260.5,,34.26,41.79,42.45,58.69,54.61,45.86,38.36,0.06,0.66,265.55,266.78,276.6,278.82,267.81,267.65,267.58,269.26,273.2,0.81,0.95,0.92,0.82,-1.71,-8.24,5.3,13.27
LIC MF Exchange Traded Fund - Nifty 100,LICNFNHGP,539784,LICNFNHGP,INF767K01PC8,Others,Others,265,265,,79.97,41.34,42.85,65.64,65.64,43.66,41.35,0.77,1.41,268.28,269.65,278.22,279.53,272.83,272.02,271.53,272.16,275.23,0.31,-0.04,-0.03,-0.02,-1.2,-6.09,6.33,16.93
LIC MF Exchange Traded Fund - Sensex,LICNETFSEN,539487,LICNETFSEN,INF767K01OT5,Others,Others,838.71,838.71,,66.91,36.25,35.91,54.92,54.92,2.28,38.83,-2.36,-0.14,859.91,866.41,904.29,913.73,862.56,862.81,864.16,873.74,890.39,1.08,0.84,0.47,0.21,-2.33,-11.58,13.77,16.52
LIC MF Gold Exchange Traded Fund,LICMFGOLD,533719,LICMFGOLD,INF767K01SM1,Others,Others,135.85,135.85,,45.74,66.44,65.65,18.28,18.28,56.96,53.06,0.08,-0.18,134.07,136.4,134,118.53,135.71,135.01,134.89,134.79,131.02,0.34,0.65,0.42,0.22,1.08,24.45,2.95,15.35
LIC MF Nifty Midcap 100 ETF,LICNMID100,544123,LICNMID100,INF767K01RN1,Others,Others,60.52,60.52,,,55.1,54.06,,,65.03,54.83,1.07,1.05,58.73,58.03,58.95,58.86,61.68,60.86,60.19,59.06,58.83,0.83,0.99,1.02,,5.44,1.63,1.3,16.17
LIC NOMURA MF G-Sec Long Term ETF - Growth Option,LICNETFGSC,,LICNETFGSC,INF767K01MV5,Others,Others,28.53,28.53,,69.1,44.86,46.65,57.02,63.11,25.69,41.43,-0.02,-0.01,28.64,28.74,28.73,28.61,28.68,28.66,28.68,28.7,28.69,0.15,0.14,0.09,0.08,-0.31,-0.52,0.39,38.68
LMW Ltd.,LMW,500252,LMW,INE269B01029,Industrial Machinery,General Industrials,14409,14409,15393.13,62.18,49.54,51.1,49.21,40.27,52.84,50.59,237.32,220.71,13943.9,14142.22,14540.1,14837.98,14823.8,14618.55,14457.53,14333.73,14513.27,0.88,1.36,1.25,0.88,7.76,-8.28,429.18,23.01
LT Foods Ltd.,LTFOODS,532783,LTFOODS,INE818H01020,Other Agricultural Products,"Food, Beverages & Tobacco",405.5,405.5,14081.11,57.58,46.52,47.32,56.17,51.58,66.9,43.98,5.54,8.01,410.6,402.1,395.24,414.03,422.54,421.18,418.25,408.31,404.46,0.86,1.46,1.45,1.29,0.09,-0.54,12.29,21.8
LTM Ltd.,LTM,540005,LTM,INE214T01019,IT Consulting & Software,Software & Services,4143.8,4143.8,122913.93,38.87,31.3,31.94,30.11,39.31,30.44,38.74,-66.54,-50.02,4399.01,4365.82,5115.3,5291.02,4282.36,4319.37,4358.95,4546.99,4859.33,1.14,0.95,1.02,0.84,-9.37,-26.68,144.33,24.42
La Opala RG Ltd.,LAOPALA,526947,LAOPALA,INE059D01020,Houseware,Consumer Durables,174.74,174.74,1939.61,47.37,38.93,46.13,37.36,29.89,46.66,48.49,0,-0.88,178.19,184.58,192.17,216.58,182.5,181.01,180.67,184.39,193.64,1.45,0.79,0.77,0.75,3.49,-21.83,5.57,15.04
Lagnam Spintex Ltd.,LAGNAM,,LAGNAM,INE548Z01017,Textiles,Textiles Apparels & Accessories,84.09,84.09,148.58,68.95,57.89,56.66,52.02,36.9,58.26,67.13,4.27,4.12,74.02,71.34,71.66,77.95,84.11,82.09,79.4,74.62,74.32,1.58,1.46,1.19,1.12,28.79,7.77,4.07,39.13
Lahoti Overseas Ltd.,,531842,LAHOTIOV,INE515C01023,Commodity Trading  & Distribution,Commercial Services & Supplies,45.94,45.94,134.01,51.8,43.96,42.46,50.37,35.76,38.57,49.7,0.9,1.17,44.57,44.48,47.18,49.58,46.86,46.96,46.41,45.83,46.85,0.26,0.57,0.61,0.75,9.64,-22.5,3.84,30.12
Lakshmi Finance & Industrial Corporation Ltd.,LFIC,,LFIC,INE850E01012,Finance (including NBFCs),Banking and Finance,144.7,144.7,43.41,57.87,47.56,48.24,46.2,34.83,79.35,61.87,4.77,4.05,136.07,133.27,143.04,173.89,148.48,145.19,142.09,138.93,147.08,0.92,1.07,0.87,0.91,18,-25.18,9.18,32.88
Lakshmi Precision Screws Ltd.,LAKPRE,506079,LAKPRE,INE651C01018,Iron & Steel Products,Metals & Mining,6.2,6.2,6.78,69.55,58.6,57.16,57.75,52.65,56.13,68.27,0.18,0.09,5.24,5.12,5.15,5.24,5.7,5.52,5.39,5.23,5.2,-0.03,0.03,-0.03,-0.21,14.81,12.93,0.3,21.05
Lakshya Powertech Ltd.,LAKSHYA,,LAKSHYA,INE0VZS01015,Construction & Engineering,Cement and Construction,144,144,145.21,68.76,53.69,56.51,60.82,37.68,20.79,60.16,8.73,10.58,125.56,117.02,117.61,123.85,145.09,143.69,138.71,125.97,122.58,3.07,1.76,0.96,,50.79,-3.81,6.95,31.24
Lambodhara Textiles Ltd.,LAMBODHARA,590075,LAMBODHARA,INE112F01022,Textiles,Textiles Apparels & Accessories,105.42,105.42,109.4,58.75,40.11,48.28,49.76,38.1,65.24,48.67,2.47,2.63,103.67,101.58,108.24,119.7,111.55,108.93,107.37,105.67,109.38,0.01,1.45,1.27,1.12,2.91,-20.21,5.81,25.42
Lamosaic India Ltd.,LAMOSAIC,,LAMOSAIC,INE0R0201012,Forest Products,Forest Materials,22.15,22.15,22.9,32.15,26.42,26.98,45.17,35.85,26.44,32.37,-0.42,0.04,24.99,25,28.62,33.43,23.76,24.76,25.07,25.96,28.56,1.57,1.04,0.67,,-10.4,-46.92,1.29,21.15
Lancor Holdings Ltd.,LANCORHOL,509048,LANCORHOL,INE572G01025,Realty,Realty,24.33,24.33,178.95,54.88,45.1,45.24,47.63,56.01,26.44,52.18,0.26,0.37,23.63,22.96,24.53,24.41,24.18,24.23,24.08,23.91,24.22,0.57,1.43,0.81,,2.07,-24.03,1.37,16.6
Landmark Cars Ltd.,LANDMARK,543714,LANDMARK,INE559R01029,Specialty Retail,Retailing,371.85,371.85,1541.87,34.22,28.82,28.12,38.35,45.66,35.44,36.09,-3.75,1.27,409.06,395.9,418.19,496.06,394.05,400.15,403.42,407.4,428.97,1.63,0.99,0.83,0.82,-11.02,-38.81,17,16.17
Landmark Property Development Company Ltd.,LPDC,533012,LPDC,INE197J01017,Realty,Realty,7.4,7.4,99.27,54.73,46.12,44.98,47.63,54.85,63.56,53.02,0.23,0.31,7.15,6.65,6.69,7.27,7.54,7.51,7.39,7,6.94,0.82,1.45,1.21,1.12,-7.38,-4.76,0.49,21.8
Landsmill Green Ltd.,LANDSMILL,533090,LANDSMILL,INE688J01023,Realty,Realty,0.9,0.9,126.96,34.69,27.46,28.51,24.78,37.93,25.16,32.42,-0.03,-0.03,1,1.02,1.15,1.29,0.94,0.96,0.98,1.04,1.12,-0.1,0.22,0.06,-0.05,-11.76,-37.93,0.05,18.89
Larsen & Toubro Ltd.,LT,500510,LT,INE018A01030,Construction & Engineering,Cement and Construction,3856.5,3856.5,542499.41,67.22,52.34,55.24,62.25,52.7,24.85,43.29,22.81,48.71,3929.1,3879.94,3963.58,3862.39,3960.54,3984.25,3973.88,3939.75,3924.75,0.89,1.67,1.38,1.3,-1.02,-0.65,103.1,12.39
Lasa Supergenerics Ltd.,LASA,540702,LASA,INE670X01014,Pharmaceuticals,Pharmaceuticals & Biotechnology,8.01,8.01,40.13,48.15,39.57,38.55,47.58,37.74,64.3,59.76,0.17,0.18,7.62,7.61,8.51,9.54,8.14,8.12,8.01,7.98,8.54,1.35,0.7,0.83,0.83,15.53,-27.06,0.48,20.06
Latent View Analytics Ltd.,LATENTVIEW,543398,LATENTVIEW,INE0I7C01011,Data Processing Services,Software & Services,294.35,294.35,6090.84,54.89,42.93,45.11,35.06,31.17,54.59,46.56,0.62,-0.92,294.77,296.66,364.93,400.38,306.49,300.83,299.55,313.49,346.19,1.87,1.38,1.15,1.04,-1.27,-37.43,12.45,17.1
Latteys Industries Ltd.,LATTEYS,,LATTEYS,INE262Z01023,Compressors & Pumps,General Industrials,26.63,26.63,153.11,64.83,52.91,53.28,41.82,44.01,92.78,77.66,0.96,0.48,21.1,20.81,21.52,22.16,23.69,22.86,22.19,21.5,21.68,-1.35,1.06,0.87,0.63,22.32,-4.93,1.84,18.7
Laurus Labs Ltd.,LAURUSLABS,540222,LAURUSLABS,INE947Q01028,Pharmaceuticals,Pharmaceuticals & Biotechnology,1268,1268,68453.82,82.67,67.95,67.94,67.73,67.73,79.02,75.68,47.99,35.02,1114.58,1076.56,1054.34,983.75,1229.44,1186.76,1155.64,1098.03,1052.23,0.55,0.97,0.9,0.98,17.01,29.41,35.88,28.95
Laxmi Cotspin Ltd.,LAXMICOT,,LAXMICOT,INE801V01019,Textiles,Textiles Apparels & Accessories,14.16,14.16,24.28,35.52,29.9,29.19,37.47,34.48,28.17,45.25,-0.06,0.06,14.34,14.19,15.69,19.5,14.14,14.45,14.5,14.79,16.08,-0.17,0.69,0.89,1.12,-1.32,-32.57,0.89,22.63
Laxmi Dental Ltd.,LAXMIDENTL,544339,LAXMIDENTL,INE0WO601020,Healthcare Supplies,Healthcare,204.03,204.03,1121.39,55.57,44.38,45.67,44.81,34,75.14,53.03,6.71,6.06,194.45,188.61,209.49,273.68,213.17,206.87,202.5,199.13,217.39,1.42,1.05,1.23,,7.26,-34.53,10.02,32.52
Laxmi Goldorna House Ltd.,LGHL,,LGHL,INE258Y01016,Gems & Jewellery,Textiles Apparels & Accessories,241.55,241.55,1209.99,38.43,33.14,31.58,48.57,35.15,29.21,36.73,-2.29,-0.5,252.13,259.69,274.37,294.06,251.42,254.32,255.75,261.5,270.71,0.65,1.05,0.81,0.48,1.06,-3.57,14.13,16.83
Laxmi India Finance Ltd.,LAXMIINDIA,544465,LAXMIINDIA,INE06WU01026,Finance (including NBFCs),Banking and Finance,131.74,131.74,688.58,54.98,44.38,45.18,34.24,39.02,80.11,63.84,9.3,8.11,108.36,99.58,104.87,,132.88,124.5,118.64,108.59,110.78,0.99,1.7,,,32.78,-8.23,8.19,34.78
Laxmi Organic Industries Ltd.,LXCHEM,543277,LXCHEM,INE576O01020,Specialty Chemicals,Chemicals & Petrochemicals,155.59,155.59,4313.14,61.78,49.86,50.77,47.88,34.37,67.64,60.8,8.39,7.08,137.78,130.88,142.24,171.04,160.97,153.04,147.6,140.47,146.5,1.53,1.69,1.5,1.17,25.31,-20.32,7.99,32.36
Le Merite Exports Ltd.,LEMERITE,,LEMERITE,INE0G1L01017,Textiles,Textiles Apparels & Accessories,437.9,437.9,1096.22,50.09,40.83,41.16,47.87,51.91,46.92,44.58,-1.32,-0.87,443.46,444.95,457.33,437.31,441.39,442.24,443.01,446.61,447.78,0,0.32,0.24,0.25,-2.46,-7.28,14.94,40.34
Lead Reclaim and Rubber Products Ltd.,LRRPL,,LRRPL,INE0H4B01011,Auto Tyres & Rubber Products,Automobiles & Auto Components,78.5,78.5,67.83,54.65,45.07,44.91,44.78,51.89,74.18,56.23,1.76,2.13,75.02,70.36,72.01,76.26,77.32,76.9,75.95,73.18,73.03,0.82,0.1,-0.14,,10.56,-7.65,3.25,10.15
Leela Palaces Hotels & Resorts Ltd.,THELEELA,544408,THELEELA,INE0AQ201015,Hotels,Hotels Restaurants & Tourism,411.2,411.2,13732.35,40.23,35.76,33.06,48.76,51.12,32.75,40.16,-1.78,0.02,423.27,424.42,426.07,425.73,418.97,421.54,422.88,424.36,424.86,0.68,0.41,,,-3.24,-2.54,14.02,14.49
Lemon Tree Hotels Ltd.,LEMONTREE,541233,LEMONTREE,INE970X01018,Hotels,Hotels Restaurants & Tourism,111.88,111.88,8863.65,44.4,36.43,36.49,45.47,35.91,54.95,41.51,1.17,1.87,115.01,112.47,126.94,144.31,118.39,117.89,117.19,117.81,125.26,2.01,1.36,1.17,1.05,-1.38,-32.62,4.01,21.27
Lenskart Solutions Ltd.,LENSKART,544600,LENSKART,INE956O01016,Other Apparels & Accessories,Textiles Apparels & Accessories,475.95,475.95,82644.72,27.74,21.53,22.8,29.1,35.33,13.08,33.19,-7.44,-0.84,515.97,513.61,483.2,,489.21,502.89,509.01,505.29,480.85,-0.51,0.39,,,-7.47,,19.67,18.08
Lexus Granito (India) Ltd.,LEXUS,,LEXUS,INE500X01013,Ceramics,Consumer Durables,19.15,19.15,39.81,38.18,31.2,31.38,31.55,33.14,56.32,39.95,-1.61,-2.22,20.47,26.24,27.04,28.24,19.24,19.15,19.93,23.48,25.98,-0.42,0.13,0.38,0.15,-14.32,-33.97,1.37,31.23
Libas Consumer Products Ltd.,LIBAS,,LIBAS,INE908V01012,Other Apparels & Accessories,Textiles Apparels & Accessories,12.06,12.06,31.77,67.96,48.53,55.85,55.41,48.4,72.08,56.15,0.44,0.47,11.49,10.92,10.76,11.44,12.46,12.22,11.96,11.33,11.16,0.89,0.29,0.66,0.8,11.05,2.2,0.69,29.53
Liberty Shoes Ltd.,LIBERTSHOE,526596,LIBERTSHOE,INE557B01019,Footwear,Retailing,238.3,238.3,406.06,48.62,30.67,39.96,40.99,48.1,42.57,38.43,-1.21,1.27,253.33,247.8,255.24,289.96,249.41,252.18,253.43,253.74,263.08,1.41,1.04,1.18,0.97,-7.25,-22.72,9.88,15.33
Life Insurance Corporation of India,LICI,543526,LICI,INE0J1Y01017,Life Insurance,Banking and Finance,780.75,780.75,493824.2,50.72,31.97,41.68,41.04,38.78,33.55,40.63,-1.23,1.79,796.68,801.67,824,858.58,799.93,802.07,803.03,808.41,824.08,0.94,1.29,1.07,1.14,-1.59,-12.87,15.73,12.82
Likhitha Infrastructure Ltd.,LIKHITHA,543240,LIKHITHA,INE060901027,Construction & Engineering,Cement and Construction,209.36,209.36,825.93,60.67,48.91,49.86,49.27,53.46,43.98,49.38,6.66,10.52,212.9,185.81,179.79,208.26,218.05,217.83,214.93,198.78,194.28,-0.41,1.58,1.17,1.03,-11.82,-8.91,12.88,20.88
Linc Ltd.,LINC,531241,LINC,INE802B01027,Commodity Printing/Stationery,Commercial Services & Supplies,99.06,99.06,589.3,56.36,44.89,46.32,37.59,37.44,69.33,45.77,0.92,0.62,99.93,101.16,106.35,116.67,105.28,102.68,101.97,102.67,106.78,0.96,1.2,1.08,0.84,-0.72,-21.11,5.31,28.81
Lincoln Pharmaceuticals Ltd.,LINCOLN,531633,LINCOLN,INE405C01035,Pharmaceuticals,Pharmaceuticals & Biotechnology,669.55,669.55,1341.09,80.26,65.96,64.73,64.13,46.98,91.94,69.05,24.98,18.37,612.1,612.13,554.92,545.17,679.29,656.83,640.41,607.93,579.91,0.22,0.35,0.51,0.75,26.67,33.64,31.56,42.17
Linde India Ltd.,LINDEINDIA,523457,LINDEINDIA,INE473A01011,Industrial Gases,General Industrials,7455,7455,63579.37,80.96,66.47,66.53,66.48,57.48,78.78,54.08,159.93,137.56,7290.43,7131.88,6625.58,6421.58,7685.3,7509.88,7412.26,7129.22,6827.95,0.32,0.7,0.73,0.73,3.78,27.59,253.55,25.42
Lloyds Engineering Works Ltd.,LLOYDSENGG,539992,LLOYDSENGG,INE093R01011,Industrial Machinery,General Industrials,67.47,67.47,9713.39,68.72,57.25,56.47,53.7,47.48,83.72,78.02,4.31,3.67,53.4,49.63,50.61,56.42,63.15,60.82,58.09,53.22,52.49,0.2,1.87,1.9,1.49,38.06,15.14,3.32,44.58
Lloyds Enterprises Ltd.,LLOYDSENT,512463,LLOYDSENT,INE080I01025,Commodity Trading  & Distribution,Commercial Services & Supplies,71,71,10723.68,58.46,47.97,48.04,54.79,49.19,78.93,68.17,4.22,4.4,61.49,56.12,58.14,63.77,70.36,68.82,66.3,60.79,59.68,0.34,1.98,1.94,,16.18,6.45,3.32,43.07
Lloyds Luxuries Ltd.,LLOYDS,,LLOYDS,INE0DTQ01028,Special Consumer Services,Diversified Consumer Services,93.15,93.15,222.42,70.66,58.07,57.39,57.44,16.16,89.54,72.76,12.2,9.57,62.45,58.85,64.05,78.29,95.65,85.04,76.88,66.25,66.95,0.9,0.01,-0.07,0.04,123.65,4.08,4.78,41.67
Lloyds Metals & Energy Ltd.,LLOYDSME,512455,LLOYDSME,INE281B01032,Coal & Mining,Metals & Mining,1703.8,1703.8,95887.33,74.31,62.02,61.07,67.53,55.86,47.48,62.47,89.06,105.36,1592.34,1436.88,1338.84,1334.8,1734.98,1719.68,1670.26,1512.17,1409.25,0.32,1.36,1.33,,14.58,29.62,58.18,50.72
Lodha Developers Ltd.,LODHA,543287,LODHA,INE670K01029,Realty,Realty,879.35,879.35,87846.97,56.52,46.42,46.45,46.43,33.41,67.29,49.23,24.71,20.84,838.34,858.37,954.82,1076.25,937.81,909.32,891.66,892.19,949.6,2.54,1.71,1.76,1.51,11.37,-28.65,35.17,23.37
Lokesh Machines Ltd.,LOKESHMACH,532740,LOKESHMACH,INE397H01017,Industrial Machinery,General Industrials,251.6,251.6,535.83,77.71,64,63.86,61.3,64.64,31.82,52.14,8.43,11.1,245.91,226.3,199.86,194.92,259.39,256.48,252.33,231.86,213.27,0.69,0.92,0.93,0.58,13.68,38.55,15.33,18.08
Lords Chloro Alkali Ltd.,LORDSCHLO,500284,LORDSCHLO,INE846D01012,Commodity Chemicals,Chemicals & Petrochemicals,139.99,139.99,401.13,50.74,39.84,41.7,41.91,48.52,32.96,46.24,2.05,3.54,142.11,133.43,143.52,168.35,144.64,145,144.11,141.06,146.28,0.09,1.21,0.91,,-1.21,-35.7,7.56,20.12
Lorenzini Apparels Ltd.,LAL,540952,LAL,INE740X01023,Other Apparels & Accessories,Textiles Apparels & Accessories,6.95,6.95,120.05,36.91,30.33,31.9,41.45,45.17,25.44,44.19,-0.02,0,7.25,7.16,7.8,9.17,7.16,7.22,7.24,7.37,7.9,0.66,1.22,1,0.69,-5.5,-31.32,0.54,10.46
Lotus Eye Hospital and Institute Ltd.,LOTUSEYE,532998,LOTUSEYE,INE947I01017,Healthcare Facilities,Healthcare,114.66,114.66,238.45,55.28,45.19,45.43,59.54,47.73,72.97,50.38,1.53,2.23,112.16,110.28,115.83,111.45,115.66,116.04,115.17,113.54,112.91,0.55,1.11,0.77,0.81,5.33,-6.95,5.97,15.79
Lovable Lingerie Ltd.,LOVABLE,533343,LOVABLE,INE597L01014,Other Apparels & Accessories,Textiles Apparels & Accessories,72.24,72.24,106.92,47.3,38.32,38.87,36.99,38.82,86.1,49.09,1.2,1.61,70.68,69.95,73.68,82.88,74.03,73.9,73.2,72.28,74.88,-0.28,1.22,1.12,1.1,5.85,-21.5,3.65,29.26
Loyal Textiles Mills Ltd.,LOYALTEX,514036,LOYALTEX,INE970D01010,Textiles,Textiles Apparels & Accessories,240,240,115.59,60.31,49.56,49.14,48.11,39.3,89.71,71.26,7.52,3.37,204.01,205.88,213.45,249.04,228.73,219.39,213.85,210.92,218.65,0.3,0.24,0.26,0.56,21.55,3.48,9.36,22.79
Lumax Auto Technologies Ltd.,LUMAXTECH,532796,LUMAXTECH,INE872H01027,Auto Parts & Equipment,Automobiles & Auto Components,1640,1640,11177.86,77.48,61.98,63.67,53.34,71.36,38.04,46.95,0.89,8.48,1693.42,1641.49,1587.28,1404.4,1686.52,1676.06,1678.69,1647.08,1571.4,0.08,1.47,1.36,1.03,-4.96,41.98,78.95,15.98
Lumax Industries Ltd.,LUMAXIND,517206,LUMAXIND,INE162B01018,Auto Parts & Equipment,Automobiles & Auto Components,5353,5353,5003.82,76.53,62.89,64.64,45.1,55.77,62.01,60.38,55.08,1.44,5208.8,5300.55,5378,4973.14,5421.3,5344.94,5300.5,5297.78,5238.9,0.94,1.94,1.6,1,7.21,13.58,242.96,16.39
Lupin Ltd.,LUPIN,500257,LUPIN,INE326A01037,Pharmaceuticals,Pharmaceuticals & Biotechnology,2245.4,2245.4,102663.26,70.59,58.06,58.01,68.62,60.53,44.38,41,5.9,13.41,2321.98,2317.41,2238.22,2107.14,2356.76,2330.45,2328.37,2300.78,2241.77,1.51,0.51,0.59,0.58,-2.17,14.82,66.79,11.88
Lux Industries Ltd.,LUXIND,539542,LUXIND,INE150G01020,Other Apparels & Accessories,Textiles Apparels & Accessories,1468.9,1468.9,4417.23,68.02,55.65,55.9,54.63,53.47,45.03,55.14,88.78,111.09,1356.21,1171.84,1090.12,1187.7,1504.84,1488.49,1441.45,1274.73,1192.1,0.88,1.73,1.41,1.16,19.2,18.84,92.76,36.75
Lyka Labs Ltd.,LYKALABS,500259,LYKALABS,INE933A01014,Pharmaceuticals,Pharmaceuticals & Biotechnology,61.22,61.22,218.49,54.36,46.02,44.67,43.19,33.97,58.48,54.25,1.4,0.92,57.62,57.3,65.58,80.93,62.49,60.81,59.8,60.3,66.22,0.66,1.49,0.98,0.95,5.13,-34.59,3.35,22.81
Lypsa Gems & Jewellery Ltd.,LYPSAGEMS,534532,LYPSAGEMS,INE142K01011,Gems & Jewellery,Textiles Apparels & Accessories,5.21,5.21,15.36,54.81,45.04,44.56,52.84,48.6,56.31,51.63,0.08,0.11,5.14,5.05,5.09,5.69,5.3,5.32,5.27,5.17,5.25,0.29,1.01,0.86,0.67,1.15,3.33,0.45,16.53
M & B Engineering Ltd.,MBEL,544470,MBEL,INE08N601015,Iron & Steel Products,Metals & Mining,290.3,290.3,1659.01,40.69,33.39,33.44,40.53,30.27,26.92,38.18,3.62,7.9,310.14,300.68,325.81,,316.82,320.55,318.91,315.67,331.19,0.98,1.78,,,-4.32,-33.63,17.3,13.33
M K Proteins Ltd.,MKPL,543919,MKPL,INE964W01021,Edible Oils,FMCG,5,5,187.69,50.35,40.36,41.38,43.28,48.22,26.66,43.28,0.02,0.06,5.12,5.03,5.34,6.04,5.17,5.2,5.19,5.18,5.41,0.24,1.57,1.55,0.86,-1.38,-23.55,0.33,30.34
M M Forgings Ltd.,MMFL,522241,MMFL,INE227C01017,Castings & Forgings,General Industrials,445.55,445.55,2151.19,77.33,62.57,63.55,70.87,61.28,49.7,39.47,8.56,13.78,460.27,452.13,431.69,376.86,480.89,480.27,475.94,457,431.75,0.91,1.18,1.3,1.02,1.09,46.39,21.6,26.34
MBL Infrastructure Ltd.,MBLINFRA,533152,MBLINFRA,INE912H01013,Construction & Engineering,Cement and Construction,25.5,25.5,388.95,55.41,45.25,45.54,39.25,45.74,66.53,48.76,0.52,0.52,25.19,24.76,26.84,33.87,26.94,26.28,25.95,25.81,27.87,1.65,1.83,2.15,1.5,-0.39,-36.83,1.55,15.51
MCON Rasayan India Ltd.,MCON,,MCON,INE0O4M01019,Construction Materials,Cement and Construction,51.5,51.5,37.74,63.54,40.68,52.22,53.52,48.16,49.86,50.24,2.01,2.09,49.41,47.31,53.56,66.52,55.36,53.51,52.24,50.83,55.19,0.12,0.02,-0.23,,23.95,-22.73,2.29,19.92
MEP Infrastructure Developers Ltd.,MEP,539126,MEP,INE776I01010,Roads & Highways,Cement and Construction,1.09,1.09,20,45.92,41.28,37.74,36.88,31.61,59.96,76.49,0.04,0.02,0.94,0.95,1.28,1.63,1.09,1.04,1.01,1.04,1.25,0.03,0.19,0.24,0.05,26.74,-61.35,0.02,56.29
MIC Electronics Ltd.,MICEL,532850,MICEL,INE287C01037,Electronic Components,Commercial Services & Supplies,49.71,49.71,1198.07,66.55,54.16,54.69,51.87,44.36,80.01,62.9,3.75,2.91,41.05,38.47,39.99,46.73,51.47,47.53,45.07,41.47,41.94,3.3,2.09,2.08,1.48,28.92,-3.19,2.74,38.01
MIRC Electronics Ltd.,MIRCELECTR,500279,MIRCELECTR,INE831A01028,Consumer Electronics,Consumer Durables,43.97,43.97,1624.22,88.26,73.08,72.53,66.3,64.82,87.87,78.05,3.43,2.25,32.51,29.83,30.01,27.51,41.05,37.86,35.58,32.07,30.02,-0.5,1.13,1.17,1.27,40.48,67.12,2.96,45.86
MITCON Consultancy & Engineering Services Ltd.,MITCON,,MITCON,INE828O01033,Consulting Services,Commercial Services & Supplies,82.73,82.73,144.1,73.14,52.14,60.11,59.66,52.36,65.74,62.37,5.36,5.61,73.79,66,64.41,67.5,85.25,81.95,78.78,71,67.88,0.34,1.35,1.01,1,17.87,18.08,5.45,39.1
MMP Industries Ltd.,MMP,,MMP,INE511Y01018,Aluminium and Aluminium Products,Metals & Mining,273.4,273.4,694.51,64.7,53.68,53.17,51.72,41.5,80.02,57.51,13.51,11.54,246.87,238.92,245.64,257.64,284.79,271.89,263.12,249.77,248.92,1.29,1.41,1.1,1.1,16.1,-2.25,15.11,30.22
MMTC Ltd.,MMTC,513377,MMTC,INE123F01029,Commodity Trading  & Distribution,Commercial Services & Supplies,63.56,63.56,9534,56.75,46.64,53.88,52.55,38.46,65.19,59.13,1.89,1.91,62.17,60.43,61.97,63.57,66.76,65.91,64.74,62.64,62.42,1.11,1.52,1.37,1.35,13.65,-1.24,2.68,27.79
MOIL Ltd.,MOIL,533286,MOIL,INE490G01020,Coal & Mining,Metals & Mining,296.75,296.75,6038.42,48.58,39.92,40.5,39.74,46.22,63.26,46.87,2.82,4.92,309.39,300.86,319.18,336.09,312.38,315.04,313.64,310.89,317.62,1.1,0.79,1.02,1.19,3.33,-15.53,10.39,13.18
MOS Utility Ltd.,MOS,,MOS,INE0N7S01028,IT Software Products,Software & Services,13,13,334.67,41.4,33.33,34.02,29.74,31.99,34.59,45.17,-0.32,-0.39,12.68,14.3,18.1,21.36,12.85,13.04,13.16,14.6,17.09,-0.51,1.51,1.07,0.47,1.17,-46.28,0.65,18.34
MPS Ltd.,MPSLTD,532440,MPSLTD,INE943D01017,Publishing,Commercial Services & Supplies,1620.3,1620.3,2771.65,48.1,38.96,39.53,40.56,46.68,47.31,45.31,0.82,11.61,1677.8,1596.1,1719.99,1971.63,1652.08,1661.06,1663.37,1663.84,1747.4,0.67,1.01,0.79,0.82,-7.21,-28.65,62.23,13.9
MRF Ltd.,MRF,500290,MRF,INE883A01011,Auto Tyres & Rubber Products,Automobiles & Auto Components,126505,126505,53652.04,36.81,30.25,30.73,31.15,40.14,45.49,40.77,-1422.1,-1075.32,132075.5,134007.3,140086.9,145747.08,129581,130818.11,131698.83,134519.78,138432.69,1.18,0.88,0.74,0.68,-3.11,-18.37,3052.06,14.63
MSP Steel & Power Ltd.,MSPL,532650,MSPL,INE752G01015,Iron & Steel/Interm.Products,Metals & Mining,40.58,40.58,2300.06,71.62,60.64,58.86,56.62,53.11,74.1,68.7,2.15,1.64,35.03,33.37,33.3,33.82,40.62,38.51,37.12,34.72,33.83,0.89,1.23,1.21,1.01,14.34,26.14,1.69,22.69
MSTC Ltd.,MSTCLTD,542597,MSTCLTD,INE255X01014,Commodity Trading  & Distribution,Commercial Services & Supplies,425.3,425.3,2994.11,49.28,38.88,40.5,39.11,36.69,52.16,44.61,3,4.56,430.71,429.57,454.93,479.35,444.13,441.24,439.44,439.74,452.89,1.91,1.29,1.37,1.41,1.54,-20.51,16.31,12.8
MT Educare Ltd.,MTEDUCARE,534312,MTEDUCARE,INE472M01018,Education,Diversified Consumer Services,1.56,1.56,11.27,58.4,46.76,47.99,48.23,29.96,82.08,54.81,0.05,0.04,1.46,1.44,1.52,1.8,1.59,1.55,1.52,1.49,1.56,0.11,0.58,0.27,0.19,4,-23.15,0.12,15.11
MTAR Technologies Ltd.,MTARTECH,543270,MTARTECH,INE864I01014,Aerospace & Defence,General Industrials,6248.5,6248.5,19220.14,97.25,79.95,79.92,79.82,75.46,73.4,67.4,632.34,595.7,4996.92,4436.54,3636.05,2793.23,6440.4,6039.7,5651.41,4730.49,3955.78,1.17,1.35,1.03,0.83,50.26,163.22,355.54,59.34
MVK Agro Food Product Ltd.,MVKAGRO,,MVKAGRO,INE0SGC01015,Sugar,"Food, Beverages & Tobacco",508.7,508.7,787.98,43.5,34.82,35.75,40.81,58.72,44.21,44.68,-7.38,-6.94,534.52,528.71,591.73,534.47,513.46,515.16,519.54,537,549,0.35,0.6,0.52,,-10.99,-7.66,23.19,19.27
Maan Aluminium Ltd.,MAANALU,532906,MAANALU,INE215I01027,Aluminium and Aluminium Products,Metals & Mining,140.31,140.31,841.65,64.64,53.12,54.7,63.82,52.32,61.68,48.33,3.08,3.77,140.62,137.73,145.79,135.27,147.8,147.46,145.61,142.42,141.13,1.93,1.05,0.98,0.84,2.89,-2.62,7.3,30.91
Mac Charles (India) Ltd.,,507836,MCCHRLS-B,INE435D01014,Hotels,Hotels Restaurants & Tourism,658.95,658.95,863.3,58.41,49.57,50.65,46,52.22,25.66,45.71,6.96,11.93,671.27,648.55,640.16,664.69,679.23,679.49,676.5,659.74,652.61,1.13,0.2,0.01,0.39,-5.57,-3.12,37.88,24.4
Macobs Technologies Ltd.,MACOBSTECH,,MACOBSTECH,INE0R0J01010,Internet & Catalogue Retail,Retailing,224,224,219.41,76.82,61.66,63.13,61.66,45.83,90.53,54.57,5.94,2.78,211.55,212.2,212.32,201.08,231.78,221.99,217.7,213.46,210.23,-1.08,-0.18,0.01,,8,10.37,11.72,26.48
Macpower CNC Machines Ltd.,MACPOWER,,MACPOWER,INE155Z01011,Industrial Machinery,General Industrials,1176.4,1176.4,1176.89,86.61,62.87,71.18,70.5,57.42,61.89,60.15,61.64,64.09,1062.99,1005.45,967.82,929.63,1200.38,1170.28,1133.51,1043.92,989.97,1.62,1.2,0.94,0.73,19.12,49.36,62.76,34.05
Madhav Copper Ltd.,MCL,,MCL,INE813V01022,Copper,Metals & Mining,61,61,165.57,65,53.55,53.42,45.01,55.37,60.93,50.69,-0.59,-0.84,60.56,61.65,66.57,57.83,60.17,60.16,60.43,62.11,62.24,0.41,0.93,0.46,0.78,-4.15,30.51,1.37,11.86
Madhav Infra Projects Ltd.,,539894,MADHAVIPL,INE631R01026,Construction & Engineering,Cement and Construction,8.82,8.82,237.77,47.02,39.91,39.77,40.34,37.83,60.83,46.15,0.14,0.21,8.8,8.49,9.35,10.43,9.12,9.12,9.04,8.94,9.36,0.24,1.34,1.13,0.81,-0.11,-16.56,0.5,13.05
Madhav Marbles & Granites Ltd.,MADHAV,515093,MADHAV,INE925C01016,Construction Materials,Cement and Construction,36.9,36.9,33.01,49.55,40.43,40.72,48.51,40.16,73.73,47.91,0.76,0.96,36.24,35.91,37.63,40.66,38.16,38.15,37.71,37,37.84,0.75,1.23,1.15,0.93,4.15,-9.38,2.53,27.88
Madhucon Projects Ltd.,MADHUCON,531497,MADHUCON,INE378D01032,Construction & Engineering,Cement and Construction,5.58,5.58,41.18,61.56,50.06,50.59,48.55,46.54,61.24,58.84,0.32,0.26,4.97,4.74,5.14,6.01,5.88,5.54,5.33,5.06,5.27,0.95,1.03,0.84,0.79,10.28,-21.74,0.32,33.45
Madhusudan Masala Ltd.,MADHUSUDAN,,MADHUSUDAN,INE0P6701019,Other Food & Beverages,"Food, Beverages & Tobacco",163.5,163.5,249.17,82.42,66.6,67.73,67.04,65.39,61.27,63.83,4.39,3.54,150.64,145.74,138.58,137.72,160.48,157.06,154.35,147.61,142.66,-0.14,-0.11,-0.05,,9.58,17.75,6.74,12.78
Madhya Bharat Agro Products Ltd.,MBAPL,,MBAPL,INE900L01010,Fertilizers,Fertilizers,547.6,547.6,4798.45,83.48,69.14,68.6,70.89,67.46,69.81,57.01,17.4,16.85,527.39,499.45,462.28,440.79,564.12,547.92,537.66,507.16,476.78,0.75,0.89,0.79,0.65,1.39,30.74,20.94,23.39
Madhya Pradesh Today Media Ltd.,MPTODAY,,MPTODAY,INE105Y01019,Advertising & Media,Media,46,46,21.01,59.38,59.35,48.8,48.8,65.25,61.1,56.53,-0.02,-0.19,42,44.86,38.41,38.08,42.44,42.96,42.97,42.33,40.68,0.49,0.02,-0.29,,22.18,31.43,2.5,11.14
Madras Fertilizers Ltd.,MADRASFERT,590134,MADRASFERT,INE414A01015,Fertilizers,Fertilizers,71.18,71.18,1146.72,49.11,49.36,40.36,47.57,37.93,65.84,60.05,1.26,1.23,66.12,65.12,70.33,77.78,69.78,69.03,68.22,67.63,70.24,1.32,1.78,1.44,1.44,6.83,-10.39,2.96,22.19
Mafatlal Industries Ltd.,,500264,MAFATIND,INE270B01035,Textiles,Textiles Apparels & Accessories,135.7,135.7,975.79,48,40.74,49.08,49.57,39.54,72.41,52.63,3.63,3.8,130.46,127.13,135.33,143.6,140.12,137.88,135.62,132.6,135.41,1.12,0.8,1.17,1.15,-0.51,-21.36,6.18,39.84
Magadh Sugar & Energy Ltd.,MAGADSUGAR,540650,MAGADSUGAR,INE347W01011,Sugar,"Food, Beverages & Tobacco",505.95,505.95,712.96,55.91,46.83,45.95,53.5,48.28,64.69,49.99,10.22,14.05,504.97,480.82,472.11,507.08,518.31,517.01,511.75,492.28,489.62,0.24,0.18,0.46,0.93,5.42,-5.48,21.66,32.5
Magellanic Cloud Ltd.,MCLOUD,538891,MCLOUD,INE613C01026,IT Consulting & Software,Software & Services,25.16,25.16,1482.09,40.83,33.13,33.55,42.33,35.2,49.48,45.34,0.6,0.8,25.29,24.38,24.8,46.79,26.72,26.49,26.15,25.73,29.75,0.6,1.72,1.17,,-3.71,-57.73,1.33,12.2
Magnum Ventures Ltd.,MAGNUM,532896,MAGNUM,INE387I01016,Paper & Paper Products,Commercial Services & Supplies,21.18,21.18,140.66,47.57,39.2,39.09,41.03,52.22,74.55,51.85,0.14,0.2,20.96,20.45,21.33,22.9,21.2,21.17,21.1,20.99,21.54,0.54,1.36,1.2,0.84,-1.99,-13.97,1.14,18.69
Magson Retail & Distribution Ltd.,MAGSON,,MAGSON,INE0O1S01012,Department Stores,Retailing,180,180,240.63,77.22,63.46,64.87,64.6,71.74,78.55,57.37,5.89,7.5,171.37,158.26,142.02,131.9,180.4,179.07,176.07,162.5,148.71,-0.39,0.15,0.09,,12.32,56.59,6.46,23.32
Maha Rashtra Apex Corporation Ltd.,MAHAPEXLTD,523384,MAHAPEXLTD,INE843B01013,Finance (including NBFCs),Banking and Finance,52.02,52.02,146.61,64.05,56.87,52.64,52.34,36.04,67.71,48.5,0.17,0.05,51.26,53.22,53.27,53.21,53.2,52.7,52.54,52.6,52.83,1.03,0.94,0.76,0.85,9.31,2.39,3.18,17.36
Mahalaxmi Fabric Mills Ltd.,MFML,544233,MFML,INE0US801024,Textiles,Textiles Apparels & Accessories,26.1,26.1,27.72,59.26,51.56,48.7,39.33,36.09,68.78,62.14,0.48,0.41,24.14,23.58,24.14,26.71,25.24,24.99,24.69,24.23,24.72,-0.54,0.87,0.66,,14.37,-5.84,1.82,36.13
Mahalaxmi Rubtech Ltd.,MHLXMIRU,514450,MHLXMIRU,INE112D01035,Other Industrial Products,General Industrials,178.06,178.06,189.11,51.34,42.29,42.19,47.74,37.02,42.46,48.65,2.95,3.59,175.36,172.56,187.31,203.1,182.26,182.53,180.68,179.55,186.38,1.53,0.98,0.78,0.88,8.22,-15.6,10.42,22.84
Mahamaya Steel Industries Ltd.,MAHASTEEL,513554,MAHASTEEL,INE451L01014,Iron & Steel Products,Metals & Mining,846.3,846.3,1390.84,60.99,50.28,50.12,52.27,68.3,55.03,45.65,-18.64,-14.78,893.41,887.44,853.53,681.34,830.64,848.54,861.72,865.78,821.3,0.01,-0.14,0.17,0.35,-10.41,33.9,45.52,27.92
Mahanagar Gas Ltd.,MGL,539957,MGL,INE002S01010,Utilities:Non-Electrical,Utilities,1064.4,1064.4,10513.91,52.49,43.14,50.83,48.27,37.57,45.09,49.61,27.38,28.54,1072.42,1074.61,1089.56,1190.18,1151.88,1136.92,1119.66,1094.46,1112.42,1.4,0.97,0.96,1.13,9.7,-12.48,36.78,31.34
Mahanagar Telephone Nigam Ltd.,MTNL,500108,MTNL,INE153A01019,Telecom Services,Telecom Services,28.71,28.71,1808.73,49.37,38.66,40.57,41.65,34.85,49.12,41.93,0.58,0.97,29.58,28.32,30.91,36.89,31,30.88,30.59,30,31.62,2,2.15,1.6,1.5,2.46,-30.16,1.53,22.49
Maharashtra Scooters Ltd.,MAHSCOOTER,500266,MAHSCOOTER,INE288A01013,Investment Companies,Others,12147,12147,13882.32,48.21,30.44,39.62,33.52,40.6,33.83,41.67,-40.8,-22.86,12495.83,12616.72,13175.09,14496.3,12646.2,12548.99,12571.37,12746.6,13188.17,0.99,1.21,0.77,0.31,-7.44,-17.75,420.87,14.23
Maharashtra Seamless Ltd.,MAHSEAMLES,500265,MAHSEAMLES,INE271B01025,Iron & Steel/Interm.Products,Metals & Mining,641.4,641.4,8594.72,67.25,55.27,55.29,49.59,55.77,68.43,61.73,14.4,17.42,624.1,595.37,566.45,592.27,643.84,643.28,635.66,606.57,590.09,0.52,0.81,0.93,1.06,6.31,13.18,17.41,36.74
Mahendra Realtors & Infrastructure Ltd.,MRIL,,MRIL,INE632Q01018,Construction & Engineering,Cement and Construction,40.7,40.7,89.96,40.37,33.18,33.56,30.91,30.61,34.9,54.02,-0.69,-1.32,37.98,42.22,49.34,,38.84,38.64,38.83,42.26,47.66,0.73,1.07,,,27.19,-21.73,1.92,22.27
Maheshwari Logistics Ltd.,MAHESHWARI,,MAHESHWARI,INE263W01010,Warehousing & Logistics,Transportation,52.18,52.18,154.44,66.72,54.83,54,52.38,49.5,64.95,66.12,2.09,1.98,48.55,45.96,45.91,51.49,53.23,51.88,50.61,47.96,47.87,1.27,0.81,0.48,0.42,14.76,-3.98,2.18,43.86
Mahickra Chemicals Ltd.,MAHICKRA,,MAHICKRA,INE961Y01015,Dyes & Pigments,Chemicals & Petrochemicals,239,239,233.64,84.63,70.39,69.55,61.35,73.03,84.06,63.41,8.94,8.7,223.11,210.82,184.3,164.15,241.55,235.46,230.28,213.06,193.76,0.67,-0.27,-0.01,0.06,11.14,55.95,9.15,25.94
Mahindra & Mahindra Financial Services Ltd.,M&MFIN,532720,M&MFIN,INE774D01024,Finance (including NBFCs),Banking and Finance,326.95,326.95,45445.11,71.25,58.55,59.05,46.87,49.31,75.41,61.58,4.39,-0.77,304.54,321.77,346.4,318.6,327.5,319.67,315.49,321.69,328.12,1.92,1.63,1.48,1.2,13.6,5.79,13.51,21.62
Mahindra & Mahindra Ltd.,M&M,500520,M&M,INE101A01026,Cars & Utility Vehicles,Automobiles & Auto Components,3176,3176,394944.75,59.55,48.94,50.03,32.98,42.3,63.87,53.34,27.46,4.03,3149.09,3181.28,3389.29,3439.35,3291.72,3219.92,3196.51,3227.95,3312.33,1.5,1.67,1.45,1.27,1.12,-9.36,95.58,15.08
Mahindra EPC Irrigation Ltd.,MAHEPC,523754,MAHEPC,INE215D01010,Plastic Products,General Industrials,118.81,118.81,332.08,60.42,49.33,49.65,39.64,37.03,59.83,51.54,1.61,1.58,115.38,114.56,119.73,132.51,121.23,119.5,118.48,117.51,120.72,0.14,1.32,1.17,0.95,7.69,-13.89,5.35,17.84
Mahindra Holidays & Resorts India Ltd.,MHRIL,533088,MHRIL,INE998I01010,Hotels,Hotels Restaurants & Tourism,224.61,224.61,4538.1,35.87,30.11,29.48,30.18,37.38,18.39,26.27,-7.48,-5.06,250.66,258.11,279.44,310.78,236.56,242.35,247.15,259.33,276.16,1.36,0.81,0.89,0.85,-9.12,-30.81,8.57,28.33
Mahindra Lifespace Developers Ltd.,MAHLIFE,532313,MAHLIFE,INE813A01018,Realty,Realty,323.9,323.9,6910.17,48.38,38.35,39.76,39.96,41.23,52.61,44.45,-1.17,-1.57,330.42,338.79,358.02,366.96,334.84,332.93,333.24,340.23,351.2,1.19,0.98,0.76,0.83,-5.13,-19.34,13.14,11.98
Mahindra Logistics Ltd.,MAHLOG,540768,MAHLOG,INE766P01016,Warehousing & Logistics,Transportation,374.85,374.85,3719.36,72.95,59.26,59.95,59.88,56.74,26.69,40.55,0.18,5.35,393.33,390.22,365.19,351.7,391.16,397.14,398.11,389.27,374.23,1.86,1.84,1.49,1.07,-1.77,9.91,16.69,14.83
Maithan Alloys Ltd.,MAITHANALL,590078,MAITHANALL,INE683C01011,Iron & Steel/Interm.Products,Metals & Mining,970.8,970.8,2826.15,61.38,50.44,51.11,49.98,38.24,63.34,54.58,14.44,14.29,966.96,961.33,987.84,1033.63,1007.6,1001.21,991.97,980.9,991.71,1.02,1.32,1.25,1.11,6.42,-8.87,32.79,13.23
Maitreya Medicare Ltd.,MAITREYA,,MAITREYA,INE0PLQ01011,Healthcare Facilities,Diversified Consumer Services,176.05,176.05,119.29,44.8,34.8,36.82,37.38,38.87,58.37,47.65,-1.73,-3.4,177.08,186.87,205.91,230.8,178.69,177.42,177.88,186.58,202.11,-0.36,-0.33,-0.06,,-8.59,-30.88,13.94,16.08
Majestic Auto Ltd.,,500267,MAJESAUT,INE201B01022,Misc. Commercial Services,Commercial Services & Supplies,302.55,302.55,314.58,47.9,40.65,51.22,49.73,41.35,55.01,40.73,1.28,2.19,309.92,305.53,325.72,329.55,315.25,314.99,314.15,315.5,321.38,0.72,0.42,0.62,0.71,-2.54,-11.07,13.26,11.22
Maks Energy Solutions India Ltd.,MAKS,,MAKS,INE0CDK01019,Other Industrial Products,General Industrials,26,26,18.03,37.72,31,31.68,,,22.69,32.7,-1.28,-0.75,30.53,30.19,29.86,36.12,26.55,27.96,28.86,29.92,31.52,-0.51,0,0,,-21.21,-22.39,0.85,23.97
Mallcom (India) Ltd.,MALLCOM,539400,MALLCOM,INE389C01015,Other Apparels & Accessories,Textiles Apparels & Accessories,1027,1027,640.85,46.46,38.18,40.55,49.18,37.04,43.43,45.35,2.4,4.95,1070.35,1074.74,1110.36,1206.6,1085.3,1084.84,1083.29,1089.17,1121.18,0.44,1.08,1.24,1.04,-3.31,-25.98,43.33,15.69
Malu Paper Mills Ltd.,MALUPAPER,532728,MALUPAPER,INE383H01017,Paper & Paper Products,Commercial Services & Supplies,32.44,32.44,55.34,57.68,40.57,47.4,40.74,48.23,59.68,48.11,0.31,0.38,32.5,32.04,32.9,35.64,33.43,33.1,32.92,32.65,33.35,1.72,1.5,1.25,0.92,-0.4,-14.32,1.47,10.94
Mamata Machinery Ltd.,MAMATA,544318,MAMATA,INE0TO701015,Industrial Machinery,General Industrials,398.15,398.15,979.76,59.77,40.09,49.12,51.52,37.66,74.4,48.11,9.49,10.14,386.99,390.9,402.04,422.9,418.95,412.18,406.09,398.49,403.03,0.37,1.26,1.21,,10,-9.49,16.51,21.49
Man Industries (India) Ltd.,MANINDS,513269,MANINDS,INE993A01026,Iron & Steel/Interm.Products,Metals & Mining,520.75,520.75,3906.12,73.7,60.91,60.57,58.92,56.02,50.97,57.82,26.22,32.07,478.45,447.81,413.08,415.25,531.51,526.97,512.46,466.85,436.78,0.4,1.87,2.2,1.51,18.53,37.33,26.97,37.16
Man Infraconstruction Ltd.,MANINFRA,533169,MANINFRA,INE949H01023,Construction & Engineering,Cement and Construction,130.24,130.24,5257.35,61.83,51.4,50.81,47.83,34.5,87.97,74.36,9.63,7.72,105.75,102.45,110.49,130.81,132.23,124.2,117.78,109.86,113.59,0.5,1.48,1.43,1.26,41.29,-4.69,5.66,43.12
Manaksia Aluminium Company Ltd.,MANAKALUCO,539045,MANAKALUCO,INE859Q01017,Aluminium and Aluminium Products,Metals & Mining,32.45,32.45,212.66,73.72,51.26,60.58,61.34,40.77,57.77,49.26,1.9,2.13,30.69,29.16,32.5,30.7,35.36,34.69,33.52,31.61,31.19,1.43,1.49,1.08,0.91,21.54,18.82,2.16,35.83
Manaksia Coated Metals & Industries Ltd.,MANAKCOAT,539046,MANAKCOAT,INE830Q01018,Iron & Steel/Interm.Products,Metals & Mining,97.08,97.08,1027.44,33.43,26.98,27.47,44.36,34.16,41.76,37.12,-1.84,-0.96,106.15,109.52,118.69,132.9,102.18,105.21,106.35,110.42,117.07,-0.08,0.92,1.02,0.57,-7.56,-32.7,6.05,16.37
Manaksia Ltd.,MANAKSIA,532932,MANAKSIA,INE015D01022,Iron & Steel Products,Metals & Mining,58.12,58.12,380.88,62.76,42.89,51.58,49.14,37.81,48.03,48.87,1.36,1.58,56.59,55.76,59.76,64.18,60.71,59.93,59.09,58.07,59.6,1.92,1.58,1.29,1.01,4.8,-11.4,2.49,23.12
Manaksia Steels Ltd.,MANAKSTEEL,539044,MANAKSTEEL,INE824Q01011,Iron & Steel/Interm.Products,Metals & Mining,62.65,62.65,410.57,61.61,49.67,50.63,49.21,41.65,64.76,46.19,1.41,2.77,63.31,59.95,61.77,61.18,65.18,66.59,66,62.99,61.73,2.06,1.55,1.13,0.94,9.26,4.75,4.61,22.24
Manali Petrochemicals Ltd.,MANALIPETC,500268,MANALIPETC,INE201A01024,Petrochemicals,Chemicals & Petrochemicals,55.05,55.05,946.86,59.66,41.37,49.03,48.46,36.84,59.99,54.56,1.5,1.57,52.03,50.97,55.02,61.71,56.34,55.36,54.42,53.4,55.37,0.56,1.51,1.07,0.92,3.36,-20.52,2.44,22.92
Manappuram Finance Ltd.,MANAPPURAM,531213,MANAPPURAM,INE522D01027,Finance (including NBFCs),Banking and Finance,293.2,293.2,24817.47,67.8,55.72,56.1,54.9,42.11,83.09,63.08,11.19,8.87,279.3,275.69,287.88,282.29,310.99,301.08,293.56,284.55,283.05,0.92,1.01,1.09,1.21,13.32,14.64,9.57,30.61
Manas Polymers and Energies Ltd.,MPEL,,MPEL,INE0U4H01011,Plastic Products,General Industrials,45.7,45.7,35.54,31.83,26.16,27.25,19.68,16.97,42.69,43.27,-2.38,-2.58,50.05,52.15,69.09,,45.63,46.44,47.73,54.6,71.37,0.51,-0.58,,,-18.1,-62.88,2.82,15.3
Manav Infra Projects Ltd.,MANAV,,MANAV,INE104Y01012,Construction & Engineering,Cement and Construction,39.45,39.45,53.94,83.93,68.84,68.97,68.1,70.28,57.64,52.76,1.14,1.6,39.28,35.21,28.32,23.07,38.98,39.64,39.15,35.44,30.41,-1.76,-0.14,-0.28,,-12.33,258.64,1.78,16.31
Manba Finance Ltd.,MANBA,544262,MANBA,INE939X01013,Finance (including NBFCs),Banking and Finance,110.98,110.98,557.56,57.96,46.05,47.63,38.92,38.09,62.36,47.71,0.7,0,109.49,112.41,122.96,130.45,114.8,112.68,111.98,114.27,120.13,0.5,0.81,0.87,,3.12,-20.17,4.39,24.81
Mandeep Auto Industries Ltd.,MANDEEP,,MANDEEP,INE0R3T01013,Auto Parts & Equipment,Automobiles & Auto Components,21,21,24.02,56.66,46.56,47.32,,46.76,83.13,50.79,0.77,0.72,19.89,19.87,23.01,24.33,22.08,21.68,21.15,20.96,22.38,-0.53,0.38,0.24,,13.21,-27.46,0.89,24.83
Mangal Credit And Fincorp Ltd.,MANCREDIT,505850,MANCREDIT,INE545L01039,Finance (including NBFCs),Banking and Finance,167.92,167.92,354.55,52.52,33.82,43.16,46.02,52.62,64.7,41.54,-0.14,0.45,171.63,170.53,168.41,175.01,170.24,171.05,171.27,170.59,170.82,-0.57,0.47,0.35,,-4.66,-6.11,5.75,16.95
Mangal Electrical Industries Ltd.,MEIL,544492,MEIL,INE0PKD01011,Heavy Electrical Equipment,General Industrials,320.85,320.85,886.51,52.86,44.38,43.44,40.35,29.72,46.19,59.37,19.78,18.78,286.64,265.6,291.91,,337.87,321.13,308.77,289.66,311.74,3.38,2.03,,,28.14,-28.67,16.87,28.27
Mangalam Alloys Ltd.,MAL,,MAL,INE00C401011,Other Industrial Products,General Industrials,41.1,41.1,101.46,60.14,49.42,48.03,46.92,35.93,37.09,56.33,0.75,0.52,37.2,38.17,43.39,52.71,40.57,39.73,39.15,39.71,42.72,0.88,0.84,0.72,,25.69,-18.69,1.64,15.56
Mangalam Cement Ltd.,MANGLMCEM,502157,MANGLMCEM,INE347A01017,Cement & Cement Products,Cement and Construction,880.35,880.35,2420.72,72.15,59.09,59.29,58.82,67.95,57.69,45.1,13.97,19.91,885.8,868.78,823.1,781.28,912.85,911.44,904.33,872.75,838.49,0.73,1.2,0.9,0.95,1.35,15.81,26.92,26.5
Mangalam Drugs and Organics Ltd.,MANGALAM,532637,MANGALAM,INE584F01014,Pharmaceuticals,Pharmaceuticals & Biotechnology,31.2,31.2,49.38,40.23,40.98,33.06,33.31,29.33,57.55,59.29,0.06,-0.27,29.56,29.97,32.03,49.89,30.26,29.89,29.77,30.77,35.33,-0.3,0.61,0.68,0.79,-2.41,-51.1,0.84,16.17
Mangalam Global Enterprise Ltd.,MGEL,544273,MGEL,INE0APB01032,Other Agricultural Products,"Food, Beverages & Tobacco",13.28,13.28,437.65,57.52,44.26,47.27,45.29,44.76,51.31,50.64,0.49,0.59,12.99,12,12.54,14.15,13.91,13.75,13.47,12.78,12.87,0.77,1.04,0.93,0.9,11.41,-7.65,0.71,45.53
Mangalam Organics Ltd.,MANORG,514418,MANORG,INE370D01013,Commodity Chemicals,Chemicals & Petrochemicals,583.95,583.95,500.12,71.32,58.15,58.61,56.01,40.02,74.95,66.01,46.76,34.65,467.6,443.67,451.71,484.79,593.66,548.34,517.31,471.71,463.88,0.19,0.84,0.92,0.59,38.34,17.67,33.77,50.46
Mangalam Worldwide Ltd.,MWL,,MWL,INE0JYY01011,Iron & Steel Products,Metals & Mining,349.1,349.1,1036.85,86.47,70.81,71.06,69.23,55.51,88.02,75.12,22.8,19.42,295.41,283.39,278.61,248.3,351.04,335.77,321.01,295.18,277.53,0.09,0.65,0.57,0.12,31.41,56.33,13.37,48.51
Mangalore Refinery And Petrochemicals Ltd.,MRPL,500109,MRPL,INE103A01014,Refineries/Petro-Products,Oil & Gas,154.12,154.12,27011.05,52.09,42.81,44.47,44.48,50.59,58.65,40.35,-6.12,-4.81,174.93,182.24,172.02,157.71,159.23,166.12,170.12,175.48,172.3,0.27,0.88,1.08,1.14,-10.68,-8.86,9.03,20.33
Manglam Infra & Engineering Ltd.,MIEL,,MIEL,INE0R3101011,Consulting Services,Commercial Services & Supplies,16.15,16.15,28.42,59.58,47.67,48.96,44.58,31.94,61.16,56.28,0.68,0.53,14.18,14.55,16.64,20.04,16.57,15.91,15.44,15.29,16.75,1.05,0.26,0.71,,42.29,-24.88,0.81,29.78
Manilam Industries India Ltd.,MANILAM,,MANILAM,INE1ERK01013,Forest Products,Forest Materials,62.15,62.15,135.79,,,,,,80.48,57.35,1.89,1.4,57.58,,,,62.93,60.67,59.44,,,2.13,,,,10.98,,3.59,31.3
Mankind Pharma Ltd.,MANKIND,543904,MANKIND,INE634S01028,Pharmaceuticals,Pharmaceuticals & Biotechnology,2378.9,2378.9,98207.72,64.3,52.84,53.15,49.49,39.15,88.06,80.6,81.73,59.5,2170.24,2158.87,2149.78,2298.65,2391.06,2323.28,2268.78,2191.92,2193.57,0.23,0.72,0.7,0.53,20.91,4.19,65.65,32.47
Manoj Vaibhav Gems N Jewellers Ltd.,MVGJL,543995,MVGJL,INE0KNT01012,Gems & Jewellery,Textiles Apparels & Accessories,160.23,160.23,782.68,50.21,40.3,41.26,44.89,48.67,41.28,39.94,2.64,4.7,167.27,160.77,168.35,183.16,173.29,172.82,171.55,167.66,171.03,1.56,1.38,1.12,,-3.58,-20,7.14,28.51
Manomay Tex India Ltd.,MANOMAY,540396,MANOMAY,INE784W01015,Textiles,Textiles Apparels & Accessories,182.98,182.98,330.26,54.34,42.91,44.66,41.3,65.13,23.5,37.56,-10.03,-5.3,219.09,217.38,216.49,203.97,186.28,200.27,207.39,214.9,214.54,1.84,0.81,0.64,0.75,-18.75,-15.41,16.06,22.35
Manorama Industries Ltd.,MANORAMA,541974,MANORAMA,INE00VM01036,Other Food & Beverages,"Food, Beverages & Tobacco",1396.2,1396.2,8336.5,72.95,52.07,59.95,54.71,39.62,43.03,45.2,57.26,58.27,1391.53,1369.92,1352.29,1378.34,1555.92,1507.55,1471.67,1404.13,1375.89,1.17,1.66,1.46,1.17,9.3,7.03,71.38,27.03
Manugraph India Ltd.,MANUGRAPH,505324,MANUGRAPH,INE867A01022,Construction & Engineering,Cement and Construction,14.46,14.46,43.98,57.02,46.86,46.25,45.84,33.85,57.59,61.72,0.28,0.18,13.2,13.45,14.55,17.55,14.21,14.01,13.8,13.85,14.8,1.05,1.22,0.71,0.36,5.11,-27.94,0.97,23.6
Maral Overseas Ltd.,MARALOVER,521018,MARALOVER,INE882A01013,Textiles,Textiles Apparels & Accessories,57.15,57.15,237.22,70.93,58.29,56.19,54.14,41.33,95.55,84.18,3.05,1.58,44.15,43.34,43.15,48.23,51.43,49.43,47.33,44.73,45.01,-0.67,1.15,1.03,0.82,45.25,34.76,3.54,24.03
Marathon Nextgen Realty Ltd.,MARATHON,503101,MARATHON,INE182D01020,Realty,Realty,473.2,473.2,3190.34,60.7,40.47,49.88,48.46,37.97,63.9,49.42,13.91,15.09,463.64,443.79,475.03,545.43,501.13,489.48,481.03,467.95,482.77,1.33,1.55,1.27,1.14,6.7,-18.69,21.69,22.88
Marc Technocrats Ltd.,MARC,,MARC,INE0TD401015,Consulting Services,Commercial Services & Supplies,92.6,92.6,160.32,30.69,25.83,25.22,34.08,35.22,85.36,67.14,6.19,6.34,78,71.99,,,91.4,88.55,84.87,74.73,,0.99,0.94,,,35.38,,4.45,37.24
Marco Cables & Conductors Ltd.,MARCO,,MARCO,INE0QP001012,Wires & Cables,Consumer Durables,41,41,76.67,59.43,47.79,48.84,38.59,51.47,74.46,56.62,1.41,1.46,37.79,35.91,35.63,38.17,40.51,40.08,39.26,37.14,36.78,-0.55,0.15,-0.41,,7.61,0.37,2.19,15.05
Marico Ltd.,MARICO,531642,MARICO,INE196A01026,Personal Products,FMCG,830,830,107759.24,77.5,63.69,63.21,65.02,56.66,89.11,76.05,18.65,11.45,771.4,771.61,761.42,741.18,825.6,804.74,791.92,774.33,761.84,0.08,0.54,0.59,0.41,12.72,17.46,19.51,26.25
Marine Electricals (India) Ltd.,MARINE,,MARINE,INE01JE01028,Electronic Components,Commercial Services & Supplies,217.88,217.88,3013.16,68.61,49.12,56.38,55.6,48.4,70.8,50.94,11.14,12.44,207.16,196.67,196.59,201.7,232.01,228.02,221.41,206.61,202.22,0.32,1.68,1.53,1.21,14.13,-4.77,11.83,35.51
Marinetrans India Ltd.,MARINETRAN,,MARINETRAN,INE0P1P01017,Warehousing & Logistics,Transportation,17.6,17.6,22.4,45.13,43.99,37.09,37.09,36.01,57.38,47.05,-0.47,-0.49,18.64,18.82,18.19,19.67,17.52,17.66,17.95,18.48,18.85,-0.19,0.34,0.18,,-10.43,11.75,0.8,15.66
Markolines Pavement Technologies Ltd.,MARKOLINES,543364,MARKOLINES,INE0FW001016,Construction & Engineering,Cement and Construction,160.55,160.55,355.25,48.87,40.56,40.16,41.05,26.66,75.77,61.36,2.33,1.03,151.94,153.09,153.17,,159.72,156.55,154.86,153.41,154.45,-0.28,0.64,,,5.65,-0.72,5.15,22.36
Marksans Pharma Ltd.,MARKSANS,524404,MARKSANS,INE750C01026,Pharmaceuticals,Pharmaceuticals & Biotechnology,198.4,198.4,8990.77,66.95,54.41,55.02,52.94,52.36,80.26,60.53,6.82,5.61,181.34,176.74,177.21,182.79,199.73,193.3,188.9,181.59,180.83,0.61,1.17,0.98,1.18,13.38,7.49,8.61,21.89
Marsons Ltd.,,517467,MARSONS,INE415B01044,Heavy Electrical Equipment,General Industrials,144.35,144.35,2484.26,48.54,41.2,45.16,44.79,36.98,46.47,44.04,2.65,4.82,151.71,145.01,145.17,162.13,156.58,156.61,155.43,150.03,150.74,1.54,1.38,0.92,0.75,4.72,-15.21,10.34,19.98
Marushika Technology Ltd.,MARUSHIKA,,MARUSHIKA,INE0X7G01013,IT Consulting & Software,Software & Services,86.1,86.1,73.5,,,,,,33.57,36.16,-2.44,-2.25,94.59,,,,91.19,92.28,93.65,,,1.06,,,,-7.91,,4.54,11.43
Maruti Suzuki India Ltd.,MARUTI,532500,MARUTI,INE585B01010,Cars & Utility Vehicles,Automobiles & Auto Components,13172,13172,414131.1,60.62,49.82,50.45,41.63,40.5,43.98,51.71,73.06,10.38,13179.9,13409.22,14628.15,14832.1,13625.4,13469.65,13399.28,13628.2,14129.8,1.53,1.29,1.08,0.85,-0.87,-12.3,364.87,16.06
Marvel Decor Ltd.,MDL,,MDL,INE575Z01010,Furniture-Furnishing,Diversified Consumer Services,46.7,46.7,82.85,28.91,22.4,23.76,21.92,45.04,56.09,44.04,-1.55,-1.42,51.43,50.29,62.44,78.33,46.94,48.03,48.99,52.6,60.81,-0.07,-0.17,0.23,0.05,-16.61,-47.53,3.12,14.9
Mas Financial Services Ltd.,MASFIN,540749,MASFIN,INE348L01012,Finance (including NBFCs),Banking and Finance,331.5,331.5,6015.18,77.65,63.56,63.81,53.45,48.98,79.41,53.75,9.17,8.21,318.63,314.42,317.61,314.24,343.16,336.19,330.23,320.96,317.11,0.22,0.96,1.03,0.68,6.88,8.97,11.49,27.71
Mask Investments Ltd.,MASKINVEST,,MASKINVEST,INE885F01015,Other Financial Services,Banking and Finance,155.95,155.95,47.59,49.84,43.33,40.96,50.9,38.35,88.87,54.53,5.27,5.88,143.83,141.33,144.61,154.21,156.76,155.02,151.82,146,147.05,-2.42,-0.13,0.1,-0.06,21.42,-11.29,10.64,26.35
Mason Infratech Ltd.,MASON,,MASON,INE0SH001010,Realty,Realty,130.75,130.75,313.02,34.85,28.73,28.64,27.72,37.33,13.76,38.49,-5.22,-3.92,142.5,146.18,165.12,184.07,130.84,136.01,139.33,148.31,159.75,-0.31,-0.18,-0.25,,-13.7,-35.75,7.99,16.09
Mastek Ltd.,MASTEK,523704,MASTEK,INE759A01021,IT Consulting & Software,Software & Services,1618.8,1618.8,5018.41,46.56,38.43,38.26,38.42,35.2,53.86,45.61,14.86,25.18,1625.11,1587.45,1808.48,2067.16,1668.1,1669.87,1661.22,1673.25,1787.02,1.88,1.46,1.28,1.2,0.57,-23.4,56.97,16.17
Master Components Ltd.,MASTER,,MASTER,INE0OJM01017,Plastic Products,General Industrials,349.7,349.7,139.88,66.9,56.13,54.98,50.89,42.72,38.92,58.26,10.57,8.5,321.16,317.99,334.27,345.92,353.66,342.28,335.2,327.55,331.05,1.82,0.05,-0.17,,17.74,-5.49,10.92,19.79
Master Trust Ltd.,MASTERTR,511768,MASTERTR,INE677D01037,Capital Markets,Banking and Finance,83.29,83.29,1024.6,53.55,43.55,44.01,42.83,29.92,70.95,56.04,3.01,2.03,75.97,76.45,90.45,115.34,86.12,82.73,80.56,80.85,90.12,1.8,2.02,1.43,,15.78,-35,4.48,22.76
Matrimony.com Ltd.,MATRIMONY,540704,MATRIMONY,INE866R01028,Internet Software & Services,Software & Services,430.2,430.2,889.37,61.5,50.06,50.54,30.82,38.83,38.86,48.76,0.93,0.04,431.02,421.45,476.24,494.68,435.84,432.89,431.86,439.67,460.4,0.33,0.53,0.4,0.49,-1.32,-15.61,15.41,16.9
Matrix Geo Solutions Ltd.,MGSL,,MGSL,INE132901013,IT Consulting & Software,Software & Services,79.9,79.9,116.51,48.15,39.66,39.57,32.46,26.27,54.21,51.13,0.54,0.08,78.3,78.78,84.7,,81.77,79.82,79.34,80.52,85.64,1,0.38,,,-2.68,-24.09,4.28,13.5
Mawana Sugars Ltd.,MAWANASUG,523371,MAWANASUG,INE636A01039,Sugar,"Food, Beverages & Tobacco",107.54,107.54,420.66,80.8,57.74,66.4,65.96,54.94,84.44,54.49,5.49,6.04,102.7,93.31,87.85,88.26,112.95,110.03,106.87,97.76,92.19,-0.23,-0.4,0.09,0.59,13.24,25.1,6.05,39.99
Max Estates Ltd.,MAXESTATES,544008,MAXESTATES,INE03EI01018,Realty,Realty,393.55,393.55,6432.59,61.16,47.33,50.26,48.82,37.41,66.13,50.59,8.71,8.63,380.07,380.56,399.54,434.22,408.69,401.52,395.85,390.44,401.75,0.94,1.24,1.16,,6.57,-18.3,15.73,9.71
Max Financial Services Ltd.,MFSL,500271,MFSL,INE180A01020,Life Insurance,Banking and Finance,1653.7,1653.7,57071.63,75.63,62.15,62.68,43.63,53.5,44.98,59.4,10.78,-1.24,1607.93,1655.45,1674.62,1635.66,1670.32,1649.37,1639.73,1647.23,1650.85,1.04,1.07,0.86,0.71,6.86,6.47,44.65,17.73
Max Healthcare Institute Ltd.,MAXHEALTH,543220,MAXHEALTH,INE027H01010,Healthcare Facilities,Healthcare,1017.7,1017.7,99047.02,59.2,48.65,47.9,47.44,38.85,63.82,62.92,8.17,4.4,986.76,1004.58,1020.78,1097.42,1016.42,1010.44,1004.19,1006.12,1029.36,0.93,0.59,0.76,0.7,10.29,-8.82,26.27,16.97
Max India Ltd.,MAXIND,543223,MAXIND,INE0CG601016,Holding Companies,Diversified,167.88,167.88,881.75,59.54,49.6,48.93,48.05,38.9,68.93,58.39,5.92,4.25,153.84,151.34,161.51,185.87,171.67,165.11,161.09,157.51,163.92,0.46,1.36,1.04,0.67,12.57,-20.23,8.51,29.92
Maxposure Ltd.,MAXPOSURE,,MAXPOSURE,INE0ECC01022,Advertising & Media,Media,40.2,40.2,91.42,49.79,41.68,40.92,40.45,50.47,46.55,53.38,0.61,0.79,38.81,37.09,40.03,48.09,39.86,39.87,39.54,38.97,41.13,-1.06,-0.01,0.16,,12.92,-24.37,1.62,17.6
Maxvolt Energy Industries Ltd.,MAXVOLT,,MAXVOLT,INE10A501018,Other Electrical Equipment/Products,Consumer Durables,458.2,458.2,499.62,85.02,67.6,69.87,59.52,54.25,82.56,71.13,30.05,27.96,380.28,339.32,369.6,334.63,444.34,427.3,408.87,372.48,357.82,0.47,1.2,0.87,,34.45,31.01,24.14,38.94
Mayasheel Ventures Ltd.,MAYASHEEL,,MAYASHEEL,INE0ZTO01018,Roads & Highways,Cement and Construction,57,57,125.68,54.45,44.79,44.75,47.27,43.32,35.96,53.11,1.71,1.69,54.03,51.86,57.83,,58.73,57.33,56.26,54.94,55.82,2.7,0.78,,,11.11,-7.09,3.51,18.88
Mayur Uniquoters Ltd.,MAYURUNIQ,522249,MAYURUNIQ,INE040D01038,Textiles,Textiles Apparels & Accessories,600.05,600.05,2607.37,78.41,65.62,64.44,56.72,61.68,79.81,59.23,16,12.52,562.96,544.13,531.75,528.35,604.31,586.99,576.8,556.14,542.27,1.18,1.37,1.12,0.82,8.62,11.85,23.4,25.38
Mazagon Dock Shipbuilders Ltd.,MAZDOCK,543237,MAZDOCK,INE249Z01020,Aerospace & Defence,General Industrials,2443.8,2443.8,98578,57.03,46.87,46.98,53.7,48.69,51.51,49.35,59.14,76.24,2516.62,2441.39,2441.3,2607.95,2636.86,2636.64,2603.75,2514.97,2510.98,0.82,1.41,1.29,1.35,7.13,-4.37,86.94,21.67
Mazda Ltd.,MAZDA,523792,MAZDA,INE885E01042,Industrial Machinery,General Industrials,203.4,203.4,407.31,51.45,41.33,42.28,48.14,36.52,50.08,47.6,4.25,5.52,201.36,196.03,203.2,237.49,211.65,210.33,207.89,203.45,209.83,0.92,1.37,1.33,1.03,6.18,-23.96,7.98,29.49
McLeod Russel (India) Ltd.,MCLEODRUSS,532654,MCLEODRUSS,INE942G01012,Tea & Coffee,"Food, Beverages & Tobacco",56.3,56.3,588.09,61.83,51.85,50.81,59.13,44.42,69.49,58.97,4.29,4.64,48.74,44.3,44.45,45.42,58.76,56.67,54.12,48.39,46.2,2.18,2.18,1.76,1.17,43.33,-10.09,2.89,37.04
Medi Assist Healthcare Services Ltd.,MEDIASSIST,544088,MEDIASSIST,INE456Z01021,Healthcare Services,Healthcare,389,389,2905.9,56.16,47.97,46.15,37.98,36.95,69.13,63,8.52,4.98,351.34,344.49,386.64,454.01,377.62,367.87,361.78,362.16,387.27,1.29,1.81,1.3,,9.98,-24.1,17.54,18.14
Media Matrix Worldwide Ltd.,,512267,MMWL,INE200D01020,Advertising & Media,Media,13.54,13.54,1533.73,67.9,57.63,59.27,53.48,37.05,83.43,62.33,1.24,0.83,10.9,10.5,10.03,11.48,14.93,12.98,12.14,10.96,10.71,2.15,1.71,1.11,1.06,38.73,4.48,1.09,28.96
Medicamen Biotech Ltd.,MEDICAMEQ,531146,MEDICAMEQ,INE646B01010,Pharmaceuticals,Pharmaceuticals & Biotechnology,277.8,277.8,376.82,57.71,46.75,47.43,37.79,35.37,54.86,55.56,7.07,2.64,254.91,264.99,314.97,338.27,289.7,275.4,269.56,276.41,301.3,0.6,1.13,0.94,1.13,17.24,-30.45,14.48,24.2
Medicamen Organics Ltd.,MEDIORG,,MEDIORG,INE0PE401018,Pharmaceuticals,Pharmaceuticals & Biotechnology,26.55,26.55,32.3,54.42,41.9,44.72,46.04,48.91,64.73,46.19,1.03,1.36,26.46,25.29,25.32,31.74,28.59,28.53,27.95,26.53,27.08,0.55,0.49,0.24,,19.86,-22.37,1.44,28.94
Medico Remedies Ltd.,MEDICO,540937,MEDICO,INE630Y01024,Pharmaceuticals,Pharmaceuticals & Biotechnology,42.05,42.05,348.95,58.77,48.87,48.3,47.92,39.28,66,55.8,0.53,0.43,39.82,40.22,44.68,45.11,41.81,41.51,41.11,41.53,43.36,0.55,1.07,0.8,0.53,10.4,-15.82,2.27,16.46
Medistep Healthcare Ltd.,MEDISTEP,,MEDISTEP,INE0UOY01019,Pharmaceuticals,Pharmaceuticals & Biotechnology,22.9,22.9,32.54,46.36,38.1,39.08,36.28,29.24,81.36,60.21,0.66,0.27,19.75,20.73,23.08,,22.22,21.51,20.99,21.33,23.89,1.01,0.07,,,38.79,-31.64,0.97,17.45
Medplus Health Services Ltd.,MEDPLUS,543427,MEDPLUS,INE804L01022,Healthcare Supplies,Healthcare,868.9,868.9,10431.54,68.7,58.18,56.46,57.59,66.33,50.83,49.97,5.73,8.54,866.79,852.98,839.12,826.32,876.68,875.2,872.45,858.62,844.44,0.41,0.5,0.65,0.48,1.54,10.67,24.28,16.87
Meesho Ltd.,MEESHO,544632,MEESHO,INE0VDM01015,Internet & Catalogue Retail,Retailing,181.88,181.88,83436.5,45.66,37.52,37.25,33.73,31.99,65.53,59.81,11.72,10.49,170.41,161.79,166.84,,198.59,190.69,183.2,171.26,167.15,0.35,1.07,,,27.13,,12.27,36.04
Mega Flex Plastics Ltd.,MEGAFLEX,,MEGAFLEX,INE0G1D01014,Containers & Packaging,Commercial Services & Supplies,148,148,164.31,87.59,71.98,70.68,70.98,70.85,34.41,58.09,5.86,7.43,140.06,129.83,105.85,81.75,148.23,148.3,145.24,131.37,113.13,-0.47,0.36,0.37,,13.32,128.92,3.01,26.25
Megastar Foods Ltd.,MEGASTAR,541352,MEGASTAR,INE00EM01016,Other Food & Beverages,"Food, Beverages & Tobacco",300.9,300.9,339.83,77.12,64.17,63.38,56.52,58.29,80.78,60.23,10.12,9.87,281.96,263.76,246.74,245.56,300.5,294.39,288.53,270.83,257.78,2.1,0.94,0.82,0.69,10.1,4.23,14.12,27.76
Megatherm Induction Ltd.,MEGATHERM,,MEGATHERM,INE531R01010,Industrial Machinery,General Industrials,265.35,265.35,499.94,61.82,49.64,50.8,57.85,51.91,62.29,53.76,13.04,15.48,246.78,229.16,222.44,251.01,269.17,269.96,262.59,242.17,236.6,0.24,1.13,0.85,,16.13,8.55,16.2,36.57
Meghmani Organics Ltd.,MOL,543331,MOL,INE0CT101020,Agrochemicals,Chemicals & Petrochemicals,53.41,53.41,1358.29,57.09,44.82,46.92,45.26,34.29,87.87,51.74,2.16,2.01,50.68,48.89,53.97,67.48,57.36,54.82,53.43,51.98,55.49,2.14,1.96,1.71,1.37,10.17,-29.38,2.96,28.74
Menon Bearings Ltd.,MENONBE,523828,MENONBE,INE071D01033,Auto Parts & Equipment,Automobiles & Auto Components,137.06,137.06,768.08,72.62,60.25,59.68,57.17,44.92,79.97,65.82,4.98,3.4,121.61,120.41,118.28,120.66,136.54,131.06,127.72,122.63,120.29,1.7,1.13,1.02,0.8,20.18,18.79,6.26,26.35
Menon Pistons Ltd.,,531727,MENNPIS,INE650G01029,Auto Parts & Equipment,Automobiles & Auto Components,57.88,57.88,295.19,59.59,50.57,52.37,48.61,39.96,62.43,53.06,0.91,0.86,56.03,55.52,57.25,60.23,58.53,58.03,57.44,56.75,57.43,0.36,1.06,1.07,0.9,4.31,-5.35,2.43,13.16
Mercantile Ventures Ltd.,,538942,MERCANTILE,INE689O01013,Misc. Commercial Services,Commercial Services & Supplies,28.14,28.14,314.94,64.04,54.35,52.31,49.25,39.17,76.82,69.17,1.58,0.97,22.54,22.33,22.98,25.6,27.1,25.54,24.45,23.23,23.45,0.22,1.41,1.04,0.48,30.82,-2.93,2.96,52.84
Metro Brands Ltd.,METROBRAND,543426,METROBRAND,INE317I01021,Footwear,Retailing,1027.9,1027.9,28015.08,50.71,41.67,40.7,39.69,39.57,55.01,53.91,8.48,12.34,1010.7,996.62,1045.85,1113.97,1026.96,1031.38,1026.76,1020.56,1043.91,0.89,0.87,0.71,0.56,5.31,-8.51,36.97,16.3
Metroglobal Ltd.,,500159,METROGLOBL,INE085D01033,Commodity Trading  & Distribution,Commercial Services & Supplies,132.75,132.75,163.74,56.6,48.04,48.32,52.98,46.3,80.79,59.27,4.49,4.83,123.04,116.93,117.74,122.12,131.7,130.6,127.96,121.76,120.01,0.12,0.86,0.49,0.19,20.63,6.2,9.32,45.93
Metropolis Healthcare Ltd.,METROPOLIS,542650,METROPOLIS,INE112L01020,Healthcare Services,Healthcare,548.1,548.1,11363.64,62.96,52.88,51.74,51.34,41.55,91.64,73.55,21.34,13.44,474.54,468.03,473.39,489.47,533.9,513.18,498.6,480.27,477.18,0.45,0.43,0.38,0.61,19.96,9.3,21.85,31.95
Micropro Software Solutions Ltd.,MICROPRO,,MICROPRO,INE0PZK01014,IT Consulting & Software,Software & Services,19.6,19.6,28.03,63.75,50.44,52.39,51.8,43.35,28.76,52.32,0.13,-0.04,19,19.15,19.66,21.57,19.48,19.27,19.15,19.29,20.03,0.81,0.23,0.04,,8.29,-21.13,1.16,9.3
Midwest Ltd.,MIDWESTLTD,544587,MIDWESTLTD,INE0XAD01024,Construction Materials,Cement and Construction,1285.9,1285.9,4649.92,53.29,43.29,43.79,25.98,35.26,62.55,49.01,11.8,7.79,1286.84,1259.75,1380.3,,1340.84,1306.74,1298.44,1296.42,1325.46,1.21,1.83,,,-1.18,18.05,66.94,13.67
Milton Industries Ltd.,MILTON,,MILTON,INE376Y01016,Furniture-Furnishing,Diversified Consumer Services,45.05,45.05,76.56,67.15,55.18,57.19,,,83.61,49.15,2,2.9,45.68,39.12,37.24,38.47,48.08,47.63,46.68,42.16,39.35,1.23,0.36,0.12,,0.11,14.34,2.1,38.26
Minda Corporation Ltd.,MINDACORP,538962,MINDACORP,INE842C01021,Auto Parts & Equipment,Automobiles & Auto Components,512.95,512.95,12263.58,63.52,52.2,51.26,41.13,43.03,42.45,51.49,1.93,0.97,523.29,522.1,550.14,548.68,529.98,527.62,525.98,530.09,540.08,1.1,1.27,1.15,0.99,-0.74,-10.62,15.41,10.98
Mindspace Business Parks REIT,MINDSPACE,543217,MINDSPACE,INE0CCU25019,REITs-InvITs,Realty,459.57,459.57,27996.25,53.47,43.04,43.94,51.82,61.32,30.89,41.68,-1.47,-0.37,466.9,464.18,474.56,460.21,462.48,464.81,465.85,468.03,467.75,0.34,0.51,0.25,0.14,-3.93,-0.4,8.01,10.5
Mindteck (India) Ltd.,MINDTECK,517344,MINDTECK,INE110B01017,IT Consulting & Software,Software & Services,202.93,202.93,648.45,62.3,42.25,51.2,48.75,35.38,61.97,50.74,6.79,6.84,193.45,191.51,202.5,214.83,213.54,209.04,204.68,199.37,203.42,2.21,1.77,1.76,1.55,12.29,-18.94,11.06,28.29
Mirae Asset BSE 200 Equal Weight ETF,EQUAL200,544377,EQUAL200,INF769K01OA1,Others,Others,13.13,13.13,,,47.6,57.45,,,22.56,47.19,0.17,0.19,13.04,12.93,13.12,13.14,13.51,13.4,13.3,13.12,13.1,0.92,1.04,0.97,,2.9,-1.65,0.24,20.48
Mirae Asset BSE 500 Dividend Leaders 50 ETF,DIVIDEND,544661,DIVIDEND,INF769K01PY8,Others,Others,35.87,35.87,,,29.2,28.57,,,15.45,43.51,0.23,0.37,36.09,35.77,,,36.65,36.62,36.5,36.17,,0.87,0.78,,,0.28,,0.57,16.6
Mirae Asset BSE India Defence ETF,DEFENCE,544705,DEFENCE,INF769K01QC2,Others,Others,72.92,72.92,,,26.65,33.88,,,59.05,53.45,2.02,2.06,70.24,68.7,,,75.74,74.34,73.05,69.02,,0.74,,,,8.03,,2.27,33.88
Mirae Asset BSE Select IPO ETF,SELECTIPO,544376,SELECTIPO,INF769K01ON4,Others,Others,42.54,42.54,,,40.28,48.53,,,73.95,47.6,0.62,0.72,42.2,41.58,43.04,45.97,43.85,43.49,43.12,42.59,43.3,0.97,1.1,1.07,,3.71,-12.67,0.95,10.89
Mirae Asset Gold ETF,GOLDETF,543781,GOLDETF,INF769K01JP9,Others,Others,146.1,146.1,,,57.19,57.81,,,69.36,52.05,-0.16,-0.34,144.65,147.19,144.44,127.7,145.66,145.22,145.26,145.34,141.28,0.32,0.62,0.37,0.22,1.04,23.91,3.09,11.01
Mirae Asset Hang Seng TECH ETF,MAHKTECH,543414,MAHKTECH,INF769K01HS7,Others,Others,24.75,24.75,,,49.09,49.94,52.77,49.37,80.72,61.02,0.3,0.2,23.48,23.36,24.64,25.51,24.39,24.11,23.9,23.87,24.35,0.36,0.83,0.69,0.49,10.89,-8.94,0.47,23.88
Mirae Asset NYSE FANG+ ETF,MAFANG,543291,MAFANG,INF769K01HF4,Others,Others,192.4,192.4,,,63.23,57.56,42.74,41.78,77.38,77.57,7.11,6.18,171.15,166.03,165.31,165.59,188.34,183.7,179.2,170.79,167.01,0.12,-0.02,0.11,0.34,22.51,9.86,2.85,34.99
Mirae Asset Nifty 100 ESG Sector Leaders ETF,ESG,543246,ESG,INF769K01GS9,Others,Others,39.85,39.85,,,43.54,45.69,59.56,58.51,12.04,40.48,0.06,0.17,40.57,40.59,42.19,42.67,41.02,40.95,40.91,41.09,41.69,1.11,1.01,1.01,0.92,-1.26,-7.97,0.65,16.89
Mirae Asset Nifty 100 Low Volatility 30 ETF,LOWVOL,543858,LOWVOL,INF769K01JU9,Others,Others,197.41,197.41,,,38.9,48.85,,,76.85,42.57,0.7,0.87,198.64,199.94,206.54,207.98,202.18,201.48,200.98,201.61,204.12,-0.22,-0.19,-0.09,-0.04,-0.6,-6.24,2.77,12.89
Mirae Asset Nifty 1D Rate Liquid ETF,LIQUID,543946,LIQUID,INF769K01KS1,Others,Others,999.99,999.99,,,16.67,16.67,,,,48.15,0,0,999.99,999.99,999.99,999.99,999.99,999.99,999.99,999.99,999.99,0,0,0,,,,0.03,81.34
Mirae Asset Nifty 1D Rate Liquid ETF - Growth,LIQUIDPLUS,544284,LIQUIDPLUS,INF769K01MY5,Others,Others,1084.88,1084.88,,,52.1,52.1,,,78.46,99.97,1.56,1.57,1081.75,1079.42,1074.17,1063.45,1084.48,1083.73,1082.84,1079.54,1074.16,0,0,0,,0.43,2.52,1.08,44.77
Mirae Asset Nifty 200 Alpha 30 ETF,ALPHAETF,544007,ALPHAETF,INF769K01KU7,Others,Others,25.07,25.07,,,37.04,54.29,,,58.19,50.77,0.35,0.36,24.64,24.45,24.71,24.95,25.66,25.38,25.16,24.79,24.76,0.88,1.26,1.19,,3.13,,0.56,11.66
Mirae Asset Nifty 50 ETF,NIFTYETF,542131,NIFTYETF,INF769K01EG9,Others,Others,252.89,252.89,,,43.49,43.98,60.54,56.41,22.26,39.71,0.02,0.58,257.29,258.5,268.26,270.42,259.48,259.26,259.22,260.95,264.88,0.93,0.97,0.97,0.91,-1.68,-8.17,4.88,16.97
Mirae Asset Nifty 500 Healthcare ETF,HEALTHCARE,544701,HEALTHCARE,INF769K01QA6,Others,Others,19.63,19.63,,,30.81,30.19,,,94.64,67.04,0.38,0.29,18.66,18.58,,,19.77,19.39,19.13,18.71,,0.56,,,,8.63,,0.37,37.96
Mirae Asset Nifty 500 Value 50 ETF,,544737,VALUE,INF769K01QV2,Others,Others,16.34,16.34,,,,,,,0.17,55.32,,,,,,,16.63,16.58,16.41,,,0.1,,,,2.51,,0.3,33.27
Mirae Asset Nifty 8-13 yr G-Sec ETF,GSEC10YEAR,543875,GSEC10YEAR,INF769K01KF8,Others,Others,29.69,29.69,,,59.31,58.48,,,19.28,49.11,0,0.01,29.68,29.74,29.67,29.5,29.74,29.73,29.73,29.71,29.65,0.26,0.19,0.09,,0.47,1.02,0.41,38.38
Mirae Asset Nifty Bank ETF,BANKETF,543944,BANKETF,INF769K01KR3,Others,Others,543.84,543.84,,,36.79,35.48,,,18.83,39.31,-2.26,-0.59,556.71,563.98,585.28,580.1,558.9,558.99,560.33,567.06,574.97,1.02,1.22,1.05,,-2.35,-7,10.18,24.59
Mirae Asset Nifty EV and New Age Automotive ETF,EVINDIA,544212,EVINDIA,INF769K01LQ3,Others,Others,29.98,29.98,,,52.59,54.13,,,45.64,51.64,0.49,0.46,29.3,29.15,29.98,30.35,30.78,30.34,30.03,29.65,29.82,0.94,1.21,1.13,,4.57,-2.73,0.76,22.02
Mirae Asset Nifty Energy ETF,ENERGY,544604,ENERGY,INF769K01PR2,Packaged Foods,FMCG,39.68,39.68,14.88,,28.22,28.41,,,60.95,53.07,0.92,1.1,38.7,37.74,36.51,,40.61,40.37,39.85,38.33,37.12,0.58,0.66,,,7.45,,1.01,25.94
Mirae Asset Nifty Financial Services ETF,BFSI,543323,BFSI,INF769K01HI8,Others,Others,25.99,25.99,,27.88,33.52,41.49,23.68,23.68,39.37,40.49,-0.04,0.04,26.55,26.8,27.67,27.7,26.81,26.75,26.77,26.98,27.32,1.06,1.24,1.13,1,-2,-7.05,0.67,14.19
Mirae Asset Nifty IT ETF,ITETF,544006,ITETF,INF769K01KV5,Others,Others,29.75,29.75,,,32.28,32.57,,,21.2,35.28,-0.5,-0.41,31.68,31.52,35.22,36.27,30.64,30.87,31.17,32.29,33.97,1.32,0.62,0.84,,-10.5,-19.57,0.88,14.34
Mirae Asset Nifty India Infrastructure & Logistics ETF,INFRA,544704,INFRA,INF769K01QB4,Others,Others,11.69,11.69,,,27.17,35.02,,,53.83,48.59,0.22,0.25,11.52,11.3,,,12.1,11.98,11.85,11.35,,0.91,,,,5.32,,0.31,21.61
Mirae Asset Nifty India Internet ETF,INTERNET,544438,INTERNET,INF769K01PB6,Others,Others,11.85,11.85,,,41.67,42.67,,,31.21,43.6,0.12,0.17,11.97,11.75,12.6,13.5,12.34,12.26,12.18,12.14,12.53,1.16,1.11,,,1.54,-17.59,0.4,32.68
Mirae Asset Nifty India Manufacturing ETF,MAKEINDIA,543454,MAKEINDIA,INF769K01IB1,Others,Others,157.49,157.49,,32.54,55.82,62.99,27.64,27.64,48.56,50.88,2.2,2.22,154.74,154.14,154.76,152.75,161.35,159.42,158.04,155.64,154.48,1.01,1.03,1.01,0.97,3.86,2.81,4.28,16.61
Mirae Asset Nifty India New Age Consumption ETF,CONSUMER,544323,CONSUMER,INF769K01NS5,Others,Others,10.69,10.69,,,42.53,50.76,,,37.27,44.06,0.1,0.13,10.77,10.69,11.12,11.59,11.09,11.01,10.95,10.9,11.08,1.33,1.29,1.17,,0.56,-11.51,0.28,14.5
Mirae Asset Nifty Metal ETF,METAL,544268,METAL,INF769K01LY7,Others,Others,12.97,12.97,,,61.62,61.57,,,47.24,57.08,0.26,0.3,12.56,12.26,11.88,10.94,13.12,13.01,12.86,12.41,11.9,0.87,0.98,1.12,,5.45,25.56,0.44,15.32
Mirae Asset Nifty MidSmallcap400 Momentum Quality 100 ETF,MIDSMALL,544180,MIDSMALL,INF769K01LJ8,Others,Others,49.39,49.39,,,47.65,55.06,,,66.67,52.91,1.01,1.08,48.23,47.16,47.28,47.98,50.76,50.06,49.45,48.13,47.75,0.92,1.11,1.1,,4.86,2.02,0.94,21.45
Mirae Asset Nifty Midcap 150 ETF,MIDCAPETF,543481,MIDCAPETF,INF769K01IC9,Others,Others,22.41,22.41,,11.89,46.47,53.81,10.09,10.09,53.22,51.55,0.38,0.39,21.96,21.69,22.03,22.06,23,22.71,22.48,22.07,22,0.94,1.08,1.07,0.98,4.77,0.54,0.5,13.93
Mirae Asset Nifty Next 50 ETF (MANxt50ETF),NEXT50,542922,NEXT50,INF769K01FN2,Others,Others,706.62,706.62,,,51.16,48.45,61.07,58.07,25.8,47.39,10.46,12.69,700.2,693.22,699.69,699.91,729.23,723.26,717.1,704.05,700.38,1.03,1.12,1.06,1.06,3.51,-0.66,14.43,15.9
Mirae Asset Nifty PSU Bank ETF,BANKPSU,544266,BANKPSU,INF769K01LZ4,Others,Others,81.02,81.02,,,44.54,43.94,,,22.94,34.16,-1.16,-0.54,85.97,87.79,88.14,82.08,84.15,84.97,85.75,86.99,86.41,1.18,1.4,1.18,,-6.11,-2.76,2.24,22.94
Mirae Asset Nifty Smallcap 250 ETF,SMALL250,544605,SMALL250,INF769K01PQ4,Others,Others,16.76,16.76,,,26.64,33.69,,,72.75,55.53,0.42,0.42,16.16,15.8,15.98,,17.24,16.93,16.67,16.19,16.24,0.95,1.05,,,7.99,,0.66,51.58
Mirae Asset Nifty Smallcap 250 Momentum Quality 100 ETF,SMALLCAP,544130,SMALLCAP,INF769K01LC3,Others,Others,44.32,44.32,,,54.89,45.67,,,58.88,55.98,1.1,1.08,42.68,41.7,42.31,43.85,45.51,44.68,44.01,42.77,42.74,1.03,1.08,1.08,,7.31,-1.97,0.95,21.91
Mirae Asset Nifty Top 20 Equal Weight ETF,TOP20,544660,TOP20,INF769K01PZ5,Others,Others,8.44,8.44,,,19.58,18.11,,,19.7,37.57,-0.03,0,8.67,8.73,,,8.68,8.69,8.7,8.82,,1.04,0.97,,,-3.32,,0.17,15.54
Mirae Asset Nifty50 Equal Weight ETF,EQUAL50,544401,EQUAL50,INF769K01OO2,Others,Others,320.7,320.7,,,46.42,56.14,,,24.74,45.32,2.28,2.77,320.73,319.97,326.64,325,328.21,326.5,325.08,323.42,324.29,0.87,0.94,,,1.12,-2.37,4.3,15.01
Mirae Asset Nifty500 Multicap 50 25 25 ETF,MULTICAP,544241,MULTICAP,INF769K01LX9,Others,Others,15.83,15.83,,,41.47,52.08,,,71.88,48.05,0.19,0.22,15.69,15.57,15.93,16.11,16.25,16.11,15.99,15.82,15.88,0.95,1.06,1.01,,2.79,-3.65,0.31,12.08
Mirae Asset S&P 500 Top 50 ETF,MASPTOP50,543365,MASPTOP50,INF769K01HP3,Others,Others,79.89,79.89,,33.35,63.62,63.52,28.3,28.3,96.15,79.64,2.36,2.11,73.76,71.81,71.52,69.22,79.2,77.78,76.3,73.41,71.57,-0.1,0.39,0.35,0.39,15.65,12.13,1.04,38.45
Mirae Asset S&P BSE Sensex ETF,SENSEXETF,543999,SENSEXETF,INF769K01KT9,Others,Others,76.52,76.52,,,34.66,34.26,,,22.1,37.42,-0.21,0.01,78.48,78.97,82.41,83.5,78.67,78.74,78.87,79.71,81.26,1,0.99,0.95,,-2.71,-10.44,1.46,10.35
Mirae Asset Silver ETF,SILVERAG,543922,SILVERAG,INF769K01KG6,Others,Others,256.51,256.51,,,70.53,70.89,,,69.28,65.05,2.99,0.62,233.64,238.87,241.97,189.18,245.74,241,238.62,237.34,227.22,1.14,1.29,0.92,,12.56,76.96,7.44,12.71
Mirza International Ltd.,MIRZAINT,526642,MIRZAINT,INE771A01026,Footwear,Retailing,30.55,30.55,422.21,50.94,40.21,41.86,48.96,39.14,50.79,39.45,0.23,0.45,31.73,31.7,34.25,35.51,32.78,32.7,32.57,32.68,33.67,1.6,1.67,1.43,0.93,-1.64,-16.6,1.41,18.91
Mishra Dhatu Nigam Ltd.,MIDHANI,541195,MIDHANI,INE099Z01011,Aerospace & Defence,General Industrials,389.4,389.4,7295.02,68.62,56.11,56.39,54.52,38.4,81.16,56.27,18.44,18.38,357.96,346.56,345.83,361.72,405.67,394.58,383.12,361.26,354.72,1.26,1.63,1.53,1.48,21.52,4.51,17.45,31.18
Mittal Life Style Ltd.,MITTAL,,MITTAL,INE997Y01027,Textiles,Textiles Apparels & Accessories,0.9,0.9,39.95,33.48,27.75,27.51,26.55,44.89,32.42,44,-0.01,0,0.93,0.92,1,1.27,0.92,0.93,0.93,0.95,1.03,1.2,1.7,1.06,0.95,-8.16,-39.6,0.06,19.64
Mobilise App Lab Ltd.,MOBILISE,,MOBILISE,INE1YNB01019,IT Software Products,Software & Services,115,115,109.39,,,,,,80.74,78.47,11.01,9.55,79.2,,,,102.5,96.17,89.45,,,0.75,,,,71.67,,5.12,44.98
Modern Threads (India) Ltd.,MODTHREAD,500282,MODTHREAD,INE794W01014,Textiles,Textiles Apparels & Accessories,48.12,48.12,167.34,48.6,50.14,39.94,39.6,56.33,45.49,55.71,0.12,0.14,46.63,46.37,44.89,46.71,47.02,46.88,46.84,46.28,45.82,0.89,-0.6,-0.54,,-2.45,6.32,3.08,17.35
Modi Naturals Ltd.,MODINATUR,519003,MODINATUR,INE537F01012,Other Agricultural Products,"Food, Beverages & Tobacco",365.05,365.05,485.75,33.03,26.93,27.14,27.68,33.89,74.57,54.93,10.56,13.18,352.67,326.54,337.87,,368.55,367.82,362.06,346.02,338.55,0.12,0.75,,,5.14,,19.92,30.06
Modi Rubber Ltd.,MODIRUBBER,500890,MODIRUBBER,INE832A01018,Auto Tyres & Rubber Products,Automobiles & Auto Components,138.43,138.43,346.64,78.29,65.52,64.34,59.63,51.52,80.6,59.87,5.83,5.4,126.78,121.43,122.58,120.34,141.24,136.96,133.3,126.32,123.17,0.64,0.72,0.4,0.62,15.93,12.95,8.52,44.71
Modis Navnirman Ltd.,MODIS,543539,MODIS,INE0L0L01012,Realty,Realty,365.45,365.45,715.96,33.58,28.36,27.6,35.26,25.98,68.14,56.1,14.28,16.18,339.35,328.67,328.93,,367.57,367.58,359.02,341.16,339.23,1.14,0.64,,,20.47,,20.78,42.21
Modison Ltd.,MODISONLTD,506261,MODISONLTD,INE737D01021,Other Electrical Equipment/Products,Consumer Durables,160.16,160.16,519.72,67.46,55.93,55.44,53.9,48.75,80.5,57.38,7.96,7.93,146.81,139.08,144,150.97,164.97,161.11,156.15,147.18,145.76,0.21,1.4,1.33,1.2,18.42,13.01,7.69,35.87
Mohini Health & Hygiene Ltd.,MHHL,,MHHL,INE450S01011,Medical Equipment,Healthcare,39,39,71.12,59.44,48.85,47.7,36.98,46.86,80.41,59.66,1.11,0.9,39.69,38.94,39.53,47.8,42.25,41.55,40.83,39.92,41.47,1.03,0.33,0.12,-0.13,15.44,-19.78,2.06,19.19
Mohit Industries Ltd.,MOHITIND,531453,MOHITIND,INE954E01012,Textiles,Textiles Apparels & Accessories,22.49,22.49,31.84,57.52,36.53,47.27,47.11,39.19,49.59,43.56,0.21,0.3,22.83,23.06,24.74,28.48,23.86,23.65,23.52,23.63,24.92,0.74,1.13,0.96,0.79,-1.88,-31.5,1.58,22.73
Moksh Ornaments Ltd.,MOKSH,,MOKSH,INE514Y01020,Gems & Jewellery,Textiles Apparels & Accessories,12.73,12.73,106.61,61.15,49.53,50.25,53.29,35.95,75.4,53.2,0.64,0.61,11.63,11.57,12.89,13.54,13.42,13.06,12.64,12.23,12.63,0.37,1.03,0.78,0.92,22.52,-9.65,0.87,39.23
Mold-Tek Packaging Ltd.,MOLDTKPAC,533080,MOLDTKPAC,INE893J01029,Containers & Packaging,Commercial Services & Supplies,584.4,584.4,1941.9,62.01,50.96,49.63,40.4,45.98,45.19,57.58,11.25,10.4,551.03,545.47,559.28,650.37,578.26,574.03,566.91,557.74,573.7,0.34,1.01,0.87,0.59,5.4,-16.55,25.1,14.98
Mold-Tek Technologies Ltd.,MOLDTECH,526263,MOLDTECH,INE835B01035,Construction & Engineering,Cement and Construction,128.7,128.7,370.72,48.19,40.24,39.6,38.37,37.9,31.7,50.28,1.06,1.37,126.05,125.6,134.24,152.57,129.91,129.62,128.97,129.32,135.81,1.67,1.47,1.34,1.07,3.36,-32.69,6.08,15.06
Monarch Networth Capital Ltd.,MONARCH,511551,MONARCH,INE903D01011,Capital Markets,Banking and Finance,293.9,293.9,2329.7,63.51,43.11,52.19,43.21,49.5,72.4,49.27,6.18,7.06,291.28,279.98,288.74,306.45,306.52,301.46,297.86,290.09,291.95,1.11,1.13,1.22,1.34,1.67,-4,11.77,21.06
Moneyboxx Finance Ltd.,MONEYBOXX,538446,MONEYBOXX,INE296Q01012,Finance (including NBFCs),Banking and Finance,72.85,72.85,508.56,43.65,35.74,35.87,36.51,35.68,63.36,51.99,1.87,2.12,71.22,68.65,64.28,,74.99,73.97,72.93,69.58,68.49,1.04,1.62,,,-1.58,-6.15,4.61,27.02
Mono Pharmacare Ltd.,MONOPHARMA,,MONOPHARMA,INE0OIP01012,Pharmaceuticals,Pharmaceuticals & Biotechnology,12.5,12.5,22.09,54.49,43.12,44.78,43.04,29.56,41.02,50.01,0.2,0.18,12.14,11.79,15.3,19.93,12.79,12.7,12.55,12.97,15.23,-0.19,-0.48,-0.27,,2.46,-50,0.55,12.79
Monolithisch India Ltd.,MONOLITH,,MONOLITH,INE1DV401010,Electrodes & Refractories,General Industrials,531.25,531.25,1154.72,69.92,58.09,57.46,56.73,52.97,69.25,59.51,31.14,28.62,479.27,452.74,467.24,468.27,557.74,533.28,513.52,479.8,468.79,1.6,1.47,,,19.25,0.88,30.21,20.2
Monte Carlo Fashions Ltd.,MONTECARLO,538836,MONTECARLO,INE950M01013,Other Apparels & Accessories,Textiles Apparels & Accessories,570.7,570.7,1183.18,61.28,50.36,51.65,50.54,39.5,45.64,60.31,12.68,9.85,542.74,537.6,580.51,621.3,580.13,569.2,560.58,556.19,577.42,1.28,1.34,1.28,0.9,8.25,-19.99,18.91,26.19
Morarjee Textiles Ltd.,MORARJEE,532621,MORARJEE,INE161G01027,Textiles,Textiles Apparels & Accessories,7.61,7.61,27.65,65.58,53.89,51.51,51.51,51.47,49.62,59.55,0.21,0.07,6.61,6.85,7.4,7.47,7.44,7.07,6.91,6.94,7.26,0.29,-0.31,-0.08,0.07,15.83,-13.03,0.41,14.96
Morepen Laboratories Ltd.,MOREPENLAB,500288,MOREPENLAB,INE083A01026,Pharmaceuticals,Pharmaceuticals & Biotechnology,42.94,42.94,2352.91,64.46,52.2,52.97,41.65,40.1,75.17,54.04,1.23,1.08,40.93,40.57,39.76,44.59,44.39,43.22,42.43,41.06,41.51,1.15,1.65,1.63,1.51,8.41,-9.54,1.85,20.09
MosChip Technologies Ltd.,MOSCHIP,532407,MOSCHIP,INE935B01025,IT Consulting & Software,Software & Services,211.22,211.22,4100.49,65.48,55.76,53.81,49.2,36.36,68.44,57.56,10.57,9.29,191.34,184.6,191.03,204.86,220.47,211.11,204.31,193.97,194.46,2.15,1.84,1.85,,22.82,-7.9,11,24.53
Motherson Sumi Wiring India Ltd.,MSUMI,543498,MSUMI,INE0FS801015,Auto Parts & Equipment,Automobiles & Auto Components,39.8,39.8,26394.01,60.96,50.1,49.98,51.09,41.53,54.55,56.12,0.73,0.46,39.53,39.94,42.61,43.69,42.09,41.22,40.69,40.67,41.75,1.11,1.07,0.97,0.73,7.35,-11.45,1.44,15.16
Motilal Oswal 5 Year G-Sec ETF,MOGSEC,543250,MOGSEC,INF247L01AK4,Others,Others,63.5,63.5,,,54.27,63.67,57.29,64.65,65.4,46.2,0.03,0.05,63.68,63.68,63.37,62.88,63.81,63.75,63.73,63.62,63.38,0.16,0.06,-0.05,-0.01,-1.06,1.08,1.05,18.95
Motilal Oswal BSE India Infrastructure ETF,MOINFRA,,MOINFRA,INF247L01FL1,Others,Others,62.38,62.38,,,56.08,55.67,,,62.01,48.4,1.11,1.41,61.74,60.45,59.81,59.81,64.15,63.84,63.22,61.47,60.55,0.81,0.91,,,4.51,3.52,1.45,21.87
Motilal Oswal BSE Select IPO ETF,MOIPO,,MOIPO,INF247L01GI5,Others,Others,42.57,42.57,,,29.49,38.3,,,26.55,47.36,0.61,0.73,42.27,41.74,43.21,,43.93,43.64,43.27,42.77,43.81,0.88,0.52,,,3.88,,1.12,24.32
Motilal Oswal BSE Top 10 Banks ETF,MOBANK10,,MOBANK10,INF247L01GV8,Others,Others,15.93,15.93,,,,,,,16.8,36.04,,,,,,,16.35,16.42,16.6,,,,,,,,,0.27,
Motilal Oswal Financial Services Ltd.,MOTILALOFS,532892,MOTILALOFS,INE338I01027,Capital Markets,Banking and Finance,841.7,841.7,50658.56,62.61,53.29,51.45,50.51,46.15,56.32,58.42,33.66,30.56,780.32,747.06,779.94,860.72,871.48,838.54,817.19,784.11,794.45,2.29,1.83,1.78,1.66,10.58,-14.76,30.03,26.8
Motilal Oswal Gold ETF,MOGOLD,590146,MOGOLD,INF247L01FY4,Others,Others,149.45,149.45,,,43.72,44.35,,,13.03,53.55,-0.02,-0.28,147.39,149.9,147.01,,148.84,148.2,148.13,148.07,143.62,0.31,0.52,,,1.12,24.44,2.92,11.73
Motilal Oswal M50 ETF,MOM50,590115,MOM50,INF247L01536,Others,Others,243.96,243.96,,53.39,42.71,43.16,51.28,51.28,26.95,40.05,0.02,0.58,247.93,249.02,258.23,260.36,249.97,249.8,249.77,251.38,255.07,0.84,0.98,0.96,0.78,-1.42,-7.99,5.11,15.42
Motilal Oswal Midcap 100 ETF,MOM100,536960,MOM100,INF247L01023,Others,Others,64.24,64.24,,66.17,46.47,53.81,58.55,50.01,61.62,51.69,1.08,1.11,62.92,62.15,63.19,63.14,65.91,65.08,64.41,63.26,63.07,0.95,1.09,1.09,0.88,4.52,0.42,1.42,27.61
Motilal Oswal NASDAQ 100 ETF - Growth Option,MON100,533385,MON100,INF247L01AP3,Others,Others,323.37,323.37,,69.76,68.17,67.31,11.59,11.59,82.7,86.96,17.83,17.08,278.25,256.15,244.32,232.76,315.12,305.76,294.97,269.26,252.1,1,0.92,0.72,0.62,27.15,35.6,6.36,52.01
Motilal Oswal Nasdaq Q 50 ETF,MONQ50,543437,MONQ50,INF247L01AU3,Others,Others,131.05,131.05,,19.47,60.46,60.3,16.49,16.49,73.29,71.9,5.84,5.98,119.49,110.17,104.69,98.17,130.98,127.7,124.29,114.86,107.62,0.37,0.61,0.49,0.5,17.59,35.69,2.09,54.52
Motilal Oswal Nifty 100 ETF,MONIFTY100,,MONIFTY100,INF247L01GG9,Others,Others,24.41,24.41,,,32.62,33.71,,,42.67,41.75,0.07,0.13,24.7,24.75,25.58,,25.07,25.01,24.96,25.02,25.44,0.97,0.98,,,-0.37,-7.01,0.5,11.76
Motilal Oswal Nifty 200 Momentum 30 ETF,MOMOMENTUM,543465,MOMOMENTUM,INF247L01BK2,Others,Others,60.35,60.35,,25.39,45.17,50.69,21.55,21.55,10.09,45.31,0.49,0.62,60.55,60.37,61.61,62.21,62.28,61.79,61.49,61.09,61.44,0.86,1.25,1.16,1,0.1,-4.86,1.66,13.62
Motilal Oswal Nifty 50 Equal Weight ETF,MON50EQUAL,,MON50EQUAL,INF247L01FC0,Others,Others,32.21,32.21,,,44.82,52.77,,,54.7,46.79,0.23,0.28,32.14,32.04,32.73,32.56,32.88,32.71,32.57,32.4,32.49,1.06,0.99,0.74,,1.1,-2.1,0.72,22.67
Motilal Oswal Nifty 500 ETF,MONIFTY500,590153,MONIFTY500,INF247L01BU1,Others,Others,22.78,22.78,,,44.39,51.62,,,39.15,45.44,0.17,0.21,22.78,22.71,23.34,23.54,23.35,23.22,23.11,23.01,23.18,0.88,0.96,0.91,,1.11,-4.81,0.58,18.12
Motilal Oswal Nifty 500 Momentum 50 ETF,MOMENTUM50,590151,MOMENTUM50,INF247L01DK8,Others,Others,51.23,51.23,,,44.11,53.89,,,52.14,50.22,0.73,0.75,50.48,50.03,50.88,51.64,52.64,51.96,51.51,50.8,50.96,1.02,1.27,1.15,,2.71,-3.56,1.09,16.02
Motilal Oswal Nifty Alpha 50 ETF,MOALPHA50,,MOALPHA50,INF247L01FR8,Others,Others,50.64,50.64,,,47.09,54.59,,,49.94,50.85,0.87,0.9,49.68,49.13,49.46,50.3,52.1,51.43,50.89,49.9,49.78,0.83,1.21,,,4.05,-0.55,1.27,22.02
Motilal Oswal Nifty Capital Market ETF,MOCAPITAL,590149,MOCAPITAL,INF247L01EV3,Others,Others,53.56,53.56,,,61.36,68.85,,,40.08,59.08,1.78,1.81,50.65,48.62,47.79,46.39,54.89,53.69,52.62,50.07,48.36,1.24,1.3,1.45,,9.71,18.81,1.51,30.84
Motilal Oswal Nifty Energy ETF,MOENERGY,,MOENERGY,INF247L01GH7,Others,Others,39.62,39.62,,,37.42,37.57,,,60.11,52.61,0.9,1.09,38.66,37.76,36.54,,40.56,40.33,39.82,38.32,37.2,0.64,0.62,,,7.43,10.64,1.22,17.62
Motilal Oswal Nifty India Defence ETF,MODEFENCE,590152,MODEFENCE,INF247L01DJ0,Others,Others,97.59,97.59,,,59.4,66.42,,,59.83,53.7,2.98,3.08,93.77,91.66,88.75,87.99,101.38,99.38,97.59,93.33,90.64,0.78,1.07,1.03,,8.55,12.66,2.9,23.83
Motilal Oswal Nifty India Manufacturing ETF,MOMGF,,MOMGF,INF247L01FK3,Others,Others,156.16,156.16,,,64.41,62.14,,,58.82,55.32,2.17,2.12,151.95,151.36,151.88,150.14,158.25,156.53,155.16,152.82,151.69,0.85,0.92,,,4.83,3.62,3.05,25.62
Motilal Oswal Nifty India Tourism ETF,MOTOUR,,MOTOUR,INF247L01FP2,Others,Others,70.93,70.93,,,41.75,49.19,,,8.06,41.83,0.32,0.5,72.34,72.47,76.94,83.52,74.19,73.63,73.41,73.92,76.79,1.6,1.49,,,-0.18,-18.93,1.94,14.25
Motilal Oswal Nifty MNC ETF,MOMNC,,MOMNC,INF247L01GK1,Others,Others,31.31,31.31,,,30.47,30.45,,,27.12,51.46,0.48,0.58,30.65,30.38,30.38,,31.88,31.69,31.41,30.76,30.42,0.88,1.12,,,5.31,,0.71,20.31
Motilal Oswal Nifty Midcap150 Momentum 50 ETF,MOMIDMTM,,MOMIDMTM,INF247L01FQ0,Others,Others,62,62,,,45.96,53.5,,,47.29,49.33,0.87,0.89,61.25,60.72,61.65,62.16,63.88,63.05,62.51,61.64,61.65,1,1.28,,,2.48,-1.48,1.6,19.93
Motilal Oswal Nifty Next 50 ETF,MONEXT50,,MONEXT50,INF247L01FD8,Others,Others,68.42,68.42,,,46.97,46.68,,,50.53,47.58,0.99,1.2,67.73,67.11,67.79,67.87,70.46,69.93,69.35,68.14,67.85,0.8,1.09,,,3.48,-0.85,1.51,24.21
Motilal Oswal Nifty PSE ETF,MOPSE,,MOPSE,INF247L01FO5,Others,Others,106.26,106.26,,,61.34,59.86,,,24.66,49.22,1.27,1.62,104.99,104.18,102.55,100.37,108.13,107.79,107.07,104.99,103.23,0.75,0.77,,,2.89,7.16,2.16,16.45
Motilal Oswal Nifty Realty ETF,MOREALTY,590150,MOREALTY,INF247L01CI4,Others,Others,76.58,76.58,,,41.05,47.87,,,53.74,45.96,1.48,1.75,76.21,75.14,79.77,85.45,80.64,79.64,78.73,77.69,79.79,1.75,1.5,1.48,,3.21,-19.27,2.22,19.65
Motilal Oswal Nifty Services Sector ETF,MOSERVICE,,MOSERVICE,INF247L01GJ3,Others,Others,29.35,29.35,,,17.82,16.36,,,31.21,37.5,-0.17,-0.07,30.35,30.6,32.04,,30.29,30.32,30.43,30.88,32.02,1.07,1.04,,,-3.83,,0.65,13.43
Motilal Oswal Nifty Smallcap 250 ETF,MOSMALL250,590148,MOSMALL250,INF247L01CH6,Others,Others,16.78,16.78,,,46.57,53.96,,,52.51,55.26,0.42,0.42,16.19,15.84,16.04,16.55,17.25,16.96,16.71,16.23,16.19,0.93,1.04,0.99,,7.84,-2.1,0.43,16.45
Motilal Oswal S&P BSE Enhanced Value ETF,MOVALUE,543576,MOVALUE,INF247L01BE5,Others,Others,114.08,114.08,,23.26,52.58,52.74,21.04,21.04,33.28,41.63,0.34,0.81,115.25,116.22,117.29,112.08,117.12,117.09,116.92,116.62,115.81,1.09,1.1,1.03,0.98,-0.26,1.22,2.87,17.08
Motilal Oswal S&P BSE Healthcare ETF,MOHEALTH,543563,MOHEALTH,INF247L01BB1,Others,Others,46.62,46.62,,28.17,53.97,52.77,23.32,23.32,81.69,66.1,0.95,0.74,44.26,44.02,43.8,44.43,46.91,46,45.37,44.41,44.14,0.53,0.57,0.58,0.52,8.22,3.26,1.16,17.02
Motilal Oswal S&P BSE Low Volatility ETF,MOLOWVOL,543501,MOLOWVOL,INF247L01BL0,Others,Others,36.15,36.15,,4.91,44.15,52.79,4.17,4.17,22.43,45.66,0.15,0.17,36.1,36.37,37.49,37.81,36.81,36.67,36.56,36.65,37.11,1.01,0.82,0.81,0.66,1.52,-5.76,0.84,8.84
Motilal Oswal S&P BSE Quality ETF,MOQUALITY,543577,MOQUALITY,INF247L01BH8,Others,Others,197.52,197.52,,21.35,51.41,51.44,18.43,18.43,45.22,46.95,3.05,3.68,196.53,193.32,195.43,194.86,203.98,202.5,200.71,196.74,195.46,0.97,0.84,0.84,0.82,3.27,1.82,3.4,30.27
Motilal Oswal Silver ETF,MOSILVER,590147,MOSILVER,INF247L01FZ1,Others,Others,259.51,259.51,,,50.86,51.3,,,78.04,65.41,2.88,0.51,236.88,242.17,245.84,,248.8,244.1,241.79,240.71,228.97,0.98,1.35,,,12.2,77.54,8.79,12.17
Motisons Jewellers Ltd.,MOTISONS,544053,MOTISONS,INE0FRK01020,Gems & Jewellery,Textiles Apparels & Accessories,11.84,11.84,1165.6,38.25,29.65,31.43,50.33,38.08,12.57,32.07,-0.19,0,13.24,13.52,13.82,16.06,12.88,13.18,13.31,13.55,14.19,1.08,1.61,1.53,,-12.23,-28.24,0.72,23.54
Motor & General Finance Ltd.,MOTOGENFIN,501343,MOTOGENFIN,INE861B01023,Finance (including NBFCs),Banking and Finance,22.84,22.84,88.45,57.78,44.59,47.48,45.93,49.37,31.05,42.95,0.35,0.72,23.47,22.19,22.36,24.26,23.78,24.07,23.94,23.1,23.08,0.99,1.35,1.32,0.96,1.6,-12.36,1.47,16.07
Moving Media Entertainment Ltd.,MMEL,,MMEL,INE0XM301010,Movies & Entertainment,Media,36.5,36.5,68.64,47.34,38.9,38.65,39.29,26.71,80.35,58.15,2.67,2.12,29.86,30.7,39.94,,37.97,36.23,34.32,34.17,40.86,1.13,0.7,,,52.4,-45.32,2.88,37.37
MphasiS Ltd.,MPHASIS,526299,MPHASIS,INE356A01018,IT Consulting & Software,Software & Services,2146.5,2146.5,40799.99,36.98,30.39,30.53,39.99,44.9,45.33,43.39,-19.91,-6.94,2267.22,2233.8,2494.24,2645.37,2207.36,2242.22,2255.7,2309,2425.31,1.5,0.81,0.99,1.07,-6.36,-20.44,78.57,18.74
Mrs. Bectors Food Specialities Ltd.,BECTORFOOD,543253,BECTORFOOD,INE495P01020,Packaged Foods,FMCG,187.62,187.62,5759.76,55.03,45.22,45.33,46.3,36.18,72.32,48.45,1.87,1.61,193.77,193.91,212.32,242.19,201.07,198.92,197.52,199.65,212.12,2.64,1.16,0.99,0.83,3.4,-26.1,7.25,21.64
Mufin Green Finance Ltd.,MUFIN,542774,MUFIN,INE08KJ01020,Finance (including NBFCs),Banking and Finance,112.92,112.92,2237.65,80.82,57.43,66.42,67.32,53.72,20.62,50.14,2.17,2.43,110.43,108.82,112.18,104.18,116.37,115.15,113.82,111.43,109.67,0.69,1.38,1.13,,9.79,-7.06,3.92,21.96
Mukand Ltd.,MUKANDLTD,500460,MUKANDLTD,INE304A01026,Iron & Steel/Interm.Products,Metals & Mining,135.32,135.32,1955.31,57.9,47.39,47.58,45.74,50.87,66.88,50.04,2.08,2.81,133.79,130.18,130.32,132.58,137.78,137.53,136.42,132.93,131.48,0.41,0.89,1.16,1.14,4.41,0.71,5.68,24.51
Mukka Proteins Ltd.,MUKKA,544135,MUKKA,INE0CG401037,Other Food & Beverages,"Food, Beverages & Tobacco",24.12,24.12,723.6,53.15,43.91,43.68,51.39,40.45,68.56,56.93,0.53,0.57,22.99,22.57,23.06,24.8,24.39,24.12,23.8,23.23,23.54,1.29,1.19,0.91,,8.11,-0.74,0.91,23.25
Mukta Arts Ltd.,MUKTAARTS,532357,MUKTAARTS,INE374B01019,Movies & Entertainment,Media,55.91,55.91,126.27,59.63,48.4,49,48.2,32.01,86.25,56.96,2.81,2.48,49.95,49.22,55.19,62.77,57.61,55.88,54,52.36,55.1,0.24,1.56,1.17,0.87,14.97,-16.4,3.74,39.98
Multi Commodity Exchange of India Ltd.,MCX,534091,MCX,INE745G01043,Capital Markets,Banking and Finance,3156.9,3156.9,80498.36,89.56,73.6,72.56,72.59,72.28,69.52,76.8,128.79,108.61,2757.95,2655.01,2472.64,2100.14,3040.8,2970.18,2889.91,2699.85,2491.53,0.24,0.75,1.41,1.33,22.79,70.92,100.56,30.18
Munish Forge Ltd.,MUNISH,,MUNISH,INE1K8Y01018,Castings & Forgings,General Industrials,69.5,69.5,167.29,50.47,41.13,41.48,40.35,25.77,36.16,49.67,1.52,1.21,68.14,67.01,79.12,,73.31,71.21,70.12,71.19,81.81,0.8,1.04,,,-5.95,-47.07,3.34,14.65
Munjal Auto Industries Ltd.,MUNJALAU,520059,MUNJALAU,INE672B01032,Auto Parts & Equipment,Automobiles & Auto Components,87.79,87.79,877.9,65.17,54.49,53.56,51.07,40.51,75.36,61.42,2.91,2.09,79.48,78.43,77.96,82.6,87.34,84.81,82.88,80.06,79.85,-0.12,1.18,1.15,1.27,14.98,-0.24,3.86,34.15
Munjal Showa Ltd.,MUNJALSHOW,520043,MUNJALSHOW,INE577A01027,Auto Parts & Equipment,Automobiles & Auto Components,134.13,134.13,536.45,67.62,54.89,55.57,52.54,43.06,81.32,55.14,3.81,3.06,127.18,126.13,124.8,129.8,138.59,134.49,131.99,128.02,127.06,0.94,0.93,0.8,1.1,8.44,5.27,5.13,21.12
Murudeshwar Ceramics Ltd.,MURUDCERA,515037,MURUDCERA,INE692B01014,Ceramics,Consumer Durables,32.56,32.56,197.14,59.91,39.18,49.23,47.02,37.25,64.49,50.68,0.7,0.8,31.5,31.14,32.58,37.23,33.52,33.21,32.78,32.23,33.28,0.72,1.02,1.14,1.14,4.29,-21.99,1.31,30.87
Music Broadcast Ltd.,RADIOCITY,540366,RADIOCITY,INE919I01024,Broadcasting & Cable TV,Media,6.01,6.01,207.76,50.43,41.56,41.44,40.32,49.62,39.15,50.23,0.05,0.07,5.94,5.83,6.1,7.07,6.08,6.06,6.03,5.99,6.26,0.19,1.02,0.76,0.75,-6.09,-13.65,0.29,11.91
Muthoot Capital Services Ltd.,MUTHOOTCAP,511766,MUTHOOTCAP,INE296G01013,Finance (including NBFCs),Banking and Finance,206.64,206.64,339.87,57.69,48.02,47.41,46.18,35.62,47.6,49.07,3.81,2.97,201.73,203.57,229.16,255.17,218.03,211.75,208.94,210.76,224.79,2.12,1.56,1,0.81,6.58,-25.04,10.72,18.62
Muthoot Finance Ltd.,MUTHOOTFIN,533398,MUTHOOTFIN,INE414G01012,Finance (including NBFCs),Banking and Finance,3353.4,3353.4,134628.45,64.97,53.39,54.49,55.17,56.43,43.32,47.36,19.27,26.12,3447.05,3404.94,3596.53,3342.31,3506.28,3497.88,3486.45,3479.64,3470.18,1.18,1.33,1.11,0.92,-1.86,7.84,104.94,10.98
Muthoot Microfin Ltd.,MUTHOOTMF,544055,MUTHOOTMF,INE046W01019,Microfinance Institutions,Banking and Finance,190.22,190.22,3243.1,71.71,52.88,58.93,57.83,49.7,60.76,53.07,8.22,8.95,179.68,170.81,175.92,171.58,200.47,194.67,189.66,179.75,175.66,2.67,1.91,1.5,,13.42,17.89,10.43,26.34
My Mudra Fincorp Ltd.,MYMUDRA,,MYMUDRA,INE0RVQ01016,Other Financial Services,Banking and Finance,73.25,73.25,83.44,52.28,34.28,42.96,43.64,37.06,18.48,41.12,-0.13,0.61,77.52,77.16,80.05,82.59,77.43,77.94,78.13,78.28,79.65,0.11,0.37,0.27,,0.34,-20.68,3.14,20.81
N K Industries Ltd.,NKIND,519494,NKIND,INE542C01019,Edible Oils,FMCG,67.21,67.21,40.39,57.42,47.19,46.9,43,48.23,49,53.56,0.64,0.84,65.61,64.64,64.91,66.68,66.69,66.8,66.45,65.5,65.51,1.14,-0.05,0.23,0.08,6.25,-1.47,4.19,36.41
N R Agarwal Industries Ltd.,NRAIL,516082,NRAIL,INE740D01017,Paper & Paper Products,Commercial Services & Supplies,482.25,482.25,820.75,75.31,53.27,61.89,61.38,53.43,90.81,53.75,15.41,15.94,460.98,447.3,452.15,435.95,499.22,489.61,480.23,460.96,450.38,0.09,1.11,0.78,0.75,14.14,5.28,22.15,28.45
N R Vandana Tex Industries Ltd.,NRVANDANA,,NRVANDANA,INE104101014,Other Apparels & Accessories,Textiles Apparels & Accessories,66,66,153.75,74.51,62.78,61.23,57.03,50.75,74.89,64.36,3.26,1.64,53.46,54.86,56.42,54.65,64.42,59.84,57.48,55.65,55.49,-0.69,0.39,,,50.68,13.99,4.72,26.09
NACL Industries Ltd.,NACLIND,524709,NACLIND,INE295D01020,Agrochemicals,Chemicals & Petrochemicals,165.31,165.31,3872.28,63.19,42.97,51.93,43.93,47.81,79.11,53.47,6.13,6.43,159.67,146.3,152.16,182.76,173.43,167.68,164.13,155.73,157.11,2.22,1.48,0.85,0.66,-1.08,-4.81,10.31,26.22
NAVA Ltd.,NAVA,513023,NAVA,INE725A01030,Power - Electric Utilities,Utilities,697.5,697.5,19739.34,80.85,66.44,66.51,49.72,53.93,60.54,73.41,32.05,28.8,637.64,608.68,586.42,601.89,709.97,691.11,671.34,627.83,603.88,1.53,1.29,1.25,1.21,25.91,20.1,25.35,37.01
NBCC (India) Ltd.,NBCC,534309,NBCC,INE095N01031,Construction & Engineering,Cement and Construction,92.66,92.66,25018.2,59.43,48.84,50.28,48.69,37.55,63.15,56.37,2.12,1.73,90.24,89.08,97.81,104.02,96.21,94.75,93.32,92.61,96.16,1.17,1.68,1.7,1.57,7.86,-16.02,3.17,15.77
NBI Industrial Finance Company Ltd.,NBIFIN,,NBIFIN,INE365I01020,Finance (including NBFCs),Banking and Finance,2020.4,2020.4,596.99,51.36,42.06,42.21,47.99,36.27,50.93,51.9,53.87,63.15,1942.92,1892.44,2004.37,2268.31,2073.88,2057.28,2025.06,1973.52,2037.16,1.33,1.08,0.99,0.76,12.58,-15.63,83.32,32.67
NCC Ltd.,NCC,500294,NCC,INE868B01028,Construction & Engineering,Cement and Construction,161.76,161.76,10156.05,60.83,49.99,49.67,48.68,38.38,76.53,62.25,5.4,5.29,155.46,151.46,152.3,178.45,168.88,165.71,162.37,156.43,159.75,0.81,1.16,1.28,1.52,13.35,-18.96,4.7,29.74
NCL Industries Ltd.,NCLIND,502168,NCLIND,INE732C01016,Cement & Cement Products,Cement and Construction,172,172,778,48.5,39.86,40.88,32.29,40.68,49.16,47.36,-0.16,-0.2,173.24,175.57,185.23,196.92,175.03,175.17,175.18,177.49,183.55,0.25,1.12,0.98,0.87,-6.82,-13.58,6.02,16.49
NDL Ventures Ltd.,NDLVENTURE,500189,NDLVENTURE,INE353A01023,Broadcasting & Cable TV,Media,118.64,118.64,399.48,79.17,65.06,63.86,63.47,71.14,23.09,57.32,1.37,1.37,121.34,118.29,105.79,95.08,122.79,122.07,121.4,116.8,109.01,0.45,0.5,0.47,0.84,1.44,40.98,5.68,23.3
NDR Auto Components Ltd.,NDRAUTO,543214,NDRAUTO,INE07OG01012,Auto Parts & Equipment,Automobiles & Auto Components,821.15,821.15,1953.13,58.35,49.75,47.95,47.05,37.06,77.15,64.27,29.2,23.47,741.43,725.82,745.43,865.67,816.53,795.34,776.19,750.71,768.4,0.36,1.83,1.81,1.37,14.79,-16.53,40.23,27.33
NDR InvIT Trust,NDRINVIT,,NDRINVIT,INE0Q7Q23015,Others,Others,136.75,136.75,5221.24,38.56,31.69,29.23,27.3,34.84,14.4,61.94,2.1,2.44,133.3,129.79,121.95,,136.51,136.15,135.01,130.18,122.03,-0.09,-0.37,,,10.28,,1.27,26.27
NGL Fine - Chem Ltd.,NGLFINE,524774,NGLFINE,INE887E01022,Pharmaceuticals,Pharmaceuticals & Biotechnology,2188.6,2188.6,1352.12,85.69,61.19,70.42,71.52,72.32,59.42,44.83,34.24,43,2279.1,2272.53,1979.84,1689.97,2421.24,2339.82,2320.87,2227.58,2044.77,2.57,1.44,1.12,0.95,-7.33,48.97,162.69,24.72
NHPC Ltd.,NHPC,533098,NHPC,INE848E01016,Green & Renewable Energy,Utilities,76.77,76.77,77115.73,55.33,45.47,48.49,53.76,49.02,49.67,44.52,1,1.54,79.96,77.92,78.14,80.52,81.67,81.75,81.24,79.48,79.15,1.07,0.68,0.9,1.11,3.25,-5.91,2.17,20.63
NIBE Ltd.,NIBE,535136,NIBE,INE149O01018,Aerospace & Defence,General Industrials,981.4,981.4,1466.34,50.43,39.57,41.44,39.62,35.81,46.36,42.31,8.48,17.64,1006.34,1002.33,1054.53,1170.66,1033.42,1038.03,1033.95,1026.59,1059.32,1.24,1.28,0.94,,4.57,-15.98,52.55,24.59
NIIT Learning Systems Ltd.,NIITMTS,543952,NIITMTS,INE342G01023,Education,Diversified Consumer Services,272.4,272.4,3746.34,52.02,34.05,42.75,52.62,43.38,16.52,30.52,-3.15,0.84,308.53,310.25,352.19,345.73,306.25,309.61,311.82,320.09,334.21,2.13,1.28,0.76,,-11.77,-14.73,17.47,18.47
NIIT Ltd.,NIITLTD,500304,NIITLTD,INE161A01038,IT Training Services,Software & Services,68.06,68.06,928.27,57.53,47.28,47.98,46.7,34.2,58.57,55.23,2.13,1.91,66.26,66.08,74.53,91.11,73.07,71.57,70.13,69.64,75.65,2.05,1.88,1.56,1.51,15.85,-30.7,3.21,17.91
NLC India Ltd.,NLCINDIA,513683,NLCINDIA,INE589A01014,Power - Electric Utilities,Utilities,308.1,308.1,42722.27,81.48,66.96,66.94,65.62,64.86,83.89,74.38,14.49,13.3,294.64,279.66,267.02,259.09,325.07,317.38,308.45,288.26,274.4,0.47,0.6,0.71,1.13,22.31,25.79,12.05,41.08
NMDC Ltd.,NMDC,526371,NMDC,INE584A01023,Coal & Mining,Metals & Mining,86.62,86.62,76154.72,73.35,60.28,59.16,67.36,65.1,58.3,49.75,1.68,2.17,85.62,83.16,82.19,78.14,88.75,88.67,87.74,84.8,82.25,0.64,0.87,1.02,1.2,4.68,16.86,2.38,18.47
NMDC Steel Ltd.,NSLNISP,543768,NSLNISP,INE0NNS01018,Iron & Steel/Interm.Products,Metals & Mining,41.9,41.9,12279.24,66.1,54.32,53.9,53.09,51.51,66.71,59.82,1.17,1.12,40.4,39.38,40.53,41.31,43.3,42.64,41.91,40.67,40.62,0.81,1.2,1.34,1.36,7.2,-4.29,1.41,28.93
NOCIL Ltd.,NOCIL,500730,NOCIL,INE163A01018,Specialty Chemicals,Chemicals & Petrochemicals,166.34,166.34,2778.29,58.46,47.39,48.04,57.16,51.43,66.67,42.36,4.54,7.06,173.41,160.71,153.11,166.03,179.34,178.84,176.66,166.69,162.45,0.37,0.47,0.66,1.1,0.78,-5.32,7.64,45.43
NRB Bearings Ltd.,NRBBEARING,530367,NRBBEARING,INE349A01021,Other Industrial Products,General Industrials,330.6,330.6,3204.26,66.59,54.72,54.16,53.67,41.17,93.81,76.64,13.58,10.37,271.07,266.6,268.09,275.79,305.79,297.58,288.67,275.06,271.64,0.72,1.46,1.29,1,29.18,18.14,14.4,31.25
NRB Industrial Bearings Ltd.,NIBL,535458,NIBL,INE047O01014,Abrasives & Bearings,General Industrials,30.68,30.68,74.34,76.6,62.95,61.16,60.75,51.56,55.12,56.46,0.54,0.47,30,30.27,30.75,29.46,31.56,31.38,31.02,30.56,30.32,1.51,1.03,1,0.73,9.06,8.02,1.79,18.06
NTPC Green Energy Ltd.,NTPCGREEN,544289,NTPCGREEN,INE0ONG01011,Green & Renewable Energy,Utilities,107.17,107.17,90304.98,68.84,56.57,55.48,55.26,44.96,55.68,52.35,2.45,3.58,105.45,100.16,95.47,98.24,108.43,109.32,108.12,102.7,99.37,0.48,0.4,0.55,,11.07,7.14,3.99,22.76
NTPC Ltd.,NTPC,532555,NTPC,INE733E01010,Power - Electric Utilities,Utilities,392.7,392.7,380788.08,72.45,61.24,59.54,58,59.57,45.44,49.92,4.03,5.72,389.44,385.44,365.68,349.77,396.6,397.16,395.13,384.96,371.72,0.3,0.44,0.68,1.06,3.71,20.22,9.49,16.2
Naga Dhunseri Group Ltd.,NDGL,,NDGL,INE756C01015,Finance (including NBFCs),Banking and Finance,2678.2,2678.2,267.82,61.78,50.77,49.62,48.04,37.2,35.95,57.71,73.92,64.35,2589.1,2550.08,2635.26,3227.59,2794.16,2734.24,2686.15,2632.41,2761.73,0.67,0.84,0.81,0.75,11.1,-26.83,140.13,14.6
Nagarjuna Fertilizers and Chemicals Ltd.,NAGAFERT,539917,NAGAFERT,INE454M01024,Fertilizers,Fertilizers,3.87,3.87,231.45,38.38,31.35,31.54,33.05,37.3,16.39,41.76,-0.06,-0.05,3.97,4.05,4.43,4.84,3.9,3.93,3.96,4.1,4.35,0.25,1.23,0.86,0.8,-8.29,-19.88,0.21,33.03
Nagreeka Capital & Infrastructure Ltd.,NAGREEKCAP,532895,NAGREEKCAP,INE245I01016,Investment Companies,Others,29.35,29.35,37.03,56.81,46.54,46.69,46.34,40.08,82.21,51.07,1,1.55,27.89,26.48,26.95,27.59,29.6,30.18,29.66,27.99,27.49,0.85,1.07,0.88,0.48,27.11,-10.82,2.34,26.73
Nagreeka Exports Ltd.,NAGREEKEXP,521109,NAGREEKEXP,INE123B01028,Textiles,Textiles Apparels & Accessories,26.32,26.32,82.25,51.06,41.96,44.77,52.3,37.14,70.6,51.41,0.94,1.12,24.89,24.36,25.08,26.77,27.14,27.05,26.5,25.4,25.54,3.38,1.6,1.29,1,14.14,-9.34,1.91,25.51
Nahar Capital & Financial Services Ltd.,NAHARCAP,532952,NAHARCAP,INE049I01012,Investment Companies,Others,259.45,259.45,434.48,63.54,53.86,52.22,50.98,39.73,51.68,58.91,8.62,8.32,242.88,235.61,240.5,263.72,266.06,259.04,253.67,244.24,246.29,1.74,1.69,1.43,1.13,11.88,-7.22,12.38,29.54
Nahar Industrial Enterprises Ltd.,NAHARINDUS,519136,NAHARINDUS,INE289A01011,Textiles,Textiles Apparels & Accessories,113.14,113.14,488.83,66.14,47.1,54.35,52.48,48.83,69.34,56.67,4.85,5.06,105.94,100.54,102.42,108.81,117.22,114.54,111.6,105.63,104.94,1.44,1.24,1.38,1.22,16.28,2.09,4.64,37.57
Nahar Poly Films Ltd.,NAHARPOLY,523391,NAHARPOLY,INE308A01027,Plastic Products,General Industrials,247,247,607.32,64.08,43.72,52.66,43.97,50.41,47.15,45.92,4.08,5.07,250.14,244.29,241.26,267.41,262.48,257.7,255.45,249.11,250.31,1.7,1.78,1.39,1.03,1.7,-19.02,13.08,21.31
Nahar Spinning Mills Ltd.,NAHARSPING,500296,NAHARSPING,INE290A01027,Textiles,Textiles Apparels & Accessories,265,265,955.73,83.12,67.92,68.31,67.51,59.06,67.57,61.47,13.6,12.55,241.77,224.3,205.32,209.46,274.01,260.95,252.72,231.82,218.75,1.25,1.18,1.3,1.1,15.14,31.18,11.66,31.93
Nakoda Group Of Industries Ltd.,NGIL,541418,NGIL,INE236Y01012,Packaged Foods,FMCG,36.54,36.54,64.45,74.95,61.04,61.59,61.9,52.71,48.93,63.64,2.23,2.64,32.79,29.49,28.92,29.29,36.93,36.58,35.32,31.79,30.1,1.23,1.61,1.02,1.01,37.63,24.54,1.86,44.48
Nalwa Sons Investments Ltd.,NSIL,532256,NSIL,INE023A01030,Finance (including NBFCs),Banking and Finance,5571.5,5571.5,2861.63,59.43,38.15,48.84,46.6,36.96,50.32,44.55,52.32,65.32,5590.07,5595.82,5906.28,6506.2,5802.7,5752,5718.56,5720.54,5934.24,1.22,1.35,1.33,1.19,1.58,-15.77,167.79,14.67
Naman In-Store (India) Ltd.,NAMAN,,NAMAN,INE0RJM01010,Misc. Commercial Services,Commercial Services & Supplies,51.1,51.1,66.77,49.95,41.05,39.5,45.22,31.6,27.01,47.25,0.6,1.23,54.05,53.84,58.73,73.86,56,56.38,56.07,56.07,60.46,-0.28,0.27,0.22,,19.39,-32.8,2.9,20.5
Namo eWaste Management Ltd.,NAMOEWASTE,,NAMOEWASTE,INE08NZ01012,Electronic Components,Commercial Services & Supplies,222.65,222.65,509.14,73.58,60.8,60.47,56.03,39.69,79.8,63.35,18.6,15.62,185.14,176.09,179.03,181.88,236.83,219.46,207.34,188.21,182.16,1.93,1.26,0.82,,40.96,19.87,11.27,38.76
Nandan Denim Ltd.,NDL,532641,NDL,INE875G01048,Textiles,Textiles Apparels & Accessories,2.67,2.67,384.87,51.39,42.05,42.23,39.42,37.6,40.56,47.31,0.06,0.08,2.65,2.56,2.75,3.05,2.8,2.78,2.75,2.69,2.78,1.87,1.52,1.3,1.01,4.71,-17.59,0.13,19.22
Nandani Creation Ltd.,JAIPURKURT,,JAIPURKURT,INE696V01013,Textiles,Textiles Apparels & Accessories,31.88,31.88,72.12,57.81,38.88,47.51,47.77,38.98,73.15,51.33,0.56,0.6,30.55,30.78,32.83,34.93,32.38,32.23,31.85,31.76,32.74,0.73,1.41,1.36,0.85,5.46,-10.1,1.8,36.07
Narayana Hrudayalaya Ltd.,NH,539551,NH,INE410P01011,Healthcare Facilities,Healthcare,1846.6,1846.6,37737.27,65.82,54.09,53.32,50.67,42.86,54.57,63.5,28.48,20.48,1754.88,1749.37,1795.7,1813.66,1833.42,1812.06,1792.82,1773.5,1784.03,0.84,0.89,0.73,0.55,9.8,3.07,54.9,16.42
Narmada Agrobase Ltd.,NARMADA,543643,NARMADA,INE117Z01011,Other Agricultural Products,"Food, Beverages & Tobacco",36.64,36.64,139,87.26,71.78,71.71,63.87,68.3,64.9,63.65,1.01,0.81,34.29,33.39,30.25,26.66,37.04,35.79,35.16,33.46,31,0.2,1,1.1,0.73,7.07,61.77,1.41,20.54
Natco Pharma Ltd.,NATCOPHARM,524816,NATCOPHARM,INE987B01026,Pharmaceuticals,Pharmaceuticals & Biotechnology,1181.9,1181.9,21169,83.11,68.3,68.35,60,67.08,82.98,76.17,39.6,33.3,1080.76,1036.62,955.36,913.39,1162.2,1133.89,1109.89,1044.41,986.67,-0.2,0.79,0.97,0.79,8.41,47.1,40.01,35.2
Nath Bio-Genes (India) Ltd.,NATHBIOGEN,537291,NATHBIOGEN,INE448G01010,Other Agricultural Products,"Food, Beverages & Tobacco",163.34,163.34,310.41,59.53,48.92,48.72,57.39,51.06,64.87,51.3,6.21,7.8,162,154.67,152.59,161.24,172.92,173.81,170.3,160.76,157.83,0.04,0.94,0.9,0.99,14.08,-2.84,9.01,30.47
National Aluminium Company Ltd.,NATIONALUM,532234,NATIONALUM,INE139A01034,Aluminium and Aluminium Products,Metals & Mining,394.05,394.05,72372.48,80.28,65.97,67.14,67.36,75.04,27.59,41.78,0.86,6.66,411.54,397.07,368.55,294.37,403.73,411.08,412.05,397.47,366.02,0.45,0.4,0.94,1.47,-1.77,68.5,14.65,21.5
National Fertilizers Ltd.,NFL,523630,NFL,INE870D01012,Fertilizers,Fertilizers,73.98,73.98,3629.3,46.92,38.56,48.75,47.25,37.3,70.82,51.31,1.23,1.26,74.72,74.02,78.8,86.38,78.21,77.53,76.74,76.21,78.9,1.18,1.51,1.41,1.52,3.71,-19.75,2.29,17.99
National Highways Infra Trust,NHIT,543385,NHIT,INE0H7R23014,REITs-InvITs,Utilities,161.1,161.1,31202.66,86.09,70.75,70.29,70.57,69,25.29,58.27,2.21,2.12,157.35,155.25,150.06,142.12,162.03,160.8,159.47,155.64,150.67,0.18,0.11,0,,4.95,21.13,1.52,21.14
National Standard (India) Ltd.,,504882,NATIONSTD,INE166R01015,Realty,Realty,1286.95,1286.95,2573.9,35.28,29.94,29.98,29.78,37.89,44.78,37.93,-10.78,-2.88,1366.8,1361.37,1436.48,1611.65,1354.68,1357.21,1364.42,1388.45,1471,1.84,0.52,0.36,0.17,-7.9,-25.75,79.26,18.68
Natural Capsules Ltd.,NATCAPSUQ,524654,NATCAPSUQ,INE936B01015,Pharmaceuticals,Pharmaceuticals & Biotechnology,161.64,161.64,167.88,62.28,50.03,51.18,38.39,38.7,35.96,54.31,1.89,1.34,156.87,154.28,163.37,187.06,162.65,160.13,158.86,158.6,165.78,1.45,0.51,0.23,,4.77,-20.81,8.97,21.39
Navin Fluorine International Ltd.,NAVINFLUOR,532504,NAVINFLUOR,INE048G01026,Commodity Chemicals,Chemicals & Petrochemicals,6950.5,6950.5,35643.48,79.56,65.38,65.73,66.29,57.76,86.1,71.54,228.7,170.13,6408.63,6370.56,6216.66,5689.29,7049.2,6829.57,6677.01,6428.89,6188.68,-0.16,0.84,0.64,0.93,16.66,16.79,208.64,27.94
Navkar Corporation Ltd.,NAVKARCORP,539332,NAVKARCORP,INE278M01019,Transport Related Services,Transportation,95.34,95.34,1435.05,54.65,41.99,44.91,42.4,36.99,43.22,45.49,1.29,2.36,96.68,93.18,95.85,106.86,99.15,99.53,98.96,96.67,98.02,2.2,1.38,1.28,1.14,0.03,-16.36,5.06,20.47
Navkar Urbanstructure Ltd.,NAVKARURB,531494,NAVKARURB,INE268H01044,Realty,Realty,0.81,0.81,90.89,33.89,27.4,27.85,26.03,26.51,50.69,45.19,-0.02,-0.03,0.8,0.9,1.16,1.7,0.83,0.82,0.82,0.93,1.17,1.94,1.22,0.95,,1.25,-60.68,0.04,20.04
Navneet Education Ltd.,NAVNETEDUL,508989,NAVNETEDUL,INE060A01024,Publishing,Commercial Services & Supplies,141.68,141.68,3134.15,51.75,41.91,42.53,50.64,39.98,67.26,47.51,2.17,2.68,140.71,138.81,143.56,148.04,146.91,145.74,144.43,142.48,143.61,0.64,1.16,1.05,0.79,7.52,-8.42,5.57,28.94
Nazara Technologies Ltd.,NAZARA,543280,NAZARA,INE418L01047,Internet Software & Services,Software & Services,263.1,263.1,9746.93,56.8,46.08,46.68,43.91,38.51,30.34,50.27,4.3,5.08,258.19,253.3,260.23,272.66,269.65,267.34,264.76,260.15,261.44,1.26,1.03,0.72,0.94,4.89,0.46,9.35,15.91
Nectar Lifesciences Ltd.,NECLIFE,532649,NECLIFE,INE023H01027,Pharmaceuticals,Pharmaceuticals & Biotechnology,12.96,12.96,290.64,62.36,50.8,51.25,48.53,37.34,59.12,55.92,0.49,0.37,11.78,11.64,14.05,14.74,13.35,12.85,12.52,12.41,13.38,1.62,1.27,1.14,0.96,21.23,-7.49,0.68,36.9
Neelam Linens And Garments (India) Ltd.,NEELAM,,NEELAM,INE0N1401016,Textiles,Textiles Apparels & Accessories,12.1,12.1,24.46,51.39,41.58,42.23,41.02,34.07,61.96,49.05,0.28,0.24,11.65,12.18,13.72,18.91,12.74,12.49,12.28,12.49,14.61,0.2,0.26,0.05,,16.91,-42.52,0.56,22.18
Neelamalai Agro Industries Ltd.,,508670,NEAGI,INE605D01012,Tea & Coffee,"Food, Beverages & Tobacco",3300.5,3300.5,205.32,48.83,41.44,41.27,40.26,38.45,55.37,52.76,7.31,13.41,3249.11,3248.06,3354.65,3508.75,3262.08,3280.06,3276.17,3282.19,3349.13,0.58,0.19,-0.17,-0.09,3.14,-9.62,93.14,15.18
Nelcast Ltd.,NELCAST,532864,NELCAST,INE189I01024,Castings & Forgings,General Industrials,143.94,143.94,1252.3,81.74,66.3,67.17,58.54,57.11,83.49,55.27,6.94,6.21,133.89,127.09,116.3,125.66,149.79,144.84,140.55,130.39,124.09,1.29,0.95,1.58,1.06,17.34,32.57,8.33,39.38
Nelco Ltd.,NELCO,504112,NELCO,INE045B01015,IT Networking Equipment,Hardware Technology & Equipment,675.8,675.8,1542.07,59,41.62,48.49,48.47,36.9,52.48,50.18,21.63,24.52,655.87,631.49,657.31,753.54,709.82,697.92,685.06,661.25,680.05,2.49,1.77,1.43,1.33,8.33,-19.79,31.93,23.09
Neochem Bio Solutions Ltd.,NEOCHEM,,NEOCHEM,INE21UM01018,Specialty Chemicals,Chemicals & Petrochemicals,84.1,84.1,143.99,40.84,34.26,33.56,34.53,23,58.3,61.09,3.27,2.15,74.62,75.51,,,85.87,81.4,79.09,77.77,,2.55,1.26,,,21.8,,4.76,19.59
Neogen Chemicals Ltd.,NEOGEN,542665,NEOGEN,INE136S01016,Specialty Chemicals,Chemicals & Petrochemicals,1635.1,1635.1,4477.18,78.34,56.09,64.38,64.77,46.96,81.35,56.47,90.96,92.86,1489,1442.08,1328.67,1372.43,1715.42,1667.1,1611.86,1482.48,1409.89,0.27,1.24,1.04,0.92,25.64,12.35,88.88,42.71
Nephro Care India Ltd.,NEPHROCARE,,NEPHROCARE,INE0SUN01013,Healthcare Facilities,Healthcare,85,85,140.13,46.99,37.7,38.62,37.69,36.06,52.7,55.48,2.94,3.15,77.68,73.93,89.67,116.42,85.77,84.39,82.56,81.62,90.83,2.75,1.97,0.83,,1.37,-34.34,4.72,21.34
Nephrocare Health Services Ltd.,NEPHROPLUS,544647,NEPHROPLUS,INE428V01029,Healthcare Services,Healthcare,573.2,573.2,5751.53,43.11,35.43,19.22,17.76,25.19,34.9,57.92,0.38,-0.71,544.23,549.64,,,545.98,546.42,546.16,540.92,,-0.52,0.98,,,4.06,,22.22,12.75
Neptune Petrochemicals Ltd.,NEPTUNE,,NEPTUNE,INE156901014,Petrochemicals,Chemicals & Petrochemicals,209,209,473.46,81.54,66.45,67.01,65.43,56.8,54.36,56.39,1.5,0.84,197.2,204.87,207.13,180.91,205.07,204.54,203.3,203.4,198.92,-0.24,0.35,,,13.59,25.19,5.42,12.63
Nesco Ltd.,NESCO,505355,NESCO,INE317F01035,Realty,Realty,1218.8,1218.8,8587.66,64.58,53.07,52.94,51.72,46.74,74.62,61.1,48.37,42.03,1167.9,1132.62,1160,1257.9,1294.9,1254.42,1223.33,1174.86,1176.74,1.24,1.23,1.19,0.94,14.04,-2.18,44.5,26.67
Nestle India Ltd.,NESTLEIND,500790,NESTLEIND,INE239A01024,Packaged Foods,FMCG,1468.6,1468.6,283192.24,79.76,65.55,65.53,63.66,49.8,89.77,78.32,62.53,56.94,1327.34,1294.45,1291.09,1248.95,1480.84,1443.75,1403.87,1333.3,1297.79,0.9,0.63,0.77,0.5,22.1,17.15,31.27,52.97
Net Avenue Technologies Ltd.,CBAZAAR,,CBAZAAR,INE518X01015,Internet & Catalogue Retail,Retailing,4.55,4.55,9.76,59.54,44.79,48.93,50.45,47.99,40.49,43.97,0.07,0.13,4.76,4.41,4.16,4.79,4.79,4.8,4.77,4.56,4.6,-0.52,0.09,-0.3,,,9.64,0.16,11.97
Netweb Technologies India Ltd.,NETWEB,543945,NETWEB,INE0NT901020,IT Consulting & Software,Software & Services,4016,4016,22867.39,83.67,68.76,68.48,65.66,52.59,67.83,66.13,241.97,208.13,3694.21,3568.48,3390.92,3217.75,4313.32,4122.12,3968.38,3670.53,3472.32,1.93,1.06,1,,29.71,18.32,198.99,30.7
Network People Services Technologies Ltd.,NPST,544396,NPST,INE0FFK01017,Misc. Commercial Services,Commercial Services & Supplies,1128.5,1128.5,2352,48.99,37.34,40.26,39.31,44.32,26.2,40.99,10.82,22.06,1199.52,1138.56,1234.28,1579.13,1210.9,1211.41,1206.77,1199.7,1287.61,1.29,2.43,1.59,1.3,-10.51,-35.83,63.1,17.25
Network18 Media & Investments Ltd.,NETWORK18,532798,NETWORK18,INE870H01013,Broadcasting & Cable TV,Media,32.14,32.14,4955.99,48.61,38.23,39.95,38.28,33.66,39.74,39.69,0.13,0.44,33.38,32.87,36.41,44.06,33.92,34.06,34.02,34.3,36.82,1.57,1.68,1.46,1.11,0.28,-32.04,1.29,20.13
Neueon Corporation Ltd.,NEUEON,532887,NEUEON,INE333I01044,Heavy Electrical Equipment,General Industrials,26.1,26.1,1475.81,99.62,81.87,81.84,81.68,81.49,100,99.67,4.18,3.49,14.35,10.35,6.69,4.57,23.74,20.76,18.13,12.53,8.74,0.22,0.15,-0.1,-0.36,166.33,1060,0.93,90.9
Neuland Laboratories Ltd.,NEULANDLAB,524558,NEULANDLAB,INE794A01010,Pharmaceuticals,Pharmaceuticals & Biotechnology,17003,17003,21814.68,66.9,54.98,55.78,56.31,51.75,88.73,76.06,983.14,745.69,14615.77,13839.86,14040.9,14655.91,17147.4,16219.74,15581.33,14548.35,14332.57,1.75,1.28,0.87,0.82,24.87,-0.33,633.87,39.08
New Delhi Television Ltd.,NDTV,532529,NDTV,INE155G01029,Broadcasting & Cable TV,Media,73.88,73.88,833.55,48.37,38.51,39.75,38.91,34.19,53.95,39.87,0.36,1.07,76.53,76.2,82.34,92.97,78.25,78.45,78.3,78.49,82.26,1.28,1.64,1.27,1.39,-2.67,-17.54,3.78,17.28
Newgen Software Technologies Ltd.,NEWGEN,540900,NEWGEN,INE619B01017,IT Consulting & Software,Software & Services,464.95,464.95,6617.07,49.39,40.59,41.41,40.34,29.18,74.98,53.29,8.12,5.62,466.59,468.19,584.17,740.64,495.6,489.46,483.11,499.02,577.46,1.58,1.04,1.01,1.08,6.48,-49.57,22.07,21.58
Newjaisa Technologies Ltd.,NEWJAISA,,NEWJAISA,INE0PW501021,Computer Hardware,Hardware Technology & Equipment,24.55,24.55,87.83,53.55,44.01,43.34,41.22,47.94,38.52,55.42,1.11,1.45,22.98,20.9,21.69,28.94,24.94,24.84,24.25,22.59,23.84,0.52,0.19,0.24,,24.62,-31.23,0.99,23.33
Newmalayalam Steel Ltd.,NMSTEEL,,NMSTEEL,INE0TP801012,Iron & Steel Products,Metals & Mining,24.9,24.9,43.05,54.49,44.78,42.2,44.92,27.31,88.42,58.28,0.21,0.01,22.67,23.8,27.02,28.95,23.7,23.7,23.48,24.24,26.22,-1.26,0.1,-0.12,,13.18,-27.41,1.12,14.69
Next Mediaworks Ltd.,NEXTMEDIA,532416,NEXTMEDIA,INE747B01016,Publishing,Commercial Services & Supplies,4.04,4.04,27.02,41.64,23.57,34.22,33.07,35.08,67.06,41.26,-0.07,-0.07,4.25,4.57,5.18,5.8,4.3,4.3,4.33,4.6,5.05,1.75,1.62,1.07,0.7,-6.7,-37.07,0.42,14.13
Nexus Select Trust REIT,NXST,543913,NXST,INE0NDH25011,REITs-InvITs,Realty,157.41,157.41,23847.62,63.77,53.04,52.41,51.57,50.69,47.71,52.94,0.27,0.19,155.73,156.06,158,157.38,156.53,156.71,156.5,156.7,157.07,0.14,0.42,0.22,,0.03,-4.41,2.85,14.67
Nidan Laboratories And Healthcare Ltd.,NIDAN,,NIDAN,INE0J6L01013,Healthcare Facilities,Healthcare,14.1,14.1,19.6,37.59,30.89,30.55,31.12,35.69,15.92,43.97,-0.26,-0.19,14.72,15.24,16.74,18.07,14.21,14.52,14.68,15.29,16.31,0.96,0.33,0.21,-0.15,1.44,-23.78,0.73,23.56
Nikita Greentech Recycling Ltd.,NIKITA,,NIKITA,INE0FLF01015,Paper & Paper Products,Commercial Services & Supplies,91.15,91.15,224.85,35.31,28.3,29.02,39.09,42.75,45.42,26.88,-4.77,-1.62,113.21,115.77,123.49,120.58,99.92,107.13,110.54,115.23,118.08,0.22,0.26,,,-19.05,-31.59,7.27,18.3
Nila Infrastructures Ltd.,NILAINFRA,530377,NILAINFRA,INE937C01029,Realty,Realty,8.53,8.53,335.99,60.59,49.79,51.31,41.44,48.78,62.15,61.62,0.26,0.21,7.99,7.79,8.36,9.4,8.62,8.49,8.33,8.13,8.43,0.79,1.51,1.32,1.12,6,-11.07,0.5,25.1
Nila Spaces Ltd.,NILASPACES,542231,NILASPACES,INE00S901012,Realty,Realty,13.98,13.98,550.66,60.36,49.6,51.85,48.57,40.04,71.05,60.48,0.37,0.18,13.51,13.4,14.18,15.15,14.61,14.17,13.91,13.76,14.13,1.71,1.28,0.96,0.71,8.08,-14.72,0.84,14.47
Nile Ltd.,,530129,NILE,INE445D01013,Other Non-Ferrous Metals,Metals & Mining,1726.35,1726.35,518.23,65.34,55.45,54.56,52.89,50.48,69.09,53.56,44.62,33.72,1659.11,1641.3,1601.84,1722.51,1782.19,1735.82,1706.58,1658.11,1648.42,0.38,1.11,1.08,1.01,8.24,-3.82,79.07,21.97
Nilkamal Ltd.,NILKAMAL,523385,NILKAMAL,INE310A01015,Plastic Products,General Industrials,1318.6,1318.6,1967.68,52.14,42.85,41.53,48.77,38.67,29.46,49.17,6.55,9.44,1266.26,1281.14,1344.47,1449.03,1296.02,1300.04,1295.54,1302.55,1346.3,1.07,1.19,0.8,0.61,-0.08,-14.09,42.71,21.61
Nimbus Projects Ltd.,,511714,NIMBSPROJ,INE875B01015,Realty,Realty,222.2,222.2,429.26,58.18,49.38,38.66,26.38,37.77,66.61,67.41,0.99,-2.55,189.53,191.5,215.33,233.06,194.64,191.65,190.38,195.92,209.88,-0.2,0.29,0.14,-0.01,18.41,-25.59,12.5,23.5
Nintec Systems Ltd.,NINSYS,539843,NINSYS,INE395U01014,IT Consulting & Software,Software & Services,567.1,567.1,1053.44,75.91,62.38,61.04,59.55,51.5,79.92,74.41,43.12,42.16,459.29,397.38,382.74,407.54,542.66,521.63,495.74,434.83,409.12,1.79,0.63,0.62,0.58,30.25,28.61,32.05,51.96
Nippon India BSE Sensex Next 30 ETF,SNXT30BEES,544415,SNXT30BEES,INF204KC1EZ3,Others,Others,41.61,41.61,,,56.18,63.29,,,65.88,53.11,0.62,0.64,40.67,40.35,40.49,39.89,42.3,41.93,41.55,40.82,40.45,0.65,0.87,,,4.57,4.73,1.16,16.55
Nippon India ETF Gold BeES,GOLDBEES,590095,GOLDBEES,INF204KB17I5,Others,Others,124.61,124.61,,41.05,59.77,60.26,28.28,28.28,39.79,52.41,-0.11,-0.27,123.24,125.37,122.96,108.75,124.13,123.73,123.74,123.78,120.3,0.28,0.67,0.41,0.22,1.14,24.52,2.05,18.11
Nippon India ETF Hang Seng BeES,HNGSNGBEES,590113,HNGSNGBEES,INF204KB19I1,Others,Others,544.81,544.81,,54.1,61.6,54.27,0,0,51.28,63.01,5.88,5.24,517.05,513.21,520.31,507.23,532.48,529.74,525.97,520.44,516.14,0.58,1.25,0.96,0.5,4.43,4.24,15.54,19.33
Nippon India ETF Nifty 100,NIF100BEES,537483,NIF100BEES,INF204K014N5,Others,Others,257.14,257.14,,40.79,42.11,43.46,58.8,60.41,32.79,41.91,0.63,1.24,260.45,261.13,269.63,271.65,263.97,263.48,263.09,263.78,266.9,1.05,0.98,0.93,0.75,-0.84,-7.03,4.71,10.91
Nippon India ETF Nifty 1D Rate Liquid BeES,LIQUIDBEES,590096,LIQUIDBEES,INF732E01037,Others,Others,1000,1000,,52.75,27.5,27.5,0,0,52.49,53.63,0,0,1000,1000,1000,1000,1000,1000,1000,1000,1000,0,0,0,0,0,,2.69,83.42
Nippon India ETF Nifty 5 yr Benchmark GSec,GILT5YBEES,,GILT5YBEES,INF204KC1030,Others,Others,64.26,64.26,,,57.76,57.03,53.92,65.44,48.32,48.71,0.04,0.06,64.35,64.35,64,63.5,64.46,64.46,64.44,64.3,64.03,0.17,0.1,0.08,0.04,0.22,1.61,0.58,20.82
Nippon India ETF Nifty 50 BeES,NIFTYBEES,590103,NIFTYBEES,INF204KB14I2,Others,Others,265.05,265.05,,53.38,42.67,42.3,50.73,50.73,34.48,39.52,0.02,0.59,269.58,270.88,281.06,283.31,272,271.63,271.58,273.42,277.53,0.9,0.94,0.94,0.83,-1.65,-8.05,4,14.8
Nippon India ETF Nifty 50 Shariah BeES,SHARIABEES,590109,SHARIABEES,INF732E01128,Others,Banking and Finance,459.22,459.22,,79.99,41.95,50.84,44.75,44.75,38.04,42.33,0.14,0.71,464.3,463.05,486.96,493.52,466.58,466.37,466.2,469.84,479.41,0.9,0.61,0.69,0.64,-1.56,-7.5,8.91,15.36
Nippon India ETF Nifty 50 Value 20,NV20BEES,,NV20BEES,INF204KB18I3,Others,Others,139.62,139.62,,34.24,36.72,34.62,57.95,56.81,15.11,36.25,-0.84,-0.3,143.95,144.51,149.65,149.54,142.61,143.34,143.9,145.5,147.55,0.74,0.8,0.82,0.69,-4.47,-6.46,3.92,25.82
Nippon India ETF Nifty 8-13 yr G-Sec Long Term Gilt,LTGILTBEES,590143,LTGILTBEES,INF204KB1882,Others,Others,29.08,29.08,,,44.11,45.02,55.97,60.59,44.51,44.72,-0.01,-0.01,29.12,29.22,29.19,29.07,29.19,29.16,29.16,29.18,29.16,0.21,0.11,0.07,0.05,-0.1,-0.24,0.29,35.03
Nippon India ETF Nifty Bank BeES,BANKBEES,590106,BANKBEES,INF204KB15I9,Others,Banking and Finance,552.99,552.99,,55.25,35.12,33.82,54.1,54.1,34.22,39.25,-2.24,-0.57,566.05,573.39,595.01,589.88,568.29,568.4,569.72,576.53,584.58,0.99,1.2,1.04,0.87,-2.35,-6.97,10.6,19.05
Nippon India ETF Nifty Dividend Opportunities 50,DIVOPPBEES,,DIVOPPBEES,INF204KA1MS3,Others,Others,77.25,77.25,,51.64,38.27,45.38,57.25,59.25,19.95,36.57,-0.1,0.21,79.15,79.23,81.19,79.95,79.24,79.45,79.54,79.81,80.21,0.85,0.81,0.84,0.74,-2.72,-3.39,2.35,12.83
Nippon India ETF Nifty IT,ITBEES,590141,ITBEES,INF204KB15V2,Others,Others,31.26,31.26,,,32.31,32.48,41.71,47.37,22.93,34.57,-0.53,-0.44,33.24,33.09,36.97,38.08,32.12,32.38,32.71,33.89,35.66,1.27,0.6,0.85,0.77,-10.38,-19.41,0.85,18.08
Nippon India ETF Nifty India Consumption,CONSUMBEES,,CONSUMBEES,INF204KA1LD7,Others,Others,124.31,124.31,,49.83,41.32,49.38,50.96,51.58,51.28,45.07,1.02,1.26,124.39,123.71,128.09,131.94,127.6,126.89,126.26,125.75,127.48,0.98,0.99,0.94,0.7,1.14,-9.08,2.4,15.82
Nippon India ETF Nifty Infrastructure BeES,INFRABEES,543255,INFRABEES,INF732E01268,Others,Others,943.96,943.96,,37.31,43.84,53.45,59.89,59.28,51.65,43.97,7.55,9.53,945.64,943.18,958.63,957.07,967.48,964.16,959.54,952.9,954.42,0.78,0.91,0.99,0.9,1.66,-3.44,17.66,18.06
Nippon India ETF Nifty Midcap 150,MID150BEES,590144,MID150BEES,INF204KB1V68,Others,Others,226.51,226.51,,,46.41,53.82,58.55,52.49,58.9,51.05,3.74,3.88,222.24,219.66,223.09,223.38,232.66,229.79,227.47,223.46,222.79,0.92,1.06,1.02,0.8,4.65,0.17,4.61,22.04
Nippon India ETF Nifty Next 50 Junior BeES,JUNIORBEES,590104,JUNIORBEES,INF732E01045,Others,Others,740.49,740.49,,61.35,50.33,47.62,51.36,51.36,37.74,47.39,10.93,13.22,733.6,726.39,733.12,733.53,763.83,757.67,751.21,737.65,733.88,0.97,1.08,1.03,0.87,3.72,-0.7,16.81,17.62
Nippon India ETF Nifty PSU Bank BeES,PSUBNKBEES,590108,PSUBNKBEES,INF204KB16I7,Others,Banking and Finance,89.65,89.65,,55.41,43.65,43.93,49.97,49.97,25.41,34.03,-1.29,-0.6,95.28,97.29,97.7,91.08,93.29,94.16,95.02,96.41,95.79,1.19,1.41,1.21,1.21,-6.51,-2.77,2.88,24.33
Nippon India ETF Nifty SDL Apr 2026 Top 20 Equal Weight,SDL26BEES,,SDL26BEES,INF204KC1022,Others,Others,136.94,136.94,,,54.46,55.49,58.2,64.8,72.58,45.22,0.11,0.18,137.34,137.04,136.27,134.64,137.45,137.43,137.39,136.99,136.22,0.18,0.07,0.04,0.01,-0.54,2.17,1.64,46.43
Nippon India Nifty 1D Rate Liquid ETF - Growth,LIQGRWBEES,,LIQGRWBEES,INF204KC1FU1,Others,Others,1039,1039,,,33.59,33.59,,,90.67,99.96,1.42,1.43,1036.16,1034.03,1029.27,,1038.64,1037.95,1037.15,1034.15,1029.27,0,0,,,0.41,2.38,0.93,62.59
Nippon India Nifty Auto ETF,AUTOBEES,,AUTOBEES,INF204KC1337,Others,Others,268.11,268.11,,38.68,52.27,52.1,32.83,32.83,51.12,48.83,2.31,1.82,265.67,267.02,275.87,272.7,275.71,271.63,269.98,269.72,271.58,1.14,1.44,1.25,1.01,0.73,-1.79,6.3,15.77
Nippon India Nifty India Manufacturing ETF,MANUFGBEES,544493,MANUFGBEES,INF204KC1GH6,Others,Others,155.26,155.26,,,37.25,43.48,,,65.99,50.62,2.11,2.12,152.61,152.27,152.78,,159.1,157.23,155.9,153.63,152.7,0.87,0.92,,,3.93,3.05,4.02,26.58
Nippon India Nifty Pharma ETF,PHARMABEES,590142,PHARMABEES,INF204KC1089,Others,Others,24.42,24.42,,38.59,63.41,62.21,32.76,32.76,76.44,62.83,0.44,0.34,23.39,23.4,23.17,23,24.72,24.23,23.94,23.49,23.25,0.7,0.42,0.49,0.51,7.39,7.29,0.75,25.33
Nippon India Silver ETF,SILVERBEES,590145,SILVERBEES,INF204KC1402,Others,Others,252.01,252.01,,30.1,70.6,70.9,25.55,25.55,65.83,64.99,2.95,0.66,229.74,234.59,237.5,185.79,241.48,236.84,234.51,233.14,223.11,1.13,1.45,0.97,0.51,12.59,77.68,7.29,13.21
Nippon Life India Asset Management Ltd.,NAM-INDIA,540767,NAM-INDIA,INE298J01013,Asset Management Cos.,Banking and Finance,1038.1,1038.1,66242.82,82.12,67.49,69.11,67.54,62.79,70.1,60.06,46.76,42.32,965.16,931.13,909.93,879.69,1084.68,1048.09,1018.78,959.76,921.75,2.68,2.04,1.67,1.48,17.98,20.88,41.57,31.1
Niraj Cement Structurals Ltd.,NIRAJ,532986,NIRAJ,INE368I01016,Construction & Engineering,Cement and Construction,32.54,32.54,194.25,63.2,51.94,51.56,48,37.57,76.62,62.51,1.36,0.9,28.11,27.93,31.46,36.74,32.19,31.02,30.08,29.46,31.4,2.52,1.99,1.81,1.19,14.81,11.78,2,22.92
Niraj Ispat Industries Ltd.,NIRAJISPAT,,NIRAJISPAT,INE326T01011,Others,Others,237.23,237.23,14.23,59.35,48.77,50.5,49.34,31.61,75.52,52.85,8.12,6.41,218.4,229.86,227.45,288.59,248.43,241.72,235.92,231.95,241.37,1.14,0.57,,,24.18,-9.45,10.54,14.93
Nirlon Ltd.,,500307,NIRLON,INE910A01012,Realty,Realty,595.1,595.1,5362.92,72.72,61.72,62.05,62.85,51.88,98.06,82.65,19.26,16.84,542.46,523.07,513.54,517.09,585.22,572.82,560.72,536.11,523.01,0.35,0.31,0.29,0.15,13.32,18.82,15.12,18.62
Nirman Agri Genetics Ltd.,NIRMAN,,NIRMAN,INE0OK701014,Other Agricultural Products,"Food, Beverages & Tobacco",49.95,49.95,40.01,39.12,32.15,31.52,38.98,26.86,68.14,46,0.74,1.04,49.94,49.41,54.71,93.98,52.04,52.31,51.86,52.33,62.9,-0.42,0.9,0.52,0.25,2.54,-41.2,2.67,23.25
Nitco Ltd.,NITCO,532722,NITCO,INE858F01012,Ceramics,Consumer Durables,98.21,98.21,2362.11,65.15,53.54,53.28,40.48,46.56,91.88,72.6,5.06,3.55,90.37,83.36,85.29,98.49,102.19,96.82,93.54,88.08,88.74,0.9,1.3,1.37,1.03,21.39,4.57,5.41,28.83
Nitin Spinners Ltd.,NITINSPIN,532698,NITINSPIN,INE229H01012,Textiles,Textiles Apparels & Accessories,497.35,497.35,2796.1,86.25,70.88,70.17,68.86,65.43,64.13,70.42,29.6,26.3,420.26,399.91,363.46,351.16,493.72,469.42,450.86,410.54,382.46,0.86,0.91,0.89,0.98,24.89,52.47,21.95,41.48
Nitiraj Engineers Ltd.,NITIRAJ,,NITIRAJ,INE439T01012,Other Electrical Equipment/Products,Consumer Durables,201.48,201.48,206.54,53.72,44.15,44.69,64.15,55.18,73.86,43.99,-0.66,-0.11,208.34,210.37,198.13,197.7,205.91,207.09,207.66,206.12,202.85,1.35,0.55,0.47,0.52,-6.5,5.5,9.52,15.94
Nitta Gelatin India Ltd.,,506532,NITTAGELA,INE265B01019,Specialty Chemicals,Chemicals & Petrochemicals,1282.95,1282.95,1164.82,82.26,69.81,69.03,59.59,51.16,97.73,88.52,116.11,81.74,940.64,887.74,853.89,857.92,1254.47,1136.79,1059.17,940.87,887.81,0.94,0.66,0.45,0.39,55.91,55.85,50.36,60.76
Niva Bupa Health Insurance Company Ltd.,NIVABUPA,544286,NIVABUPA,INE995S01015,General Insurance,Banking and Finance,83.76,83.76,15466.42,64.58,53.07,54.84,53.46,40.65,94.68,71.62,1.9,1.51,76.24,74.74,75.78,77.82,80.54,79.6,78.37,76.43,76.26,0.72,0.56,0.4,,14.93,10.35,2.83,26.74
Noida Toll Bridge Company Ltd.,NOIDATOLL,532481,NOIDATOLL,INE781B01015,Roads & Highways,Cement and Construction,3.73,3.73,69.45,48,39.45,39.87,50.54,42.01,61.92,54,0.05,0.06,3.59,3.59,3.8,4.02,3.75,3.74,3.71,3.69,3.8,0.73,1.48,1.06,0.66,-0.79,-13.76,0.25,18.99
Norben Tea & Exports Ltd.,NORBTEAEXP,519528,NORBTEAEXP,INE369C01017,Tea & Coffee,"Food, Beverages & Tobacco",76.16,76.16,118.38,64.65,53.13,53.08,42.96,55.87,49.66,53.24,-3.38,-5.22,76.76,82.55,84.13,67.43,71.85,70.23,71.96,77.91,77.85,-0.17,-0.25,0.12,0.03,-15.02,23.38,4.35,33.68
North Eastern Carrying Corporation Ltd.,NECCLTD,534615,NECCLTD,INE553C01016,Warehousing & Logistics,Transportation,15.57,15.57,155.7,50.69,41.66,49.87,42.33,47.06,57.87,57.9,0.59,0.6,15.07,14.46,15.53,18.33,16.68,16.22,15.86,15.3,15.99,1.4,1.78,1.46,1.06,10.07,-23.68,0.89,24.58
Northern Arc Capital Ltd.,NORTHARC,544260,NORTHARC,INE850M01015,Finance (including NBFCs),Banking and Finance,296.15,296.15,4784.95,65.75,54.03,53.44,52.87,39.95,96.63,82,14.96,9.95,247.1,243.23,250.41,254.45,288.44,274.74,264.55,252.24,250.71,-0.68,0.98,1.02,,30.96,13,12.09,26.6
Nova Agritech Ltd.,NOVAAGRI,544100,NOVAAGRI,INE02H701025,Fertilizers,Fertilizers,27.81,27.81,257.3,54.9,45.12,45.86,47.89,35.03,41.14,55.99,0.54,0.52,27.24,27.31,31.48,40.2,29.11,28.91,28.55,28.81,31.87,1.07,2.24,1.51,,-2.14,-36.97,1.56,11.09
Novartis India Ltd.,,500672,NOVARTIND,INE234A01025,Pharmaceuticals,Pharmaceuticals & Biotechnology,1259.05,1259.05,3108.7,79.93,67.84,66.55,65.96,64.01,91.55,83.53,51.22,30.53,1022.59,985.93,894.64,893.36,1134.15,1091.86,1058.04,991.6,940.1,-1.13,0.26,0.35,0.49,27.01,49.79,46.95,43.32
Nucleus Software Exports Ltd.,NUCLEUS,531209,NUCLEUS,INE096B01018,IT Consulting & Software,Software & Services,791.25,791.25,2082.99,58.82,48.34,48.93,29.61,47.24,52.42,49.89,1.48,-0.1,799.31,792.24,847.34,925.85,808.52,803.74,802.24,811.42,846.08,0.84,0.93,0.78,1.04,-7.33,-22.05,30.06,13.5
Nupur Recyclers Ltd.,NRL,,NRL,INE0JM501013,Commodity Trading  & Distribution,Commercial Services & Supplies,53.35,53.35,368.48,49.27,40.49,48.38,46.98,38.34,69.77,52.98,1.01,1.1,52.96,52.24,53.63,61.37,55.38,55.17,54.56,53.59,55.24,0.64,0.64,0.66,0.94,8.5,-20.89,2.19,18.4
Nureca Ltd.,NURECA,543264,NURECA,INE0DSF01015,Healthcare Supplies,Healthcare,271.75,271.75,271.76,68.47,56.27,56.35,52.59,45.57,68.86,64.45,8.58,5.57,257.64,261.22,275.14,266.28,287.2,276.98,270.92,266.51,268.63,0.14,1.37,1.11,0.88,12.98,11.67,13.61,25.42
Nuvama Wealth Management Ltd.,NUVAMA,543988,NUVAMA,INE531F01023,Capital Markets,Banking and Finance,1548.2,1548.2,28183.67,66.82,54.91,56.01,43.27,48.06,86.49,74.49,69.02,45.59,1323.34,1276.23,1336.63,1366.11,1493.9,1440.18,1393.99,1333.32,1333.12,1.01,1.23,1.28,,24.81,11.84,56.76,28.08
Nuvoco Vistas Corporation Ltd.,NUVOCO,543334,NUVOCO,INE118D01016,Cement & Cement Products,Cement and Construction,316.95,316.95,11320.07,57.82,47.52,47.72,28.09,37.09,65.34,61.71,4.57,0.38,302.32,303.05,326.6,370.76,319.44,311,307.28,310.12,325.54,0.44,1.17,0.99,0.87,7.48,-17.88,12.55,16.02
Nxt-Infra Trust,NXT-INFRA,,NXT-INFRA,INE0SF023016,REITs-InvITs,Utilities,97,97,2764.5,7.72,,6.67,,,20.38,40.55,,,,,,,99.42,100.55,102.01,,,0.44,,,,,,1.58,
OBSC Perfection Ltd.,OBSCP,,OBSCP,INE0YHV01011,Auto Parts & Equipment,Automobiles & Auto Components,372.95,372.95,911.95,82.32,67.65,67.61,65.76,56.38,76.45,65.42,19.73,17.77,333.98,321.09,315.17,314.81,377.96,369.75,357.3,333.61,321.3,-0.34,1.1,1.19,,24.06,21.45,21.88,38.91
OCCL Ltd.,OCCLLTD,544278,OCCLLTD,INE0PK601023,Commodity Chemicals,Chemicals & Petrochemicals,95.37,95.37,476.38,54.34,44.66,52.28,51.13,46.56,59.13,57.49,2.95,3.05,95.53,91.87,93.76,109.67,101.75,100.63,98.85,95.41,96.89,0.96,1.25,1.12,,10.52,-10.72,5.16,22.93
Oberoi Realty Ltd.,OBEROIRLTY,533273,OBEROIRLTY,INE093I01010,Realty,Realty,1626.7,1626.7,59147.17,57.41,47.18,48.43,47.55,52.54,52.55,47.9,26.2,38.38,1635.02,1571.97,1585.66,1625.21,1670.48,1676.45,1663.36,1615.49,1605.83,1.06,1.08,1.21,1.19,-0.07,-8.22,46.94,14.76
Odigma Consultancy Solutions Ltd.,ODIGMA,544301,ODIGMA,INE054301028,Consulting Services,Commercial Services & Supplies,26.63,26.63,83.24,51.67,42.46,44.4,41.69,46.61,34.53,55.37,0.47,0.57,26.57,25.56,27.73,32.55,27.4,27.54,27.28,26.94,28.48,1.64,1.91,1.36,,6.39,-26.03,1.54,18.36
Oil And Natural Gas Corporation Ltd.,ONGC,500312,ONGC,INE213A01029,Exploration & Production,Oil & Gas,294.5,294.5,370489.22,72.06,59.22,58,68.9,67.27,44.05,46.01,1.31,3.16,285.61,280.15,265.01,253.65,282.97,286.15,285.8,279.67,270.27,-0.46,-0.15,0.32,1.02,-1.58,11.35,7.05,25.82
Oil Country Tubular Ltd.,OILCOUNTUB,500313,OILCOUNTUB,INE591A01010,Oil Equipment & Services,Oil & Gas,62.25,62.25,323.63,56.22,46.2,44.08,52.98,33.35,57.78,61.45,3.76,4.03,51.56,48.81,51.69,63.83,59.73,59.07,56.79,52.58,53.99,0.18,0.75,0.91,0.72,48.08,-6.18,3.83,32.07
Oil India Ltd.,OIL,533106,OIL,INE274J01014,Exploration & Production,Oil & Gas,490.95,490.95,79858.31,57.33,47.11,45.84,66.08,47.26,49.67,42.11,-3.58,-0.62,472.02,473.53,459.28,438.75,457.96,466.65,469.35,469.51,461.03,-1.36,-0.49,0.07,0.88,-0.64,5.68,14.31,18.33
Ola Electric Mobility Ltd.,OLAELEC,544225,OLAELEC,INE0LXG01040,2/3 Wheelers,Automobiles & Auto Components,35.13,35.13,15495.25,53.2,43.72,44.89,44.9,50.69,50.21,58.73,1.36,1.85,33.93,30.09,32.18,40.24,35.5,35.96,35.26,33.09,34.18,0.88,1.38,1.39,,22.13,-26.15,2.08,37.37
Olectra Greentech Ltd.,OLECTRA,532439,OLECTRA,INE260D01016,Commercial Vehicles,Automobiles & Auto Components,1270,1270,10424.25,63.88,52.5,52.28,50.89,48.32,89.58,73.59,62.31,57,1178.49,1092.21,1103.47,1281.98,1300.04,1272.6,1234.51,1156.71,1157.01,0.06,1.75,1.5,1.32,26.16,-9.8,53.77,40.4
Om Freight Forwarders Ltd.,OMFREIGHT,544564,OMFREIGHT,INE1BZC01019,Warehousing & Logistics,Transportation,84.04,84.04,283.01,53.01,43.56,42.69,41.25,25.85,61.39,59.25,2.88,2.09,78.15,78.04,85.18,,87.66,84.6,82.61,81.27,83.8,1.73,1.52,,,9.15,-2.15,4.54,27.3
Om Infra Ltd.,OMINFRAL,531092,OMINFRAL,INE239D01028,Construction & Engineering,Cement and Construction,88.92,88.92,856.33,61.93,50.89,52.28,40.47,50.36,57.28,51.98,1.98,1.95,91.11,88.46,89.08,101.85,95.77,94.42,93.23,90.89,92.9,1.66,1.1,1.12,1.13,3.3,-16.94,4.03,14.85
Om Power Transmission Ltd.,OMPOWER,544750,OMPOWER,INE25E901019,Power - Electric Utilities,Utilities,181.25,181.25,620.69,,,,,,31.93,41.11,,,,,,,186.97,191.46,,,,,,,,,,8.59,
Omax Autos Ltd.,OMAXAUTO,520021,OMAXAUTO,INE090B01011,Auto Parts & Equipment,Automobiles & Auto Components,218.32,218.32,466.95,88.94,73.09,72.5,61.52,50.13,93.77,88.96,30.15,17.84,129.1,118.31,111.86,118.32,217.04,179.01,158.3,130.54,119.41,3.3,1.79,1.43,1.07,117.58,132.04,12.22,54.15
Omaxe Ltd.,OMAXE,532880,OMAXE,INE800H01010,Realty,Realty,82.86,82.86,1515.51,69.38,57.02,57.08,54.03,42.72,82.13,61.92,3.08,2.74,78.8,77.09,76.56,80.34,86.26,84.6,82.64,79.11,78.2,0.88,1.25,1.14,1.12,15.16,8.52,4.27,33.67
Omfurn India Ltd.,OMFURN,,OMFURN,INE338Y01016,Furniture-Furnishing,Diversified Consumer Services,61.75,61.75,72.71,54.75,44.99,46.51,43.37,35.68,68.7,60.18,3.87,3.06,53.91,54.03,65.15,87.63,65.44,62.31,59.67,58.36,66.25,-3.29,0.29,0.1,0.06,49.08,-46.7,3.66,28.66
Omkar Speciality Chemicals Ltd.,OMKARCHEM,533317,OMKARCHEM,INE474L01016,Specialty Chemicals,Chemicals & Petrochemicals,3.41,3.41,7.02,31.72,26.07,27.66,37.92,25.03,17.43,31.21,-0.14,-0.09,3.94,4.26,4.91,5.44,3.77,3.89,3.97,4.28,4.71,1.16,0.24,0.58,0.16,-10.5,-37.43,0.27,28.46
Omnitech Engineering Ltd.,OMNI,544720,OMNI,INE0UH301010,Industrial Machinery,General Industrials,402.75,402.75,4980.65,,,,,,70.36,68.13,43.18,43.88,349.45,,,,432.1,406.6,382.64,,,-1.11,,,,30.52,,30.77,45.41
On Door Concepts Ltd.,ONDOOR,,ONDOOR,INE00ER01015,Internet Software & Services,Software & Services,177.1,177.1,100.04,80.9,63.16,66.48,60.47,59.49,56.24,61.62,7.47,5.69,158.1,153.09,137.04,145.56,178.78,170.08,165.4,154.34,147.41,0.52,0.7,0.12,,,26.5,7.92,19.43
OnEMI Technology Solutions Ltd.,KISSHT,544754,KISSHT,INE12F801023,Finance (including NBFCs),Banking and Finance,199.72,199.72,3364.94,,,,,,,,,,,,,,,,,,,,,,,,,,
OnMobile Global Ltd.,ONMOBILE,532944,ONMOBILE,INE809I01019,Other Telecom Services,Telecom Services,54.39,54.39,578.28,61.43,50.48,51.75,48.72,37.91,77.11,57.46,2.44,2.16,49.9,49.74,52.09,56.26,56.74,55.19,53.59,51.59,52.57,1.86,1.23,1.42,1.39,24.33,-25.09,2.95,32.7
One Mobikwik Systems Ltd.,MOBIKWIK,544305,MOBIKWIK,INE0HLU01028,Internet Software & Services,Software & Services,202.85,202.85,1597.04,61.51,50.55,48.52,48.35,34.6,86.34,65.38,8.07,7.36,196.82,192.8,207.78,232.91,215.6,214.02,208.79,202.7,210.59,0.81,1.18,1.55,,26.94,-9.84,13.22,29.2
One Point One Solutions Ltd.,ONEPOINT,544748,ONEPOINT,INE840Y01029,BPO/KPO,Software & Services,60.34,60.34,1586.56,80.12,65.84,61.48,61.54,55.19,70.51,75.25,2.93,2.44,52.28,49.74,51.01,49.53,59.54,57.27,55.4,52.14,51.05,0.66,1.03,1,1.19,22.61,22.06,2.81,33.27
One97 Communications Ltd.,PAYTM,543396,PAYTM,INE982J01020,Internet Software & Services,Software & Services,1154.6,1154.6,73915.21,65.67,53.97,53.24,44.12,41.92,44.01,62.55,20.9,15.7,1105.85,1086.45,1166.12,1193.61,1155.94,1146.38,1132.47,1122.2,1141.96,0.79,1.72,1.49,1.1,7.52,-5.63,41.79,18.77
OneSource Specialty Pharma Ltd.,ONESOURCE,544292,ONESOURCE,INE013P01021,Pharmaceuticals,Pharmaceuticals & Biotechnology,1830.2,1830.2,20981.91,65.79,54.07,52.61,52.21,39.51,92.44,66.63,91.98,87.64,1586.61,1518.83,1512.64,1667.61,1789.24,1749.8,1693.15,1578.45,1561.94,-0.93,-0.4,-0.14,,34.23,-1.64,80.45,32.74
Oneclick Logistics Ltd.,OLIL,,OLIL,INE0OPS01011,Transport Related Services,Transportation,463.6,463.6,311.15,89.07,73.2,73.15,71.69,60.54,81.57,76.05,39.18,25.83,348.91,332.49,317.72,293.63,456.49,412.83,386.35,346.95,323.7,1.73,1.03,0.64,,42.06,63.78,22.9,36.38
Onelife Capital Advisors Ltd.,ONELIFECAP,533632,ONELIFECAP,INE912L01015,Other Financial Services,Banking and Finance,19.09,19.09,71.32,84.1,69.11,69.29,70.6,55.67,64.06,64.08,0.94,0.81,16.44,15.95,15.54,14.04,18.61,18.09,17.48,16.35,15.51,-0.76,0.06,0.02,0.41,24.78,16.57,0.97,38.16
Onward Technologies Ltd.,ONWARDTEC,517536,ONWARDTEC,INE229A01017,IT Consulting & Software,Software & Services,265.71,265.71,604.59,58.59,48.15,48.68,38.71,36.17,77.26,62.58,3.48,-0.21,244.32,246.96,273.16,292.46,257.41,253.35,250.3,254.6,267.13,0.97,1.79,1.48,1.13,8.2,-9.18,15.48,14.04
Onyx Biotec Ltd.,ONYX,,ONYX,INE0WVU01018,Pharmaceuticals,Pharmaceuticals & Biotechnology,32.85,32.85,59.56,61.29,50.37,48.6,40.5,34.55,47.42,58.32,0.33,0.01,33.09,33.8,34.73,40.87,34.68,34.03,33.75,34.02,35.92,-0.23,0.39,0.08,,11.65,-13.69,1.82,8.8
Optiemus Infracom Ltd.,OPTIEMUS,530135,OPTIEMUS,INE350C01017,Telecom Equipment,Telecommunications Equipment,420.2,420.2,3726.7,58.57,48.13,49.03,48.2,35.26,74.71,57.2,20.38,17.98,386.08,378.5,417.55,509.2,443.73,428.44,415.09,401.56,426.89,2.21,2.01,1.68,1.56,19.7,-25.94,22.41,35.8
Optivalue Tek Consulting Ltd.,OPTIVALUE,,OPTIVALUE,INE15B101011,IT Consulting & Software,Software & Services,82.5,82.5,193.14,54.33,44.65,44.64,45.48,44.94,68.83,65.34,2.72,1.96,76.65,74.19,76.26,,84.02,81.5,79.7,77.3,78.86,1.67,0.96,,,12.71,-3.93,3.73,13.67
Oracle Financial Services Software Ltd.,OFSS,532466,OFSS,INE881D01027,IT Consulting & Software,Software & Services,9010.5,9010.5,78447.58,59.44,48.85,55.8,54.83,45.37,81.89,67.42,618.85,632.24,8151.12,7549.96,7565.02,8071.56,9497,9221.33,8842.41,8069.19,7860.24,0.43,0.57,0.91,1,28.68,10.98,269.8,52.15
Orbit Exports Ltd.,ORBTEXP,512626,ORBTEXP,INE231G01010,Textiles,Textiles Apparels & Accessories,158.29,158.29,419.65,46.12,38.9,37.9,44.7,40.16,40.04,44.4,0.71,1.38,160.65,160.03,171.85,187.32,163.66,163.71,163.26,164.49,171.14,1.51,1.33,1.66,1.23,-2.22,-22.61,6.82,14.54
Orchasp Ltd.,ORCHASP,532271,ORCHASP,INE215B01022,IT Consulting & Software,Software & Services,1.97,1.97,62.95,41.35,33.98,34.08,34.43,35.37,53.18,43.08,-0.03,-0.04,2.06,2.16,2.45,2.72,2.05,2.05,2.06,2.18,2.38,0.89,0.74,0.74,,1,-41.11,0.12,10.25
Orchid Pharma Ltd.,ORCHPHARMA,524372,ORCHPHARMA,INE191A01027,Pharmaceuticals,Pharmaceuticals & Biotechnology,708.65,708.65,3594.21,61.97,50.93,51.52,48.52,36.4,82.87,80.6,36.42,21.07,574.13,566.87,649.67,706.43,678.89,643.08,617.13,602.62,637.44,1.1,1.35,1.16,0.9,33.9,-8.9,28.41,39.6
Oriana Power Ltd.,ORIANA,,ORIANA,INE0OUT01019,Green & Renewable Energy,Utilities,1826.05,1826.05,3710.39,49.4,40.6,42.77,42.25,46.45,35.45,42.7,29.5,55.76,1965.84,1902.27,1959.54,2244.99,2010.31,2034.38,2020.97,1975.21,2022.06,1.69,1.24,1.32,,-3.22,-35.02,99.55,15.71
Oricon Enterprises Ltd.,ORICONENT,513121,ORICONENT,INE730A01022,Containers & Packaging,Commercial Services & Supplies,64.01,64.01,1005.26,60.23,49.5,51.12,50.01,67.47,29.27,40.38,-0.5,-0.36,65.71,65.92,64.24,59.06,64.5,64.83,65.18,65.27,63.56,0.13,0.53,0.37,0.73,-4.15,11.18,1.88,15.27
Orient Bell Ltd.,ORIENTBELL,530365,ORIENTBELL,INE607D01018,Ceramics,Consumer Durables,316.15,316.15,463.16,79.14,63.69,65.04,59.27,41.22,71.04,52.22,14.29,13.35,298.17,290.65,285.88,289.84,337.87,324.53,315.44,298.88,291.77,2.54,1.1,0.78,0.55,17.42,9.24,19.75,30.29
Orient Cement Ltd.,ORIENTCEM,535754,ORIENTCEM,INE876N01018,Cement & Cement Products,Cement and Construction,135.02,135.02,2774.12,42.37,34.82,37.26,45.22,34.96,53.44,42.99,0.12,0.7,139.8,141.39,153.26,184.36,141.38,142.45,142.32,144.86,156.67,1.47,1.61,1.32,1.01,-1.51,-35.06,4.83,13.83
Orient Ceratech Ltd.,ORIENTCER,504879,ORIENTCER,INE569C01020,Electrodes & Refractories,General Industrials,40,40,478.56,60.11,49.4,49.4,50.37,54.94,47.17,52.84,0.56,0.66,40.46,39.28,41.56,40.49,41.79,41.49,41.16,40.58,40.59,1.27,1.38,1.32,1.06,1.52,14.72,1.81,9.43
Orient Electric Ltd.,ORIENTELEC,541301,ORIENTELEC,INE142Z01019,Consumer Electronics,Consumer Durables,188.15,188.15,4014.48,64.03,52.62,52.95,51.63,37.57,42.81,57.22,4.69,4.5,174.51,174.66,174.82,189.85,186.27,184.98,181.99,177.37,179.31,1.54,0.99,0.65,0.69,17.27,-12.43,8.27,27.86
Orient Green Power Company Ltd.,GREENPOWER,533263,GREENPOWER,INE999K01014,Green & Renewable Energy,Utilities,11.29,11.29,1324.35,63.64,52.3,52.17,53.14,37.73,84.34,63.44,0.68,0.65,10.71,10.21,10.58,12.05,12.27,11.97,11.55,10.83,10.95,0.98,1.51,1.42,1.14,23.76,-12.38,0.63,16.55
Orient Paper & Industries Ltd.,ORIENTPPR,502420,ORIENTPPR,INE592A01026,Paper & Paper Products,Commercial Services & Supplies,17.32,17.32,367.51,46.67,38.35,47.55,46.19,35.61,60.6,49.16,0.39,0.4,17.91,17.63,19.53,23.06,19.15,18.82,18.57,18.47,19.69,2.05,1.75,1.67,1.43,0.05,-27.73,0.84,15.61
Orient Press Ltd.,ORIENTLTD,526325,ORIENTLTD,INE609C01024,Containers & Packaging,Commercial Services & Supplies,68.06,68.06,68.06,58.79,48.31,47.77,47.13,37.48,64.99,59.69,1.41,1.05,62.29,62.97,66.09,76.04,66.34,65.47,64.49,64,67.11,0.1,0.83,0.87,0.88,13.46,-20.37,4.56,22.04
Orient Technologies Ltd.,ORIENTTECH,544235,ORIENTTECH,INE0PPK01015,IT Consulting & Software,Software & Services,284,284,1300.89,57.25,47.05,48.97,40.73,35.22,77.56,62.43,7.22,3.45,274.93,275.15,308.08,321.07,298.94,291.45,286.07,286.84,300.21,1.7,1.48,1.35,,13.24,-28.14,14.6,16.68
Oriental Aromatics Ltd.,OAL,500078,OAL,INE959C01023,Specialty Chemicals,Chemicals & Petrochemicals,297.9,297.9,1002.54,56.55,46.47,46.87,50.22,40.14,45.87,54.91,11.48,12.68,285.08,272.86,280.01,310.93,311.39,307.62,300.77,286.91,289.13,0.02,0.78,0.78,0.88,19.26,-10.29,15.02,38.64
Oriental Hotels Ltd.,ORIENTHOT,500314,ORIENTHOT,INE750A01020,Hotels,Hotels Restaurants & Tourism,98.95,98.95,1767.24,58.19,47.82,49.28,47.15,38.19,84.81,56.89,2.9,2.2,97.1,95.5,100.6,116.23,105.92,102.59,100.63,98.91,102.99,1.54,1.43,1.2,1.09,6.39,-14.24,4.6,18.23
Oriental Trimex Ltd.,ORIENTALTL,532817,ORIENTALTL,INE998H01012,Construction Materials,Cement and Construction,6.83,6.83,50.21,49.18,40.42,41.01,41,44.69,35.1,54.84,0.14,0.18,6.65,6.39,7.1,8.45,6.95,6.95,6.87,6.78,7.23,0.69,1.65,0.89,0.92,-4.4,-29.23,0.37,24.62
Orissa Bengal Carrier Ltd.,OBCL,541206,OBCL,INE426Z01016,Warehousing & Logistics,Transportation,56.18,56.18,118.44,54.32,44.64,52.04,45.96,48.32,35.12,47.32,-0.08,-0.06,55.86,55.84,55.58,55.61,55.79,55.67,55.73,55.74,55.65,0.23,-0.21,-0.07,0.24,-0.75,-2.6,2.27,33.38
Orkla India Ltd.,ORKLAINDIA,544595,ORKLAINDIA,INE16NZ01023,Packaged Foods,FMCG,639.2,639.2,8756.35,34.31,28.2,27.53,27.66,34.72,69.07,59.31,11.76,13.93,627.88,603.63,598.51,,645.85,642.56,636.1,616.98,616.76,0.76,0.44,,,3.99,,15.14,33.46
Ortel Communications Ltd.,ORTEL,539015,ORTEL,INE849L01019,Broadcasting & Cable TV,Media,1.68,1.68,5.54,66.32,54.5,51.61,56.81,51.69,64.59,49.55,0.01,0.02,1.75,1.69,1.56,1.66,1.72,1.75,1.75,1.69,1.65,-0.47,0.48,0.23,0.17,1.76,6.79,0.13,15.23
Ortin Global Ltd.,ORTINGLOBE,539287,ORTINGLOBE,INE749B01020,Pharmaceuticals,Pharmaceuticals & Biotechnology,14.69,14.69,11.95,61.32,50.39,50.36,68.05,59.7,55.98,49.03,-0.1,-0.08,14.91,15.56,14.69,13.71,14.71,14.99,15.05,15.08,14.68,0.1,0.55,0.38,0.53,-3.04,31.35,0.91,14.82
Osel Devices Ltd.,OSELDEVICE,,OSELDEVICE,INE0RMF01018,Other Electrical Equipment/Products,Consumer Durables,522.45,522.45,929.68,56.04,46.05,48.4,50.61,58.23,35.66,44.85,2.1,8.74,565.9,538.46,526.54,555.63,552.26,563.04,563.59,550.17,543.04,0.77,1.22,1.1,,-6.04,-21.86,30.3,13.63
Osia Hyper Retail Ltd.,OSIAHYPER,,OSIAHYPER,INE06IR01021,Department Stores,Retailing,4.81,4.81,85.12,33.06,27.17,27.25,35.98,24.46,53.86,40.88,-0.07,-0.1,4.96,5.93,10.32,15,5.5,5.61,5.59,6.81,9.68,1.17,0.86,0.98,0.73,37.5,-75.56,0.33,30.39
Oswal Agro Mills Ltd.,OSWALAGRO,500317,OSWALAGRO,INE142A01012,Commodity Trading  & Distribution,Commercial Services & Supplies,46.43,46.43,623.25,47.26,38.84,40.45,41.18,44.01,31.33,51.45,0.57,0.84,47.28,45.99,50.05,61.62,48.42,48.68,48.37,48.17,51.51,0.89,2.57,1.63,1.24,-10.17,-36.54,2.53,9.74
Oswal Green Tech Ltd.,OSWALGREEN,539290,OSWALGREEN,INE143A01010,Other Financial Services,Banking and Finance,25.64,25.64,658.46,49.22,40.45,40.93,40.98,46.18,30.87,46.69,0.4,0.61,26.76,26.17,28.28,33.89,27.77,27.81,27.6,27.33,28.92,1.65,2.27,1.86,1.47,-2.18,-30.19,1.27,14.25
Oswal Pumps Ltd.,OSWALPUMPS,544418,OSWALPUMPS,INE0BYP01024,Compressors & Pumps,General Industrials,399.8,399.8,4557.92,46.63,37.93,38.32,37.42,40.43,53.37,52.02,15.83,19.09,384.19,353.29,398.11,560.93,417.12,410.81,401.76,385.99,422.53,1.57,1.84,,,9.21,-40.79,18.6,29.13
Owais Metal and Mineral Processing Ltd.,OWAIS,,OWAIS,INE0R8M01017,Iron & Steel/Interm.Products,Metals & Mining,174.65,174.65,317.56,39.74,32.66,41.89,38.4,23.11,74.6,56.71,10.88,11.42,158.42,148.41,199.28,328.88,186.13,182.21,175.14,173.48,216.52,-0.35,0.44,0.66,,48.93,-62.75,10.4,36.39
P E Analytics Ltd.,PROPEQUITY,,PROPEQUITY,INE0KN801013,IT Software Products,Software & Services,218,218,228.51,69.41,57.04,56.95,56.51,44.71,49.94,64.69,8.48,5.64,189.94,189.17,185.36,199.41,210.7,205.17,199.38,191.72,192.17,0.86,0.4,-0.35,-0.1,11.79,-3.11,8.31,20.14
P N Gadgil Jewellers Ltd.,PNGJL,544256,PNGJL,INE953R01016,Gems & Jewellery,Textiles Apparels & Accessories,627.3,627.3,8512.98,60.92,50.06,58.78,49.9,52.86,60.7,52.37,25.63,26.72,640,603.52,594.2,605.22,697.66,680.68,665.62,627.72,610.39,1.5,0.98,0.87,,7.53,-0.5,25.17,31.93
P S Raj Steels Ltd.,PSRAJ,,PSRAJ,INE0XUS01012,Iron & Steel Products,Metals & Mining,357,357,269.12,84.81,69.7,69.95,67.74,59.72,72.2,79.68,17.01,11.01,285.9,283.62,287.55,236.12,333.99,317.69,306.02,290.95,276.97,0.1,0.39,,,43.8,43.83,10.23,27.61
PB Fintech Ltd.,POLICYBZR,543390,POLICYBZR,INE417T01026,Internet Software & Services,Software & Services,1603.3,1603.3,74183.58,53.53,43.99,51.72,50.82,40.43,46.03,56.05,41.75,45.18,1571.06,1534.01,1610.72,1701.52,1670.8,1652.66,1627.12,1585.6,1608.72,0.54,0.83,0.76,0.94,9.61,-9.91,58.54,24.67
PC Jeweller Ltd.,PCJEWELLER,534809,PCJEWELLER,INE785M01021,Gems & Jewellery,Textiles Apparels & Accessories,8.47,8.47,8224.82,46.48,38.2,39.54,46.39,34.44,45.66,43.97,0.09,0.14,9.1,9.06,9.61,11.2,9.4,9.39,9.33,9.33,9.78,1.48,1.57,1.4,1.18,-4.34,-25.12,0.34,15.17
PCBL Chemical Ltd.,PCBL,506590,PCBL,INE602A01031,Refineries/Petro-Products,Oil & Gas,277.95,277.95,10936.29,58.93,48.43,48.02,48.48,34.75,77.48,53.6,8.35,7.74,280.09,278.06,285.02,327.95,303,297.1,291.66,285.11,293.97,1.89,1.82,1.51,1.37,9.04,-17.3,11.93,15.25
PDS Ltd.,PDSL,538730,PDSL,INE111Q01021,Textiles,Textiles Apparels & Accessories,285,285,4031.1,58.42,48.01,48.83,30.5,36.55,42.53,53.3,0.67,-0.98,286.73,287.04,316.53,330.11,291.88,289.04,288.15,293.96,309.27,1.41,1.33,1.18,0.97,-1.51,-22.41,11.71,13.62
PG Electroplast Ltd.,PGEL,533581,PGEL,INE457L01029,Consumer Electronics,Consumer Durables,493.9,493.9,14105.14,48.11,39.54,41.8,48.35,38.61,43.1,42.22,0.73,3.67,519.48,536.89,558.72,576.78,530.62,534.49,533.9,538.97,554.58,2.39,2.02,1.85,1.55,5.82,-10.26,21.83,13.62
PI Industries Ltd.,PIIND,523642,PIIND,INE603J01030,Agrochemicals,Chemicals & Petrochemicals,2997.6,2997.6,45479.02,57.9,47.58,48.66,46.72,37.52,68.48,56.29,33.3,30.43,2981.38,2991.92,3095.25,3397.07,3077.68,3068.08,3045.74,3036.85,3126.21,0.79,0.96,0.86,0.79,7.43,-16.09,81.03,16.61
PNB Gilts Ltd.,PNBGILTS,532366,PNBGILTS,INE859A01011,Finance (including NBFCs),Banking and Finance,68.83,68.83,1239.01,47.99,39.44,49.72,40.38,33.92,31.89,45.68,0.09,0.16,70.08,71.73,75.93,86.09,71.83,71.72,71.62,72.69,76.34,1.19,1.36,1.29,1.14,0.09,-22.32,2.59,10.8
PNB Housing Finance Ltd.,PNBHOUSING,540173,PNBHOUSING,INE572E01012,Housing Finance,Banking and Finance,1057.7,1057.7,27558.33,71.23,58.54,59.35,56.98,50.57,87.92,70.92,60.37,57.67,931.24,876.8,890.4,883.17,1064.56,1036.74,999.25,926.34,901.15,1.1,1.52,1.4,1.16,22.84,15.15,31.8,42.35
PNC Infratech Ltd.,PNCINFRA,539150,PNCINFRA,INE195J01029,Roads & Highways,Cement and Construction,218.75,218.75,5611.8,57.33,47.72,47.11,44.9,33.35,81.35,59.68,7.3,6.95,200.58,198.58,216.74,253.32,221.67,217.26,212.5,208.09,218.83,0.87,1.33,1.11,1.12,21.62,-21.59,7.85,28.53
PNGS Reva Diamond Jewellery Ltd.,PNGSREVA,544718,PNGSREVA,INE1RDG01013,Gems & Jewellery,Textiles Apparels & Accessories,396,396,1255.26,,,,,,72.93,53.26,17.28,12.95,388.73,,,,439.67,422.89,411.54,,,0.85,,,,11.55,,29.73,45.06
PPAP Automotive Ltd.,PPAP,532934,PPAP,INE095I01015,Auto Parts & Equipment,Automobiles & Auto Components,213.15,213.15,300.83,62.11,51.04,52.65,40.49,41.52,74.94,71.14,5.28,2.61,205.69,206.34,208.41,222.11,218.91,216.17,212.48,208.93,211.31,0.43,1.29,1.23,1.06,19.2,-8.67,12.21,21.86
PRO FX Tech Ltd.,PROFX,,PROFX,INE0VJT01017,Distributors,Commercial Services & Supplies,71,71,124.28,42.5,34.93,33.96,41.74,39.46,59.12,56.97,1.85,1.96,67.5,65.49,68.59,,71.32,71.11,69.97,68.43,72.45,1.27,0,,,20.07,-20.07,2.45,18.13
PSP Projects Ltd.,PSPPROJECT,540544,PSPPROJECT,INE488V01015,Construction & Engineering,Cement and Construction,776.75,776.75,3079.18,63.21,51.95,51.81,51.05,41.09,88.88,66.19,38.44,30.3,718.14,707.82,761.69,783.54,829.59,795.34,769.5,741.68,752.84,1.03,1.56,1.32,0.92,20.89,-14.67,32.82,35.93
PTC India Financial Services Ltd.,PFS,533344,PFS,INE560K01014,Finance (including NBFCs),Banking and Finance,30.2,30.2,1939.7,50.86,41.8,40.7,48.91,37.6,64.38,57.15,0.61,0.65,29.61,29.22,31.15,34.08,31.12,31.06,30.67,30.3,31.23,1.13,1.33,1.36,1.44,11.43,-13.11,1.33,19.77
PTC India Ltd.,PTC,532524,PTC,INE877F01012,Power - Electric Utilities,Utilities,201.93,201.93,5977.3,83,68.21,68.02,66.51,53.37,67.95,64.87,13.48,11.55,186.07,176.04,171.26,171.98,219.63,209.13,200.49,184.64,176.67,1.23,0.92,0.93,1.22,26.65,28.14,7.82,41.45
PTC Industries Ltd.,PTCIL,539006,PTCIL,INE596F01018,Other Industrial Products,General Industrials,17142,17142,25700.14,69.81,57.37,56.77,46.48,40.98,75.34,59.5,135.72,-32.34,15971.13,16638.44,17309.1,16567.62,16867.6,16521.57,16389.22,16597.83,16815,1.11,0.64,0.46,,7.92,-0.83,550.15,14.97
PTL Enterprises Ltd.,PTL,509220,PTL,INE034D01049,Misc. Commercial Services,Commercial Services & Supplies,39.73,39.73,525.93,62.95,51.73,52.09,52.69,41.39,70.9,60.83,0.63,0.54,38.8,38.4,38.92,39.38,40.43,39.98,39.57,38.99,39.03,0.48,0.67,0.5,0.74,4.89,1.31,0.85,16.73
PVP Ventures Ltd.,PVP,517556,PVP,INE362A01016,Realty,Realty,30.78,30.78,801.52,56.49,46.42,48.6,49.33,55.54,52.3,45.77,0.58,1.06,30.54,28.86,30.51,29.44,31.16,31.67,31.41,30.36,30.13,0.11,1.47,1.24,1.09,-1.92,-8.13,2.24,19.7
PVR INOX Ltd.,PVRINOX,532689,PVRINOX,INE191H01014,Movies & Entertainment,Media,1014.6,1014.6,9963.37,60.05,49.35,49.57,50.32,40.63,62.38,52.2,23.84,19.86,988.1,997.21,1007.54,1053.21,1059.58,1041.65,1025.43,1008.44,1016.82,0.97,0.85,0.83,0.89,7.43,-11.7,34.21,27.31
Pace Digitek Ltd.,PACEDIGITK,544550,PACEDIGITK,INE0S3G01027,Telecom Cables,Telecommunications Equipment,188.46,188.46,4067.93,50.72,41.68,41.23,40.96,29.89,76.39,63,5.81,4.41,167.05,166.68,175.47,,183.66,179.69,175.75,172.28,179.76,1.63,1.28,,,27.06,-14.38,8.56,21.32
Page Industries Ltd.,PAGEIND,532827,PAGEIND,INE761H01022,Other Apparels & Accessories,Textiles Apparels & Accessories,35085,35085,39133.46,56.88,46.74,45.86,44.33,46.96,21.9,49.73,721.19,980.17,36031.5,34239.4,34446.5,38515.72,37179,37048.31,36673.65,35453.84,35699.06,0.65,0.72,0.82,0.63,2.6,-9.69,848.6,31.31
Paisalo Digital Ltd.,PAISALO,532900,PAISALO,INE420C01059,Finance (including NBFCs),Banking and Finance,44.95,44.95,4088.3,73.53,60.43,68.01,66.75,54.64,79.33,69.62,3.09,3.16,42.66,39.25,37.08,36.2,49.03,47.77,45.92,41.42,38.77,1.21,0.93,1.11,1.23,27.25,26.65,1.93,57.6
Pakka Ltd.,PAKKA,516030,PAKKA,INE551D01018,Paper & Paper Products,Commercial Services & Supplies,92.76,92.76,416.94,50.88,41.81,42.26,40.36,44.01,22.85,48.28,1.18,1.9,94.14,90.18,93.7,122.68,95.8,95.79,95.23,93.71,99.91,0.22,1.02,1.16,,3.76,-33.15,4.12,19.59
Palash Securities Ltd.,PALASHSECU,540648,PALASHSECU,INE471W01019,Other Financial Services,Banking and Finance,95.95,95.95,95.98,51.01,41.92,43.41,41.69,37.31,53.82,55.28,1.73,1.79,93.53,91.89,96.76,107.67,98.18,97.23,96.15,94.88,98.07,1.22,0.66,0.78,0.97,6.09,-16.46,4.51,26.69
Palred Technologies Ltd.,PALREDTEC,532521,PALREDTEC,INE218G01033,IT Consulting & Software,Software & Services,37.95,37.95,46.42,50.38,41.4,40.71,46.39,34.41,63.35,59.92,1.63,1.65,35.24,33.59,37.09,44.87,38.8,38.48,37.46,36.14,38.12,0.33,0.93,0.57,0.24,26.07,-29.81,2.37,28.71
Panacea Biotec Ltd.,PANACEABIO,531349,PANACEABIO,INE922B01023,Biotechnology,Pharmaceuticals & Biotechnology,365.55,365.55,2239.02,61.33,50.4,51.18,51.16,36.83,83,57.29,13.91,11.47,349.88,342.37,356.32,382.8,388.49,376.28,367.11,355.22,360.2,1.2,1.26,0.99,0.95,14.5,-11.96,19.01,19.7
Panache Digilife Ltd.,PANACHE,,PANACHE,INE895W01019,Computer Hardware,Hardware Technology & Equipment,362.6,362.6,580.67,63.73,52.37,50.36,50.83,40.97,65.71,57.88,9.15,7.44,317.22,318.76,317.71,327.95,340.72,336.27,330.14,322.68,322.97,0.36,1.03,0.56,0.58,12.65,-21.92,20.52,20.97
Panama Petrochem Ltd.,PANAMAPET,524820,PANAMAPET,INE305C01029,Refineries/Petro-Products,Oil & Gas,286.9,286.9,1735.56,62.97,51.75,51.85,51.21,39.15,80.54,61.19,7.16,4.29,272.94,272.35,281.57,292.96,294.7,287.07,282.02,277.87,281.96,1.42,1.05,0.84,1.01,7.34,8.33,11.75,18.54
Pansari Developers Ltd.,PANSARI,,PANSARI,INE697V01011,Realty,Realty,268.25,268.25,468.01,74.74,61.42,62.32,63.08,46.31,83.6,49.68,9.28,7.97,286.58,288.1,295.48,280.76,316.65,307.15,300.91,293.35,289.59,0.96,0.19,-0.01,-0.03,10.11,13.72,19.87,30.18
Par Drugs & Chemicals Ltd.,PAR,,PAR,INE04LG01015,Pharmaceuticals,Pharmaceuticals & Biotechnology,91.58,91.58,112.69,60.49,49.71,49.63,40.68,41.83,63.79,59.63,0.88,0.63,89.96,90.33,93.51,97.43,92.97,92.32,91.71,91.45,93.24,0.73,1.07,0.92,0.74,2.94,-5.21,3.44,12.25
Paradeep Phosphates Ltd.,PARADEEP,543530,PARADEEP,INE088F01024,Fertilizers,Fertilizers,127.63,127.63,13250.17,46.41,38.14,39.73,38.66,45.16,52.2,46.28,1.55,2.82,123.41,118.95,130.57,157.83,124.9,126.69,125.93,124.8,131.62,1.18,1.21,0.95,0.94,1.11,-27.08,5.36,17.61
Parag Milk Foods Ltd.,PARAGMILK,539889,PARAGMILK,INE883N01014,Packaged Foods,FMCG,218.45,218.45,2754.86,48.89,40.18,40.57,48.59,36.97,54.3,46.77,3.63,4.87,212.96,207.21,237.49,259.3,221.66,221.74,219.54,219.38,231.91,1.41,1.51,1.66,1.08,5.9,-32.27,9.59,14.7
Paragon Fine & Speciality Chemical Ltd.,PARAGON,,PARAGON,INE0N4G01012,Dyes & Pigments,Chemicals & Petrochemicals,43.5,43.5,85.11,60.27,49.53,49.77,39.88,37.81,68.48,54.1,1.43,0.67,41.6,42.9,42.11,48.65,48.43,44.66,43.61,42.89,44.33,-0.05,0.78,0.25,,12.75,-19.03,3.13,15.97
Paramatrix Technologies Ltd.,PARAMATRIX,,PARAMATRIX,INE0S2W01018,IT Consulting & Software,Software & Services,65,65,74.81,47.19,38.78,35.92,36.91,37.75,49.2,48.38,-0.15,-0.49,65.6,69.09,75.2,82.31,67.08,67.13,67.03,69.44,74.29,1.02,-0.31,0.12,,10.83,-22.4,3.7,17.42
Paramount Communications Ltd.,PARACABLES,530555,PARACABLES,INE074B01023,Wires & Cables,Consumer Durables,54.22,54.22,1654.85,75.15,61.76,58.29,53.57,48.96,96.21,86.35,4.39,2.46,38.6,36.63,36.47,41.28,49.98,45.89,42.89,38.9,38.48,0.14,1.76,1.71,1.28,61.44,40.06,3.18,34.01
Paramount Dye Tec Ltd.,PARAMOUNT,,PARAMOUNT,INE0TG801013,Textiles,Textiles Apparels & Accessories,52.85,52.85,36.69,63.47,52.16,54.07,35.28,26.79,91.25,74.93,2.81,0.43,41.88,42.79,47.5,53.72,50.47,46.9,44.71,44.33,47.33,-1.16,-0.43,-0.02,,48.23,-3.77,3.05,26.36
Paramount Speciality Forgings Ltd.,PSFL,,PSFL,INE0Q6001012,Other Industrial Products,General Industrials,31,31,61.01,62.98,51.76,51.92,50.18,38.85,67.23,62.65,1.2,1.04,28.53,28.36,28.57,33.07,31.65,31.01,30.22,29.13,29.9,0.05,0.37,0,,18.89,-6.96,1.3,32.79
Parampara Dairy Delights Ltd.,PARAMPARA,,PARAMPARA,INE749Y01014,Plastic Products,General Industrials,11,11,11.55,53.3,43.8,52.01,,50.22,41.51,55.7,0.58,0.62,10.48,9.38,8.93,12.63,11.46,11.15,10.83,9.94,10.11,1.15,0.41,-0.05,,5.77,-27.15,0.43,15.7
Paras Defence and Space Technologies Ltd.,PARAS,543367,PARAS,INE045601023,Aerospace & Defence,General Industrials,800.6,800.6,6451.82,81.77,67.2,66.66,60.74,50.4,66.36,69.57,42.27,38.68,744.08,710.85,686.68,693.62,839.73,818.65,792.53,737.1,709.87,1.07,1.16,1.05,1.15,29.41,24.41,36.15,38.86
Paras Petrofils Ltd.,PARASPETRO,521246,PARASPETRO,INE162C01024,Textiles,Textiles Apparels & Accessories,2.13,2.13,71.19,58.15,47.79,46.48,44.26,51.73,15.34,43.92,-0.04,-0.03,2.32,2.26,2.17,2.23,2.17,2.21,2.23,2.25,2.23,0.18,0.1,0.15,0.46,-7.59,2.34,0.08,12.77
Parin Enterprises Ltd.,PARIN,,PARIN,INE00U801010,Furniture-Furnishing,Diversified Consumer Services,637.65,637.65,708.94,78.24,64.3,55.2,56.57,59.48,68.61,54.48,0.84,-0.92,627.38,650.6,634.57,558.01,642.72,638.66,637.49,638.69,621.6,-0.9,0,-0.01,,1,17.17,36.2,13.2
Park Medi World Ltd.,PARKHOSPS,544645,PARKHOSPS,INE119201023,Healthcare Facilities,Healthcare,246.33,246.33,10639.75,39.77,32.68,32.52,34.04,32.87,85.63,77.99,13.02,11.32,220.06,209.93,,,248.22,240.36,232.34,211.25,,0.31,1.12,,,26.01,,9.61,41.52
Parsvnath Developers Ltd.,PARSVNATH,532780,PARSVNATH,INE561H01026,Realty,Realty,6.28,6.28,273.29,29.69,24.4,25.24,32.98,32.61,13.68,37.07,-0.18,0.04,7.4,7.21,8.39,11.92,6.75,7.25,7.4,7.68,8.89,-0.65,1.03,1.61,0.95,1.73,-61.96,0.52,22.07
Parth Electricals & Engineering Ltd.,PARTH,,PARTH,INE1H7V01011,Heavy Electrical Equipment,General Industrials,363.4,363.4,496.7,64.15,52.72,53.58,43.45,50.55,60.11,68.74,18.02,15.51,327.3,306.5,261.88,,367.76,352.33,341.41,311.05,285.17,-0.82,0.34,,,19.05,44.9,17.63,23.17
Party Cruisers Ltd.,PARTYCRUS,,PARTYCRUS,INE06ZX01015,Special Consumer Services,Diversified Consumer Services,96.15,96.15,115.28,84.14,69.15,70.22,69.51,66.75,66.77,63.29,3.16,2.28,87.46,85.33,84.72,79.92,95.26,92.71,90.63,87.09,84.8,0.62,0.94,0.32,0.2,10.98,34.72,3.11,30.56
Pashupati Cotspin Ltd.,PASHUPATI,544448,PASHUPATI,INE124Y01028,Textiles,Textiles Apparels & Accessories,86.89,86.89,1371.47,60.64,49.83,49.84,48.76,62.38,17.5,39.16,-2.36,-2.33,93.22,95.58,89.12,81.39,87.66,88.5,90.02,91.71,89.1,-2.11,-0.13,0.02,0.13,-12.72,7.1,4.94,14.85
Pasupati Acrylon Ltd.,PASUPTAC,500456,PASUPTAC,INE818B01023,Fibres & Plastics,General Industrials,51.84,51.84,462.07,66.8,54.9,55.09,56.31,42.87,74.7,64.84,1.83,1.39,48.4,48.18,49.05,48.6,53.66,52.01,50.78,49.21,49,0.06,1.23,1.29,1.02,14.03,0.78,2.56,24.65
Patanjali Foods Ltd.,PATANJALI,500368,PATANJALI,INE619A01035,Edible Oils,FMCG,441.05,441.05,47990.84,45.74,37.59,37.16,37.41,36.63,58.8,39.11,-5.4,-5.82,465.41,478.03,505.22,549.75,458.66,460.87,463.7,478.24,501.29,0.81,0.77,0.78,0.96,-3.08,-21.1,10.35,26.12
Patel Engineering Ltd.,PATELENG,531120,PATELENG,INE244B01030,Construction & Engineering,Cement and Construction,26.76,26.76,2654.97,49.11,40.36,49.62,48.53,37.41,69.36,52.22,0.66,0.7,27,26.51,27.73,31.78,28.73,28.4,27.99,27.47,28.51,0.87,1.26,1.37,1.34,5.86,-20.51,1,17.89
Patel Integrated Logistics Ltd.,PATINTLOG,526381,PATINTLOG,INE529D01014,Surface Transportation,Transportation,11.96,11.96,83.22,60.26,49.52,50.62,48.46,37.67,60.27,63.29,0.37,0.36,10.9,10.49,11.71,13.28,11.81,11.67,11.43,11.18,11.72,0.93,1.1,1,1.32,13.8,-13.89,0.55,41.25
Patel Retail Ltd.,PATELRMART,544487,PATELRMART,INE0R8B01010,Department Stores,Retailing,201.34,201.34,672.49,43.93,36.1,35.65,42.96,30.34,71.83,58.05,7.71,8.85,193.36,184.7,191.02,,210.12,208.54,203.98,194.81,198.67,0.21,1.17,,,14.57,-5.2,8.37,33.24
Patil Automation Ltd.,PATILAUTOM,,PATILAUTOM,INE17GV01016,Industrial Machinery,General Industrials,201.55,201.55,439.8,66.97,55.04,55.97,54.22,33.13,80.73,78.27,12.12,8.95,158.7,154.39,160.09,177.95,190.95,181.05,173.01,161.84,163.79,1.7,1.13,,,40.38,15.81,10.49,40.08
Pattech Fitwell Tube Components Ltd.,PATTECH,,PATTECH,INE0NZW01014,Castings & Forgings,General Industrials,116.85,116.85,109.81,54.73,44.98,42.45,40.79,41.64,95.28,64.23,-0.11,-3.31,101.07,106.13,116.84,109.95,106.27,101.44,100.86,105.59,110.08,-0.31,-0.07,0,,1.61,13.83,4.42,19.41
Paul Merchants Ltd.,,539113,PML,INE291E01019,Finance (including NBFCs),Banking and Finance,579.95,579.95,178.86,50.15,42.56,41.32,41.85,39.21,63.23,58.04,18.41,19.87,528.86,518.32,553.99,630.14,569.89,570.76,559.33,543.56,563.13,0.8,-0.16,-0.1,0.23,25.16,-13.83,26.62,22.38
Paushak Ltd.,PAUSHAKLTD,532742,PAUSHAKLTD,INE111F01024,Specialty Chemicals,Chemicals & Petrochemicals,479.3,479.3,1181.81,43.11,35.43,35.82,28.03,25.54,65.66,56.57,15.27,13.72,461.43,447.57,495.12,,509.33,492.15,482.3,473.68,500.95,0.87,1.68,,,10.64,,25.09,24.73
Pavna Industries Ltd.,PAVNAIND,543915,PAVNAIND,INE07S101038,Auto Parts & Equipment,Automobiles & Auto Components,19.63,19.63,273.9,45.21,37.15,38.62,30.62,31.59,18.54,46.72,0.02,0.2,18.93,19.24,20.63,28.73,19.22,19.53,19.54,19.83,22.05,1.29,1.14,1.09,0.75,6.84,-45.93,1.21,16.75
Pearl Global Industries Ltd.,PGIL,532808,PGIL,INE940H01022,Other Apparels & Accessories,Textiles Apparels & Accessories,1497.9,1497.9,6914.25,71.32,58.61,68.06,55.88,54.09,28.41,48.58,10.34,12.42,1535.83,1524.42,1555.41,1485.44,1566.26,1562.6,1556.54,1545.14,1533.73,1.16,1.19,1.24,1.16,0.26,18.48,57.17,12.14
Pearl Polymers Ltd.,PEARLPOLY,523260,PEARLPOLY,INE844A01013,Plastic Products,General Industrials,19.97,19.97,33.62,54.78,45.02,39.65,47.05,32.39,8.22,60.11,0.81,0.93,18.43,18.06,19.52,24.49,20.47,20.34,19.85,19.12,20.21,2.05,1.5,1.25,1.26,26.26,-26.1,1.16,25.86
Pelatro Ltd.,PELATRO,,PELATRO,INE0VG601013,BPO/KPO,Software & Services,271.3,271.3,282.33,33.27,27.34,27.99,39.31,38.61,52.9,40.55,-4.26,-2.21,296.15,298.57,319.19,355.66,286.14,291.64,294.45,302.26,317.37,0.27,0.87,0.41,,-10.86,-22.8,11.08,17.88
Peninsula Land Ltd.,PENINLAND,503031,PENINLAND,INE138A01028,Realty,Realty,17.09,17.09,567.47,33.63,27.64,29.88,32.51,30.87,19.18,46.55,-0.19,0.02,17.81,17.29,20.1,27.21,17.04,17.62,17.77,18.32,20.6,2.99,2.04,1.78,1.33,-0.17,-49.84,1.2,17.56
Pennar Industries Ltd.,PENIND,513228,PENIND,INE932A01024,Iron & Steel/Interm.Products,Metals & Mining,161.15,161.15,2174.66,47.63,39.14,40.65,38.83,44.9,47.93,53.87,3.62,4.48,162.01,154.44,168.4,203.51,169.41,168.77,166.69,163.71,172.5,1.5,1.54,1.65,1.57,4.04,-38.9,6.76,13.06
Pentagon Rubber Ltd.,PENTAGON,,PENTAGON,INE0ORS01017,Other Industrial Products,General Industrials,65,65,50.12,60.2,49.47,58.12,57.5,44.47,54.13,48.42,0.92,0.6,64.67,66.14,72.22,67.3,67.44,67.23,66.49,67,68.21,1.44,0.16,0.03,,,18.94,4.63,21.18
Perfect Infraengineers Ltd.,PERFECT,,PERFECT,INE925S01012,Other Electrical Equipment/Products,Consumer Durables,8.1,8.1,14.17,18.13,14.9,14.9,,,67.66,36.26,-0.71,-0.71,9.96,10.22,13.18,21.21,8.23,8.62,9.03,10.56,13.73,0.02,-0.26,-0.48,,-20.59,-74.73,0.53,23.48
Persistent Systems Ltd.,PERSISTENT,533179,PERSISTENT,INE262H01021,IT Consulting & Software,Software & Services,4877.1,4877.1,76277.84,51.53,41.04,42.35,35.86,50.79,31.65,43.26,-44.16,-45.64,5107.4,4949.35,5522.21,5562.12,5017.36,4979.78,5006.51,5124.98,5329.97,1.42,0.63,1.04,0.92,-10.86,-16.52,167.58,20.35
Petro Carbon and Chemicals Ltd.,PCCL,,PCCL,INE998U01015,Petrochemicals,Chemicals & Petrochemicals,289.6,289.6,715.31,88.6,72.81,72.34,71.58,73.44,64.06,62.55,13.55,13.4,267.93,250.85,232.9,206.64,298.01,288.35,280.25,258.5,238.48,1.16,0.66,0.83,,15.71,63.03,10.97,15.42
Petronet LNG Ltd.,PETRONET,532522,PETRONET,INE347G01014,Oil Marketing & Distribution,Oil & Gas,271.15,271.15,40672.5,61.52,50.56,54.01,50.21,46.9,67.98,49.48,2.26,1.57,269.29,277.8,282.06,280.68,281.5,278.57,276.81,277.31,279.77,1.25,1.51,1.22,0.98,1.97,-1.69,8.33,8.83
Pfizer Ltd.,PFIZER,500680,PFIZER,INE182A01018,Pharmaceuticals,Pharmaceuticals & Biotechnology,4725.9,4725.9,21619.91,53.16,43.69,34.12,32.26,40.88,35.4,55.62,-5.47,-12.38,4794.77,4813.57,4843.01,5010.38,4785.2,4786.88,4789.15,4809.82,4860.88,0.24,0.69,0.5,0.41,0.82,-4.68,111.35,11.16
Phantom Digital Effects Ltd.,PHANTOMFX,,PHANTOMFX,INE0MLZ01019,Movies & Entertainment,Media,197.2,197.2,269.76,50.89,41.82,41.15,39.96,38.75,34.31,47.66,2.15,3.05,199.24,197.3,210.1,235.54,207.03,205.67,204.44,203.67,211.75,1.35,1.45,1.19,1.05,-0.07,-21.82,11.73,18.26
Phoenix Mills Ltd.,PHOENIXLTD,503100,PHOENIXLTD,INE211B01039,Realty,Realty,1731,1731,61907.57,66.99,55.05,63.27,56.5,61.53,55.71,59.43,41.5,42.14,1717.44,1675.09,1734.95,1670.59,1820.54,1797.6,1772.16,1725.52,1710.37,1.24,1.31,1.12,0.97,5.71,2.44,51.88,18.57
Phoenix Overseas Ltd.,PHOGLOBAL,,PHOGLOBAL,INE0FPO01018,Commodity Trading  & Distribution,Commercial Services & Supplies,18.45,18.45,35.69,58.91,48.41,48.09,47.86,38.82,57.73,49.21,0.18,0.16,17.99,18.57,19.33,20.83,18.87,18.74,18.6,18.74,19.4,-1.3,0.32,-0.02,,12.84,-11.93,0.9,21.89
Physicswallah Ltd.,PWL,544609,PWL,INE0LP301011,Education,Diversified Consumer Services,107.65,107.65,30784.59,31.33,25.75,27.43,33.82,32.13,74.74,61.14,3.35,3.62,102.21,95.6,109.31,,108.57,108,105.97,103.52,112.36,1.3,0.75,,,11.39,,4.41,41.32
Piccadily Agro Industries Ltd.,PICCADIL,530305,PICCADIL,INE546C01010,Sugar,"Food, Beverages & Tobacco",591,591,5825.58,57.24,47.04,46.33,54.76,34.2,45.31,55.43,15.82,17.28,586.63,570.93,576.45,607.55,619.25,617.15,607.61,588.59,587.35,0.3,0.94,,,9.9,-10.17,25.04,26.42
Picturepost Studios Ltd.,PPSL,,PPSL,INE0YAL01017,Movies & Entertainment,Media,6.7,6.7,19.63,28.33,23.28,22.93,31.66,34.43,52.67,43.52,-0.11,0.06,7.47,7.3,8.54,12.1,7.04,7.42,7.52,7.77,9.05,-0.46,0.36,0.23,,8.46,-49.64,0.54,18.76
Pidilite Industries Ltd.,PIDILITIND,500331,PIDILITIND,INE318A01026,Specialty Chemicals,Chemicals & Petrochemicals,1453,1453,147882.75,61.22,50.31,51.26,49.62,39.04,69.07,58.15,18.23,9.34,1366.2,1384.86,1426.52,1462.63,1429.86,1411.2,1397.59,1395.53,1417.27,1.19,1.23,0.92,0.59,6.07,-1.24,37.48,18.65
Pil Italica Lifestyle Ltd.,PILITA,500327,PILITA,INE600A01035,Plastic Products,General Industrials,8.32,8.32,195.52,57.33,47.11,46.54,44.03,30.03,63.98,70.46,0.34,0.2,7.72,7.79,8.57,10.91,8.73,8.44,8.2,8.12,8.84,1.83,1.74,1.32,1.06,29.18,-24.25,0.52,21.9
Pilani Investment and Industries Corporation Ltd.,PILANIINVS,539883,PILANIINVS,INE417C01014,Holding Companies,Diversified,4563.5,4563.5,5052.8,51.74,42.52,43.98,41.4,40.7,42.94,51.29,49.44,56.82,4657.66,4602.69,4738.16,4987.78,4783.92,4765.46,4736.42,4688.45,4753.38,1.63,1,1.06,0.66,4.85,-9.57,135.7,17.33
Pine Labs Ltd.,PINELABS,544606,PINELABS,INE15B701018,Internet Software & Services,Software & Services,188.01,188.01,21588.74,30.77,25.29,34.21,32.51,22.08,75.16,55.67,5.17,5.39,183.26,180.51,203.33,,197.44,195.6,192.23,190.5,207.07,0.75,1.3,,,11.7,,8.42,44.85
Pioneer Embroideries Ltd.,PIONEEREMB,514300,PIONEEREMB,INE156C01018,Textiles,Textiles Apparels & Accessories,25.74,25.74,79.32,45.96,37.77,47.63,48,37.84,64.23,50.9,0.55,0.59,25.35,25.42,26.51,31.21,26.88,26.79,26.43,26.1,27.34,1.63,1.71,1.49,0.99,3.98,-24.02,1.64,25.08
Pioneer Investcorp Ltd.,,507864,PIONRINV,INE746D01014,Other Financial Services,Banking and Finance,107.1,107.1,131.7,77.2,65.52,74.29,74.85,59.65,20.83,55.04,3,3.08,99.34,96.77,105.76,88.83,106.64,106.02,104.12,101.37,98.91,-0.44,-0.46,-0.28,0.01,19.34,59.92,8.85,19.76
Piramal Finance Ltd.,PIRAMALFIN,544597,PIRAMALFIN,INE202B01038,Finance (including NBFCs),Banking and Finance,1909.7,1909.7,43288.64,43.04,35.37,34.99,34.76,19.06,87.9,59.15,53.79,42.02,1825.64,1808.8,1765.68,,1948.82,1920.13,1884.56,1820.41,1750.74,-0.87,0.09,,,13.07,,82.62,23.67
Piramal Pharma Ltd.,PPLPHARMA,543635,PPLPHARMA,INE0DK501011,Pharmaceuticals,Pharmaceuticals & Biotechnology,176.56,176.56,23469.2,62.58,51.43,50.84,47.73,34.57,86.34,72.98,7.87,5.24,153.99,152.14,159.08,177.06,174.57,168.59,163.2,157.67,161.97,-0.16,0.95,1.04,0.85,28.09,-8.12,8.1,27.27
Pitti Engineering Ltd.,PITTIENG,513519,PITTIENG,INE450D01021,Other Electrical Equipment/Products,Consumer Durables,921.45,921.45,3469.59,61.93,50.89,57.54,55.51,40.05,58.09,58.82,42.86,43.43,879.58,862.39,838.19,884.05,988.09,966.48,939.89,887.33,870.97,1.3,1.36,1.28,1.21,20.31,2.24,39.48,28.19
Pix Transmissions Ltd.,PIXTRANS,500333,PIXTRANS,INE751B01018,Auto Tyres & Rubber Products,Automobiles & Auto Components,1525.5,1525.5,2078.52,67.56,55.52,55.5,61.7,57.74,56,55.8,17.54,18.81,1491.93,1473.22,1433.03,1441.69,1521.96,1520.3,1510.1,1480.15,1461.41,0.87,0.8,0.7,0.69,4.57,4.54,48.52,17.26
Plada Infotech Services Ltd.,PLADAINFO,,PLADAINFO,INE0PXD01014,BPO/KPO,Software & Services,11.2,11.2,9.6,38.32,31.49,29.8,,29.16,61.95,49.72,-0.08,-0.28,10.8,11.93,15.22,19.18,11.47,11.12,11.09,12.2,14.55,-1.6,-0.02,-0.07,,6.16,-37.43,0.52,20.87
Plastiblends India Ltd.,PLASTIBLEN,523648,PLASTIBLEN,INE083C01022,Specialty Chemicals,Chemicals & Petrochemicals,168.36,168.36,437.55,63.42,52.12,53.17,53.58,38.02,83.92,61.32,8.89,7.98,151.65,146.5,152.2,167.83,173.8,168.59,162.87,154.17,155.8,0.42,1.22,1.05,0.96,21.01,-2.67,8.09,33.04
Platinum Industries Ltd.,PLATIND,544134,PLATIND,INE0PT501018,Specialty Chemicals,Chemicals & Petrochemicals,251.02,251.02,1378.72,62.78,51.59,51.38,48.4,37.06,89.67,73.7,11.14,7.77,222.64,218.16,228.12,254.61,250.9,243.09,235.55,227.02,232.27,0.4,1.39,1.3,,24.48,-4.15,10.65,18.43
Plaza Wires Ltd.,PLAZACABLE,544003,PLAZACABLE,INE0INJ01017,Wires & Cables,Consumer Durables,54.66,54.66,239.15,70.25,56.36,57.73,53.41,37.23,93.64,70.32,5.22,3.62,41.05,38.78,39.32,45.33,56.74,50.12,46.61,41.76,41.42,1.99,1.71,1.31,,48.57,15.93,3.23,38.04
Poddar Pigments Ltd.,PODDARMENT,524570,PODDARMENT,INE371C01013,Dyes & Pigments,Chemicals & Petrochemicals,252.65,252.65,268.06,53.03,43.58,43.43,52.41,49.33,64.87,56.28,6.96,7.66,243.9,235.67,245.3,261.75,259.84,257.45,253.29,245.35,248,0.45,0.86,0.77,0.7,8.34,-8.13,10.19,44.8
Pokarna Ltd.,POKARNA,532486,POKARNA,INE637C01025,Construction Materials,Cement and Construction,828.95,828.95,2570.08,50.55,41.54,43.86,41.27,54.14,63.96,43.38,-5.52,-1.96,894.11,889.3,876.91,877.92,878.11,885.12,889.11,891.79,889.4,1.14,1.31,1.59,1.23,-6.3,-3.57,35.52,10.13
Poly Medicure Ltd.,POLYMED,531768,POLYMED,INE205C01021,Healthcare Supplies,Healthcare,1671.1,1671.1,16938.19,62.12,51.05,51.42,50.12,44.95,67.86,68.99,72.47,57.94,1456.31,1389.19,1503.8,1732.65,1647.04,1577.39,1530.21,1470.24,1532.08,1.3,1.01,0.79,0.81,14.61,-15.57,55.04,32.16
Polycab India Ltd.,POLYCAB,542652,POLYCAB,INE455K01017,Wires & Cables,Consumer Durables,9021.5,9021.5,135827.52,81.19,66.72,66.14,65.86,55.5,73.43,74.75,345.46,244.4,7852.43,7838.49,7643.92,7478.5,8780.8,8500.55,8269.89,7916.67,7708.13,0.55,1.11,1.19,0.99,19.28,19.91,256.98,29.71
Polyplex Corporation Ltd.,POLYPLEX,524051,POLYPLEX,INE633B01018,Containers & Packaging,Commercial Services & Supplies,896.75,896.75,2815.12,67.27,55.28,54.38,54.23,51.19,74.25,59.42,27.92,26.3,874.32,855.75,845.66,923.04,940.51,927,909.52,876.18,877.1,0.69,1.13,0.95,1.09,9.81,-1.38,29.85,19.24
Polysil Irrigation Systems Ltd.,POLYSIL,,POLYSIL,INE517M01028,Plastic Products,General Industrials,153.85,153.85,346.24,33.56,27.58,27.89,28.51,36.95,38.49,38.97,-8.14,-7.52,165.02,175.15,212.62,214.61,149.28,155.58,160.43,177.15,195.05,-0.65,-0.15,0.09,,-16.45,-37.54,5,29.49
Pondy Oxides & Chemicals Ltd.,POCL,532626,POCL,INE063E01053,Other Non-Ferrous Metals,Metals & Mining,1320.4,1320.4,3708.37,67.02,55.08,55.25,54.43,50.5,83.28,66.52,72.39,58.12,1218.38,1164.9,1243.68,1239.47,1404.96,1343.37,1295.74,1230.52,1221.51,0.82,1.46,1.59,1.5,18.92,5.4,55.89,34.04
Ponni Sugars (Erode) Ltd.,PONNIERODE,532460,PONNIERODE,INE838E01017,Sugar,"Food, Beverages & Tobacco",313.6,313.6,269.65,74.85,61.51,56.2,56.99,52,88.16,72.38,10.39,9.15,293.34,284.07,275.62,283.42,317.64,310.07,303.59,289.94,284.45,0.01,0.23,0.4,0.75,14.92,7.35,11.59,40.5
Poonawalla Fincorp Ltd.,POONAWALLA,524000,POONAWALLA,INE511C01022,Finance (including NBFCs),Banking and Finance,422.05,422.05,37153.77,59.8,49.14,50.5,49.84,39.42,84.71,57.42,10.21,6.22,414.19,419.09,436.08,451.95,450.13,436.92,429.58,425.71,433.02,1.38,1.24,1.32,1.02,6.55,-6.5,16.52,17.41
Popular Vehicles and Services Ltd.,PVSL,544144,PVSL,INE772T01024,Specialty Retail,Retailing,103.7,103.7,738.33,59.37,48.79,46.87,46.74,42.96,68,59.24,3.14,2.59,99.78,95.76,104.91,119.79,107.51,105.19,103.13,101.31,106.16,0.6,0.88,1,,12.88,-30.68,5.15,38.84
Positron Energy Ltd.,POSITRON,,POSITRON,INE0S3H01017,Consulting Services,Commercial Services & Supplies,220.3,220.3,167.44,57.91,47.59,46.52,45.75,32.6,88.65,72.09,14.55,12.51,170.28,161.63,177.07,244.99,204.71,198.56,189.13,177.13,191.24,-2.01,0.74,0.81,,28.18,-40.01,11.61,33.16
Power Finance Corporation Ltd.,PFC,532810,PFC,INE134E01011,Financial Institutions,Banking and Finance,440.7,440.7,145435.49,72.23,59.36,59.32,58.26,62.27,43.68,50.29,8.62,11.83,441.1,429.18,402.32,398.49,457.64,457.26,452.83,433.93,416.8,0.76,1.2,1.25,1.66,7.39,13.2,13.71,16.88
Power Grid Corporation of India Ltd.,POWERGRID,532898,POWERGRID,INE752E01010,Power - Electric Utilities,Utilities,306.3,306.3,284877.49,73.42,60.34,58.67,65,53.79,36.73,49.21,3.46,4.89,308.79,305.15,287.78,285.56,314.81,315.13,313.38,304.89,295.97,0.87,0.3,0.72,0.94,5.44,11.41,6.51,27.37
Power Mech Projects Ltd.,POWERMECH,539302,POWERMECH,INE211R01019,Construction & Engineering,Cement and Construction,2396.9,2396.9,7578.11,66.85,45.38,54.94,53.57,48.18,62.58,51.79,106,119.56,2287.2,2169.53,2190.38,2484.95,2534.42,2484.03,2421.68,2279.89,2276.09,1.15,1.6,1.53,1.47,15.35,1.02,98.04,36.48
Power and Instrumentation (Gujarat) Ltd.,PIGL,543912,PIGL,INE557Z01018,Construction & Engineering,Cement and Construction,111.4,111.4,235.82,49.4,40.6,41.38,40.37,46.16,50.4,51.56,1.51,1.74,112.52,108.49,113.43,132.13,115.17,114.83,113.96,112.73,117.73,1.61,1.27,1.01,0.76,0.18,-22.26,6.01,18.59
PowerGrid Infrastructure Investment Trust,PGINVIT,543290,PGINVIT,INE0GGX23010,REITs-InvITs,Realty,92.84,92.84,8448.43,56.63,46.54,47.31,45.8,50.77,52.77,59.17,0.34,0.42,92.56,91.82,91.73,92.97,93.09,93.06,92.88,92.34,92.19,-0.09,0.14,0.17,0.17,1.03,-3.57,0.61,20.68
Powerica Ltd.,POWERICA,544744,POWERICA,INE921L01032,Industrial Machinery,General Industrials,494.65,494.65,6259.89,,,,,,66.04,74.47,,,,,,,494.49,481.58,461.74,,,1.24,,,,24.19,,20.79,
Prabha Energy Ltd Partly Paidup,PRABHAPP,890236,PRABHAPP,IN90I0M01014,Others,Others,53.09,53.09,,,,,,,8.25,41.89,,,,,,,55.34,55.19,,,,,,,,,,3.1,
Prabha Energy Ltd.,PRABHA,544379,PRABHA,INE0I0M01023,Exploration & Production,Oil & Gas,168.33,168.33,2359.86,57.58,47.32,37.66,37.28,46.77,69.84,63.77,1.13,0.71,158.76,159.01,162.77,193.07,160.54,161.19,160.43,160.44,167.12,-0.46,0.62,0.83,,6.52,-19.04,8.07,34.36
Pradeep Metals Ltd.,,513532,PRADPME,INE770A01010,Auto Parts & Equipment,Automobiles & Auto Components,383.6,383.6,662.48,84.38,71.61,71.51,63.87,65.42,65.07,53.97,7.51,7.47,375.81,361.8,323.94,285.01,389.48,383.16,379.04,360.2,332.61,1.63,0.41,0.58,0.64,5.53,55.15,18.91,16.4
Praj Industries Ltd.,PRAJIND,522205,PRAJIND,INE074A01025,Industrial Machinery,General Industrials,391.7,391.7,7199.96,61.94,50.9,50.45,57.52,52.43,78.49,62.36,19.13,20.29,366.19,343.24,327.62,353.31,404.51,396.85,385.53,356.97,346.63,-0.08,0.35,0.71,1,16.3,17.57,15.83,41.99
Prajay Engineers Syndicate Ltd.,PRAENG,531746,PRAENG,INE505C01016,Realty,Realty,22.45,22.45,157.01,51.57,42.38,41.96,40.61,48.16,57.69,52.46,0.43,0.49,22.11,21.6,22.89,24.41,23.04,22.99,22.75,22.39,22.99,1.97,1.38,1.35,1.22,11.59,-27.36,1.77,17.52
Prakash Industries Ltd.,PRAKASH,506022,PRAKASH,INE603A01013,Iron & Steel/Interm.Products,Metals & Mining,142.13,142.13,2545.29,66.6,54.73,54.83,54.61,47.83,66.41,59.23,5.71,5.39,136.9,132.39,132.03,146.17,151.02,147.08,143.53,136.76,136.64,1.71,1.46,1.35,1.44,12.3,-11.26,5.64,28.91
Prakash Pipes Ltd.,PPL,542684,PPL,INE050001010,Plastic Products,General Industrials,193.1,193.1,461.86,48.75,40.06,41.04,39.3,35.54,47.26,49.21,3.02,3.98,204.82,201.24,212.35,260.66,211.87,212.12,210.39,208.26,221.1,2.12,1.61,1.45,1.22,1.29,-27.82,9.04,10.11
Prakash Steelage Ltd.,PRAKASHSTL,533239,PRAKASHSTL,INE696K01024,Iron & Steel/Interm.Products,Metals & Mining,4.3,4.3,75.25,50.82,42.23,41.76,42.08,50.53,28.16,36.93,0.01,0.07,4.53,4.4,4.58,4.95,4.52,4.57,4.57,4.53,4.63,2.02,0.87,0.71,0.68,-2.93,-14.34,0.24,18.26
Pramara Promotions Ltd.,PRAMARA,,PRAMARA,INE0O7A01017,Advertising & Media,Media,340.5,340.5,474.8,56.88,46.74,48.9,48.38,58.37,40.6,43.31,-1.76,-0.93,348.67,350.89,350.32,316.01,343.91,346.64,347.87,348.99,341.56,0.35,0.3,0.14,,-1.88,6.69,9.19,13.72
Pranik Logistics Ltd.,PRANIK,,PRANIK,INE0VJG01014,Warehousing & Logistics,Transportation,56,56,61.66,59.04,48.52,49.65,44.93,31.51,47.41,58.02,1.93,0.74,48.54,49.35,58.49,66.85,54.91,52.57,51.07,51.67,56.86,1.23,0.05,0.04,,24.44,-32.45,3,9.69
Prataap Snacks Ltd.,DIAMONDYD,540724,DIAMONDYD,INE393P01035,Packaged Foods,FMCG,975.1,975.1,2331.51,61.73,50.73,50.27,51.38,40.25,68.08,52.54,7.02,5.18,979.8,981.91,1053.13,1034.47,1003.36,998.44,993.03,999.68,1021.64,0.78,0.31,0.57,0.6,0.48,-10.03,36.68,26.02
Pratham EPC Projects Ltd.,PRATHAM,,PRATHAM,INE0QA601016,Construction & Engineering,Cement and Construction,146,146,265.9,66.52,54.67,54.03,52.33,40.71,30.13,60.1,3.62,3.51,132.94,131.45,136.32,142.23,142.29,141.02,138.75,135.32,137.26,0.54,0.28,0.22,,8.23,-18,8.08,18.98
Praveg Ltd.,,531637,PRAVEG,INE722B01019,Advertising & Media,Media,266.6,266.6,696.91,48.57,41.22,51.83,49.44,30.32,63.24,48.66,15.34,16.99,251.67,244.37,271.82,323.4,291.74,286.23,276.63,263.18,277.14,2.23,1.42,1.16,0.88,28.92,-16.88,19.04,32.06
Praxis Home Retail Ltd.,PRAXIS,540901,PRAXIS,INE546Y01022,Specialty Retail,Retailing,7.5,7.5,138.68,47.36,38.92,47.83,47.07,41,47.05,53.79,0.21,0.22,7.11,7.04,7.82,9.79,7.7,7.63,7.49,7.42,8.03,1.66,1.4,1.15,0.62,8.83,-37.12,0.56,15.42
Precision Camshafts Ltd.,PRECAM,539636,PRECAM,INE484I01029,Auto Parts & Equipment,Automobiles & Auto Components,158.14,158.14,1502.11,62.81,51.62,53.22,50.92,43.04,80.96,71.44,8.27,7.76,145.37,137.98,145.66,166.8,164.06,160.84,155.66,147.22,150.45,0.6,1.88,1.8,1.33,29.79,-6.84,7.8,29.86
Precision Metaliks Ltd.,PRECISION,,PRECISION,INE0HKW01018,Auto Parts & Equipment,Automobiles & Auto Components,8.3,8.3,19.06,33.3,27.37,27.33,26.8,17.43,84.73,54.7,-0.05,-0.14,7.76,8.41,9.79,15.37,8.06,7.98,7.97,8.56,10.49,-1.44,-0.52,-0.26,-0.39,20.29,-55.14,0.38,14.81
Precision Wires India Ltd.,PRECWIRE,523539,PRECWIRE,INE372C01037,Other Industrial Products,General Industrials,389.05,389.05,7112.15,81.32,66.83,68.26,75.51,72.48,72.46,60.76,24.51,25.94,363.42,342.98,294.19,248.81,412.71,405.27,390.84,349.83,310.45,0.18,1.5,1.51,1.26,34.06,79.15,19.48,35.23
Precot Ltd.,PRECOT,521184,PRECOT,INE283A01014,Textiles,Textiles Apparels & Accessories,619.8,619.8,743.76,82.43,67.74,67.14,58.82,66.53,74.84,73.22,27.42,20.93,558.43,521.67,463.91,468.36,617.67,592.24,575.22,531.95,497.15,-0.37,0.5,1,1,17.62,37.08,28.81,30.55
Premco Global Ltd.,,530331,PREMCO,INE001E01012,Textiles,Textiles Apparels & Accessories,396.55,396.55,131.05,55.36,46.98,50.86,51.14,41.05,56.48,38.08,4.39,4.18,426.06,423.44,428.11,441.25,443.65,434.42,431.55,428.04,430.76,0.26,0.5,0.24,0.31,-6.33,-25.07,18.99,23.58
Premier Energies Ltd.,PREMIERENE,544238,PREMIERENE,INE0BS701011,Other Electrical Equipment/Products,Consumer Durables,966.8,966.8,43888.03,59.41,48.82,48.97,47.33,52.88,67.1,56.6,31.08,39.66,982.84,899.76,846.25,934.93,1021.96,1015.2,999.22,935.08,906.54,0.51,0.66,1.03,,4.6,-3.65,30.49,35.48
Premier Explosives Ltd.,PREMEXPLN,526247,PREMEXPLN,INE863B01029,Other Industrial Products,General Industrials,498.7,498.7,2681.07,53.91,44.3,52.85,52.59,35.95,72.88,53.36,23,23.62,491.28,486.21,492.21,522.31,551.66,539.78,525.35,501.34,501.96,1.49,1.57,1.14,1.23,17.34,-15.26,23.73,19.27
Premier Ltd.,PREMIER,500540,PREMIER,INE342A01018,Other Industrial Products,General Industrials,2.84,2.84,8.63,41.26,33.91,30.54,29.19,45.92,58.11,51.44,-0.01,-0.01,2.97,2.95,2.96,3.24,2.94,2.95,2.95,2.97,3.02,-0.15,0.88,0.52,0.39,-2.93,-13.87,0.18,16.89
Premier Polyfilm Ltd.,PREMIERPOL,514354,PREMIERPOL,INE309M01020,Plastic Products,General Industrials,54.86,54.86,574.62,70.08,57.59,57.1,50.54,58.93,75.24,55.89,-0.09,-0.49,56.6,56.8,51.75,49.02,56.66,55.79,55.81,55.32,53.24,0.49,0.57,0.71,0.74,-2.38,36.62,2.86,14.14
Premier Roadlines Ltd.,PRLIND,,PRLIND,INE0CFG01012,Warehousing & Logistics,Transportation,61.95,61.95,141.63,48.69,40.01,50.92,52.65,47.79,54.27,49.76,1.96,2.16,61.3,59.23,64.92,75,66.94,65.3,64.1,62.52,65.75,0.83,0.63,0.17,,1.77,-28.09,3.12,16.63
Premium Plast Ltd.,PREMIUM,,PREMIUM,INE0M1F01011,Plastic Products,General Industrials,38.2,38.2,72.95,70.97,58.32,58.16,54.2,50.16,39.24,56.05,0.84,0.7,35.99,35.87,36.54,36.33,38.39,37.78,37.22,36.47,36.38,1.16,0.67,0.33,,11.53,3.1,1.17,16.65
Presstonic Engineering Ltd.,PRESSTONIC,,PRESSTONIC,INE0R1601012,Iron & Steel Products,Metals & Mining,38.3,38.3,59.04,44.61,36.66,36.51,44.66,27.28,21.61,45.55,0.72,1.06,38.11,41.45,48.4,64.05,41.64,42.25,41.72,42.92,49.24,-0.05,0.48,0.37,,34.68,-43.7,2.54,23.35
Prestige Estates Projects Ltd.,PRESTIGE,533274,PRESTIGE,INE811K01011,Realty,Realty,1380.8,1380.8,59475.23,60.93,50.07,48.78,49.9,37.03,64.28,59.57,43.72,35.21,1337.29,1332.8,1440.8,1543.95,1466.74,1435.66,1405.86,1384.87,1429.19,1.75,1.61,1.49,1.3,10.2,-16.66,47.75,20.86
Pricol Ltd.,PRICOLLTD,540293,PRICOLLTD,INE726V01018,Auto Parts & Equipment,Automobiles & Auto Components,592.45,592.45,7220.87,77.45,63.65,62.7,53.21,52.84,69.8,59.41,11.26,9.53,576.09,570.93,592.3,556.66,604.87,598.57,591.24,581.73,577.77,1.06,1.34,1.11,0.86,7.55,14.12,20.35,17.16
Prime Cable Industries Ltd.,PRIMECAB,,PRIMECAB,INE0CQA01020,Wires & Cables,Consumer Durables,125.5,125.5,229.97,59.47,48.87,37.27,47.09,42.52,78.56,72.59,8.28,7.6,95.87,87.74,85.37,,112.82,109.87,104.75,94.18,91.06,-1.13,0.5,,,44.5,14.49,8.04,41.46
Prime Focus Ltd.,PFOCUS,532748,PFOCUS,INE367G01038,Movies & Entertainment,Media,288.8,288.8,22410.61,67.6,55.55,56.07,64.77,75.67,34.26,41,-2.62,2.04,323.1,301.8,270.05,219.79,302.15,308.1,311.2,300.09,272.86,0.96,0.84,0.94,0.86,-13.47,62.15,17.45,21.92
Prime Securities Ltd.,PRIMESECU,500337,PRIMESECU,INE032B01021,Other Financial Services,Banking and Finance,275.2,275.2,932.94,58.08,47.73,48.48,44.99,56.62,39.87,49.3,0.94,1.35,282.39,279.57,279.57,280.9,283.66,283.86,283.41,281.63,280.9,0.83,0.71,0.55,1.02,-2.27,-7.42,9.68,11.26
Primo Chemicals Ltd.,PRIMO,506852,PRIMO,INE607A01022,Commodity Chemicals,Chemicals & Petrochemicals,25.65,25.65,621.61,69.17,56.57,56.84,55.33,50.47,71.47,64.67,1.19,1.15,23,21.03,21.55,23.27,25.33,24.73,24.02,22.46,22.17,-0.29,0.37,0.52,,15.18,13.9,1.47,33.8
Prince Pipes & Fittings Ltd.,PRINCEPIPE,542907,PRINCEPIPE,INE689W01016,Plastic Products,General Industrials,241.1,241.1,2665.63,50.07,41.15,41.05,49.47,36.47,52.9,50.31,4.8,5.62,247.71,246.58,248.87,283.67,260.96,259.74,256.82,252.04,257.91,1.01,1.46,1.47,0.96,5.82,-21.23,10.44,14.49
Prism Johnson Ltd.,PRSMJOHNSN,500338,PRSMJOHNSN,INE010A01011,Cement & Cement Products,Cement and Construction,125.51,125.51,6317.63,52.85,43.43,42.74,49.31,40.1,31.5,44.2,1.43,1.87,128.67,127.41,128.02,138.79,131.72,131.49,130.67,128.89,130.46,0.91,0.34,0.78,0.87,1.56,-10.99,3.74,30.39
Priti International Ltd.,PRITI,,PRITI,INE974Z01015,Furniture-Furnishing,Diversified Consumer Services,44.12,44.12,58.91,48.15,39.57,40.19,40.08,45.7,32.34,52.11,0.7,1.02,43.59,42.17,48.28,60.89,45.19,45.45,45.05,45.02,49.45,0.78,1.14,1.26,1.06,15.07,-34.7,2.49,17.63
Pritika Auto Industries Ltd.,PRITIKAUTO,539359,PRITIKAUTO,INE583R01029,Auto Parts & Equipment,Automobiles & Auto Components,13.7,13.7,228.12,61.86,50.84,51.29,50.37,49.28,76.54,58.54,0.39,0.33,13.05,12.79,13.19,14.94,14.1,13.82,13.57,13.23,13.57,1.68,1.55,1.36,1.03,9.17,-8.82,0.66,16.27
Pritika Engineering Components Ltd.,PRITIKA,,PRITIKA,INE0MJQ01020,Auto Parts & Equipment,Automobiles & Auto Components,73.35,73.35,193.39,59.05,48.53,48.53,47.48,32.98,87.23,67.95,3.61,1.66,58.57,61.93,70.82,78.04,71.11,66.82,64.06,64.03,68.81,2.82,0.45,0.23,0.23,40.5,-15.78,3.69,22.61
Pritish Nandy Communications Ltd.,PNC,532387,PNC,INE392B01011,Movies & Entertainment,Media,20.08,20.08,29.05,34.86,28.65,30.19,32.06,37.99,30.49,43.56,-0.15,-0.1,20.91,21.48,23.64,26.73,21.05,21.14,21.22,21.89,23.44,-0.21,1.45,1.05,0.96,-9.02,-27.46,1.3,19.96
Privi Speciality Chemicals Ltd.,PRIVISCL,530117,PRIVISCL,INE959A01019,Specialty Chemicals,Chemicals & Petrochemicals,3198.7,3198.7,12494.99,78.75,64.72,64.09,65.9,56.8,95.29,77.91,133.36,111.99,3130.88,3050.02,2956.39,2813.28,3443.56,3352.93,3267.86,3103.56,2988.31,0.33,0.6,0.48,0.55,18.2,16.38,101.66,39.23
Prizor Viztech Ltd.,PRIZOR,,PRIZOR,INE0V9N01017,Consumer Electronics,Consumer Durables,657.6,657.6,709.96,96.87,79.61,79.02,77.94,60.74,87.66,68.63,75.94,72.8,533.75,465.49,375.53,337.12,696.85,656.87,610.4,500.74,421.67,0.78,1.21,1.09,,69.1,101.14,33.1,54.51
Procter & Gamble Health Ltd.,PGHL,500126,PGHL,INE199A01012,Pharmaceuticals,Pharmaceuticals & Biotechnology,5099,5099,8464.03,61.68,50.69,49.54,45.85,37.73,57.64,59.6,90.55,72.12,5035.59,4994.03,5223.28,5670.04,5289.4,5213.94,5152.9,5107.24,5237.81,0.28,0.54,0.29,0.36,8.6,-13.29,118.55,37.78
Procter & Gamble Hygiene & Healthcare Ltd.,PGHH,500459,PGHH,INE179A01014,Personal Products,FMCG,9705,9705,31503.11,35.28,28.99,28.99,43.95,36.21,47.07,42.86,-51.24,-39.3,9921,10243.38,11280.7,12319.9,9971,10050.65,10069.23,10386.24,11057.64,0.63,0.41,0.3,0.24,3.36,-26.08,247.18,23.86
Prolife Industries Ltd.,PROLIFE,,PROLIFE,INE994V01012,Dyes & Pigments,Chemicals & Petrochemicals,58.55,58.55,23.97,22.09,18.15,17.92,34.73,28.16,55.31,42.22,-1.13,-0.67,62.46,64.23,76.17,126.72,60.02,62.12,62.77,67.09,83.3,-0.54,-0.18,-0.27,-0.16,0.26,-62.65,2.92,14.82
Prostarm Info Systems Ltd.,PROSTARM,544410,PROSTARM,INE0BX301013,Other Electrical Equipment/Products,Consumer Durables,150.84,150.84,888.06,62.53,51.39,51.33,50.37,37.1,69.26,58.3,6,5.48,146.9,142.22,154.15,173.67,162.21,158.77,154.91,150.05,153.83,1.31,1.38,,,13.96,-2.64,7.56,19.95
Protean eGov Technologies Ltd.,PROTEAN,544021,PROTEAN,INE004A01022,IT Consulting & Software,Software & Services,533.25,533.25,2165.89,54.1,44.46,45.19,36.71,34.42,65.44,54.01,8.9,3.66,530.61,537.28,614.71,726.75,568.54,555.38,548.29,558.74,615.94,2.65,1.54,1.31,,7.66,-35.23,23.86,18.17
Proventus Agrocom Ltd.,PROV,,PROV,INE0ONE01016,Commodity Trading  & Distribution,Commercial Services & Supplies,1345,1345,463.58,82.31,67.64,68,68.99,66.44,41.92,62.16,32.76,29.02,1253.57,1228.23,1244.16,1142.21,1340.6,1311.89,1291.04,1252.62,1226.55,-1.28,-0.13,-0.09,,14.3,11.09,37.87,19.12
Prozone Realty Ltd.,PROZONER,534675,PROZONER,INE195N01013,Realty,Realty,49.81,49.81,760.12,55.23,45.39,45.74,48.63,55.5,36.13,39.91,0,1.67,54.88,51.44,52.72,51.87,51.99,55.16,55.5,53.86,52.82,1.04,1.61,1.25,1.14,-5.84,-25.56,4.26,26.48
Prudent Corporate Advisory Services Ltd.,PRUDENT,543527,PRUDENT,INE00F201020,Other Financial Services,Banking and Finance,2740.1,2740.1,11345.85,61.85,50.83,57.7,56.13,40.63,39.64,54.01,112.4,123.89,2599.89,2482.24,2507.36,2604.96,2863.44,2808.61,2741.35,2594.77,2550.21,1.37,1.36,1.13,1.07,16.87,7.02,98.57,34.32
Prudential Sugar Corporation Ltd.,PRUDMOULI,500342,PRUDMOULI,INE024D01016,Sugar,"Food, Beverages & Tobacco",16.5,16.5,53.22,44.79,36.81,37.35,35.27,33.68,46.46,50.8,0.42,0.51,15.73,15.46,17.65,25,16.99,16.84,16.58,16.49,18.57,1.19,1.43,0.75,,10.01,-37.94,1.01,22.31
Pudumjee Paper Products Ltd.,PDMJEPAPER,539785,PDMJEPAPER,INE865T01018,Paper & Paper Products,Commercial Services & Supplies,81.48,81.48,773.65,49.46,40.65,41.71,40.26,44.17,48.41,52.21,1.65,2.02,82.06,79.82,84.43,101.74,85.98,85.47,84.52,83.03,86.93,1.11,1.62,1.13,1.32,1.23,-27.9,3.44,16.99
Pulz Electronics Ltd.,PULZ,,PULZ,INE335X01014,Other Electrical Equipment/Products,Consumer Durables,24.5,24.5,53.43,36.76,30.21,29.36,27.71,38.14,17.53,46.95,-0.32,-0.2,25.49,26.16,27.91,34.8,24.88,25.37,25.57,26.36,28.81,0.52,-0.26,0,-0.07,13.03,-31.66,1.09,14.21
Punjab & Sind Bank,PSB,533295,PSB,INE608A01012,Banks,Banking and Finance,23.79,23.79,16880.4,49.79,40.92,49.56,49.78,37.12,36.2,50.48,0.27,0.28,24.27,24.35,25.92,27.79,25.28,25.1,24.91,24.97,25.94,1.29,1.53,1.34,1.7,1.76,-20.13,0.74,16.05
Punjab Chemicals and Crop Protection Ltd.,PUNJABCHEM,506618,PUNJABCHEM,INE277B01014,Agrochemicals,Chemicals & Petrochemicals,1095.5,1095.5,1343.32,58.79,48.31,48.52,48.34,39,72.33,56.39,25.07,21.41,1044.47,1052.91,1098.61,1200.07,1117.74,1105.05,1088.1,1075.34,1105.07,0.48,1.08,1.2,0.78,12,-14.42,44.33,19.62
Punjab National Bank,PNB,532461,PNB,INE160A01022,Banks,Banking and Finance,102.78,102.78,118124.47,40.85,33.57,33.66,32.59,48.12,34.13,36.04,-1.44,-0.93,109.63,113.38,118.25,115.8,107.81,109.14,110.01,112.88,115.19,1.11,1.48,1.26,1.37,-5.87,-15.12,3.13,22.92
Puravankara Ltd.,PURVA,532891,PURVA,INE323I01011,Realty,Realty,211.11,211.11,5006.47,47.71,39.21,40.95,46.32,35.33,71.26,52.54,5.34,6.02,204.54,198.99,218.99,243.95,219.16,217.04,213.71,210.37,219.03,1.45,1.74,1.54,1.2,13.54,-19.78,9.74,32.81
Purple United Sales Ltd.,PURPLEUTED,,PURPLEUTED,INE0P5R01014,Other Apparels & Accessories,Textiles Apparels & Accessories,361.95,361.95,347.83,59.58,48.96,47.44,27.53,37.21,67,71.01,9.98,2.04,294.2,293.08,330.22,390.28,324.48,313.08,305.45,307.2,330.8,1.02,1.23,0.77,,21.57,-31.92,24.31,17.81
Purv Flexipack Ltd.,PURVFLEXI,,PURVFLEXI,INE0R6C01012,Containers & Packaging,Commercial Services & Supplies,61.75,61.75,129.57,51.36,42.21,42.09,50.28,37.01,47.3,57.71,3.27,3.56,56.36,54.09,66.51,77.94,65.06,63.97,61.93,60.01,65.64,1.48,0.83,0.35,,49.31,-34.85,3.19,27.44
Pushpa Jewellers Ltd.,PUSHPA,,PUSHPA,INE154801018,Gems & Jewellery,Textiles Apparels & Accessories,126.3,126.3,305.94,57.47,47.23,48.13,48.97,44.38,50.25,43.57,4.21,6.24,122.37,108.95,104.36,117.41,126.79,126.53,124.54,115.3,112.04,1.09,0.59,,,-7.74,-17.65,4.37,35.77
Pyramid Technoplast Ltd.,PYRAMID,543969,PYRAMID,INE0MIS01010,Containers & Packaging,Commercial Services & Supplies,175.24,175.24,644.62,66.67,54.79,54.42,53.39,49.27,81.64,63.29,6.72,6.1,158.47,153.79,156.14,159.65,174.04,170.78,166.51,159.11,157.67,0.26,0.59,0.62,,16.08,8.77,7.9,26.06
QMS Medical Allied Services Ltd.,QMSMEDI,,QMSMEDI,INE0FMW01018,Medical Equipment,Healthcare,85,85,164.37,65.41,53.75,53.06,52.13,38.8,47.52,58.3,2.42,2.04,82.57,84.03,87.43,88.8,89.52,88.42,86.77,85.42,86.9,0.95,-0.11,0.23,0.05,25,-15.49,3.73,21.62
QVC Exports Ltd.,QVCEL,,QVCEL,INE0KZF01015,Commodity Trading  & Distribution,Commercial Services & Supplies,26.3,26.3,27.49,52.45,43.1,54.02,51.73,41.89,55.72,50.8,1,1.02,26.53,25.98,27.36,29.66,29.36,28.56,27.92,27.04,27.67,0.73,0.4,0.14,,21.27,-12.22,1.22,11.01
Quadpro ITeS Ltd.,QUADPRO,,QUADPRO,INE0GOJ01027,IT Consulting & Software,Software & Services,2,2,10.11,42.77,35.15,25.22,,,12.95,47.76,-0.11,-0.12,2.15,2.3,2.74,3.19,1.96,2.02,2.08,2.32,2.67,-0.42,0.2,0.34,-0.21,-8.7,-42.47,0.07,22.63
Quadrant Future Tek Ltd.,QUADFUTURE,544336,QUADFUTURE,INE0LRY01011,Wires & Cables,Consumer Durables,302.9,302.9,1211.6,51.79,42.56,54.07,42.26,39.61,62.12,52.57,4.62,4.92,306.38,301.16,303.97,344.06,317.3,315.68,312.95,307.26,313.89,1.83,1.4,1.54,,3.95,-6.28,12.4,23.16
Quality Foils (India) Ltd.,QFIL,,QFIL,INE0O1M01015,Iron & Steel Products,Metals & Mining,39.9,39.9,11.39,25.65,21.08,20.71,,21.63,4.89,31.46,-5.05,-4.51,51.23,57.32,65.04,78.37,40.26,43.75,46.83,54.76,63.28,-2.02,0.22,0.49,,-27.59,-43.12,2.15,27.76
Quality Power Electrical Equipments Ltd.,QPOWER,544367,QPOWER,INE0SII01026,Heavy Electrical Equipment,General Industrials,1217.6,1217.6,9429.59,78.19,64.26,63.55,70.58,63.58,50.14,58.09,86.71,109.84,1131.63,1010.77,874.23,873.98,1267.52,1278.6,1231.18,1073.36,957.08,0.13,1.38,1.27,,38.98,30.91,78.1,33.69
Quantum Gold Exchange Traded Fund - Open Ended,QGOLDHALF,590099,QGOLDHALF,INF082J01408,Others,Others,124.9,124.9,,39.11,58.99,59.52,29.13,29.13,43.18,52.54,-0.08,-0.26,123.46,125.59,123.09,108.79,124.42,123.98,123.98,123.98,120.44,0.31,0.67,0.39,0.21,1.32,24.84,2.78,11.57
Quantum Nifty 50 ETF,QNIFTY,590110,QNIFTY,INF082J01499,Others,Others,255.81,255.81,,72.13,41.81,40.62,16.19,16.19,47.05,39.53,0.02,0.61,260.4,261.68,271.68,273.91,262.81,262.44,262.39,264.18,268.22,0.96,0.94,0.95,0.8,-1.42,-8.16,4.62,14.37
Quess Corp Ltd.,QUESS,539978,QUESS,INE615P01015,BPO/KPO,Software & Services,208.61,208.61,3115.2,61.27,49.01,50.35,47.88,36.43,88.45,54.24,8.15,6.79,196.44,192.32,200.64,226.14,220.47,211.75,206.35,199.78,206.86,1.54,1.09,0.99,0.66,10.45,-6.5,9.41,25.17
Quest Laboratories Ltd.,QUESTLAB,,QUESTLAB,INE0TNW01017,Pharmaceuticals,Pharmaceuticals & Biotechnology,117.25,117.25,192.14,75.69,62.2,71.62,71.17,51.61,62.17,47.87,5.77,6.63,120.88,118.68,111.2,102.49,134.15,132.51,129.03,120.62,113.49,0.97,0.47,0.37,,14.42,38.42,6.9,27.01
Quick Heal Technologies Ltd.,QUICKHEAL,539678,QUICKHEAL,INE306L01010,IT Software Products,Software & Services,207.45,207.45,1125.37,55.99,46.01,46.36,42.06,31.31,99.13,78.57,9.47,4.7,163.03,160.02,192.47,252.63,187.88,180.95,174.17,172.62,195.51,0.41,1.82,1.84,1.46,34.92,-32.72,11.77,23.09
Quicktouch Technologies Ltd.,QUICKTOUCH,,QUICKTOUCH,INE0K4D01020,IT Consulting & Software,Software & Services,25.25,25.25,32.36,32.5,26.71,26.43,24.79,31.02,26.39,38.68,-0.93,-0.85,28.44,29.88,33.39,41.53,26.84,27.56,28.1,30.12,33.64,-0.46,-0.05,0.27,,-3.64,-38.23,1.25,17.62
Quint Digital Ltd.,,539515,QUINT,INE641R01017,Publishing,Commercial Services & Supplies,40.07,40.07,188.96,50.24,42.64,52.51,51.19,43.97,75.49,50.39,0.74,0.75,39.09,39.14,37.59,42.72,41.38,40.73,40.27,39.31,39.69,-0.42,0.14,0.26,0.08,2.9,-5.47,3.05,13.91
Quintegra Solutions Ltd.,QUINTEGRA,532866,QUINTEGRA,INE033B01011,IT Consulting & Software,Software & Services,1.3,1.3,3.49,52.97,43.53,43.31,43.31,33.71,49.75,41.87,-0.07,-0.1,1.42,1.58,1.75,1.54,1.35,1.32,1.36,1.51,1.6,1.49,-0.04,-0.09,0.17,-12.75,-21.21,0.09,22.93
R K Swamy Ltd.,RKSWAMY,544136,RKSWAMY,INE0NQ801033,Advertising & Media,Media,88.79,88.79,448.19,57.29,47.08,46.04,35.56,34.13,49.5,59.81,1.2,0.18,86.27,89.79,99.54,121.75,93.74,90.95,89.89,92.01,101.2,0.71,1.28,1.23,,8.08,-26.71,4.73,25.89
R M Drip and Sprinklers Systems Ltd.,RMDRIP,544456,RMDRIP,INE219Y01026,Plastic Products,General Industrials,19.01,19.01,814.06,29.5,24.24,25.15,27.66,37.32,53.63,31.99,-2.38,-2.81,22.41,27.18,41.71,42.35,19.74,20.36,21.52,28.37,35.27,0.77,0.6,0.62,0.43,-31.75,-59.39,1.34,40.58
R R Kabel Ltd.,RRKABEL,543981,RRKABEL,INE777K01022,Wires & Cables,Consumer Durables,1938.8,1938.8,21928.89,84.61,69.53,69.66,65.55,52.34,80.9,78.67,130.23,85.19,1507.65,1485.47,1465.35,1386.33,1874.8,1739.22,1650.51,1529.1,1469.16,1.37,1.17,0.99,,37.31,35.18,79.89,30.49
R Systems International Ltd.,RSYSTEMS,532735,RSYSTEMS,INE411H01032,IT Consulting & Software,Software & Services,294.75,294.75,3492.39,53.35,43.84,44.14,25.47,30.91,80.93,63.02,5.52,0.63,271.6,274.49,326.79,376.22,294.83,285.51,280.85,288.24,316.15,1.71,1.42,1.2,0.84,8.77,-26.24,16.21,19.42
R&B Denims Ltd.,RNBDENIMS,538119,RNBDENIMS,INE012Q01039,Textiles,Textiles Apparels & Accessories,12.88,12.88,347.66,28.91,23.76,22.16,23.6,18.18,49.11,21.71,-3.57,-4.41,16.59,27.81,38.12,,13.37,14.12,15.87,24.74,32.15,1.52,0.39,,,-30.04,-69.89,0.99,61.14
RBL Bank Ltd.,RBLBANK,540065,RBLBANK,INE976G01028,Banks,Banking and Finance,325.25,325.25,20121.8,80.63,66.26,65.11,65.35,65.5,68.94,58.39,8.1,6.58,319.19,314.09,310.75,298.06,339.1,332.73,327.48,318.16,310.52,0.65,1.03,1.01,1.32,4.54,4.21,11.66,27.58
RBM Infracon Ltd.,RBMINFRA,,RBMINFRA,INE0NA301016,Construction & Engineering,Cement and Construction,366,366,389.17,49.88,40.99,44.5,47.33,52.56,21.33,46.11,5.49,12.63,381.15,360.85,376.23,412.91,385.2,393.22,391.33,379.15,383.91,0.77,1.69,1.39,0.75,,-13.07,21.66,14.8
RBZ Jewellers Ltd.,RBZJEWEL,544060,RBZJEWEL,INE0PEQ01016,Gems & Jewellery,Textiles Apparels & Accessories,133.8,133.8,535.2,68.84,56.57,55.23,47.29,51.73,43.06,57.43,3.86,3.8,135.63,129.24,135.17,138.07,143.96,142.24,139.92,135.41,135.53,1.38,1.26,1.13,,4.72,-8.88,6.75,17.78
REC Ltd.,RECLTD,532955,RECLTD,INE020B01018,Financial Institutions,Banking and Finance,344.35,344.35,90675.07,54.15,44.5,45.96,44.37,41.06,29.18,45.91,2.73,5.38,352.12,346.83,353.8,363.82,357.24,359.9,358.7,354.05,355.86,0.84,1.31,1.37,1.72,2.6,-5.15,10.76,14.22
RHI Magnesita India Ltd.,RHIM,534076,RHIM,INE743M01012,Electrodes & Refractories,General Industrials,386.35,386.35,7978.18,48.26,39.66,48.78,48.5,38.13,59.12,50.05,4.92,5.06,389.53,391.97,419.89,446.8,406.84,404.89,401.49,402.22,415.84,1.13,1.41,1.09,0.81,3.56,-16.1,12.28,14.76
RKEC Projects Ltd.,RKEC,,RKEC,INE786W01010,Construction & Engineering,Cement and Construction,33.15,33.15,85.6,30.93,25.42,35.64,25.28,32.13,28.53,44.74,-0.45,-0.4,35.82,37.3,43.61,54.85,35.92,36.25,36.48,38.45,43.59,1.94,1.9,1.42,1.14,-6.95,-47.61,2.51,18.68
RMC Switchgears Ltd.,,540358,RMC,INE655V01019,Other Electrical Equipment/Products,Consumer Durables,456.2,456.2,482.75,50.09,42.51,42.62,40.21,35.61,46.79,50.9,9.79,14.97,442.04,427.02,420.44,563.75,458.57,463.78,458.83,442.95,460.75,2.12,1.37,1.16,0.8,13.22,-29.3,26.33,15.5
RNFI Services Ltd.,RNFI,,RNFI,INE0SA001017,Other Financial Services,Banking and Finance,279.75,279.75,698.05,51.51,42.33,44.07,44.9,50.46,33.95,50.9,2.68,3.24,281.06,273.73,289.97,309.73,288.63,286.49,284.97,283.43,290.07,0.63,1.45,1.06,,-3.93,-25.42,11.98,13.41
ROX Hi-Tech Ltd.,ROXHITECH,,ROXHITECH,INE0PDJ01013,IT Consulting & Software,Software & Services,34,34,77.99,49.63,40.79,41.48,41.9,47.84,35.98,46.54,0.42,0.95,34.03,33.19,36.04,41.18,34.84,35.35,35.17,34.69,36.49,0.86,-0.02,0,,6.25,-24.86,1.95,20.57
RPG Life Sciences Ltd.,RPGLIFE,532983,RPGLIFE,INE105J01010,Pharmaceuticals,Pharmaceuticals & Biotechnology,2311.1,2311.1,3822.33,63.8,52.43,52.21,52.11,40.98,94.37,68.32,138.11,97.14,2042.37,1975.85,2078.32,2209.23,2413.92,2280.35,2187.05,2071.36,2085.8,0.41,0.99,0.67,0.69,28.92,-1.97,96.4,40.4
RPP Infra Projects Ltd.,RPPINFRA,533284,RPPINFRA,INE324L01013,Construction & Engineering,Cement and Construction,72.87,72.87,361.33,44.8,36.82,37.54,44.98,34.06,64.7,51.4,1.67,1.96,74.53,73.39,82.93,103.26,79.2,78.97,77.92,77.66,84.69,1.52,2.03,1.58,1.12,3.99,-33.52,4.01,22.26
RPSG Ventures Ltd.,RPSGVENT,542333,RPSGVENT,INE425Y01011,IT Consulting & Software,Software & Services,998.65,998.65,3304.17,74.87,61.53,61.95,50.7,56.27,68.54,63.65,41.66,31.82,918.76,803.44,766.53,813.03,977.48,942.55,917.83,849.46,812.56,0.91,1.27,1.06,1.33,0.28,25.27,64.49,36.42
RRIL Ltd.,,531307,RRIL,INE951M01037,Textiles,Textiles Apparels & Accessories,19.22,19.22,232.97,63.46,53.86,52.56,50.9,37.83,72.14,64.27,1.01,0.67,16.58,16.56,17.25,18.18,19.75,18.5,17.8,17.11,17.36,1.06,1.01,0.74,0.98,26.36,-6.06,1.23,29.21
RS Software (India) Ltd.,RSSOFTWARE,517447,RSSOFTWARE,INE165B01029,IT Software Products,Software & Services,31.87,31.87,82.32,43.4,35.67,37.94,48.37,29.34,31.6,43.37,0.94,1.92,33.88,32.72,39.05,53.77,35.5,36.89,36.45,35.78,40.28,1.06,1.17,0.97,0.8,19.42,-52.6,2.17,33.46
RSD Finance Ltd.,,539875,RSDFIN,INE616F01022,Investment Companies,Others,86,86,111.34,60.12,51.02,51.68,49.52,34.9,37.17,53.49,0.89,0.58,82.2,84.12,84.82,94.01,85.92,84.81,84.16,84.06,86.8,0.04,-0.16,-0.15,0.05,11.83,-16.59,4.73,14.36
RSWM Ltd.,RSWM,500350,RSWM,INE611A01016,Textiles,Textiles Apparels & Accessories,160.31,160.31,755.09,72.45,59.54,58.65,54.41,44.64,52.58,57.54,6.72,6.63,151.11,147.63,147.29,150.86,169.1,164.68,160.49,152.65,150.39,1.46,1.12,1.3,1.17,18.87,6.52,6.95,44.31
Raajmarg Infra Investment Trust,RIIT,544734,RIIT,INE2PB023011,REITs-InvITs,Realty,110.65,110.65,6639,,,,,,10.67,62.64,,,110.28,,,,110.55,110.58,110.42,,,0.02,,,,1.26,,1.35,37.93
Race Eco Chain Ltd.,RACE,537785,RACE,INE084Q01012,Waste Management,Utilities,123.62,123.62,213.33,44.09,36.23,36.76,40.84,44.82,70.05,52.44,1.91,2.67,122.14,117.33,120.92,167.98,125.02,125.21,124.26,121.92,131.73,1.02,1.28,1.1,0.96,-11.19,-41.01,6.71,16
Rachana Infrastructure Ltd.,RILINFRA,,RILINFRA,INE02OY01016,Construction & Engineering,Cement and Construction,33.1,33.1,61.58,41.28,33.92,33.49,34.22,34.76,17.27,42.66,-0.35,-0.29,34.52,34.54,34.96,35.43,33.55,33.83,34.05,34.49,34.89,0.46,0.43,0.83,0.73,1.68,-13.09,1.38,42.61
Racl Geartech Ltd.,RACLGEAR,520073,RACLGEAR,INE704B01017,Auto Parts & Equipment,Automobiles & Auto Components,1249.9,1249.9,1473.39,61.44,50.49,50.46,49.82,56.75,37.54,48.11,-1.98,-0.52,1288.44,1306.16,1208.69,1110.48,1293.48,1287.75,1289.73,1275.75,1223.76,1.43,1.61,1.36,,-3.16,17.39,70.38,12.09
Radaan Mediaworks (I) Ltd.,RADAAN,590070,RADAAN,INE874F01027,Movies & Entertainment,Media,3.08,3.08,16.68,52.42,43.08,46.17,44.53,50.99,37.16,45.88,0.04,0.07,3.14,3.06,3.18,3.35,3.22,3.24,3.22,3.15,3.19,0.78,0.45,0.47,0.43,-1.89,-6.59,0.23,21.61
Radhika Jeweltech Ltd.,RADHIKAJWE,540125,RADHIKAJWE,INE583V01021,Gems & Jewellery,Textiles Apparels & Accessories,57.77,57.77,681.69,56.25,46.23,47.97,40.14,36.89,60.42,50.27,1.05,1.05,63.17,62.36,67.36,78.75,66.29,65.7,65.02,64.78,68.21,1.67,1.92,1.57,1.33,2.1,-28.27,3.35,13.17
Radiant Cash Management Services Ltd.,RADIANTCMS,543732,RADIANTCMS,INE855R01021,Other Financial Services,Banking and Finance,42.43,42.43,452.76,60.78,49.95,50.27,41.19,45.81,44.41,55.74,1.12,1.03,40.71,39,43.53,49.42,43.33,42.68,41.96,41.32,43.57,1.87,1.56,1.22,0.78,4.98,-17.54,1.85,20.21
Radico Khaitan Ltd.,RADICO,532497,RADICO,INE944F01028,Breweries & Distilleries,"Food, Beverages & Tobacco",3428.6,3428.6,45919.72,72.34,59.45,60.51,55.77,43.49,53.52,70.3,164.44,157.42,3058.62,2919.05,2945.85,2974.7,3414,3353.81,3252.03,3052.31,2981.73,0.86,0.86,0.57,0.63,26.33,9.07,118.36,44.38
Radiowalla Network Ltd.,RADIOWALLA,,RADIOWALLA,INE430U01019,Advertising & Media,Media,33.2,33.2,23.4,50.57,41.56,41.46,30.7,24.24,69.86,48.79,0.37,-0.29,31.22,37.8,48.61,55.84,36.83,35.61,35.02,38.54,45.67,0.14,0.4,0.3,,43.33,-44.6,1.9,21.51
Raghav Productivity Enhancers Ltd.,RPEL,539837,RPEL,INE912T01018,Electrodes & Refractories,General Industrials,743.5,743.5,3414.3,64.98,53.4,52.71,52.74,42.89,67.47,67.64,25.12,16.37,689.21,682.03,759.48,754.32,765.85,739.23,721.8,711.29,732.79,1.05,1.66,1.4,,16.03,-13.43,32.8,28.76
Rail Vikas Nigam Ltd.,RVNL,542649,RVNL,INE415G01027,Construction & Engineering,Cement and Construction,283.3,283.3,59068.62,49.54,40.71,50.12,47.81,36.68,61.7,50.46,5.38,5.7,286.82,286.38,308.3,321.81,302.93,300.37,296.85,294.77,303.85,1.36,1.47,1.54,1.48,7.44,-9.33,9.62,18.06
RailTel Corporation of India Ltd.,RAILTEL,543265,RAILTEL,INE0DD101019,Telecom Services,Telecom Services,318.5,318.5,10221.89,61.54,50.57,51.55,49.88,35.44,71.88,56.79,12.18,11.65,307.53,300.16,321.78,342.95,341.5,332.89,325.1,314.85,321.18,3.12,1.84,1.73,1.6,17.03,-8.57,12.49,29.77
Rain Industries Ltd.,RAIN,500339,RAIN,INE855B01025,Petrochemicals,Chemicals & Petrochemicals,157.71,157.71,5304.51,67.1,55.14,53.99,49.22,39.59,91.57,78.54,5.4,2.66,125.37,126.07,134.44,134.44,139.83,136.58,132.67,130.12,131.44,-0.63,1.55,1.38,1.25,38.69,21.41,7.21,21.3
Rainbow Childrens Medicare Ltd.,RAINBOW,543524,RAINBOW,INE961O01016,Healthcare Facilities,Healthcare,1263.2,1263.2,12828.96,61.63,50.65,50.26,42.04,48.7,72.19,61,21.88,20.3,1240.63,1212.76,1230.87,1327.74,1286.48,1273.59,1260.22,1235.33,1248.41,0.61,0.67,0.44,0.33,1.84,-6.9,39.62,25.1
Raj Oil Mills Ltd.,ROML,533093,ROML,INE294G01026,Edible Oils,FMCG,45.53,45.53,68.24,59.95,49.27,49.7,49.07,39.56,63.75,55.72,0.55,0.46,43.21,43.44,45.27,47.74,45,44.72,44.35,44.15,45.22,0.81,1.05,1.01,0.59,7.62,-11.46,1.99,15.9
Raj Rayon Industries Ltd.,RAJRILTD,530699,RAJRILTD,INE533D01032,Textiles,Textiles Apparels & Accessories,20.36,20.36,1132.18,35.15,28.89,30.06,41.2,37.67,63.59,42.14,-0.08,-0.03,20.97,21.4,21.73,23.66,21.04,21.12,21.16,21.39,21.97,0.04,0.12,0.15,0.08,-1.75,-15.14,0.59,10.18
Raj Television Network Ltd.,RAJTV,532826,RAJTV,INE952H01027,Broadcasting & Cable TV,Media,22.68,22.68,117.74,34.07,28,27.82,27.42,20.95,85.08,36.4,-1.92,-2.47,26,31.04,36,38.8,23.79,23.93,24.89,29.37,33.76,1.52,0.23,0.27,0.31,13.81,-43.41,1.53,34.44
Rajapalayam Mills Ltd.,,532503,RAJPALAYAM,INE296E01026,Textiles,Textiles Apparels & Accessories,814,814,750.52,59.95,50.88,50.64,48.75,40.36,68.09,54.07,14.05,12.85,785.47,777.17,799.64,839.15,825.29,813.58,804.4,793.6,803.59,1.2,0.61,0.62,0.84,5.77,-3.72,30.48,28.35
Rajdarshan Industries Ltd.,ARENTERP,526662,ARENTERP,INE610C01014,Commodity Trading  & Distribution,Commercial Services & Supplies,40.84,40.84,12.69,49.4,40.6,30.36,39.08,39.77,56.98,54.17,0.08,0.23,38.86,39.46,41.67,44.74,39.27,39.85,39.81,40.1,41.57,-0.72,-0.6,-0.33,-0.11,15.23,-13.91,2.79,12.39
Rajesh Exports Ltd.,RAJESHEXPO,531500,RAJESHEXPO,INE343B01030,Gems & Jewellery,Textiles Apparels & Accessories,111.26,111.26,3285.06,45.49,37.38,46.52,44.2,29.84,44.24,47.05,1.66,1.98,111.31,115.38,147.34,166.99,120.08,120.34,118.99,123.76,139.18,0.36,1.08,1.23,1,15.13,-36.06,5.87,20.63
Rajgor Castor Derivatives Ltd.,RCDL,,RCDL,INE0BZQ01011,Edible Oils,FMCG,22.05,22.05,52.73,48.84,40.14,55.64,52.49,36.56,61.43,47.33,0.09,0.11,22.62,22.93,22.31,22.95,22.63,22.9,22.84,22.71,22.76,0.12,-0.09,-0.02,,0.23,-20.4,1.46,12.61
Rajnandini Metal Ltd.,RAJMET,,RAJMET,INE00KV01022,Copper,Metals & Mining,3.97,3.97,109.76,52.9,43.47,43.94,42.63,49.52,45.85,55.89,0.07,0.09,3.82,3.75,3.96,4.23,4.01,4,3.96,3.89,3.98,0.46,1.01,0.74,0.72,-1.72,-8.45,0.19,11.97
Rajoo Engineers Ltd.,RAJOOENG,522257,RAJOOENG,INE535F01024,Industrial Machinery,General Industrials,57.21,57.21,1022.2,34.53,28.38,31.58,36.48,36.45,45.48,45.1,-0.41,0.52,60.75,60.15,62.86,78.06,58.96,61.1,61.52,61.83,66.05,0.2,1.87,,,-5.36,-31.71,3.81,20.7
Rajputana Biodiesel Ltd.,RAJPUTANA,,RAJPUTANA,INE0VHU01019,Utilities:Non-Electrical,Utilities,234,234,164.58,53.47,43.94,43.86,51.37,40.95,38.92,50.93,2.69,3.44,228.81,227.71,235.44,244.88,236.13,235.54,233.92,231.88,235.85,1.22,0.58,0.45,,7.96,-14.79,9.1,26.71
Rajputana Industries Ltd.,RAJINDLTD,,RAJINDLTD,INE0PCU01012,Other Non-Ferrous Metals,Metals & Mining,72.5,72.5,161.06,52.3,42.98,42.53,51.31,35.94,45.92,45.86,1.13,1.79,72.59,72.85,77.55,80.04,75.45,76.24,75.59,74.79,76.3,-0.21,-0.12,-0.15,,12.64,-1.28,3.4,29.87
Rajputana Stainless Ltd.,RSL,544731,RSL,INE313L01016,Iron & Steel Products,Metals & Mining,138.41,138.41,1156.66,,,,,,79.74,72.98,,,126.19,,,,137.73,135.61,131.6,,,-0.43,,,,13.6,,6.82,36
Rajratan Global Wire Ltd.,RAJRATAN,517522,RAJRATAN,INE451D01029,Auto Parts & Equipment,Automobiles & Auto Components,406.05,406.05,2061.56,59.95,49.27,58.22,58.58,49.75,46.01,51.73,12.2,12.38,409.68,402.91,433.14,405.26,443.59,436.8,428.97,419.28,419.34,1.57,1.81,1.48,1.01,9.19,-4.3,18.76,15.61
Rajshree Polypack Ltd.,RPPL,,RPPL,INE760W01023,Containers & Packaging,Commercial Services & Supplies,17.85,17.85,132.53,59.58,48.96,48.96,46.78,37.08,81.03,77.63,0.39,0.15,16.14,16.08,16.76,19.04,17.24,16.82,16.54,16.4,17.09,0.41,0.58,0.64,0.78,13.37,-6.56,0.76,24.59
Rajshree Sugars & Chemicals Ltd.,RAJSREESUG,500354,RAJSREESUG,INE562B01019,Sugar,"Food, Beverages & Tobacco",33.39,33.39,110.64,65.87,54.13,54.47,50.69,45.27,67.34,59.26,1.75,1.74,32.05,30.16,31.16,35.63,36.32,35.12,34.06,31.99,32.38,1.28,0.36,0.48,1.07,25.95,-6.77,1.94,37.34
Rajvir Industries Ltd.,RAJVIR,532665,RAJVIR,INE011H01014,Textiles,Textiles Apparels & Accessories,7.65,7.65,3.06,41.75,34.31,33.77,,,0.01,30.36,-0.33,-0.07,9.34,8.48,7.49,12.75,7.73,8.29,8.58,8.42,9.22,-0.99,-0.5,-0.21,-0.08,-30.45,-5.56,0.24,34.03
Rallis India Ltd.,RALLIS,500355,RALLIS,INE613A01020,Agrochemicals,Chemicals & Petrochemicals,266.85,266.85,5189.4,60.92,50.06,51.02,49.26,37.6,80.62,57.99,3.61,3.32,255.21,254.74,261.42,287.57,265.74,263.81,261.45,259,263.38,0.48,1.22,1.04,1.03,3.24,2.12,9.62,20.33
Ram Ratna Wires Ltd.,RAMRAT,522281,RAMRAT,INE207E01023,Other Electrical Equipment/Products,Consumer Durables,423.35,423.35,3951.93,85.09,69.93,70.19,69.69,55.88,64.77,65.7,31.39,29.96,372,351.78,328.33,329.64,445.32,428.26,408.77,367.59,344.23,2.2,1.3,1.15,1.06,33.47,38.92,21.73,37.15
Rama Phosphates Ltd.,RAMAPHO,524037,RAMAPHO,INE809A01032,Fertilizers,Fertilizers,132.26,132.26,468.02,50.4,41.42,41.23,49.54,38.97,48.22,52.1,2.85,3.29,131.3,126.38,142.69,152.39,138.15,137.34,135.58,134.45,139.73,1.35,2.11,1.61,1.26,4.87,-30.25,6.71,22.88
Rama Steel Tubes Ltd.,RAMASTEEL,539309,RAMASTEEL,INE230R01035,Iron & Steel Products,Metals & Mining,5.35,5.35,875.28,52.37,43.04,43.17,43.55,28.97,41.18,48.78,0.06,0.05,5.32,5.66,7.13,8.75,5.75,5.73,5.67,5.97,6.89,1.59,2.3,1.87,1.16,13.74,-44.42,0.25,16.15
Rama Telecom Ltd.,RTL,,RTL,INE14W901010,Other Telecom Services,Telecom Services,87.5,87.5,115.49,53.24,43.75,34.21,40.22,44.33,59.99,52.74,0.1,0.34,86.95,84.64,75.23,,85.49,85.84,85.97,83.2,78,-0.56,0.21,,,1.63,40.97,3.9,13.01
Ramco Industries Ltd.,RAMCOIND,532369,RAMCOIND,INE614A01028,Construction Materials,Cement and Construction,282.2,282.2,2450.67,57.59,47.33,48.49,39.48,37.76,64.19,63.88,4.08,1.44,266.67,270.01,291.48,308.13,282.89,277.29,274.06,276.28,286.41,1.07,1.6,1.34,1.05,8.48,-17.18,10.27,19.42
Ramco Systems Ltd.,RAMCOSYS,532370,RAMCOSYS,INE246B01019,IT Consulting & Software,Software & Services,381.8,381.8,1434.02,36.3,29.83,31.37,28.91,39.22,38.91,42.29,-3.05,-1.79,408.69,415.3,472.93,490.52,408.78,412.51,414.07,428.45,454.71,1.13,1.37,1.31,1.01,-5.36,-33.74,15.7,15.94
Ramdevbaba Solvent Ltd.,RBS,,RBS,INE0RJH01010,Edible Oils,FMCG,99,99,226.33,56.13,46.13,46.5,52.98,38.05,43.49,53.58,4.91,6.08,92.81,87.03,89.93,106.65,104.12,102.71,99.91,93.34,94.27,1.46,1.96,0.85,,26.58,-16.07,4.8,33.33
Ramkrishna Forgings Ltd.,RKFORGE,532527,RKFORGE,INE399G01023,Castings & Forgings,General Industrials,582,582,10524.22,70.81,58.19,56.1,55.71,45.59,89.7,68.82,24.44,19.43,550.48,547.41,535.83,548.82,619.19,598.47,582.29,557.33,549.85,0.57,1.08,1.09,0.98,16.33,16.39,23.36,26.58
Ramky Infrastructure Ltd.,RAMKY,533262,RAMKY,INE874I01013,Construction & Engineering,Cement and Construction,465.9,465.9,3223.93,49.31,40.52,42.54,41.22,49.37,46.75,43.7,5.74,8.7,489.25,479.07,494.45,544.28,501.92,501.7,498.73,491.65,502.28,1.63,1.28,1.13,1.2,1.26,-22.61,16.67,19.71
Rana Sugars Ltd.,RANASUG,507490,RANASUG,INE625B01014,Sugar,"Food, Beverages & Tobacco",13.23,13.23,203.17,59.54,48.93,47.43,45.42,50.32,67.14,57.26,0.41,0.48,13.2,12.48,12.12,13.19,14.02,13.81,13.58,12.88,12.71,0.75,0.15,0.35,0.66,10.13,-3.34,0.7,30.21
Rane (Madras) Ltd.,RML,532661,RML,INE050H01012,Auto Parts & Equipment,Automobiles & Auto Components,892.15,892.15,2465.64,62.5,51.36,52.25,52.21,37.42,93.29,62.79,41.6,26.76,763.31,773.29,778.44,803.54,901.23,848.3,819.35,787.83,785.8,2.09,1.45,1.13,1.01,23.58,4.14,40.56,30.93
Rane Holdings Ltd.,RANEHOLDIN,505800,RANEHOLDIN,INE384A01010,Holding Companies,Diversified,1109,1109,1583.41,53.94,44.33,46.07,45.16,34.73,85.29,54.41,17.32,7.54,1085.22,1115.46,1224.74,1369.3,1166.9,1139.48,1125.1,1143.47,1214.57,0.43,0.8,0.86,0.87,12.79,-26.99,47.64,26.19
Rapid Fleet Management Services Ltd.,RAPIDFLEET,,RAPIDFLEET,INE0QX901013,Warehousing & Logistics,Transportation,197,197,146.47,45.47,37.37,33.01,33.35,34.49,29.77,62.81,-1.91,-4.1,176.44,183.92,190.29,,174.4,174.87,175.55,181.67,187.84,-0.67,-0.12,,,9.44,-2.93,8.89,23.88
Rappid Valves (India) Ltd.,RAPPID,,RAPPID,INE0MVO01012,Other Industrial Products,General Industrials,260,260,134.99,38.1,31.31,41.16,41.48,50.34,44.48,45.79,-0.43,2,266.96,261.62,271.5,291.04,262.63,267.06,267.81,267.43,273.18,0.51,1.37,0.51,,-5.45,-19,10.25,11.33
Rashi Peripherals Ltd.,RPTECH,544119,RPTECH,INE0J1F01024,Commodity Trading  & Distribution,Commercial Services & Supplies,518.1,518.1,3414.26,88.93,73.08,72.68,70.67,65.42,84.62,78.73,35.29,31.04,436.71,402.37,382.06,347.53,517.99,494.78,472.85,425.41,392.75,-0.05,0.89,0.79,,44.86,62.37,23.46,39.77
Rashtriya Chemicals & Fertilizers Ltd.,RCF,524230,RCF,INE027A01015,Fertilizers,Fertilizers,123.07,123.07,6789.63,49.08,40.33,40.8,47.89,39.67,65.53,47.15,1.7,2.15,125.47,123.39,130.45,139.92,130.01,129.46,128.45,127.27,130.49,1.47,1.67,1.45,1.59,0.49,-17.5,4.24,17.08
RateGain Travel Technologies Ltd.,RATEGAIN,543417,RATEGAIN,INE0CLI01024,IT Software Products,Software & Services,618.95,618.95,7313.85,64.27,52.82,52.4,53.18,49.16,86.54,75.9,28.76,23.49,561.8,535.54,584.82,594.7,633.94,613.28,594.54,570.2,576.45,0.1,1.59,1.28,0.97,19.21,-4.05,26.93,29.41
Ratnamani Metals & Tubes Ltd.,RATNAMANI,520111,RATNAMANI,INE703B01027,Iron & Steel/Interm.Products,Metals & Mining,2859.8,2859.8,20044.91,78.33,64.37,63.59,62.87,47.27,89.15,82.63,148.02,108.32,2477.43,2435.48,2326.75,2382.6,2844.36,2737.56,2640.06,2476.59,2409.46,-0.63,0.61,0.6,0.68,32.25,24.47,135.63,36.91
Ratnaveer Precision Engineering Ltd.,RATNAVEER,543978,RATNAVEER,INE05CZ01011,Iron & Steel Products,Metals & Mining,167.32,167.32,1137.7,73.31,60.25,59.73,57.09,39.61,75.02,65.83,8.89,6.71,153.82,150.06,151.23,150.7,178.82,169.63,163.71,155.11,152.45,0.97,1.23,1.38,,23.3,20.35,10.25,38.1
RattanIndia Enterprises Ltd.,RTNINDIA,534597,RTNINDIA,INE834M01019,Power - Electric Utilities,Utilities,34.31,34.31,4742.57,59.11,48.58,49.31,48.81,42.9,69.6,56.93,1.76,1.72,33.27,30.9,34.46,43.37,37.34,36.33,35.23,33.67,35.67,2.24,2.16,1.89,1.48,14.65,-29.81,1.77,29.02
RattanIndia Power Ltd.,RTNPOWER,533122,RTNPOWER,INE399K01017,Power - Electric Utilities,Utilities,9.3,9.3,4994.2,52.87,43.45,44.34,51.69,45.19,72.49,54.48,0.36,0.41,9.3,8.85,8.93,10.27,10.07,9.95,9.74,9.26,9.33,1.58,1.32,1.33,1.09,12.01,-9.35,0.4,24.21
Ravi Kumar Distilleries Ltd.,RKDL,533294,RKDL,INE722J01012,Breweries & Distilleries,"Food, Beverages & Tobacco",20.78,20.78,49.87,51.64,42.44,49.63,51.08,47.68,56.9,53.44,0.54,0.58,20.82,19.98,20.81,23.96,21.9,21.71,21.39,20.81,21.42,1.14,1.42,1.1,0.81,2.77,-18.01,1.33,19.48
Ravinder Heights Ltd.,RVHL,543251,RVHL,INE09E501017,Realty,Realty,39.23,39.23,240.58,53.61,44.06,44.02,50.86,38.36,19.54,47.52,0.67,0.93,39.75,38.97,44,47.81,41.77,41.57,41.17,41.05,43.31,0.13,1.81,1.56,1.02,0.37,-25.56,2.71,22.55
Ravindra Energy Ltd.,RELTD,504341,RELTD,INE206N01018,Power - Electric Utilities,Utilities,127.85,127.85,2284.61,44.99,36.97,39.16,47.76,42.79,83.86,44.44,0.17,1.23,137.74,137.81,145.52,148.96,137.46,139.8,139.79,140.35,143.12,1.4,1.4,1.11,,-0.85,-12.89,7,14.77
Raymond Lifestyle Ltd.,RAYMONDLSL,544240,RAYMONDLSL,INE02ID01020,Textiles,Textiles Apparels & Accessories,780.05,780.05,4752.35,33.51,27.54,36.79,34.41,33.82,38.65,40.77,-5.82,-5.1,792.39,807.82,900.82,1035.55,796.54,795.9,798.47,827.47,894.9,1.71,1.34,1.45,,-5.38,-35.01,34.88,7.76
Raymond Ltd.,RAYMOND,500330,RAYMOND,INE301A01014,Industrial Machinery,General Industrials,479.7,479.7,3193.54,63.86,52.48,54.01,50.03,35.44,75.15,63.11,30.56,25.96,419.08,403.01,406.84,497.77,496.62,475.75,456.05,425.07,439.32,3.6,1.87,1.34,1.18,33.51,-13.91,26,35.87
Raymond Realty Ltd.,RAYMONDREL,544420,RAYMONDREL,INE1SY401010,Realty,Realty,567.2,567.2,3776.06,66.83,54.92,53.6,47.32,39.99,88.86,69.63,42.89,24.9,454.87,434.34,453.99,534.95,579.74,526.53,497.02,462.58,476.26,3.13,1.98,,,34.95,-4.09,34.73,25.76
Readymix Construction Machinery Ltd.,READYMIX,,READYMIX,INE10QL01011,Construction Materials,Cement and Construction,90.2,90.2,98.85,58.06,47.71,40.06,38.8,34.2,28.62,53.42,0.06,-0.34,88.94,90.75,102.47,117.88,91.04,90.81,90.59,93.5,100.89,0.19,0.8,0.41,,0.92,-33.54,4.94,9.42
Redington Ltd.,REDINGTON,532805,REDINGTON,INE891D01026,Commodity Trading  & Distribution,Commercial Services & Supplies,210.69,210.69,16471.2,48.22,39.63,40.34,39.08,36.46,41.44,46.67,-1.19,-2,217.16,226.59,247.89,258.65,221.61,220.59,220.86,228.53,240.86,1.5,1.36,1.1,0.94,0.21,-12.62,7.83,9.97
Redtape Ltd.,REDTAPE,543957,REDTAPE,INE0LXT01019,Footwear,Retailing,135,135,7462.9,62.85,51.65,52.3,52.45,41.65,86.47,70.14,3.33,2.68,122.83,120.92,122.23,128.12,130.44,129.09,126.91,123.75,124.34,0.3,0.6,0.75,,11.38,-1.42,4.48,22.68
Refex Industries Ltd.,REFEX,532884,REFEX,INE056I01025,Industrial Gases,General Industrials,255.45,255.45,3505.27,48.21,39.62,39.18,47.28,42.98,63.86,55.67,9.96,10.92,237.6,227.03,237.93,303.24,258.64,256.43,250.42,240.33,253.47,1.36,1.72,1.31,1.1,13.19,-32.18,11.19,25.59
Refractory Shapes Ltd.,REFRACTORY,,REFRACTORY,INE0TNX01015,Other Industrial Goods,General Industrials,39.9,39.9,86.98,54.15,44.5,44.64,44.33,37.65,36.2,55.97,0.72,0.89,38.9,38,44.15,48.81,40.85,40.97,40.53,40.46,43.23,-0.62,1.2,0.74,,16.02,2.69,2.06,17.99
Regaal Resources Ltd.,REGAAL,544485,REGAAL,INE0MHO01029,Other Agricultural Products,"Food, Beverages & Tobacco",85.92,85.92,882.6,56.08,46.09,46.38,38.95,44.81,90.47,75.26,4.66,3.9,79.54,76.27,71.23,,89.89,87.62,84.73,78.46,77.97,0.67,0.7,,,25.18,9,4.37,36.62
Regency Ceramics Ltd.,REGENCERAM,515018,REGENCERAM,INE277C01012,Ceramics,Consumer Durables,42.1,42.1,111.32,46.92,38.56,40.53,53.91,54.87,83.76,46.91,0.47,0.7,44.04,43.31,44.8,45.72,45.07,45.13,44.87,44.32,44.58,1.45,0.89,0.62,0.41,-4.51,-11.12,3.57,41.15
Relaxo Footwears Ltd.,RELAXO,530517,RELAXO,INE131B01039,Footwear,Retailing,289.4,289.4,7204.28,53.03,43.58,44.38,44,30.81,84.53,57.63,2.75,1.62,290.78,299.21,342.5,396.15,305.19,303.93,301.51,309.49,336.64,0.87,1.39,1.23,0.72,10.79,-28.36,10.69,17.79
Reliable Data Services Ltd.,RELIABLE,544207,RELIABLE,INE375Y01018,Data Processing Services,Software & Services,116.96,116.96,120.7,57,46.84,54.53,52.86,45.74,31.03,50.93,1.7,1.86,126.29,125.83,139.61,130.58,131.72,131.29,130.1,130.69,132.69,0.56,0.92,0.57,0.34,9.99,-5.61,6.89,15.27
Reliance Chemotex Industries Ltd.,RELCHEMQ,503162,RELCHEMQ,INE750D01016,Textiles,Textiles Apparels & Accessories,117.76,117.76,88.83,59.04,48.52,49.82,40.62,37.06,45.25,51.35,0.93,0.58,117.54,117.09,124.07,142.03,121.06,119.85,119.17,119.83,125.89,1.38,0.67,0.77,0.83,2.46,-22.51,6.51,15.67
Reliance Communications Ltd.,RCOM,532712,RCOM,INE330H01018,Telecom Services,Telecom Services,0.91,0.91,251.66,44.41,36.5,40.61,40.73,46.22,36.75,45.59,0.01,0.01,0.94,0.92,1,1.21,0.96,0.97,0.96,0.96,1.03,0.8,0.58,0.43,0.09,,-25.4,0.04,13.95
Reliance Home Finance Ltd.,RHFL,540709,RHFL,INE217K01011,Housing Finance,Banking and Finance,2.28,2.28,110.59,35.87,29.48,31.1,16.52,29.24,66.35,45.69,-0.09,-0.1,2.28,2.49,2.77,3.78,2.16,2.2,2.25,2.46,2.81,1.67,0.3,0.2,0.1,2.34,-41.13,0.12,25.81
Reliance Industrial InfraStructure Ltd.,RIIL,523445,RIIL,INE046A01015,Construction & Engineering,Cement and Construction,766.9,766.9,1158.02,51.03,41.94,43.61,50.45,45.27,74.11,51.93,21.06,24.89,750.95,722.66,744.54,817.01,800.76,790.31,778.08,752.06,761.83,2.28,1.81,1.62,1.64,9.27,-12.84,32.25,35.24
Reliance Industries Ltd.,RELIANCE,500325,RELIANCE,INE002A01018,Refineries/Petro-Products,Oil & Gas,1364,1364,1845838.28,61.13,50.24,52.11,52.52,35.37,62.21,48.73,16.11,11.14,1374.21,1383.67,1429.9,1432.79,1432.22,1411.03,1399.28,1396.11,1412.24,1.14,0.7,0.95,1.01,3,-5.76,33.92,19.92
Reliance Infrastructure Ltd.,RELINFRA,500390,RELINFRA,INE036A01016,Power - Electric Utilities,Utilities,71,71,2901.28,30.3,24.9,25.4,25.4,24.77,46.26,36.76,-4.2,-5.33,80.7,92.24,133.25,224.59,78.86,78.35,80.17,97.08,132.93,0.18,-0.79,-0.23,-0.48,-16.96,-72.85,4.85,35.31
Reliance Power Ltd.,RPOWER,532939,RPOWER,INE614G01033,Power - Electric Utilities,Utilities,27.3,27.3,11290.65,45.94,37.75,39.12,46.43,32.01,66.89,52.79,0.95,1.16,26.62,25.24,28.4,36.98,28.67,28.53,27.97,27.21,29.5,2.03,1.8,1.93,1.4,13.05,-31.26,1.3,23.38
Religare Enterprises Ltd.,RELIGARE,532915,RELIGARE,INE621H01010,Other Financial Services,Banking and Finance,222.3,222.3,7400.16,59.43,48.84,39.73,42.45,48.83,64.41,56.84,0.92,0.68,222.38,218.89,229.78,242.4,224.29,223.95,223.3,224,228.93,0.04,0.97,1.19,0.78,1.77,-12.95,7.52,13.32
Remsons Industries Ltd.,REMSONSIND,530919,REMSONSIND,INE474C01023,Auto Parts & Equipment,Automobiles & Auto Components,108.01,108.01,376.73,57.13,46.95,47.33,48.46,36.8,83.99,64.81,4.45,3.32,100.02,101.1,108.6,117.84,113.66,109.89,106.81,104.59,108.45,1.36,1.99,1.97,1.16,16.9,-22.68,5.33,19.97
Remus Pharmaceuticals Ltd.,REMUS,,REMUS,INE0O5T01011,Pharmaceuticals,Pharmaceuticals & Biotechnology,733.5,733.5,864.36,66.61,54.74,54.21,52.45,40.44,67.54,65.79,27.82,15.81,660.48,654.69,676.17,740.45,739.29,709.91,690.39,671.49,686.2,0.93,0.31,-0.05,,18.81,12.35,32.53,22.79
Renaissance Global Ltd.,RGL,532923,RGL,INE722H01024,Gems & Jewellery,Textiles Apparels & Accessories,108.35,108.35,1162.87,58.2,47.83,48.54,31.89,39.34,74.22,59.82,1.04,-0.2,103.91,105.37,112.29,117.33,107.94,106.09,105.18,106.49,110.78,1.02,2.01,2.08,1.35,4.4,-18.36,4.71,14.06
Renol Polychem Ltd.,RNPL,,RNPL,INE0VZX01015,Specialty Chemicals,Chemicals & Petrochemicals,136.9,136.9,165.44,48.97,40.24,43.08,45.7,41.81,25.64,45.43,-0.47,-0.48,136.61,138.2,142.27,,137.04,136.73,136.95,138.13,133.04,0.53,-0.08,,,0.45,25,4.57,16.07
Repco Home Finance Ltd.,REPCOHOME,535322,REPCOHOME,INE612J01015,Housing Finance,Banking and Finance,392.3,392.3,2454.28,53.44,43.92,43.65,53.41,51.65,70.4,51.36,6.82,8.6,393.33,382.65,393.86,394.41,406.67,406.19,402.27,393.88,393.39,1,1.19,1.06,1.15,3.12,-10.88,14.54,22.18
Repro India Ltd.,REPRO,532687,REPRO,INE461B01014,Publishing,Commercial Services & Supplies,382.7,382.7,548.99,54.73,44.98,45.63,37.54,35.95,68.37,61.58,3.35,-1.05,358.52,367.12,402.85,451.17,376.22,369.32,366.04,374.49,399.79,0.61,1.17,1.01,0.82,6.23,-31.6,18.31,19.29
Responsive Industries Ltd.,RESPONIND,505509,RESPONIND,INE688D01026,Furniture-Furnishing,Diversified Consumer Services,163.75,163.75,4365.71,56.4,46.35,48.26,44.65,36.22,85.81,61.26,5.16,2.32,149.81,156.05,172.27,186.64,169.43,163.46,159.49,160.09,169.05,1.48,1.29,1.5,1.16,22.64,-14.42,9.3,24.22
Restaurant Brands Asia Ltd.,RBA,543248,RBA,INE07T201019,Restaurants,Hotels Restaurants & Tourism,66.38,66.38,3869.13,61.54,50.57,49.38,48.51,40.08,78.49,67.21,1.49,1.15,63.18,62.84,63.8,69.14,67.51,66.11,65.11,63.88,64.69,0.66,0.48,0.47,0.54,8.14,-0.45,1.21,32.28
Revathi Equipment India Ltd.,RVTH,544246,RVTH,INE0DAB01012,Heavy Electrical Equipment,General Industrials,705.95,705.95,216.51,60.43,49.66,50,39.58,44.93,58.59,68.66,16.09,8.54,603.66,599.16,636.59,782.08,649.64,635.18,623.92,618.55,660.55,-0.78,0.31,0.4,,10.82,-21.69,42.4,22.92
Rex Pipes and Cables Industries Ltd.,REXPIPES,,REXPIPES,INE00D001018,Plastic Products,General Industrials,202,202,190.89,81.46,66.94,67.26,67.06,66.65,37.63,58.53,4.43,5.44,198.07,179.92,164.77,136.44,198.22,198.47,196.36,184.03,167.81,-1.03,-0.24,-0.18,-0.05,4.12,57.81,5.16,12.31
Rexpro Enterprises Ltd.,REXPRO,,REXPRO,INE113601012,Furniture-Furnishing,Diversified Consumer Services,41.95,41.95,47.01,31.89,26.21,24.84,25.61,35.64,45.36,46.72,-0.4,-0.14,43.87,45.95,50.21,65.35,43.88,44.47,44.7,46.48,51.98,-0.17,0.11,-0.11,,7.6,-45.77,1.74,15.52
Rhetan TMT Ltd.,RHETAN,543590,RHETAN,INE0KKN01029,Iron & Steel Products,Metals & Mining,26.17,26.17,2085.42,51.83,42.59,42.72,45.38,36.7,46.52,51.5,0.32,0.49,26.12,25.8,25.61,,26.31,26.84,26.67,26.08,25.28,-0.86,0.41,,,5.73,14.71,1.32,23.8
Richa Info Systems Ltd.,RICHA,,RICHA,INE0J1P01015,Other Electrical Equipment/Products,Consumer Durables,78,78,107.35,68.46,56.26,55.33,53.76,50.94,94.69,70.81,4.36,2.43,65.9,64.96,66.5,69.45,79.46,73.1,70.06,66.63,66.66,-0.95,0.07,-0.01,,33.89,36.17,3.56,23.02
Rico Auto Industries Ltd.,RICOAUTO,520008,RICOAUTO,INE209B01025,Auto Parts & Equipment,Automobiles & Auto Components,114.7,114.7,1551.72,81.04,66.6,66.97,57.63,55.64,73.15,57.53,1.96,1.03,114.54,114.88,119.97,106.2,120.6,118.64,117.22,116.25,114.5,1.21,2.02,1.93,1.73,5.49,47.65,4.93,12.46
Rishabh Instruments Ltd.,RISHABH,543977,RISHABH,INE0N2P01017,Other Electrical Equipment/Products,Consumer Durables,486.25,486.25,1874.6,84.17,69.17,68.99,69.27,61.35,74.1,59.39,22.37,21.96,454.12,432.34,413.75,399.64,504.47,493.5,479.97,447.93,425.01,1.25,1.72,1.43,,15.38,28.28,27.5,24.31
Ritco Logistics Ltd.,RITCO,542383,RITCO,INE01EG01016,Warehousing & Logistics,Transportation,234.88,234.88,665.25,61.71,50.71,49.06,45.53,35.18,86.91,75.19,10.25,6.13,206.54,206.47,230.09,251.59,236.65,227.56,220.29,216.12,226.57,0.45,1.29,1.04,1.16,27.81,-1.15,12.29,37.69
Rite Zone Chemcon India Ltd.,RITEZONE,,RITEZONE,INE0MRA01019,Construction Materials,Cement and Construction,27.3,27.3,11.55,65.77,54.05,52.25,49.55,15.86,89.91,79.57,2.2,1.16,18.76,19.41,22.74,27.41,25.72,23.09,21.48,20.58,22.37,-0.47,0.05,-0.08,,71.16,14.47,0.94,38.53
Rites Ltd.,RITES,541556,RITES,INE320J01015,Construction & Engineering,Cement and Construction,211.8,211.8,10179.19,60.5,49.72,50.51,49.3,36.31,78.16,57.62,5.71,5.52,210.24,206.94,217.93,235.32,226.25,222.29,218.64,214.1,218.99,1.12,1.25,1.28,1.32,11.11,-10.24,6.34,25.33
Robust Hotels Ltd.,RHL,543901,RHL,INE508K01013,Hotels,Hotels Restaurants & Tourism,177.56,177.56,307.03,46.96,38.59,40.84,39.72,36.92,34.96,45.94,0.28,1.02,181.17,181.32,186.55,220,182.05,183.11,183.02,183.76,191.67,-0.12,0.91,0.8,0.73,-0.85,-23.32,7.25,25.65
Rockingdeals Circular Economy Ltd Partly Paidup,ROCKPP,,ROCKPP,IN90PTR01010,Others,Others,75,75,,0,,0,0,,63.26,34.81,,,,,,,75.49,78,79.2,,,-1.53,,,,-7.86,,5.2,
Rockingdeals Circular Economy Ltd.,ROCKINGDCE,,ROCKINGDCE,INE0PTR01012,Misc. Commercial Services,Commercial Services & Supplies,205.9,205.9,143.7,66.78,54.88,54.74,53.24,39.56,48.05,58.67,8.15,7.85,179.59,182.38,199.76,202.04,204.52,201.2,195.83,190.68,196.59,-0.7,0.95,0.4,,25.24,-17.31,10.91,21.15
Rolex Rings Ltd.,ROLEXRINGS,543325,ROLEXRINGS,INE645S01024,Auto Parts & Equipment,Automobiles & Auto Components,145.65,145.65,3966.53,70.69,58.09,58.51,66.25,52.37,76.91,60.22,5.32,5.85,136.86,132.13,130.24,129.93,148.2,147.13,143.98,136.32,132.38,1.23,1.57,1.26,0.89,16.89,24.03,7.17,34.25
Rollatainers Ltd.,ROLLT,502448,ROLLT,INE927A01040,Containers & Packaging,Commercial Services & Supplies,2.3,2.3,57.53,97.81,80.38,79.1,76.18,44.68,58.65,78.31,0.24,0.19,1.56,1.44,1.38,1.34,2.19,1.99,1.83,1.56,1.44,0.31,0.76,0.57,0.62,84.8,92.5,0.11,35.06
Rossari Biotech Ltd.,ROSSARI,543213,ROSSARI,INE02A801020,Specialty Chemicals,Chemicals & Petrochemicals,507.25,507.25,2809.74,58.9,48.4,48.68,38.27,34.58,71.3,61.54,16.22,11.76,469.06,465.06,508.02,575.98,515.91,503.73,492.64,485.62,510.12,1.15,1.19,0.99,0.72,16.19,-19.18,25.42,29.47
Rossell India Ltd.,ROSSELLIND,533168,ROSSELLIND,INE847C01020,Aerospace & Defence,General Industrials,56.07,56.07,211.36,68.46,56.26,55.37,53.92,48.39,59.2,67.82,2.44,2.33,51.57,49.12,48.11,55.81,56.43,55.71,54.23,51.03,51.23,0.11,0.7,0.6,0.52,19.92,-4.76,3.03,34
Rossell Techsys Ltd.,ROSSTECH,544294,ROSSTECH,INE0OJW01016,Aerospace & Defence,General Industrials,827.95,827.95,3121.08,76.32,62.72,63.79,72.73,67.41,52.82,47.03,40.77,56.23,882.08,808.91,733.04,703.02,953.83,948.21,927.04,844.34,774.26,1.85,1.63,1.27,,9.9,40.09,65.31,26.82
Roto Pumps Ltd.,ROTO,517500,ROTO,INE535D01037,Compressors & Pumps,General Industrials,56.21,56.21,1059.25,49.65,40.8,48.25,46.4,35.08,56.25,48.72,0.68,0.76,56.97,56.87,60.16,68.3,59.27,58.93,58.5,58.25,60.62,1.57,1.33,1.19,1.28,3.27,-15.66,2.43,12.22
Route Mobile Ltd.,ROUTE,543228,ROUTE,INE450U01017,Internet Software & Services,Software & Services,509.65,509.65,3210.95,55.88,45.92,46.06,44.47,33.38,76.62,54.71,17.72,14.84,502.23,492.66,563.4,680.43,557.16,539.11,527.07,521.85,565.97,1.87,1.39,1.03,0.65,9.64,-24.77,19.8,21.58
Royal Arc Electrodes Ltd.,ROYALARC,,ROYALARC,INE0EO401019,Other Industrial Goods,General Industrials,160,160,177.6,67.13,55.17,56.35,56.35,63.2,59.79,52.28,1.43,0.71,155.34,155.49,157.92,156.83,159.11,158.35,157.3,156.61,156.29,-2.4,-0.99,,,6.67,3.96,7.76,17.69
Royal Orchid Hotels Ltd.,ROHLTD,532699,ROHLTD,INE283H01019,Hotels,Hotels Restaurants & Tourism,326.65,326.65,895.84,48.6,39.94,40.58,39.05,37.65,31.6,48.16,1.11,2.23,335.72,335.97,359.33,412.53,341.97,342.21,341.56,344.5,361.66,0.8,1.39,1.16,1.04,0.94,-29.88,13.9,13.88
Rubfila International Ltd.,RUBFILA,500367,RUBFILA,INE642C01025,Auto Tyres & Rubber Products,Automobiles & Auto Components,72.09,72.09,391.21,53.14,43.67,42.43,50.58,37.27,66.5,56.4,2.12,2.29,69.15,66.92,69.6,74.81,73.94,73.26,71.97,69.7,70.44,1.49,0.81,0.92,,10.88,-7.5,2.8,39.91
Rubicon Research Ltd.,RUBICON,544578,RUBICON,INE506V01022,Pharmaceuticals,Pharmaceuticals & Biotechnology,927.9,927.9,15318.9,49.42,40.61,40.03,48.1,35.18,69.48,60.63,40.88,44.39,880.93,837.52,767.97,,965.19,949.73,925.81,857.4,786.21,0.84,0.39,,,19.15,45.78,34.62,54.83
Ruby Mills Ltd.,RUBYMILLS,503169,RUBYMILLS,INE301D01026,Textiles,Textiles Apparels & Accessories,230.04,230.04,769.25,60.28,49.54,50.58,48.8,52.53,58.87,51.52,6.2,7.22,225.96,214.99,212.48,220.55,238.51,235.55,232.08,221.88,217.67,1.19,0.87,1.11,1.16,4.38,1.13,9.6,43.65
Ruchi Infrastructure Ltd.,RUCHINFRA,509020,RUCHINFRA,INE413B01023,Warehousing & Logistics,Transportation,6.43,6.43,151.76,64.97,53.39,42.78,53.22,48.52,61.53,65.78,0.18,0.18,6.06,5.81,6.02,6.68,6.41,6.37,6.26,6.06,6.17,-0.19,1.25,1.17,0.91,4.29,-8.1,0.39,18.16
Ruchira Papers Ltd.,RUCHIRA,532785,RUCHIRA,INE803H01014,Paper & Paper Products,Commercial Services & Supplies,117.47,117.47,350.59,62.1,51.03,51.58,50.25,47.56,69.27,60.92,3.69,3.38,112.82,109.2,113.77,125.8,122.05,119.59,117.25,113.72,115.63,1.38,1.01,1.08,0.92,10.01,-8.54,3.53,19.7
Rudra Global Infra Products Ltd.,RUDRA,539226,RUDRA,INE027T01023,Iron & Steel/Interm.Products,Metals & Mining,20.14,20.14,202.09,38.27,31.45,24.72,25.7,25.51,6.23,56.38,0.51,0.76,19.74,18.85,,,20.59,20.86,20.59,20.07,,2.83,1.6,,,13.98,,1.36,36.26
Rudrabhishek Enterprises Ltd.,REPL,,REPL,INE364Z01019,Consulting Services,Commercial Services & Supplies,75.86,75.86,137.48,30.77,25.29,25.16,37.33,36.14,36.26,42.83,-0.45,0.09,78.04,78.01,92.71,121.18,77.76,78.79,79.05,82.23,93.83,0.17,1.73,1.6,1.16,-12.78,-47.21,4.86,19.08
Rulka Electricals Ltd.,RULKA,,RULKA,INE0R7301013,Construction & Engineering,Cement and Construction,105.9,105.9,45.1,65.06,53.47,55.84,53.08,40.74,44.6,51.82,5.18,5.07,100.16,96.13,100.17,112.08,113.89,110.36,107.14,101.61,103.59,3.24,0.48,0.1,,15.06,-11.24,8.12,25.13
Rupa & Company Ltd.,RUPA,533552,RUPA,INE895B01021,Other Apparels & Accessories,Textiles Apparels & Accessories,142.33,142.33,1131.87,48.53,39.88,40.47,48.68,34.62,73.97,55.25,4.74,5.2,140.18,136.69,146.04,171.51,151.25,150.42,147.5,143.49,149.78,0.3,1.16,0.97,0.96,11.52,-21.93,6.44,32.85
Rushil Decor Ltd.,RUSHIL,533470,RUSHIL,INE573K01025,Forest Products,Forest Materials,15.8,15.8,463.6,44.31,36.41,44.02,45.07,33.16,54.5,47.58,0.28,0.28,16.03,16.27,18.81,22.41,17.16,16.99,16.78,17.05,18.67,2.92,1.43,1.09,0.9,0.61,-37.42,1.14,19.18
S & S Power Switchgear Ltd.,S&SPOWER,517273,S&SPOWER,INE902B01017,Other Electrical Equipment/Products,Consumer Durables,381.3,381.3,470.59,67.13,55.17,55.96,63.33,47.47,83.01,54.86,16.59,19.28,366.1,353.32,317.46,337.22,399.76,396.61,387.09,358.29,339.43,-0.25,0.29,0.45,0.52,21.73,8.64,12.88,38.19
S A Tech Software India Ltd.,SATECH,,SATECH,INE0BSN01013,IT Consulting & Software,Software & Services,45,45,58.76,62.52,51.38,53.21,53.97,45.45,49.86,49.81,1.39,1.17,44.03,44.51,47.68,49.99,49,47.52,46.56,45.82,47.05,1.04,0.32,0.09,,9.52,-12.71,2.53,16.98
S Chand & Company Ltd.,SCHAND,540497,SCHAND,INE807K01035,Publishing,Commercial Services & Supplies,168.54,168.54,594.48,63.41,52.11,52.85,43.36,50.24,57.12,60.42,4.06,3.5,156.51,153.99,157.13,172.66,167.51,164.66,162.06,158.17,160.62,1.23,1.24,0.83,0.65,9.43,-5.05,5.8,23.45
S D Retail Ltd.,SDREAMS,,SDREAMS,INE0X6F01017,Other Apparels & Accessories,Textiles Apparels & Accessories,89,89,166.63,62.22,51.13,53.64,49.56,39.88,70.83,53.4,4.42,4.4,87.17,86.48,86.34,104.88,98.59,96.62,93.84,89.26,91.49,-0.38,-0.41,-0.28,,21.95,-15.93,5.14,31.17
S H Kelkar & Company Ltd.,SHK,539450,SHK,INE500L01026,Personal Products,FMCG,144.49,144.49,2000.04,55.37,45.5,46.43,44.64,33.49,71.74,57.25,3.86,3.4,139.19,137.32,151.4,187.23,150.11,147.82,145.24,144.09,154.26,1.48,1.84,1.42,1.09,11.54,-32.74,6.17,22.09
S J Logistics (India) Ltd.,SJLOGISTIC,,SJLOGISTIC,INE0F3301020,Warehousing & Logistics,Transportation,293.45,293.45,448.78,50.33,41.36,42.39,49.91,37.72,41.64,46.44,4.56,6.44,303.63,297.09,319.72,355.86,315.15,314.68,312.03,309.46,323.49,1.29,1.65,1.38,,-2.27,-6.36,17.43,12.52
S P Apparels Ltd.,SPAL,540048,SPAL,INE212I01016,Other Apparels & Accessories,Textiles Apparels & Accessories,811.7,811.7,2040.52,77.31,63.53,55.64,58.99,53.9,70.3,63.73,22.2,21.66,772.73,743.46,721.06,735.84,816.07,806.78,793.48,760.44,743.2,-0.11,0.66,0.92,0.87,7.88,16.33,30.05,22.7
SAB Events & Governance Now Media Ltd.,SABEVENTS,540081,SABEVENTS,INE860T01019,Advertising & Media,Media,8.85,8.85,9.28,63.17,51.91,53.59,53.59,56.13,62.18,32.15,-1.07,-1.2,11.7,13.35,11.31,8.81,9.82,9.82,10.45,11.64,11.11,0.62,-0.08,-0.07,0.06,-37.68,51.28,0.49,48.82
SAL Steel Ltd.,SALSTEEL,532604,SALSTEEL,INE658G01014,Iron & Steel/Interm.Products,Metals & Mining,58.07,58.07,840.66,78.23,64.29,65.3,72.81,61.55,68.67,65.38,3.11,3.58,50.32,47.35,44.68,36.53,56.63,56.18,54.38,49.48,45.05,0.43,0.7,0.82,0.79,35.98,41.44,3,31.28
SAR Televenture Ltd.,SARTELE,,SARTELE,INE0PUC01020,Other Telecom Services,Telecom Services,146.75,146.75,735.91,48.54,39.89,39.23,29.17,40,26.32,38.45,-5.88,-6.47,159.43,172.59,199.7,197.94,153.54,154.41,157.54,171.48,185.86,1.68,1.94,1.92,,-12.96,-16.97,8.39,30.82
SBC Exports Ltd.,SBC,542725,SBC,INE04AK01028,Other Apparels & Accessories,Textiles Apparels & Accessories,34.61,34.61,1648.09,84.07,69.09,69.65,62.82,71.06,60.87,72.26,0.6,0.55,32.71,32.38,30.78,26.31,34.04,33.76,33.4,32.33,30.49,-0.07,0.37,0.23,0.63,9.57,43.39,0.76,19.17
SBFC Finance Ltd.,SBFC,543959,SBFC,INE423Y01016,Finance (including NBFCs),Banking and Finance,92.76,92.76,10263.1,58.66,48.21,47.93,39.22,39.5,72.37,59.87,1.5,1.28,91.83,91.91,95.6,102.28,96.29,95.48,94.49,93.65,95.81,0.87,0.95,0.9,,10.13,-17.12,3.27,31.95
SBI - ETF Nifty,SETFNIF50,590138,SETFNIF50,INF200KA1FS1,Others,Others,250.54,250.54,,53.6,42.28,50.28,62.25,58.07,48.65,46.23,0.61,0.67,254.68,256.55,265.95,267.91,258.34,257.84,257.35,258.78,262.59,0.83,0.91,0.93,0.84,-0.74,-6.75,4.04,15.81
SBI - ETF Quality,SBIETFQLTY,,SBIETFQLTY,INF200KA1WX6,Others,Others,216.91,216.91,,,50.45,53.1,57.75,58.64,73.55,60.99,2.75,2.32,214.63,213.73,221.21,223.22,222.77,220.68,218.84,217.28,219.26,0.83,0.88,0.89,0.66,5.17,-1.31,4.91,14.88
SBI BSE PSU Bank ETF,SBIBPB,544385,SBIBPB,INF200KB1712,Others,Others,46.73,46.73,,,43.06,43.96,,,38.1,37.11,-0.51,-0.26,49.46,50.69,50.82,47.43,48.74,49.21,49.54,50.17,49.84,1.04,1.43,1.19,,-6.7,-2.55,1.59,16.18
SBI Banking ETF,SETFNIFBK,590137,SETFNIFBK,INF200KA1580,Others,Others,548.11,548.11,,56.57,33.82,35.26,59.11,68.77,43.1,43.66,-0.99,-0.27,561.36,570.61,590.94,585.3,565.56,566.54,566.92,573,580.63,1.01,1.18,1.03,0.82,-2.23,-5.75,11.37,17.37
SBI Cards and Payment Services Ltd.,SBICARD,543066,SBICARD,INE018E01016,Finance (including NBFCs),Banking and Finance,625.1,625.1,59484.85,37.25,30.61,30.89,30.56,36.79,22.16,37.24,-12.33,-11.92,662.26,688.12,752.94,808.34,646.07,652.57,659.43,689.95,735.34,0.84,1.07,1.09,0.74,-4.43,-27.14,17.66,19.3
SBI ETF 10 Year Gilt,SETF10GILT,,SETF10GILT,INF200KA1JT1,Others,Others,257.48,257.48,,,52.41,59.26,59.15,64.71,48.87,48.81,0.06,-0.04,257.62,258.62,258.76,258.62,258.29,258.24,258.17,258.37,258.53,0.16,0.15,0.09,0.08,0.11,-0.62,2.29,11.71
SBI ETF Consumption,SBIETFCON,,SBIETFCON,INF200KA1X17,Others,Others,115.11,115.11,,39.35,49.5,48.35,33.4,33.4,65.44,55.27,1.36,1.27,115.02,114.71,118.78,122.25,118.94,118.15,117.25,116.58,118.17,0.87,0.99,0.92,0.73,3.49,-7.26,2.78,21.62
SBI ETF IT,SBIETFIT,,SBIETFIT,INF200KA1S14,Others,Others,311.66,311.66,,,31.69,31.72,42.51,47.45,34.57,43.18,-4.56,-4.12,332.55,331.22,370.33,380.71,322.87,325.61,328.29,339.59,357.05,1.31,0.62,0.86,0.79,-6.84,-16.39,9.66,12.71
SBI ETF Private Bank,SBIETFPB,,SBIETFPB,INF200KA1S22,Others,Others,263.89,263.89,,,33.91,34.28,57.63,60.08,52.94,46.23,-0.23,-0.01,267.44,270.87,281.36,280.73,269.53,269.87,269.9,272.59,276.83,0.72,1.07,0.96,0.8,-1.81,-6.03,7.63,25.26
SBI Gold Exchange Traded Scheme - Growth Option,SETFGOLD,590098,SETFGOLD,INF200KA16D8,Others,Others,128.29,128.29,,41.27,58.6,57.26,29.12,29.12,50.7,48.07,-0.22,-0.32,126.81,129.41,126.66,111.94,127.52,127.45,127.54,127.64,123.99,0.34,0.69,0.42,0.22,-0.89,23.57,2.63,12.38
SBI Life Insurance Company Ltd.,SBILIFE,540719,SBILIFE,INE123W01016,Life Insurance,Banking and Finance,1833.9,1833.9,183957.06,53.93,44.32,44.27,40.32,51.36,33.44,52.39,-12.8,-19.23,1862.5,1904.1,1970.39,1923.45,1861.78,1857.16,1863.14,1898.74,1923.82,0.98,0.96,0.83,0.78,-1.22,-4.42,43.75,18.51
SBI Nifty 1D Rate Liquid ETF,LIQUIDSBI,544010,LIQUIDSBI,INF200KA13Z8,Others,Others,999.99,999.99,,,42.5,42.5,,,13.91,51.51,0,0,1000,1000,999.96,999.98,1000,1000,1000,999.99,999.98,0,0,0.01,,,,0.04,99.02
SBI Nifty 1D Rate Liquid ETF - Growth,SBILIQETF,544478,SBILIQETF,INF200KB1969,Others,Others,1038.45,1038.45,,,33.6,33.6,,,95.56,98.47,1.49,1.49,1035.25,1033.03,1028.08,,1037.87,1037.15,1036.3,1033.16,1028.03,0,0,,,0.43,2.5,2.02,65.96
SBI Nifty Junior ETF,SETFNN50,,SETFNN50,INF200KA1598,Others,Others,734.16,734.16,,57.04,47.64,54.99,59.51,58.1,47.88,56.87,13.58,13.81,724.49,719.89,726.49,726.71,761.1,754.13,745.67,730.88,727.09,0.88,1.05,0.99,0.87,6.48,0.77,14.9,19.38
SBI Nifty Midcap 150 ETF,SBINMID150,544745,SBINMID150,INF200KB1AK8,Others,Others,22.01,22.01,,,,,,,79.59,71.92,,,,,,,22.57,22.32,22.06,,,1.03,,,,6.62,,0.63,
SBI Nifty Midcap 150 Momentum 50 ETF,SBIMIDMOM,544722,SBIMIDMOM,INF200KB1AJ0,Others,Others,61.37,61.37,,,,,,,32.35,60.4,1.29,1.22,60.21,,,,63.04,62.35,61.63,,,1,,,,6.04,,1.69,21.44
SBI Nifty50 Equal Weight ETF,SBINEQWETF,544215,SBINEQWETF,INF200KB1282,Others,Others,32.06,32.06,,,55.32,56.4,,,30.99,54.39,0.26,0.26,32.2,32.2,32.82,32.63,33,32.84,32.67,32.5,32.58,0.65,0.94,0.92,,2.91,-0.42,0.78,27.05
SBI Silver ETF,SBISILVER,544206,SBISILVER,INF200KB1217,Others,Others,257.82,257.82,,,70.86,70.67,,,50.29,58.05,1.67,0.09,233.84,240.03,242.43,189.5,242.4,239.56,238.12,237.82,227.79,1.16,1.49,0.99,,4.56,72.01,8.58,14.16
SEDEMAC Mechatronics Ltd.,SEDEMAC,544723,SEDEMAC,INE00XB01019,Auto Parts & Equipment,Automobiles & Auto Components,1974.4,1974.4,8635.43,,,,,,71.5,69.74,115.91,103.46,1723.1,,,,1960.26,1887.74,1817.24,,,0.13,,,,22.35,,101.98,53.1
SEL Manufacturing Company Ltd.,SELMC,532886,SELMC,INE105I01020,Textiles,Textiles Apparels & Accessories,29.88,29.88,99.01,41.38,34.01,42.85,44.87,53.19,46.59,42.47,0,0.36,31.09,30.54,30.59,31.22,30.52,31.23,31.31,30.91,30.92,0.85,0.46,0.74,0.63,-3.13,-14.36,1.98,26.01
SEPC Ltd.,SEPC,532945,SEPC,INE964H01014,Construction & Engineering,Cement and Construction,7.32,7.32,1402.16,47.16,38.76,48.85,49.1,34.19,67.98,55.55,0.37,0.39,7.11,6.82,8.02,9.71,8.04,7.9,7.66,7.45,8.07,1.19,2.81,2.04,1.55,11.4,-29.17,0.42,35.9
SG Finserve Ltd.,SGFIN,539199,SGFIN,INE618R01015,Other Financial Services,Banking and Finance,575.6,575.6,3792.92,63.29,52.01,52.21,49.89,48.47,84.71,64.09,38.52,37.56,507.03,458.51,424.66,,585.31,564.17,540.97,483.9,445.07,1.88,0.91,,,27.08,50.54,29.04,55.59
SG Mart Ltd.,SGMART,512329,SGMART,INE385F01024,Power - Electric Utilities,Utilities,594.8,594.8,7494.48,64.72,53.19,46.33,45.88,47.19,78.5,71.05,22.9,21.5,534.86,499.48,434.31,,566.83,562.67,549.43,505.48,459.6,0.2,0.6,,,15.38,73.05,30.69,29.45
SIL Investments Ltd.,SILINV,521194,SILINV,INE923A01015,Other Financial Services,Banking and Finance,465.35,465.35,493.08,58.64,48.19,38.9,46.76,38.04,77.03,68.04,12.24,11.81,441.61,430.94,454.38,523.12,469.94,465.7,458.02,448.12,465.34,0.08,0.92,0.77,0.26,13.36,-21.36,19.38,21.81
SIS Ltd.,SIS,540673,SIS,INE285J01028,Misc. Commercial Services,Commercial Services & Supplies,373.45,373.45,5276.67,68.25,56.09,55.75,54.07,39.44,91.76,67.07,24.34,20.67,330.2,313.46,322.24,335.59,393.37,372.83,357.04,332.1,327.09,1.62,0.92,0.57,0.47,30.99,16.27,16.56,49.42
SITI Networks Ltd.,SITINET,532795,SITINET,INE965H01011,Broadcasting & Cable TV,Media,0.34,0.34,29.65,53.93,44.32,44.06,43.41,34.9,11.01,45.72,0,0.01,0.35,0.34,0.36,0.41,0.36,0.36,0.36,0.35,0.37,0.02,0.23,0.1,0.21,9.38,-18.6,0.02,18.2
SJS Enterprises Ltd.,SJS,543387,SJS,INE284S01014,Auto Parts & Equipment,Automobiles & Auto Components,1968.6,1968.6,6298.89,79.16,65.05,65.19,66.54,65.25,82.94,73.27,82.83,47.9,1728.86,1705.78,1717.27,1593.96,1971.36,1869.45,1811.9,1742.32,1696.32,1.23,1.63,1.37,1.13,16.72,16.24,73.17,27.23
SJVN Ltd.,SJVN,533206,SJVN,INE002L01015,Green & Renewable Energy,Utilities,74.25,74.25,29178.73,52.03,42.76,45.09,51.6,38.06,62.49,52.17,1.89,2.21,74.62,73.14,74.11,81.87,79.07,78.63,77.51,75.27,76.17,1.06,1.27,1.29,1.44,9.67,-11.38,2.39,25.49
SKF India (Industrial) Ltd.,SKFINDUS,544572,SKFINDUS,INE2J8701016,Abrasives & Bearings,General Industrials,2038.2,2038.2,10076.45,22.2,18.24,18.56,14.81,26.26,20.69,32.83,-35.35,-21.26,2231.12,2267.93,2411.69,,2160.44,2195.19,2217.78,2283.21,2411.28,0.54,0.55,,,-6.96,,69.82,14.95
SKF India Ltd.,SKFINDIA,500472,SKFINDIA,INE640A01023,Abrasives & Bearings,General Industrials,1669.7,1669.7,8254.66,44.72,36.75,44.43,43.31,26.32,54.07,53.55,27.71,28.8,1646.01,1648.24,1710.23,2700.93,1718.42,1715.13,1697.39,1691.7,1893.31,1.13,0.98,0.54,0.56,8.56,-19.22,52.75,17.33
SKIL Infrastructure Ltd.,SKIL,539861,SKIL,INE429F01012,Construction & Engineering,Cement and Construction,1,1,21.66,30.24,24.85,24.86,24.86,25.3,25.8,34.74,-0.18,-0.21,1.12,1.5,3.22,3.87,0.96,1,1.09,1.7,2.62,0.61,0.11,0.27,0.09,-13.79,-84.96,0.09,52.76
SKM Egg Products Export (India) Ltd.,SKMEGGPROD,532143,SKMEGGPROD,INE411D01023,Other Food & Beverages,"Food, Beverages & Tobacco",167.98,167.98,884.58,63.09,51.85,53.73,45.04,53.53,58.36,57.35,2.33,1.28,168.93,165.28,178.87,178.6,174.96,172.75,171.12,170.82,173.7,0.55,1.46,1.09,0.9,1.19,-15.13,7.11,15.42
SKP Bearing Industries Ltd.,SKP,,SKP,INE0KZA01016,Other Industrial Products,General Industrials,156.2,156.2,259.29,56,46.02,46.57,38.73,35.53,47.97,48.27,1.32,0.52,151.08,152.96,161.18,191.31,158.1,154.66,153.58,155.42,165.43,1.25,0.94,0.53,0.39,0.7,-31.65,5.95,13.01
SMC Global Securities Ltd.,SMCGLOBAL,543263,SMCGLOBAL,INE103C01036,Capital Markets,Banking and Finance,61.08,61.08,1279.02,50.82,41.76,50.91,50.73,39.43,63.78,44.99,-0.04,-0.18,63.88,66.77,74.86,71.64,65.58,65.64,65.51,67.5,69.96,1.21,1.83,1.44,1.07,1.63,-4.32,2.98,17.87
SML Mahindra Ltd.,SMLMAH,505192,SMLMAH,INE294B01019,Commercial Vehicles,Automobiles & Auto Components,3614.2,3614.2,5230.33,55.79,45.85,46.66,45.03,58.17,32.34,43.12,-91.98,-84.52,3984.89,4100.62,4075.91,3758.28,3797.22,3842.61,3899.82,4003,3934.68,0.84,1.95,1.32,1.11,-12.85,15.48,170.77,18.11
SMS Pharmaceuticals Ltd.,SMSPHARMA,532815,SMSPHARMA,INE812G01025,Pharmaceuticals,Pharmaceuticals & Biotechnology,402,402,3563.81,76.27,62.68,63.39,63.07,71.09,60.48,55.99,5.58,5.76,406.85,397.12,360.65,314.46,414.8,411.76,408.88,392.9,366.58,1.59,1.57,1.31,1.1,5.05,49.31,19.21,13.6
SMVD Poly Pack Ltd.,SMVD,,SMVD,INE702Y01013,Containers & Packaging,Commercial Services & Supplies,11,11,11.03,59.97,49.28,49.01,,,82.47,65.49,0.48,0,8.36,10.12,13.62,13.21,11.24,10.25,9.79,10.62,11.98,1.34,0.74,0.17,,70.37,-20.96,0.45,27.18
SP Refractories Ltd.,SPRL,,SPRL,INE0JW501011,Other Industrial Goods,General Industrials,94,94,16.82,33.89,27.85,28.34,36.07,36.71,3.9,37.61,-7.82,-7.5,110.7,125.14,138.97,147.57,97.92,102.39,106.89,120.98,133.27,1.02,0.44,0.11,,-20.58,-25.23,6.14,34.54
SPL Industries Ltd.,SPLIL,532651,SPLIL,INE978G01016,Other Apparels & Accessories,Textiles Apparels & Accessories,30.92,30.92,89.67,53.15,43.68,41.35,52.04,37.49,49.36,54.07,1.25,1.46,30.11,29.05,30.38,34.86,33.14,32.77,32.03,30.6,31.36,1.85,0.85,0.79,0.85,20.57,-19.31,2.09,29.28
SPML Infra Ltd.,SPMLINFRA,500402,SPMLINFRA,INE937A01023,Construction & Engineering,Cement and Construction,200.35,200.35,1681.26,57.63,47.36,47.81,55.09,47.4,59.44,56.22,9.26,10.08,196.71,186.05,182.41,215.15,217.46,213.39,207.93,195.06,193.43,2.44,1.62,1.44,1.14,14.3,-9.24,10.65,38.46
SPP Polymer Ltd.,SPPPOLY,,SPPPOLY,INE0QR801013,Plastic Products,General Industrials,13.3,13.3,20.47,57.13,46.95,47.16,49.07,37.51,62.15,54.68,0.2,-0.03,12.98,13.86,15.26,16.42,14.2,13.72,13.52,13.92,15.02,-0.4,0.04,0.17,,10.24,-15.41,0.47,15.97
SRF Ltd.,SRF,503806,SRF,INE647A01010,Specialty Chemicals,Chemicals & Petrochemicals,2721.2,2721.2,80663.12,58.87,48.38,48.2,47.12,39,87.44,68.84,59.27,21.6,2524.56,2532.5,2734.79,2841.93,2718.6,2640.27,2595.05,2594.07,2677.73,1.16,1.07,1.07,0.93,14.92,-4.87,85.27,16.33
SRG Housing Finance Ltd.,SRGHFL,534680,SRGHFL,INE559N01010,Housing Finance,Banking and Finance,294.15,294.15,461.87,65.79,54.07,53.96,43.77,46.73,80.9,71.3,10,7.14,271.92,267,271.41,284.75,297.5,290.64,284.05,274.43,274.6,-1.79,0.09,0.11,,20.3,11.07,18.04,32.5
SRM Contractors Ltd.,SRM,544158,SRM,INE0R6Z01013,Construction & Engineering,Cement and Construction,477.3,477.3,1095.13,57.61,47.34,48.65,47.08,48.92,50.87,55.35,18.86,23.42,480.8,448.56,465.29,496.53,516.46,512.67,502.18,474.93,472.57,0.68,1.12,1.02,,17.45,-13.76,23.58,45.54
STEL Holdings Ltd.,STEL,533316,STEL,INE577L01016,Holding Companies,Diversified,460.5,460.5,849.87,77.21,63.45,63.48,43.73,51.56,55.48,53.23,3.54,1.33,463.39,471.4,474.64,462.47,477.8,473.07,470.43,469.13,468.49,1.24,0.9,0.99,0.88,-1.96,17.96,23.42,15.29
STL Global Ltd.,SGL,532730,SGL,INE353H01010,Textiles,Textiles Apparels & Accessories,11.76,11.76,32.28,54.08,44.44,43.01,52.1,47.43,15.14,52.16,0.14,0.18,11.52,11.45,11.84,13,11.88,11.9,11.81,11.7,12.02,1.17,1.55,1.32,0.98,-4.73,-18.52,0.78,16.75
STL Networks Ltd.,STLNETWORK,544395,STLNETWORK,INE1VXE01018,Telecom Equipment,Telecommunications Equipment,25.44,25.44,1241.27,50.4,41.42,40.94,49.76,31.45,58.02,52.96,1.85,2.29,24.58,22.49,21.96,,28.68,28.14,27.09,24.3,23.55,1.61,1.35,,,39.11,1.13,1.98,37.99
SVP Global Textiles Ltd.,SVPGLOB,505590,SVPGLOB,INE308E01029,Textiles,Textiles Apparels & Accessories,4.25,4.25,53.76,71.66,58.89,59.44,56.06,35.42,72.43,81.06,0.37,0.27,3.14,2.98,3.28,3.57,4.11,3.82,3.57,3.27,3.31,1.09,0.87,0.86,0.66,75.98,25.21,0.24,46.18
Saakshi Medtech & Panels Ltd.,SAAKSHI,,SAAKSHI,INE0PSK01027,Heavy Electrical Equipment,General Industrials,237.25,237.25,418.89,85.59,70.34,69.36,71.14,64.64,87.89,69.81,18.72,13.75,210,198.27,190.96,184.82,260.57,240.4,228.03,207.58,196.1,0.22,0.79,0.29,,32.93,38.09,11.37,41.35
Saatvik Green Energy Ltd.,SAATVIKGL,544526,SAATVIKGL,INE13B501022,Other Electrical Equipment/Products,Consumer Durables,445.75,445.75,5665.71,46.41,38.14,38.2,36.12,41.28,60.68,58.12,16.69,19.84,446.28,411.64,403.05,,474.17,470.07,460.81,433.53,426.99,1.43,0.91,,,12.54,-11.04,21.41,38.03
Sabar Flex India Ltd.,SABAR,,SABAR,INE0DZ101013,Containers & Packaging,Commercial Services & Supplies,4.9,4.9,8.5,42.25,34.72,34.76,55.25,39.28,26.92,44.2,-0.05,-0.02,5.21,5.14,5.46,5.96,5.1,5.15,5.18,5.26,5.53,0.8,0.26,0.08,,-6.67,6.52,0.24,15.33
Sacheerome Ltd.,SACHEEROME,,SACHEEROME,INE1ARD01016,Personal Products,FMCG,336.05,336.05,751.84,73.95,60.77,61.15,54.3,63.64,31.64,49.59,0.3,0.75,342.44,352.22,363.63,296.6,351.98,350.82,350.61,351.04,340.96,0.01,0.64,,,-0.98,55.39,17.86,10.54
Sadbhav Engineering Ltd.,SADBHAV,532710,SADBHAV,INE226H01026,Construction & Engineering,Cement and Construction,8.56,8.56,146.86,38.91,31.98,39.39,40.81,51.35,44.01,38.01,-0.02,0.19,9.33,9.22,8.98,10.75,8.99,9.36,9.42,9.22,9.46,0.55,1.16,1.04,0.95,-6.13,-24.42,0.27,20.86
Sadbhav Infrastructure Project Ltd.,SADBHIN,539346,SADBHIN,INE764L01010,Roads & Highways,Cement and Construction,2.72,2.72,95.81,57.41,47.18,47.76,28.33,37.08,35.47,50.65,0,0,2.71,2.85,3.26,3.61,2.87,2.84,2.83,2.93,3.18,0.92,0.94,0.97,0.76,14,-24.2,0.15,16.5
Sadhana Nitro Chem Ltd.,SADHNANIQ,506642,SADHNANIQ,INE888C01040,Commodity Chemicals,Chemicals & Petrochemicals,2.58,2.58,764.89,74.97,61.61,61.98,59.51,36.7,80.64,70.03,0.23,0.21,2.07,1.94,1.86,2.01,2.63,2.49,2.34,2.07,2.02,1.58,0.74,0.78,0.75,52.02,33.5,0.12,39.62
Sadhav Shipping Ltd.,SADHAV,,SADHAV,INE0K5H01010,Shipping,Transportation,112.35,112.35,181.25,66.06,54.29,53.8,47.31,54.22,89.1,54.01,2.54,2.79,111.6,108.51,105.97,108.27,116.96,115.7,114.23,110.27,108.15,0.69,0.84,0.43,,3.53,6.67,5.59,17.05
Safari Industries (India) Ltd.,SAFARI,523025,SAFARI,INE429E01023,Other Apparels & Accessories,Textiles Apparels & Accessories,1478.8,1478.8,7229.26,43.56,35.8,36.43,28.39,33.58,43.75,47.63,-27.41,-37.77,1501.15,1568.08,1822.37,2005.27,1480.2,1483.51,1495.95,1594.41,1751.82,2.14,0.88,0.66,0.44,-3.61,-29.1,66.46,13.3
Safe Enterprises Retail Fixtures Ltd.,SAFEENTP,,SAFEENTP,INE17D601016,Misc. Commercial Services,Commercial Services & Supplies,258.25,258.25,1203.56,80.49,66.15,65.45,64.51,38.84,64.59,64.11,10,7.06,236.25,233.7,241.03,230.28,265.32,255.4,248.67,240,236.76,1.4,1.65,,,15.18,38.45,14.36,18.16
Sagar Cements Ltd.,SAGCEM,502090,SAGCEM,INE229C01021,Cement & Cement Products,Cement and Construction,179.29,179.29,2343.45,56.55,46.47,46.61,48.47,38.27,69.56,52.22,2.6,2.21,178.37,179.82,190.97,216.46,187.5,185.65,183.84,183.84,191.88,0.23,1.29,1.16,1.06,1.03,-18.85,7.68,20.72
Sagardeep Alloys Ltd.,SAGARDEEP,,SAGARDEEP,INE976T01013,Other Non-Ferrous Metals,Metals & Mining,23.52,23.52,40.12,48.48,39.84,48.05,47.5,41.74,66.2,51.27,0.2,0.22,23.59,23.48,24.73,26.29,24.14,24.11,23.97,23.97,24.68,1.17,0.9,0.84,0.48,3.85,-16.49,1.23,25.87
Sagility Ltd.,SAGILITY,544282,SAGILITY,INE0W2G01015,Misc. Commercial Services,Commercial Services & Supplies,43.09,43.09,20171.84,59.43,48.84,49.16,41.33,48.85,75.55,65.29,0.48,0.19,41.94,40.97,45.64,46.08,43.04,42.66,42.3,42.61,44.05,0.34,0.82,0.89,,4.95,-12.8,1.51,12.89
Sahaj Solar Ltd.,SAHAJSOLAR,,SAHAJSOLAR,INE0P4701011,Industrial Machinery,General Industrials,145.65,145.65,320.02,49.23,40.46,40.15,49.56,44.03,60.84,58.39,6.35,7.35,138.79,130.73,143.2,182.85,151.77,151.67,147.91,141.39,149.69,1.38,1.45,0.99,,18.86,-28.7,7.81,36.87
Sahana System Ltd.,SAHANA,,SAHANA,INE0LEX01011,IT Consulting & Software,Software & Services,856.05,856.05,756.5,45.9,37.72,29.26,39.26,34.09,57.78,52.9,-19.4,-22.25,860.93,916.68,902.45,1019.61,830.56,845.68,856.59,889.64,930.61,0.1,0.79,0.78,,-5.39,-25.08,38.34,23.74
Sahasra Electronic Solutions Ltd.,SAHASRA,,SAHASRA,INE0RBQ01018,Electronic Components,Commercial Services & Supplies,304.95,304.95,762.16,70.56,57.99,57.61,54.85,39.35,74.18,67.45,22.88,17.86,262.72,253.17,263.42,276.04,322.61,305.41,290.26,269.16,268.61,3.77,2.14,1.36,,43.2,26.88,18.78,34.07
Sahyadri Industries Ltd.,SAHYADRI,532841,SAHYADRI,INE280H01015,Cement & Cement Products,Cement and Construction,309.9,309.9,339.23,67.25,55.27,54.87,54.81,40.05,96.39,84.82,18.35,10.66,248.52,244.83,248.83,259.33,300.28,281.61,268.91,253.87,252.17,0.5,1.2,0.97,0.78,35.6,27.78,15.9,34.56
Sai Life Science Ltd.,SAILIFE,544306,SAILIFE,INE570L01029,Pharmaceuticals,Pharmaceuticals & Biotechnology,1083.8,1083.8,22979.11,80.08,65.81,65.72,66.76,59.29,86.48,72.66,34.21,25.47,1015.55,1006.95,948.67,908.5,1098.38,1073.11,1050.84,1006.15,964.7,-0.32,0.66,0.83,,15.68,22,35.31,26.84
Sai Parenterals Ltd.,SAIPARENT,544742,SAIPARENT,INE0H9F01037,Pharmaceuticals,Pharmaceuticals & Biotechnology,473.25,473.25,2090.78,,,,,,32.68,67.94,,,,,,,494.5,484.36,471.66,,,0.76,,,,15.28,,22.47,
Sai Silks (Kalamandir) Ltd.,KALAMANDIR,543989,KALAMANDIR,INE438K01021,Other Apparels & Accessories,Textiles Apparels & Accessories,108.34,108.34,1661.57,56.19,46.18,45.72,42.45,32.8,68.06,65.11,3.96,2.08,101.96,102.97,116.17,144.39,116,110.21,107.3,107.3,117.03,1.04,1.08,1.02,,22.57,-34.18,4.83,28.56
Saj Hotels Ltd.,SAJHOTELS,,SAJHOTELS,INE00MT01022,Hotels,Hotels Restaurants & Tourism,38.15,38.15,61.52,30.86,25.36,25.83,42.54,36.34,31.63,43.03,-0.62,-0.32,41.45,42.5,49.7,58.73,40.46,41.36,41.71,43.89,48.77,-1.5,0.11,0.2,,0.9,-48.59,2.58,15.2
Sakar Healthcare Ltd.,SAKAR,,SAKAR,INE732S01012,Pharmaceuticals,Pharmaceuticals & Biotechnology,569.65,569.65,1267.47,76.92,63.21,63.21,75.95,73.09,31.82,38.19,4.99,19.35,579.57,558.06,488.89,423.06,571.55,588.43,588.56,555.42,506.22,-1.19,0.84,0.8,0.63,-2,44.8,36.94,32.66
Saksoft Ltd.,SAKSOFT,590051,SAKSOFT,INE667G01023,IT Consulting & Software,Software & Services,141.12,141.12,1870.56,55.06,45.25,46.57,46.47,34.51,80.15,62.12,3.29,2.48,137.01,134.88,158.22,181.75,146.46,144.58,142.26,143.18,154.62,2.09,1.75,1.6,1.31,9.97,-23.29,7.19,16.9
Sakthi Sugars Ltd.,SAKHTISUG,507315,SAKHTISUG,INE623A01011,Sugar,"Food, Beverages & Tobacco",17.98,17.98,213.69,54.53,44.81,43.89,50.62,46.15,68.38,58.51,0.75,0.81,17.41,16.57,17.32,19.43,19.2,18.8,18.34,17.48,17.78,-0.77,0.67,0.71,1.13,15.36,-8.26,0.92,23.01
Sakuma Exports Ltd.,SAKUMA,532713,SAKUMA,INE190H01024,Commodity Trading  & Distribution,Commercial Services & Supplies,1.8,1.8,282.2,50.32,41.35,40.03,41.92,48.45,25.98,48.77,0.03,0.05,1.84,1.76,1.9,2.24,1.89,1.9,1.89,1.86,1.96,0.75,1.7,1.2,0.84,-11.85,-32.85,0.09,16.7
Salasar Exteriors and Contour Ltd.,SECL,,SECL,INE00Y701026,Construction & Engineering,Cement and Construction,3.45,3.45,35.52,12.02,9.88,9.93,9.93,10.12,,10.81,-0.86,-0.79,5.4,6.09,10.41,15.94,3.63,4.16,4.67,6.58,9.87,0.23,0.2,0.19,,-48.51,-87.2,0.19,71.71
Salasar Techno Engineering Ltd.,SALASAR,540642,SALASAR,INE170V01027,Construction & Engineering,Cement and Construction,7.14,7.14,1248.04,56.38,46.33,48.32,49.04,38.48,70.04,52.18,0.13,0.11,7.12,7.21,7.88,8.34,7.6,7.51,7.42,7.44,7.79,1.58,1.86,1.6,1.1,4.48,-27.85,0.26,11.94
Salona Cotspin Ltd.,SALONA,590056,SALONA,INE498E01010,Textiles,Textiles Apparels & Accessories,284.2,284.2,149.56,78.86,64.81,64.16,57.48,66.2,62.32,53.46,4.08,3.06,276.81,272.62,263.8,260.39,287.32,282.2,279.68,273.14,267.73,1.62,0.28,0.31,0.44,4.5,3.68,17.3,22.96
Salzer Electronics Ltd.,SALZERELEC,517059,SALZERELEC,INE457F01013,Other Electrical Equipment/Products,Consumer Durables,715,715,1264.31,64.5,53.01,52.73,47.55,36.65,86.74,79.84,34.89,23.27,613.81,607.59,624.12,713.79,705.17,680.34,656.69,628.94,645.92,0.73,1.57,1.36,1.11,33.85,0.36,31.54,17.68
Samay Project Services Ltd.,SAMAY,,SAMAY,INE124101010,Construction & Engineering,Cement and Construction,41.4,41.4,63.55,53.44,43.92,36.18,38.05,26.99,50.38,52.97,0.01,-1.07,37.86,41.41,43.27,,40.55,38.36,38.06,39.78,40.04,-0.54,-0.31,,,4.92,19.55,1.42,22.3
Sambhaav Media Ltd.,SAMBHAAV,511630,SAMBHAAV,INE699B01027,Publishing,Commercial Services & Supplies,6.74,6.74,128.81,49.16,40.4,50.17,43.58,42.61,53.49,51.08,0.1,0.1,6.6,6.6,7.56,7.63,6.91,6.91,6.85,6.9,7.24,0.75,1.15,0.89,0.67,10.63,-23.41,0.44,29.16
Sambhv Steel Tubes Ltd.,SAMBHV,544430,SAMBHV,INE12NJ01018,Iron & Steel Products,Metals & Mining,113.82,113.82,3353.95,69.99,57.52,59.64,52.85,45.3,81.75,71.2,5.93,5.72,114.59,106.39,99.99,108.38,126.06,123.28,119.76,110.74,106.71,0.92,1.35,,,13.02,10.03,6.05,46.49
Sameera Agro And Infra Ltd.,SAIFL,,SAIFL,INE0PZA01015,Other Agricultural Products,"Food, Beverages & Tobacco",7.5,7.5,44.66,22.91,18.83,21.23,18.76,47.01,32.66,35.18,-0.65,-0.46,9.75,9.75,10.88,15.33,8.11,8.63,9.06,9.86,11.09,1.87,1.52,0.77,,-41,-47.8,0.69,18.71
Samhi Hotels Ltd.,SAMHI,543984,SAMHI,INE08U801020,Hotels,Hotels Restaurants & Tourism,153.88,153.88,3418.21,47.8,39.28,41.31,40.87,38.67,32.61,43.65,0.86,1.9,154.13,153.66,165.4,185.25,157.2,158.08,157.64,158.15,165.07,1.52,1.54,1.06,,-4.52,-23.57,5.8,12.93
Sammaan Capital Ltd.,SAMMAANCAP,535789,SAMMAANCAP,INE148I01020,Housing Finance,Banking and Finance,139.41,139.41,16169.68,42.89,35.25,55.18,42.32,57.78,46.51,46.87,-0.02,-0.02,148.2,146.59,145.88,147.04,147.96,147.13,147.18,147.04,147.19,0.9,1.07,0.98,1.22,-5.01,-22.11,4.78,12
Sampann Utpadan India Ltd.,SAMPANN,534598,SAMPANN,INE735M01018,Auto Tyres & Rubber Products,Automobiles & Auto Components,27.3,27.3,133.25,37.92,31.16,30.88,31.46,43.5,35.76,42.08,-0.45,-0.19,28.78,28.7,30.64,31.54,27.83,28.33,28.65,29.27,30.17,-0.49,0.94,0.91,0.87,-6.9,-32.69,1.85,22.73
Samvardhana Motherson International Ltd.,MOTHERSON,517334,MOTHERSON,INE775A01035,Auto Parts & Equipment,Automobiles & Auto Components,124.26,124.26,131149.5,81.22,66.75,67.46,57.16,57.54,60.03,59.68,2.72,2.11,120.28,120.94,120.36,112.19,128.08,126.31,124.5,121.73,119.07,1.53,1.83,1.68,1.39,10.32,24.7,4.42,23.89
Sanathan Textiles Ltd.,SANATHAN,544314,SANATHAN,INE0JPD01013,Textiles,Textiles Apparels & Accessories,444.4,444.4,3750.92,51.19,42.07,51.86,51.55,47.67,70.4,53.46,10.26,10.88,428.24,415.85,424.26,460.42,450.18,446.31,440.08,428.58,431.64,0.89,0.8,0.63,,0.67,-7.38,20.63,23.94
Sanco Industries Ltd.,SANCO,,SANCO,INE782L01012,Plastic Products,General Industrials,3.22,3.22,4.21,79.35,65.21,63.21,58.69,31.23,89.5,78.41,0.22,0.14,2.46,2.4,2.5,2.49,3.1,2.86,2.7,2.52,2.49,-0.67,-0.38,-0.07,-0.2,48.85,79.44,0.21,29.71
Sandesh Ltd.,SANDESH,526725,SANDESH,INE583B01015,Publishing,Commercial Services & Supplies,1073,1073,812.2,63.4,52.1,53.04,49.9,37.33,74.04,69.62,40.86,33.08,981.91,972.65,1010.51,1096.99,1094.22,1064.72,1037.48,1005.18,1022.59,0.86,1.02,0.69,0.76,18.97,-5.76,41.87,33.6
Sandhar Technologies Ltd.,SANDHAR,541163,SANDHAR,INE278H01035,Auto Parts & Equipment,Automobiles & Auto Components,505.95,505.95,3045.35,64.8,53.25,54.17,53,43.36,75.81,65.68,10.87,5.96,489.34,489.85,513.49,503.68,521.73,511.6,503.84,498.91,503.31,1.31,1.02,1.24,1.16,10.45,-1.28,20.19,18.25
Sandur Manganese & Iron Ores Ltd.,SANDUMA,504918,SANDUMA,INE149K01016,Coal & Mining,Metals & Mining,223.62,223.62,10870.28,76.79,63.11,62.33,62.03,50.51,79.55,66.85,7.61,5.54,204.16,201.04,211.84,196.5,222.84,218.93,213.86,207.54,205.43,0.66,1.43,1.51,,20.68,6.58,9.92,17.37
Sangam (India) Ltd.,SANGAMIND,514234,SANGAMIND,INE495C01010,Textiles,Textiles Apparels & Accessories,492.35,492.35,2473.89,70.42,57.87,65.38,65.75,55.79,88.82,57.65,18.82,19.93,480.11,464.38,461.41,440.08,523.33,515.25,503.82,478.99,463.86,0.95,0.93,1.02,1.21,13.28,14.62,21.1,38.73
Sangani Hospitals Ltd.,SANGANI,,SANGANI,INE0OVI01010,Healthcare Facilities,Healthcare,54.8,54.8,75.5,61.12,50.23,48.76,47.28,35.84,57.32,69.68,2.62,1.43,45.25,46.14,54.01,61.24,53.64,50.88,48.94,48.7,52.68,1.07,0.03,-0.24,,40.13,-19.56,1.8,32.02
Sanghvi Movers Ltd.,SANGHVIMOV,530073,SANGHVIMOV,INE989A01032,Transport Related Services,Transportation,312.35,312.35,2704.2,63.86,52.48,53.26,53.19,47.48,77.56,63.36,14.6,13.29,298.69,278.2,295.1,318.4,330.6,321.25,312.15,296.51,298.61,0.72,1.43,1.31,1.3,13.73,-16.51,14.31,35.26
Sanginita Chemicals Ltd.,SANGINITA,,SANGINITA,INE753W01010,Specialty Chemicals,Chemicals & Petrochemicals,25.08,25.08,64.96,93.51,76.85,76.3,70.51,77.01,82.56,79.64,1.44,1.21,21.1,18.54,14.96,12.56,23.7,22.65,21.8,19.14,16.43,-0.43,0.46,0.38,0.54,24.94,145.96,0.82,49.42
Sanofi Consumer Healthcare India Ltd.,SANOFICONR,544250,SANOFICONR,INE0UOS01011,Pharmaceuticals,Pharmaceuticals & Biotechnology,4611.9,4611.9,10621.48,54.84,45.07,47.59,53.77,52.93,70.14,52.14,67.86,79.37,4589.63,4467.74,4396.69,4656.69,4684.74,4684.68,4647.51,4529.69,4507.83,0.93,0.6,0.35,,3.8,-4.8,161.16,19.6
Sanofi India Ltd.,SANOFI,500674,SANOFI,INE058A01010,Pharmaceuticals,Pharmaceuticals & Biotechnology,3235.8,3235.8,7452.24,35.97,29.56,30.07,36.53,35.08,31.85,29.99,-47.94,-37.14,3405.6,3524.77,3804.58,4374.05,3358.16,3390.53,3417.57,3548.62,3814.46,0.7,0.63,0.52,0.44,-4.45,-31.23,69.18,19.65
Sansera Engineering Ltd.,SANSERA,543358,SANSERA,INE953O01021,Auto Parts & Equipment,Automobiles & Auto Components,2386.9,2386.9,14878.03,78.43,64.45,65,74.06,72.14,68.29,55.34,77.28,88.73,2365.81,2292.45,2068.97,1757.54,2515.28,2495.13,2451.37,2300.99,2111.69,0.12,1.37,1.31,1.12,10.11,61.92,104.97,28.03
Sanstar Ltd.,SANSTAR,544217,SANSTAR,INE08NE01025,Other Food & Beverages,"Food, Beverages & Tobacco",98.72,98.72,1799.11,64.87,53.31,53.2,51.84,39.05,81.86,77.81,3.01,2.04,85.88,85.19,88.34,89.85,94.18,91.81,89.76,87.51,88.11,-0.15,0.84,0.85,,22.68,4.57,3.44,32.31
Sanwaria Consumer Ltd.,SANWARIA,519260,SANWARIA,INE890C01046,Packaged Foods,FMCG,0.23,0.23,16.93,42.89,35.25,35.06,22.26,31.13,77.64,54.05,0,-0.01,0.23,0.25,0.26,0.3,0.23,0.23,0.23,0.24,0.26,1.9,0.02,0.02,0.17,14.29,-25,0.01,23.73
Sapphire Foods India Ltd.,SAPPHIRE,543397,SAPPHIRE,INE806T01020,Restaurants,Hotels Restaurants & Tourism,172.8,172.8,5553.5,51.76,42.54,42.49,43.39,31.9,84.72,49.62,3.67,3.33,173.17,177.05,199.04,248.01,184.86,184,181.31,183.47,201.14,2.36,1.54,1.13,0.66,7.76,-36.9,10.12,19.7
Saraswati Commercial (India) Ltd.,,512020,ZSARACOM,INE967G01019,Finance (including NBFCs),Banking and Finance,9990,9990,1094.8,54.37,46.14,49.87,37.35,35.73,61.5,50.91,4.97,-33.63,9756.56,9879.51,11261.93,12165.39,10027.98,9938.59,9915.32,10218.76,10933.35,1.16,0.17,0.4,0.32,5.21,-18.28,401.92,17.21
Saraswati Saree Depot Ltd.,SSDL,544230,SSDL,INE0PQ101010,Other Apparels & Accessories,Textiles Apparels & Accessories,61.07,61.07,241.84,56.63,46.54,48.09,47.19,37.71,60.38,53.84,0.9,0.79,60.46,60.06,66.69,77.33,63.53,62.89,62.26,62.6,66.88,1.23,1.29,1.14,,3.23,-25.18,2.58,11.97
Sarda Energy & Minerals Ltd.,SARDAEN,504614,SARDAEN,INE385C01021,Iron & Steel/Interm.Products,Metals & Mining,562.15,562.15,19809.11,68.41,56.22,55.86,62.94,61.79,64.93,52.32,11.91,15.06,566.34,551.1,526.57,531.2,587.18,586.61,580.19,557.23,539.74,0.22,0.73,0.97,1.04,6.92,8.09,18.52,19.02
Saregama India Ltd.,SAREGAMA,532163,SAREGAMA,INE979A01025,Movies & Entertainment,Media,332.8,332.8,6416.7,56.86,46.73,46.87,46.31,28.66,80.79,53.44,4.59,4.13,338.65,337.3,342.56,398.97,350.93,348.89,345.91,342.79,354.95,0.86,0.93,0.63,0.63,8.8,-22.82,12.8,20.6
Sarla Performance Fibers Ltd.,SARLAPOLY,526885,SARLAPOLY,INE453D01025,Textiles,Textiles Apparels & Accessories,92.96,92.96,776.24,57.13,46.95,55.08,54.34,48.26,58.84,56.04,2.75,2.89,86.61,84.39,84.92,92.03,93.53,92.08,90.42,86.96,86.95,1.82,1.39,1.34,1.28,9.98,-0.04,3.95,19.66
Saroja Pharma Industries India Ltd.,SAROJA,,SAROJA,INE0PCL01011,Specialty Chemicals,Chemicals & Petrochemicals,33,33,13.27,43.27,35.56,36.35,34.52,25.48,56.21,50.47,-0.52,-1.2,32.2,35.25,39.53,44.67,33.15,32.27,32.37,34.98,38.34,-0.32,-0.6,-0.4,,-1.35,-20.39,1.09,23.34
Sarthak Metals Ltd.,SMLT,540393,SMLT,INE017W01010,Iron & Steel Products,Metals & Mining,70.42,70.42,96.4,56.89,46.75,47.38,46.72,35.81,51.7,53.74,1.15,1.11,69.62,69.29,74.74,90.11,72.87,72.48,71.72,71.63,76.66,0.65,0.95,0.96,0.75,4.94,-31.97,3.72,20.72
Sarveshwar Foods Ltd.,SARVESHWAR,543688,SARVESHWAR,INE324X01026,Other Agricultural Products,"Food, Beverages & Tobacco",3.76,3.76,463.09,47.01,38.63,41.14,40.29,45.05,52.12,54,0.09,0.12,3.73,3.61,3.92,5.11,3.94,3.94,3.89,3.81,4.08,0.88,2.15,1.72,1.08,-1.01,-22.88,0.15,16.53
Sasken Technologies Ltd.,SASKEN,532663,SASKEN,INE231F01020,IT Consulting & Software,Software & Services,1840.5,1840.5,2795.08,66.97,55.04,53.27,52.4,46.14,90.46,83.2,61.55,42.28,1273.12,1208.69,1267.05,1342.95,1402.04,1368.41,1327.87,1269.9,1277.34,-1.1,1.14,1.06,1.15,31.81,20.63,69.49,29.09
Sat Kartar Life Ltd.,SATKARTAR,,SATKARTAR,INE0NB801022,Pharmaceuticals,Pharmaceuticals & Biotechnology,192,192,302.3,68.57,56.35,55.24,56.3,57.33,64.57,58.59,7.06,8.14,186.19,177.89,162.29,167.44,199.91,197.77,193.84,180.94,172.43,0.08,1.09,0.81,,11.67,3.84,10.87,32.78
Sathlokhar Synergys E&C Global Ltd.,SSEGL,,SSEGL,INE0RFP01011,Construction & Engineering,Cement and Construction,371.6,371.6,965.36,50.02,41.11,42.07,42.93,49.83,39.51,50.36,7.17,9.32,379.97,367.74,392.14,438.68,397.84,395.01,391.02,383.98,396.96,0.99,1.56,0.85,,-1.93,-27.93,17.72,15.75
Sati Poly Plast Ltd.,SATIPOLY,,SATIPOLY,INE0RPM01017,Containers & Packaging,Commercial Services & Supplies,39.5,39.5,19.54,49.74,40.88,39.68,27.29,26.63,87.85,70.98,1.07,-0.19,33.17,38.48,47,61.84,39.52,37.17,36.13,38.62,46.53,0.37,0.05,0.08,,39.46,-34.45,1.26,27.13
Satia Industries Ltd.,SATIA,539201,SATIA,INE170E01023,Paper & Paper Products,Commercial Services & Supplies,67.16,67.16,671.6,52.75,43.35,52.43,50.74,40.1,73.19,56.56,1.99,2.1,65.11,63.81,64.35,71.69,70.02,69.25,68.04,65.71,66.36,0.52,1.17,0.92,0.91,8.43,-8.87,3,16.33
Satin Creditcare Network Ltd.,SATIN,539404,SATIN,INE836B01017,Microfinance Institutions,Banking and Finance,225.08,225.08,2486.48,84.74,69.64,69.55,67.03,61.87,89.8,81.54,13.67,9.7,167.91,160.47,155.18,151.33,202.65,191.01,181.97,167.25,159.69,1.54,1.09,0.74,0.77,37.62,42.1,8.53,50.09
Sattva Engineering Construction Ltd.,SATTVAENGG,,SATTVAENGG,INE14DW01018,Utilities:Non-Electrical,Utilities,68.95,68.95,120.45,46.56,38.26,37.25,45.23,43.22,51.64,58.73,4.2,4.77,62.23,56.68,57.37,,70.51,69.6,67.16,61.54,64.15,1.32,-0.49,,,32.89,-15.76,3.02,48.93
Saurashtra Cements Ltd.,SAURASHCEM,502175,SAURASHCEM,INE626A01014,Cement & Cement Products,Cement and Construction,61.38,61.38,683.08,54.3,44.62,45.13,34.49,34.25,48.05,50.99,0.48,0.31,59.73,60.71,68.49,87.12,62.27,61.93,61.53,62.93,69.19,1.67,1.88,1.61,,5.44,-38.03,2.95,23.68
Savita Oil Technologies Ltd.,SOTL,524667,SOTL,INE035D01020,Refineries/Petro-Products,Oil & Gas,419.95,419.95,2879.19,63.76,52.4,53.64,52.53,39.48,92.02,80.03,21.61,13.84,358.33,355.61,360.02,378.73,421.75,398.97,384.22,365.9,365.48,1.4,1.49,1.17,0.95,30.09,11.05,19.43,34.85
Savy Infra and Logistics Ltd.,SAVY,,SAVY,INE0UCN01017,Construction & Engineering,Cement and Construction,136.9,136.9,284.87,31.5,25.89,24.56,32.51,32.58,51.17,48.57,-0.69,0.01,135.66,133.98,145.66,,133.68,135.03,135.55,137.24,139.97,0.01,0.94,,,-2.95,1.43,5.29,13.09
Sawaliya Food Products Ltd.,SAWALIYA,,SAWALIYA,INE10VS01016,Other Food & Beverages,"Food, Beverages & Tobacco",277.35,277.35,275.08,38.89,31.96,30.44,31.44,34.44,15.88,37.8,-7.25,-6.88,297.16,304.32,307.72,,281.81,285.75,290.27,298.72,293.81,0.11,0.48,,,-7.84,25.33,9.71,24.37
Sayaji Hotels Ltd.,,523710,SAYAJIHOTL,INE318C01014,Hotels,Hotels Restaurants & Tourism,280,280,490.5,61.66,52.33,55.61,,50.85,21.83,49.82,0.89,0.87,277.68,280.09,281.2,284.68,279.61,281.23,280.63,280.17,281.22,-0.52,0.03,-0.1,0.2,4.67,-2.69,9.93,10.38
Scan Steels Ltd.,,511672,SCANSTL,INE099G01011,Iron & Steel/Interm.Products,Metals & Mining,38.43,38.43,225.21,64.31,54.58,54.78,52.82,48.8,74.01,65.55,1.91,1.77,34.06,32.04,32.15,34.61,38.6,37.21,36.02,33.71,33.33,1.04,0.77,0.84,0.85,16.53,0.1,2.16,36.22
Schaeffler India Ltd.,SCHAEFFLER,505790,SCHAEFFLER,INE513A01022,Abrasives & Bearings,General Industrials,4082.3,4082.3,63807.86,66.4,54.57,62.26,62.51,37.14,57.27,54.78,64.71,66.41,4059.4,4077.72,3932.25,3974.64,4208.34,4196.44,4156.88,4064.01,4001.84,0.98,1.19,0.89,0.83,8.42,1.78,132.7,20.83
Schneider Electric Infrastructure Ltd.,SCHNEIDER,534139,SCHNEIDER,INE839M01018,Heavy Electrical Equipment,General Industrials,1265.2,1265.2,30251.44,88.66,72.86,72.56,69.99,64.16,65.75,69.99,103.72,91.66,1080.55,1004.53,861.28,855.98,1327.46,1251.37,1186.61,1041.93,939.86,-1,0.84,1.05,1.2,35.23,47.97,64.48,47.67
Scoda Tubes Ltd.,SCODATUBES,544411,SCODATUBES,INE090501011,Iron & Steel Products,Metals & Mining,151.54,151.54,907.86,55.67,45.75,45.33,45.55,49.01,65.63,65.06,3.99,4.1,145.21,137.65,142.24,157.96,151.77,151,148.67,143.59,145.96,0.61,1.65,,,14.39,-1.55,7.43,21.17
Seamec Ltd.,SEAMECLTD,526807,SEAMECLTD,INE497B01018,Shipping,Transportation,1480.1,1480.1,3763.15,81.86,67.27,65.79,66.77,74.34,36.8,50.72,24.72,36.49,1514.79,1443.53,1300.54,1093.54,1533.9,1537.86,1526.62,1448.95,1327.73,0.47,0.44,0.38,0.58,0.27,74.5,67.55,19.75
SecMark Consultancy Ltd.,SECMARK,543234,SECMARK,INE0BTM01013,IT Consulting & Software,Software & Services,133,133,138.95,73.34,60.27,59.45,56.29,54.72,56.71,57.66,5.49,4.66,120.32,117.34,113.88,119.66,135.7,129.86,126.38,119.7,117.43,-0.28,0.59,0.55,,18.92,4.87,7.93,27.04
Securekloud Technologies Ltd.,SECURKLOUD,512161,SECURKLOUD,INE650K01021,Internet Software & Services,Software & Services,22.84,22.84,76.31,61.88,50.85,49.97,51.64,57.44,27.02,52.68,0.11,0.21,22.85,22.42,22.97,23.08,23.07,23.15,23.11,22.84,22.88,0.51,1.76,1.07,0.53,-4.54,17.27,1.62,11.1
Sejal Glass Ltd.,SEJALLTD,532993,SEJALLTD,INE955I01044,Construction Materials,Cement and Construction,755.9,755.9,861.73,58.43,48.02,57.67,58.13,43.47,70.03,61.71,65.24,66.68,652.42,602.88,683.53,700.33,802.07,782.43,741.78,675.25,674.54,-0.01,0.82,0.77,0.6,55.32,-7.1,41.26,38.99
Sellowrap Industries Ltd.,SELLOWRAP,,SELLOWRAP,INE0IJF01013,Auto Parts & Equipment,Automobiles & Auto Components,69.2,69.2,95.11,40.47,33.26,33.25,39.08,32.59,56.03,56.14,0.88,0.91,70.18,69.75,74.46,,72.44,72.37,71.8,71.85,76.99,0.79,-0.34,,,15.47,-24.21,2.03,14.3
Semac Construction Ltd.,SEMAC,505368,SEMAC,INE617A01013,Consulting Services,Commercial Services & Supplies,373,373,116.28,63.32,52.04,51.57,40.03,46.12,62.22,74.25,12.44,9.53,272.32,259.63,268.21,366.56,297.43,293.81,285.87,273.76,287.95,-0.79,0.6,0.56,0.43,28.02,-14.85,17.92,28.19
Senco Gold Ltd.,SENCO,543936,SENCO,INE602W01027,Gems & Jewellery,Textiles Apparels & Accessories,312.75,312.75,5123.05,65.65,53.95,53.55,45.1,47.34,64.27,53.21,8.71,6.67,320.65,313.36,319.56,330.82,346.71,335.82,330.09,321.86,322.25,1.63,1.46,1.17,,0.07,0.03,15.78,19.3
Senores Pharmaceuticals Ltd.,SENORES,544319,SENORES,INE0RB801010,Pharmaceuticals,Pharmaceuticals & Biotechnology,932.9,932.9,4296.34,85.24,70.05,70.3,67.33,62.21,56.28,67.52,35.86,33.26,858.1,815.7,813.79,769.4,930.57,916.22,894.19,846.69,814.07,0.71,0.89,0.91,,22.29,24.92,34.67,33.55
Service Care Ltd.,SERVICE,,SERVICE,INE0P1Q01015,Misc. Commercial Services,Commercial Services & Supplies,52,52,59.79,58.72,48.26,50.61,58.79,41.8,28.97,45.9,0.51,0.97,53.17,52.4,48.79,53.27,53.78,54.08,53.89,52.27,51.69,-1.32,-0.54,-0.16,,-0.48,-7.47,1.8,11.97
Servotech Renewable Power System Ltd.,SERVOTECH,,SERVOTECH,INE782X01033,Other Electrical Equipment/Products,Consumer Durables,89.6,89.6,2023.57,63.11,51.86,52.61,51.12,44.09,81.82,68.45,5.64,5.53,83.17,77.93,77.03,98.65,95.78,93.2,89.72,83,84.33,-0.11,1.74,1.45,1.23,25.06,-17.18,4.88,39.23
Seshaasai Technologies Ltd.,STYL,544533,STYL,INE04VU01023,Internet Software & Services,Software & Services,255.92,255.92,4140.93,46.42,38.15,38.46,36.7,30.29,80.5,65.73,5.91,2.71,240.31,241.63,253.98,,258.22,253.04,248.74,248.03,268.7,1.41,0.83,,,10.16,-27.63,11.47,19.37
Seshasayee Paper & Boards Ltd.,SESHAPAPER,502450,SESHAPAPER,INE630A01024,Paper & Paper Products,Commercial Services & Supplies,254.15,254.15,1602.88,69.66,57.25,57.28,62.53,59.25,43.56,48.81,1.78,2.44,264.12,263.14,251.95,256.16,267.46,267.37,266.45,262.06,258.23,0.32,0.94,0.89,0.84,1.61,2.68,9.91,22.37
Setco Automotive Ltd.,SETCO,505075,SETCO,INE878E01021,Auto Parts & Equipment,Automobiles & Auto Components,25.55,25.55,341.78,76.65,62.99,62.81,72.78,67.26,62.92,60.57,1.7,1.89,23.93,21.11,17.83,17.25,26.94,26.17,25.21,22.1,19.72,0.67,0.42,0.45,0.37,8.42,39.19,1.14,34.3
Setubandhan Infrastructure Ltd.,SETUINFRA,533605,SETUINFRA,INE023M01027,Construction & Engineering,Cement and Construction,0.59,0.59,7.42,68.13,55.99,56.57,56.57,46.83,96.17,68.24,0.06,0.04,0.46,0.45,0.45,0.55,0.62,0.56,0.53,0.47,0.48,1.28,0.48,0.18,-0.09,51.28,15.69,0.03,58.61
Seya Industries Ltd.,SEYAIND,524324,SEYAIND,INE573R01012,Specialty Chemicals,Chemicals & Petrochemicals,15.92,15.92,42.3,59.67,49.04,48.29,44.26,30.53,100,87.67,1.03,0.73,12.16,11.71,14.78,16.28,15.02,14.14,13.42,13,14.16,-0.01,0.37,0.14,-0.09,48.38,-6.36,0.31,44.58
Shadowfax Technologies Ltd.,SHADOWFAX,544685,SHADOWFAX,INE12UN01015,Warehousing & Logistics,Transportation,163.71,163.71,9554.47,42.19,34.67,34.52,33.41,32.48,71.13,66.17,11.52,11.52,143.28,132.08,,,168.39,162.54,155.57,139.13,,1.72,1.19,,,32.54,,8.65,48.91
Shah Alloys Ltd.,SHAHALLOYS,513436,SHAHALLOYS,INE640C01011,Iron & Steel/Interm.Products,Metals & Mining,67.79,67.79,134.21,66.59,54.72,55.77,45.41,53.84,70.38,62.95,2.11,2.04,67.14,64.69,66.03,66.74,71.91,70.85,69.57,67.03,66.51,-0.16,1.15,0.98,0.92,11.21,-8.71,4.23,40.26
Shah Metacorp Ltd.,SHAH,533275,SHAH,INE482J01021,Iron & Steel/Interm.Products,Metals & Mining,5.6,5.6,495.72,83.79,68.86,68.54,71.26,67.89,53.9,73.42,0.22,0.18,5.17,5.01,4.96,4.42,5.69,5.53,5.39,5.13,4.9,0.57,0.8,0.38,0.44,14.52,25.11,0.19,26.68
Shaily Engineering Plastics Ltd.,SHAILY,501423,SHAILY,INE151G01028,Plastic Products,General Industrials,2693.6,2693.6,12377.82,69.04,56.74,56.67,55.74,33.39,94.31,74.57,169.98,125.15,2231.09,2146.16,2150.91,2182.49,2657.48,2516.68,2402.98,2239.71,2190.59,-2.75,0.5,0.64,0.82,34.74,13.82,139.78,38.08
Shakti Pumps (India) Ltd.,SHAKTIPUMP,531431,SHAKTIPUMP,INE908D01010,Compressors & Pumps,General Industrials,528.15,528.15,6517.27,46.88,38.53,46.61,45.96,34.6,59.92,51.97,10.91,11.1,534.38,523.02,597.01,699.67,564.4,559.43,552.19,552.23,593.35,2.26,1.23,1.13,0.82,7.47,-31.27,25.37,17
Shalby Ltd.,SHALBY,540797,SHALBY,INE597J01018,Healthcare Facilities,Healthcare,158.05,158.05,1707.09,57.13,46.95,47.66,47.52,37.08,61.97,58.74,4.35,3.96,154.47,151.37,166.14,194.55,166.31,163.53,160.68,158.73,167.9,1.51,1.66,1.34,1.19,8.71,-31.85,6.39,22.88
Shalibhadra Finance Ltd.,,511754,SAHLIBHFI,INE861D01011,Finance (including NBFCs),Banking and Finance,74.04,74.04,228.7,35.25,29.92,30.38,38.46,39.8,0.99,31.86,-2.17,-1.62,80.69,84.49,92.27,103.23,77.18,78.88,80.19,84.51,91.16,0.29,0.48,0.41,0.45,-12.48,-31.22,3.72,18.66
Shalimar Paints Ltd.,SHALPAINTS,509874,SHALPAINTS,INE849C01026,Paints,Consumer Durables,52.26,52.26,437.47,55.74,45.81,45.71,46.56,34.69,67.12,56.08,1.26,0.95,49.46,50.12,56.52,66.42,54.01,53.08,52.18,52.48,56.96,1.8,1.87,1.54,1.23,11.04,-30.03,2.43,20.12
Shankar Lal Rampal Dye-Chem Ltd.,SRD,542232,SRD,INE01NE01012,Commodity Trading  & Distribution,Commercial Services & Supplies,42.79,42.79,273.71,41.75,34.31,34.86,36.71,33.87,42.88,42.88,-0.5,-0.55,44.22,45.57,53.07,63.16,44.05,44.34,44.55,46.89,51.9,0.66,1.17,0.86,,-2.02,-35.76,2.54,9.8
Shankara Building Products Ltd.,SHANKARA,540425,SHANKARA,INE274V01019,Iron & Steel Products,Metals & Mining,107.27,107.27,260.12,33.56,27.58,28.38,36.21,39.82,24.69,38.53,-0.62,1.32,118.83,113.72,110.79,337.93,113.46,116.61,117.46,117.42,154.21,0.81,0.54,0.92,0.68,-9.67,-20.87,5.89,26.42
Shankara Buildpro Ltd.,BUILDPRO,544517,BUILDPRO,INE24OJ01011,Construction Materials,Cement and Construction,1099.9,1099.9,2667.18,31.91,26.22,24.92,25.29,34.95,55.99,50.97,21.87,31.46,1091.53,1037.96,,,1112.84,1112.16,1102.46,1028.93,,0.21,1.09,,,-1.36,,64.82,15.8
Shanthala FMCG Products Ltd.,SHANTHALA,,SHANTHALA,INE0Q9Q01017,Distributors,Commercial Services & Supplies,25,25,16.75,35.51,29.18,36.19,36.98,38.15,28.2,40.47,-1.02,-1.01,27.22,29.78,30.85,31.71,26.06,26.46,27.05,28.86,30.47,1.62,-0.2,0.03,,2.25,-35.06,1.61,30.59
Shanthi Gears Ltd.,SHANTIGEAR,522034,SHANTIGEAR,INE631A01022,Auto Parts & Equipment,Automobiles & Auto Components,441.5,441.5,3387.01,54.45,44.75,47.7,51.41,49.46,25.36,42.36,1.63,4.62,462.26,456.86,455.58,490.49,460.94,466.47,466.05,461.31,464.12,0.76,0.43,0.47,0.78,-1.13,-3.58,13.8,19.68
Shanti Educational Initiatives Ltd.,,539921,SEIL,INE440T01028,Education,Diversified Consumer Services,202.25,202.25,3258.19,85.63,72.67,74.08,72,61.66,90.11,59.8,9.56,7.99,181.82,179.93,174.92,147.75,206.71,199.66,193.47,182.29,171.59,0.92,1.93,1.4,0.79,20.49,83.86,10.22,19.04
Shanti Gold International Ltd.,SHANTIGOLD,544459,SHANTIGOLD,INE06ZD01017,Gems & Jewellery,Textiles Apparels & Accessories,207.02,207.02,1492.53,50.04,41.12,40.18,41.01,31.35,83.05,64.24,8.54,6.1,194.09,195.55,198.67,,220.66,212.62,206.79,200.3,202.45,2.04,1.58,,,20.09,-8.3,10.28,22.58
Shanti Overseas (India) Ltd.,SHANTI,,SHANTI,INE933X01016,Edible Oils,FMCG,6.5,6.5,7.22,48.55,39.9,39.8,39.25,44.75,28.61,44.75,0.06,0.12,6.87,6.74,7.4,8.86,7.04,7.07,7.04,7.03,7.58,1.07,0.62,0.45,0.3,-3.53,-31.33,0.52,22.13
Sharat Industries Ltd.,,519397,SHINDL,INE220Z01013,Other Food & Beverages,"Food, Beverages & Tobacco",146.4,146.4,574.1,73.64,62.5,63.2,56.09,58.99,56.28,44.29,0.33,0.16,148.46,148.16,150.2,138.22,150.8,149.42,149.11,149.33,146.8,0.48,0.87,0.95,0.54,-2.59,6.86,5.05,15.06
Sharda Cropchem Ltd.,SHARDACROP,538666,SHARDACROP,INE221J01015,Agrochemicals,Chemicals & Petrochemicals,1149.8,1149.8,10373.55,83.61,68.71,60.53,57.16,55.96,61.62,59.62,25.69,24.24,1051.97,1053.66,1008.17,950.52,1122.62,1112.55,1096.4,1060.73,1015.86,0.81,1.62,1.27,1.2,9.98,42.68,55.58,18.32
Sharda Motor Industries Ltd.,SHARDAMOTR,535602,SHARDAMOTR,INE597I01028,Auto Parts & Equipment,Automobiles & Auto Components,868.15,868.15,4983.85,58.27,47.89,49.06,50.26,37.37,70.9,57.25,20.29,16.52,833.65,839.07,876.34,960.05,897.76,881.17,867.33,857.44,881.08,1.69,1.7,1.31,1.19,10.71,-18.1,29.55,19.32
Shardul Securities Ltd.,,512393,SHARDUL,INE037B01020,Capital Markets,Banking and Finance,30.99,30.99,271.14,57.04,48.41,46.3,46.81,31.79,59.1,57.77,1.12,0.92,27.72,27.38,30.13,38.76,31.05,30.07,29.31,28.81,31.15,-0.61,1.72,1.07,0.69,14.52,-32.95,3.05,18.5
Share India Securities Ltd.,SHAREINDIA,540725,SHAREINDIA,INE932X01026,Capital Markets,Banking and Finance,138.02,138.02,3011.87,49.67,40.82,42.3,42.21,48.75,52.88,53.86,2.55,2.77,139.73,135.38,145.24,154.06,146,144.62,143.09,140.99,144.97,1.4,1.34,1.76,1.4,3.65,-22.03,5.32,11.66
Sharp Chucks And Machines Ltd.,SCML,,SCML,INE460Q01014,Castings & Forgings,General Industrials,134.85,134.85,155.21,57.28,47.07,46.82,58.45,66.47,41.58,43.39,-0.4,0.22,138.95,136.43,135.88,120.79,136.01,137.06,137.48,136.64,133.48,0.38,-0.18,0.06,,-8.22,-9.12,4.08,8.29
Sheel Biotech Ltd.,SHEEL,,SHEEL,INE0YJV01017,Misc. Commercial Services,Commercial Services & Supplies,46,46,93.62,36.87,30.3,30.51,30.71,25.43,26.93,45.15,-1.52,-1.86,45.31,50.16,60.64,,44.42,45.01,45.72,50.65,59.06,-1.23,0.46,,,6.07,-46.84,2.48,18.04
Sheela Foam Ltd.,SFL,540203,SFL,INE916U01025,Furniture-Furnishing,Diversified Consumer Services,556.65,556.65,6051.39,59.94,49.26,49.34,31.29,37.59,56.01,65.16,10.28,4.31,527.11,528.12,548.1,609.87,561.2,548.41,540.9,538.22,556.71,1.34,1.25,0.96,0.75,11.23,-18.9,20.93,17.77
Sheetal Cool Products Ltd.,SCPL,540757,SCPL,INE501Y01019,Packaged Foods,FMCG,425.8,425.8,447.09,91.42,75.13,75.16,71.08,67.13,82.54,78.62,35.4,22.54,346.6,335.08,324.45,285.44,447.46,405.81,381.63,346.92,324.12,0.66,0.34,0.61,0.59,39.6,90.17,19.95,39.35
Sheetal Universal Ltd.,SHEETAL,,SHEETAL,INE04VX01019,Other Agricultural Products,"Food, Beverages & Tobacco",275,275,315.04,89.27,73.36,75.56,66.9,75.53,73.15,82.26,6.79,5.42,249.87,244.74,218.61,177.36,264.25,260.17,256,243.1,221.42,-0.1,0.54,0.3,,12.07,96.83,6.73,15.32
Shekhawati Industries Ltd.,SHEKHAWATI,533301,SHEKHAWATI,INE268L01046,Textiles,Textiles Apparels & Accessories,13.55,13.55,46.71,46.23,37.99,38.68,50.65,32.67,76.52,46.59,0.77,1,13.54,13.02,14.93,18.23,15.4,15.35,14.89,14.19,15.17,-1.58,0.54,0.35,0.5,21.03,-32.08,1.23,37.38
Shemaroo Entertainment Ltd.,SHEMAROO,538685,SHEMAROO,INE363M01019,Movies & Entertainment,Media,100.14,100.14,287.71,50.5,41.5,42.48,43.69,43.11,45.86,50.3,1.3,1.6,98.03,98.37,101.04,107.96,102.6,102.14,101.36,100.23,102.01,0.86,1.79,1.26,1.01,4.47,-9.81,4.61,14.06
Shera Energy Ltd.,SHERA,,SHERA,INE0MM001019,Iron & Steel Products,Metals & Mining,149.3,149.3,364.88,71.23,58.54,59.02,57.3,53.98,84.4,67.2,10.78,9.5,131.54,124.61,124.88,129.01,160.81,150.99,144.11,132.05,128.54,0.85,1.25,0.83,0.15,29.75,19.81,6.38,39.11
Shigan Quantum Technologies Ltd.,SHIGAN,,SHIGAN,INE03KJ01013,Auto Parts & Equipment,Automobiles & Auto Components,77.15,77.15,147.07,71.49,58.75,57.25,55.85,38.06,85.99,63.61,4.57,4.34,62.16,62.04,58.27,66.06,73.83,71.87,68.96,63.79,62.7,0.97,0.09,0.24,-0.04,49.36,9.98,3.22,28.01
Shilchar Technologies Ltd.,SHILCTECH,531201,SHILCTECH,INE024F01011,Other Electrical Equipment/Products,Consumer Durables,4182,4182,4784.29,35.65,29.3,29.5,37.5,34.8,42.78,43.68,54.78,186.93,4542.9,4264.51,3980.73,,4402.3,4649.47,4644.66,4393.17,4093.17,-0.54,1.26,,,0.75,,285.56,30.57
Shilpa Medicare Ltd.,SHILPAMED,530549,SHILPAMED,INE790G01031,Pharmaceuticals,Pharmaceuticals & Biotechnology,438.65,438.65,8579.2,79.25,65.13,65.49,52.63,55,71.01,74,18.86,17.69,404.79,373.05,341.55,368.08,440.23,427.78,416.72,385.17,366.66,-0.12,0.95,0.93,1.01,12.99,27.59,21.02,48.68
Shipping Corporation of India Land And Assets Ltd.,SCILAL,544142,SCILAL,INE0PB301013,Realty,Realty,48.29,48.29,2249.34,64.7,53.17,52.25,49.71,37.41,89.76,69.12,1.99,1.26,44.08,43.76,44.91,47.43,49.71,47.94,46.58,45.01,45.39,1.77,1.24,1,,22.73,3.28,2.38,28.14
Shipping Corporation of India Ltd.,SCI,523598,SCI,INE109A01011,Shipping,Transportation,325.35,325.35,15154.77,85.26,70.07,71.46,68.31,55.65,81.65,75.7,21.12,18.07,276.29,263.82,245.99,237.07,326.46,313.82,300.42,273.85,256.68,0.49,1.26,1.26,1.54,43.39,36.15,16.62,37.27
Shiv Aum Steels Ltd.,SHIVAUM,,SHIVAUM,INE719F01016,Iron & Steel Products,Metals & Mining,330,330,448.81,73.52,60.42,62.65,62.9,63.54,61.51,47.1,6.25,8.22,344.15,321.25,309.81,276.14,348.82,345.72,342.54,328.4,307.41,-0.08,0.07,0.14,,1.62,33.38,17.9,27.4
Shiva Mills Ltd.,SHIVAMILLS,540961,SHIVAMILLS,INE644Y01017,Textiles,Textiles Apparels & Accessories,66.61,66.61,57.56,65.22,53.6,52.8,52.55,38.84,79.3,70.64,3.35,2.71,56.37,55.56,56.46,62.89,65.27,63.12,60.93,57.73,58.29,1.84,0.67,0.81,1.04,35.59,0.15,4.47,44.06
Shiva Texyarn Ltd.,SHIVATEX,511108,SHIVATEX,INE705C01020,Textiles,Textiles Apparels & Accessories,167.61,167.61,217.27,62.46,51.33,53.93,51.2,39.23,70.55,62.57,7.49,6.1,153.53,151.26,162.4,173.48,173.76,168.58,163.55,158.24,162.22,2.13,0.93,0.63,0.66,18.18,-4.98,8.68,31.12
Shivalic Power Control Ltd.,SPCL,,SPCL,INE0T7B01010,Heavy Electrical Equipment,General Industrials,78.85,78.85,190.15,53.5,43.97,43.56,50.53,40.35,15.66,52,1.2,1.55,78.5,77.79,84.82,92.61,82.09,82.28,81.54,81.14,84.77,1.68,1.47,1.28,,4.86,-17,4.79,22.71
Shivalik Bimetal Controls Ltd.,SBCL,513097,SBCL,INE386D01027,Other Industrial Goods,General Industrials,583.1,583.1,3358.9,74.2,60.98,61.19,60.47,53.65,88.11,60.49,43.01,42.44,516.83,482.51,466.37,484.27,615.25,595.67,569.15,513.96,489.1,0.99,1.27,1.3,0.99,28.4,28.8,36.09,48.28
Shivalik Rasayan Ltd.,SHIVALIK,539148,SHIVALIK,INE788J01021,Agrochemicals,Chemicals & Petrochemicals,257.75,257.75,405.97,52.68,43.29,44.17,44.23,33.5,55.25,51.11,2.86,2.02,261.37,264.13,297.39,381.43,273.33,270.79,268.59,273.6,303.8,0.96,1.9,1.39,1.14,-1.08,-40.92,14.57,19.66
Shivam Autotech Ltd.,SHIVAMAUTO,532776,SHIVAMAUTO,INE637H01024,Auto Parts & Equipment,Automobiles & Auto Components,19.26,19.26,253.26,59.38,48.8,48.54,48.42,34.39,39.18,58.09,0.53,0.48,18.36,18.04,20.42,24.91,20,19.56,19.21,19.11,20.71,1.56,2.01,1.55,1.46,8.84,-33.57,1.24,18.01
Shivashrit Foods Ltd.,SHIVASHRIT,,SHIVASHRIT,INE1DLF01018,Packaged Foods,FMCG,125.55,125.55,229.37,50.29,41.33,40.77,39.37,32.03,81.95,58.45,1.61,0.62,120.36,122.39,125.07,,126.67,124.44,123.22,123.02,125.27,0.18,0.62,,,8.43,-2.66,6.54,13.98
Shoppers Stop Ltd.,SHOPERSTOP,532638,SHOPERSTOP,INE498B01024,Department Stores,Retailing,331.5,331.5,3650.63,53.81,44.22,44,34.44,32.8,90.64,67.73,10.06,2.63,304.24,304.35,345.85,426.94,339.81,323.66,315.78,318.75,348.64,2.36,1.04,0.99,0.84,17.05,-28.07,16.53,31.04
Shradha Realty Ltd.,SHRADHA,,SHRADHA,INE715Y01031,Realty,Realty,35.99,35.99,291.51,52.65,43.27,42.96,40.4,40.36,38.77,51.2,0.46,0.82,36.38,35.67,37.29,43.16,37.45,37.78,37.56,37,38.39,-0.19,1.56,1.29,0.84,7.8,-14.97,2.8,18.26
Shree Ajit Pulp & Paper Ltd.,,538795,SAPPL,INE185C01017,Paper & Paper Products,Commercial Services & Supplies,296.2,296.2,264.44,79.34,67.34,67.98,66.71,50.2,73.72,54.03,11.75,11.7,280.1,271.78,257.56,246.72,307.8,300.26,293.07,276.41,263.7,2,0.93,0.56,0.17,18.81,13.73,16.81,37.55
Shree Cements Ltd.,SHREECEM,500387,SHREECEM,INE070A01015,Cement & Cement Products,Cement and Construction,24860,24860,89696.62,59.5,48.9,48.4,39.09,38.81,58.61,54.17,185.71,146.48,24560.5,24587.9,25674.7,27384.02,25211,25046.05,24913.04,24972.74,25632.26,0.9,1.15,0.97,0.77,3.47,-8.68,642.54,15.07
Shree Digvijay Cement Company Ltd.,SHREDIGCEM,502180,SHREDIGCEM,INE232A01011,Cement & Cement Products,Cement and Construction,71.81,71.81,1061.85,61.52,50.56,50.1,50.7,45.33,57.98,58.78,2.39,2.24,70.46,68.28,75.24,82.4,76.65,75.02,73.5,71.79,74.41,0.8,1.15,1.06,0.93,8.45,-17.38,3.14,20.46
Shree Karni Fabcom Ltd.,SHREEKARNI,,SHREEKARNI,INE0S4Y01010,Textiles,Textiles Apparels & Accessories,442,442,319.51,58.23,47.85,48.41,46.99,35.86,72.41,61.03,13.61,12.25,410.53,403.29,434.91,492.21,445.77,438.28,429.35,421.12,440.19,0.42,1.53,0.81,,9.38,-21,15.55,27.1
Shree OSFM E-Mobility Ltd.,SHREEOSFM,,SHREEOSFM,INE02S501018,Surface Transportation,Transportation,69.9,69.9,107.67,34.97,28.74,28.6,28.48,47.18,16.94,40.97,-2.28,-1.79,75.25,76.59,78.53,94.04,70.01,71.51,73,76.02,80.97,-1.07,-0.57,-0.38,,-9.43,-35.48,3.66,10.01
Shree Pushkar Chemicals & Fertilisers Ltd.,SHREEPUSHK,539334,SHREEPUSHK,INE712K01011,Dyes & Pigments,Chemicals & Petrochemicals,368.25,368.25,1190.84,64.27,52.82,54.58,52.18,48.63,96.02,58.6,18.19,16.96,353.2,334.8,344.56,366.33,393.98,384.27,372.84,352.89,350.77,-0.63,0.87,0.85,0.94,11.55,-1.38,20.66,39.74
Shree Ram Proteins Ltd.,SRPL,,SRPL,INE008Z01020,Edible Oils,FMCG,0.44,0.44,9.42,31.01,25.48,25.01,25.01,25.41,30.04,20.54,-0.05,-0.05,0.56,0.6,0.66,0.71,0.44,0.47,0.51,0.58,0.63,1.11,0.21,0.22,0.29,-30.16,-21.43,0.03,61.02
Shree Ram Twistex Ltd.,SRTL,544716,SRTL,INE19GK01015,Textiles,Textiles Apparels & Accessories,45.83,45.83,183.21,,,,,,67.04,41.12,-0.66,-1.01,47.09,,,,48.27,48.52,48.76,,,0.8,,,,2.3,,2.56,21.1
Shree Rama Multi-Tech Ltd.,SHREERAMA,532310,SHREERAMA,INE879A01019,Containers & Packaging,Commercial Services & Supplies,44,44,587.26,48.2,39.61,43.83,42.22,40.76,36.47,40.94,-0.5,-0.66,48.33,48.84,54.52,53.81,48.07,47.6,47.82,49.65,51.67,0.31,1.89,1.43,0.99,-11.93,-19.58,2.98,12.95
Shree Rama Newsprint Ltd.,RAMANEWS,500356,RAMANEWS,INE278B01020,Paper & Paper Products,Commercial Services & Supplies,30.63,30.63,451.86,56.02,46.04,47.51,45.75,48.4,46.44,46.36,-0.2,-0.14,32.14,33.3,32.15,31.72,32.16,32.29,32.42,32.52,32.23,0.25,0.89,0.75,0.74,5.2,13.16,1.64,18.06
Shree Renuka Sugars Ltd.,RENUKA,532670,RENUKA,INE087H01022,Sugar,"Food, Beverages & Tobacco",25.12,25.12,5346.77,53.54,44,46.34,46.52,49.94,64.19,38.75,0.36,0.66,27.8,26.34,25.77,27.68,28.15,28.04,27.89,26.98,26.75,1.02,0.11,0.58,0.95,-6.24,-11.08,1.22,28.17
Shree Tirupati Balajee Agro Trading Company Ltd.,BALAJEE,544249,BALAJEE,INE0S2G01011,Containers & Packaging,Commercial Services & Supplies,31.91,31.91,260.29,49.4,40.6,40.17,42.05,45.6,46.9,58.13,0.92,1.07,30.51,29.07,32.91,40.17,32.6,32.46,31.91,31.26,33.42,0.91,1.89,1.43,,7.44,-25.31,1.8,26.6
Shree Tirupati Balajee FIBC Ltd.,TIRUPATI,,TIRUPATI,INE238Y01018,Containers & Packaging,Commercial Services & Supplies,489.5,489.5,495.86,45.3,37.23,37,37.96,38.62,69.86,52.03,-11.91,-20.93,475.94,520.73,624.29,645.81,475.14,471.43,475.43,522.42,574.32,-0.34,0.2,0.15,,-5.59,-2.1,11.99,38.39
Shree Vasu Logistics Ltd.,SVLL,,SVLL,INE00CE01017,Warehousing & Logistics,Transportation,593.6,593.6,682.27,47.81,39.29,50.66,50.59,47.24,26.97,39.95,4.74,8.02,561.75,555.05,607.69,687.54,582.24,576.54,573.81,575.36,603.39,1.16,0.76,0.56,0.21,-6.84,-31.39,39.49,14.17
Shreeji Global FMCG Ltd.,SHETHJI,,SHETHJI,INE1FL101016,Other Food & Beverages,"Food, Beverages & Tobacco",124.3,124.3,282.91,35.95,29.54,28.7,27.83,31.43,42.09,55.25,1.05,1.21,124.4,120.42,117.17,,124.85,124.41,123.87,121.27,117.58,0.23,0.44,,,2.13,,3.73,31.91
Shreeji Shipping Global Ltd.,SHREEJISPG,544490,SHREEJISPG,INE1B6101010,Shipping,Transportation,412.1,412.1,6713.86,61.61,50.63,50.37,51.84,43.52,82.17,67.12,16.57,12.7,373.91,374.91,367.43,,421.41,406.96,395.82,378.76,357.08,1.38,1.18,,,20.31,56.29,15.48,28.29
Shreeoswal Seeds and Chemicals Ltd.,OSWALSEEDS,,OSWALSEEDS,INE00IK01029,Other Agricultural Products,"Food, Beverages & Tobacco",12.01,12.01,109.86,59.58,48.96,49.97,49.25,38.05,43.14,51.89,0.15,0.14,12.04,12.1,13.47,13.94,12.59,12.51,12.4,12.47,13.01,0.88,0.85,0.71,0.53,11.34,-19.34,0.75,19.58
Shrem InvIT,SHREMINVIT,,SHREMINVIT,INE0GTI23014,REITs-InvITs,Utilities,100.1,100.1,4516.51,52.02,42.75,51.16,51.24,32.2,31.35,51.23,0.3,0.31,99.85,100.47,102.14,104.88,100.8,100.91,100.69,100.88,102.06,1.11,-0.24,,,1.1,-4.27,1.9,39.58
Shrenik Ltd.,SHRENIK,,SHRENIK,INE632X01030,Paper & Paper Products,Commercial Services & Supplies,0.39,0.39,23.87,47.06,38.67,33.56,35.47,37.2,37.94,50.9,0,0,0.39,0.4,0.42,0.48,0.4,0.4,0.4,0.4,0.43,0.89,0.28,0.34,0.29,2.56,-27.27,0.02,13.71
Shreyans Industries Ltd.,SHREYANIND,516016,SHREYANIND,INE231C01019,Paper & Paper Products,Commercial Services & Supplies,163.57,163.57,226.13,53.04,43.59,43.38,41.12,45.21,39.12,58.43,4.13,4.7,160.09,155.21,161.45,190.23,168.38,168.44,166.02,161.53,166.63,0.74,0.78,0.68,0.71,11.46,-21.32,8.69,22.58
Shri Ahimsa Naturals Ltd.,SHRIAHIMSA,,SHRIAHIMSA,INE0DM401012,Tea & Coffee,"Food, Beverages & Tobacco",270.7,270.7,634.27,72.77,59.8,59.89,64.28,62.88,37.72,60.83,5.61,6.46,256.34,246.63,244.27,235.8,265.69,265.2,261.98,253.27,245.85,0.12,0.74,0.75,,8.79,11.71,10.25,29.24
Shri Bajrang Alliance Ltd.,,526981,SHBAJRG,INE402H01015,Iron & Steel Products,Metals & Mining,169.6,169.6,152.64,48.7,41.33,41.06,47.45,39.62,59.84,52.64,2.97,3.74,162.84,161.32,171.04,184.71,170.43,170.47,168.71,166.31,170.91,0.11,0.08,-0.09,-0.08,4.66,-12.35,8.57,19.79
Shri Hare-Krishna Sponge Iron Ltd.,SHKSIL,,SHKSIL,INE0NON01025,Iron & Steel/Interm.Products,Metals & Mining,45,45,86.36,46.69,38.37,38.67,38.41,31.1,67.18,53.02,0.43,0.26,42.72,43.6,50.09,,44.36,44.48,44.11,45.28,49.69,-0.53,0.27,,,12.22,-38.78,1.56,18.38
Shri Kanha Stainless Ltd.,SHRIKANHA,,SHRIKANHA,INE1V4601019,Iron & Steel Products,Metals & Mining,24.2,24.2,37.71,32.04,26.33,26.43,35.11,23.43,71.91,48.19,1.2,1.42,22.99,23.03,,,26.36,26.3,25.53,25.64,,0.79,0.32,,,38.87,,1.35,33.7
Shri Krishna Devcon Ltd.,,531080,SHRIKRISH,INE997I01012,Realty,Realty,43.28,43.28,121.18,66.07,56.07,54.62,59.83,55.54,69.01,53.47,1.56,1.87,40.78,39.03,37.46,38.85,43.68,43.49,42.61,40.12,38.92,-1.35,-0.47,-0.28,-0.11,12.1,6.71,5.04,17.05
Shri Techtex Ltd.,SHRITECH,,SHRITECH,INE0OMF01015,Plastic Products,General Industrials,66.2,66.2,165.17,58.49,48.07,47.65,38.01,27.39,78.68,63.21,1.11,0.33,60.52,60.22,62.15,72.19,64.03,62.36,61.54,61.29,63.65,0.83,0.49,0.23,,10.33,-18.27,2.48,19.44
Shringar House of Mangalsutra Ltd.,SHRINGARMS,544512,SHRINGARMS,INE1B3L01017,Gems & Jewellery,Textiles Apparels & Accessories,209.57,209.57,2020.93,50.72,41.68,44.1,40.79,29.99,60.02,55.06,4.51,2.48,196.73,202.56,215.25,,213.87,208.91,205.48,205.52,208.47,1.88,2.26,,,8.34,-8.02,9.1,16.25
Shriram Finance Ltd.,SHRIRAMFIN,511218,SHRIRAMFIN,INE721A01047,Finance (including NBFCs),Banking and Finance,930.45,930.45,218919.12,70.19,57.68,69.04,50.56,63.26,30.01,47.63,-0.58,-0.79,977.47,994.63,991.28,840.76,993.57,987.98,988.14,987.87,957.64,1.4,2.03,1.87,1.55,-4.62,22.53,34.69,13.33
Shriram Nifty 1D Rate Liquid ETF,LIQUIDSHRI,544208,LIQUIDSHRI,INF680P01422,Others,Others,1103.91,1103.91,,,51.25,51.25,,,87.79,99.85,1.51,1.52,1100.66,1098.41,1093.33,1082.94,1103.32,1102.59,1101.72,1098.53,1093.31,0,0,0,,0.41,2.39,0.25,88.62
Shriram Pistons & Rings Ltd.,SHRIPISTON,544344,SHRIPISTON,INE526E01018,Auto Parts & Equipment,Automobiles & Auto Components,3489.6,3489.6,15371.62,75.85,62.33,63,62.68,68.09,54.1,58.29,95.75,109.81,3396.42,3244.74,3137.45,2876.63,3575.82,3545.46,3492.49,3315.16,3145.26,0.85,1.42,1.21,1.08,14.07,32.28,132.67,26.44
Shriram Properties Ltd.,SHRIRAMPPS,543419,SHRIRAMPPS,INE217L01019,Realty,Realty,85.66,85.66,1461.83,65.21,53.59,53.74,51.9,37.75,87.51,65.27,4.85,4.07,79.97,77.51,79.14,85.02,92.73,89.08,85.94,81.08,80.93,1.75,1.54,1.38,1.55,22.76,-2.62,3.89,38.11
Shubhlaxmi Jewel Art Ltd.,SHUBHLAXMI,,SHUBHLAXMI,INE01Z401013,Gems & Jewellery,Textiles Apparels & Accessories,22.65,22.65,24.02,68.08,55.95,57.08,54.73,60.11,42.47,42.79,-1,-1.18,24.4,26.31,28.77,22.35,23.06,23.33,23.85,25.8,26.05,0.81,0.6,0.49,0.53,-8.6,58.68,1.38,47.12
Shubhshree Biofuels Energy Ltd.,SHUBHSHREE,,SHUBHSHREE,INE0UL701015,Utilities:Non-Electrical,Utilities,320,320,167.74,59.31,48.74,47.74,47.07,39.05,45.63,49.82,4.5,3.7,313.93,315.45,342.99,382.46,329.97,325.21,321.95,323.77,340.28,0.09,0.02,0.1,,13.56,-23.93,10.65,15.14
Shyam Century Ferrous Ltd.,SHYAMCENT,539252,SHYAMCENT,INE979R01011,Iron & Steel/Interm.Products,Metals & Mining,5.51,5.51,116.91,50.56,41.55,49.56,49.38,35.14,76.92,59.78,0.27,0.27,5.09,4.97,5.45,6.25,5.84,5.69,5.52,5.29,5.52,1.35,0.95,0.44,0.53,23.97,-16.2,0.41,43.49
Shyam Dhani Industries Ltd.,SHYAMDHANI,,SHYAMDHANI,INE1CRP01016,Other Food & Beverages,"Food, Beverages & Tobacco",65.5,65.5,135.3,28.22,23.19,34.47,33.47,25.33,70.3,43.8,0.32,0.51,66.68,68.96,,,69.9,69.92,69.59,72.9,,1.06,1.18,,,1.74,,2.59,15.37
Shyam Metalics and Energy Ltd.,SHYAMMETL,543299,SHYAMMETL,INE810G01011,Iron & Steel/Interm.Products,Metals & Mining,843.65,843.65,23548.96,66.5,54.65,53.13,51.8,50.21,57.68,53.74,18.98,17.46,842.12,826.96,831.66,868.83,888.82,876.38,864.26,844.18,842.23,1.42,0.89,0.86,1.03,3.98,-1.69,33.77,23.89
Shyam Telecom Ltd.,SHYAMTEL,517411,SHYAMTEL,INE635A01023,Distributors,Commercial Services & Supplies,23.12,23.12,26.06,85.96,70.64,70.87,67.75,33.92,99.25,80.51,3.84,3.32,14.75,12.72,12.03,12.77,24.44,21.6,19.12,14.85,13.24,0.08,0.12,-0.19,0.13,156.41,85.75,1.06,54.31
Sicagen India Ltd.,,533014,SICAGEN,INE176J01011,Commodity Trading  & Distribution,Commercial Services & Supplies,54.06,54.06,213.92,50.24,42.64,49.63,41.75,36.3,44.87,53.23,0.78,0.79,51.99,51.47,53.71,60.41,54.55,53.78,53.28,52.83,54.53,2.77,1.5,1.17,1.18,5.67,-14.2,3.38,20.04
Sical Logistics Ltd.,SICALLOG,520086,SICALLOG,INE075B01020,Warehousing & Logistics,Transportation,64.52,64.52,514.77,51.57,42.38,42,46.05,37.11,32.91,48.69,0.11,0.25,66.17,65.81,70.77,77.62,66.65,66.9,66.81,67.48,70.4,0.36,0.31,0.34,0.91,3.2,-17.35,2.76,11.27
Siddhi Cotspin Ltd.,SIDDHICOTS,,SIDDHICOTS,INE0SVO01019,Textiles,Textiles Apparels & Accessories,30.65,30.65,74.81,47.16,38.76,38.56,36.31,37.81,19.25,53.18,0.2,0.23,30.2,29.64,29.98,,30.49,30.46,30.35,30.24,31.78,0.53,0.12,,,0.66,-8.51,1,15.95
Siddhika Coatings Ltd.,SIDDHIKA,,SIDDHIKA,INE0A1E01018,Paints,Consumer Durables,241,241,148.91,79.58,65.4,64.82,66.53,66.7,82.37,68.48,6.63,4.79,215.51,210.77,213.03,198.83,231.68,226.65,222.25,215.38,210.15,0.54,0.24,0.17,,12.09,18.75,5.77,11.77
Siemens Energy India Ltd.,ENRIN,544390,ENRIN,INE1NPP01017,Green & Renewable Energy,Utilities,3055.6,3055.6,108816.18,60.61,49.81,50.29,55.35,42.59,53.09,56.66,98.73,114.31,2978.72,2934.39,2759.31,3003.74,3192.74,3178.51,3121.04,2969.83,2911.27,0.52,0.74,,,16.88,-2.7,107.86,32.48
Siemens Ltd.,SIEMENS,500550,SIEMENS,INE003A01024,Heavy Electrical Equipment,General Industrials,3574.4,3574.4,127291.71,73.85,60.69,60.16,67.37,63.35,51.55,49.05,127.62,153.44,3510.71,3402.64,3243.24,3200.05,3797.62,3757.05,3684.24,3477.21,3351.92,1.7,1.32,1.1,1.37,11.76,15.58,124.89,33.87
Sigachi Industries Ltd.,SIGACHI,543389,SIGACHI,INE0D0K01022,Pharmaceuticals,Pharmaceuticals & Biotechnology,21.08,21.08,805.5,57.43,47.2,39.71,34.19,33.6,34.63,58.85,0.1,0.1,20.84,20.29,23.8,30.12,20.98,21.13,21.06,21.5,24.14,-0.25,1.46,1.29,1.23,5.67,-38.97,1.11,17.12
Sigma Advanced Systems Ltd.,SIGMAADV,532408,SIGMAADV,INE933B01012,Aerospace & Defence,General Industrials,336.45,336.45,5929.58,90.65,74.5,75,73.42,63.05,95.39,91.09,38.49,30.6,218.9,195.02,189.88,173.13,311.22,285.16,260.1,217.91,196.5,0.36,1.14,0.67,0.44,99.69,52.75,14.1,61.09
Sigma Solve Ltd.,SIGMA,543917,SIGMA,INE0A0S01028,IT Consulting & Software,Software & Services,42.98,42.98,441.73,62.11,51.04,52.11,43.98,40.67,51.16,57.77,0.84,0.8,43.45,41.99,47.3,47.3,45.49,45.15,44.62,44.28,45.43,0.54,0.71,1.22,1.06,10.01,-19.1,2.59,11.35
Signatureglobal (India) Ltd.,SIGNATURE,543990,SIGNATURE,INE903U01023,Realty,Realty,858.95,858.95,12069.17,56.5,46.43,46.25,46.51,34.34,71.15,58.93,19.03,12.39,823.53,841.54,925.3,1015.69,890.85,873.8,859.66,863.42,912.74,1.4,1.45,1.04,,7.22,-17.51,30.31,18.75
Signet Industries Ltd.,SIGIND,512131,SIGIND,INE529F01035,Plastic Products,General Industrials,49.16,49.16,144.71,53.22,43.74,45.3,41.11,47.64,49.29,53.16,0.96,1.05,49.25,47.58,49.32,52.39,51.26,50.81,50.25,49.11,49.7,2.75,1.5,1.17,1.15,4.3,-10.06,3.12,31.57
Signoria Creation Ltd.,SIGNORIA,,SIGNORIA,INE0RDE01010,Textiles,Textiles Apparels & Accessories,61.1,61.1,29.07,38.89,31.96,31.13,30.67,21.53,56.28,45.8,-5.02,-6.77,70.29,78.88,83.85,88.03,62.37,61.39,64.05,73.64,81.75,-0.88,-0.54,-0.04,,-23.5,-45.11,2.73,33.38
Signpost India Ltd.,SIGNPOST,544117,SIGNPOST,INE0KGZ01021,Advertising & Media,Media,281.85,281.85,1506.49,78.64,64.63,64.52,63.12,56.13,84.81,71.81,14.02,10.9,256.64,249.18,233.48,241.01,293.74,280.32,271.29,253.82,243.85,1.5,1.09,0.85,,25.88,27.19,15.31,32.64
Sika Interplant Systems Ltd.,,523606,SIKA,INE438E01032,Aerospace & Defence,General Industrials,931.55,931.55,1974.97,49.11,41.68,52.73,53.2,39.34,42.64,42.64,24.36,29.93,966.14,962.39,939.78,1043.43,1047.13,1022.46,1007.93,976.4,975.13,2.39,0.89,0.98,0.95,1.86,-15.41,63.87,13.95
Sikko Industries Ltd.,SIKKO,,SIKKO,INE112X01025,Fertilizers,Fertilizers,4.48,4.48,195.69,60.32,49.57,51.29,50.83,63.4,42.45,47.1,0,0.02,4.67,4.65,4.71,4.54,4.69,4.7,4.7,4.69,4.68,1.39,1.2,0.69,0.98,-6.28,-13.57,0.21,15.28
Silgo Retail Ltd.,SILGO,,SILGO,INE01II01013,Gems & Jewellery,Textiles Apparels & Accessories,76.09,76.09,215.3,71.5,58.76,67.36,67.5,66.12,71.56,49.29,1.05,1.11,75.87,74.6,73.91,67.28,78.29,77.67,77.04,75.33,72.77,0.51,0.66,0.62,0.81,-0.08,20.98,3.68,32.29
Silkflex Polymers (India) Ltd.,SILKFLEX,,SILKFLEX,INE0STN01015,Furniture-Furnishing,Diversified Consumer Services,213.6,213.6,247.93,96.34,79.17,78.79,79.96,71.96,87.93,66.83,21.31,21.02,160.28,146.46,119.66,104.83,206.79,198.78,185.75,155.1,132.13,-0.41,0.99,0.4,,59.33,159.26,10.4,40.15
Silky Overseas Ltd.,SILKY,,SILKY,INE0SN801015,Textiles,Textiles Apparels & Accessories,134,134,85.33,35.46,29.14,28.23,28.04,26.39,50.13,41.6,-3.18,-1.8,145.8,143.59,142.03,,133.5,138.42,140.69,142.44,139.97,-1.54,0.06,,,-10.67,12.13,5.53,7.93
Silly Monks Entertainment Ltd.,SILLYMONKS,,SILLYMONKS,INE203Y01012,Movies & Entertainment,Media,16.2,16.2,20.19,57.75,47.46,49.55,51.63,40.74,61.73,53.72,0.12,0.1,16.54,16.63,18.58,18.72,17,16.99,16.88,17.16,17.93,0.64,0.89,0.29,0.75,6.86,-27.71,1.04,26.3
Silver Touch Technologies Ltd.,SILVERTUC,543525,SILVERTUC,INE625X01026,IT Consulting & Software,Software & Services,147.68,147.68,1872.73,93.32,76.69,76.16,76.17,63.08,69.33,60.43,10.5,9.06,134.95,132.03,129.1,101.72,162.74,154.94,148.08,136.42,125.63,1.52,1.15,0.68,0.48,21.29,104.61,7.66,34.02
Simbhaoli Sugars Ltd.,SIMBHALS,539742,SIMBHALS,INE748T01016,Sugar,"Food, Beverages & Tobacco",9.28,9.28,38.31,55.17,45.34,45.73,45.73,36.15,95.86,58.09,0.49,0.35,8.19,8.35,9,11.42,9.84,9.26,8.91,8.69,9.33,1.85,0.16,0.19,0.23,31.82,-28.83,0.5,37.64
Simplex Infrastructures Ltd.,SIMPLEXINF,523838,SIMPLEXINF,INE059B01024,Construction & Engineering,Cement and Construction,204.01,204.01,1613.62,50.41,41.43,42.59,50.51,36.72,51.25,51.29,9.71,11.84,204.73,196.33,217.29,253.88,227.65,226.4,220.6,211.36,220.44,1.57,1.89,1.64,1.06,19.57,-26.39,13.83,25.23
Sinclairs Hotels Ltd.,SINCLAIR,523023,SINCLAIR,INE985A01022,Hotels,Hotels Restaurants & Tourism,77.34,77.34,396.44,53.64,44.08,50.05,50.1,50.38,49.22,48.71,1.11,1.25,78.69,76.88,78.48,87.67,81.21,80.48,79.83,78.59,80.14,0.37,0.66,0.75,,1.33,-13.39,2.97,40
Sindhu Trade Links Ltd.,SINDHUTRAD,532029,SINDHUTRAD,INE325D01025,Diversified,Diversified,23.01,23.01,3547.98,55.44,45.56,45.6,54.1,35.29,39.84,47.17,0,0.03,23.09,23.65,22.51,24.08,23.31,23.39,23.39,23.33,23.28,-0.12,1.41,1.43,,1.76,-7.67,1.04,24.45
Singer India Ltd.,,505729,SINGERIND,INE638A01035,Household Appliances,Consumer Durables,70.31,70.31,433.5,40.34,34.24,44.66,43.94,49.59,63.35,43.45,-0.08,0.31,71.91,72.64,69.51,73.38,72.09,72.45,72.58,72.03,71.69,0.16,1.33,1.17,0.91,-1.92,-0.47,3.19,9.62
Sintercom India Ltd.,SINTERCOM,,SINTERCOM,INE129Z01016,Auto Parts & Equipment,Automobiles & Auto Components,77.69,77.69,213.86,45.9,37.72,38.32,29.77,31.65,31.11,51.92,-0.17,-0.68,76.51,78.15,87.55,104.62,78.31,77.34,77.28,80.07,87.63,0.1,0.99,0.51,0.47,-2.07,-33.87,5.1,15.71
Sirca Paints India Ltd.,SIRCA,543686,SIRCA,INE792Z01011,Paints,Consumer Durables,427.05,427.05,2425.34,37.78,31.05,30.07,33.25,40.28,51.1,45.43,-2.2,-1.05,428.55,432.01,454.72,467.54,425.72,428.47,429.79,436.65,446.99,0.72,1.28,1,0.82,1.86,-16.28,15.42,14.62
Siyaram Silk Mills Ltd.,SIYSIL,503811,SIYSIL,INE076B01028,Textiles,Textiles Apparels & Accessories,560.75,560.75,2544.13,59.61,48.99,48.43,47.89,38.93,65.92,59.01,18.11,17.34,541.75,526.72,559.24,625.3,585.05,576.84,565.37,550.77,569.86,1.31,1.39,1.52,1.19,8.74,-29.3,23.32,28.09
Skipper Ltd.,SKIPPER,538562,SKIPPER,INE439E01022,Construction & Engineering,Cement and Construction,436.05,436.05,4923.18,53.76,44.18,45.26,53.19,46.64,76.57,54.06,24.89,28.55,421.86,393.55,395.62,452.3,474.87,466.77,452.15,418.86,416.04,2.74,1.53,1.52,1.64,19.75,-12.43,21.22,36.31
Sky Gold and Diamonds Ltd.,SKYGOLD,541967,SKYGOLD,INE01IU01018,Gems & Jewellery,Textiles Apparels & Accessories,475.8,475.8,7368.9,88.67,72.87,71.86,70.7,69.07,65.03,69.76,35.85,28.56,410.27,384.05,357.63,335.73,495.77,469.5,446.56,401.88,373.36,2.23,1.51,1.28,1.06,32.48,40.69,25.88,41.5
Slone Infosystems Ltd.,SLONE,,SLONE,INE0SMA01017,Computer Hardware,Hardware Technology & Equipment,173.25,173.25,91.29,33.45,27.49,40.15,41.99,45.95,37.05,35.84,-0.56,2.11,196.58,192.71,218.52,257.5,196.01,198.58,199.3,202.23,218.33,2.15,0.74,0.63,,-10.68,-42.59,11.19,19.89
Smarten Power Systems Ltd.,SMARTEN,,SMARTEN,INE14GK01016,Other Electrical Equipment/Products,Consumer Durables,50.65,50.65,96.24,27.96,22.98,24.35,29.97,40.11,44.39,40.45,-1.57,-0.36,56.2,56.48,61.65,78.81,51.66,54.66,55.83,57.8,63.99,1.48,1.43,,,-24.79,-43.17,3.88,18.06
Smartlink Holdings Ltd.,SMARTLINK,532419,SMARTLINK,INE178C01020,IT Networking Equipment,Hardware Technology & Equipment,148.49,148.49,148.12,68.52,56.31,55.02,43.27,39.86,76.75,69.85,6.07,4.66,129.55,125.45,126.75,134.77,144.16,140.39,136.45,130.07,129.7,1.71,1.1,0.76,0.9,26.22,13.63,7.44,25.88
Smartworks Coworking Spaces Ltd.,SMARTWORKS,544447,SMARTWORKS,INE0NAZ01010,Special Consumer Services,Diversified Consumer Services,428.4,428.4,4894.99,56.49,46.42,39.01,38.45,28.3,90.31,62.24,13.86,11.77,419.92,410.98,437.34,475.39,458.73,447.36,438.22,428.57,439.98,1.43,1.1,,,12.55,-24.82,18.76,31.19
Snehaa Organics Ltd.,SNEHAA,,SNEHAA,INE1OIC01018,Specialty Chemicals,Chemicals & Petrochemicals,45.35,45.35,46.16,47.98,39.43,39.51,30.47,28.96,49.27,50.61,0.47,0.35,44.26,44.57,50.92,,46.8,45.74,45.38,46.47,54.47,1.31,0.92,,,6.31,-42.08,2.51,11.41
Snowman Logistics Ltd.,SNOWMAN,538635,SNOWMAN,INE734N01019,Warehousing & Logistics,Transportation,38.44,38.44,642.29,52.51,43.15,42.39,41.85,39.56,52.99,49.65,0.94,1.16,39.34,38.27,39.16,45.28,41.62,41.33,40.79,39.68,40.67,2.42,1.95,1.68,1.36,5.23,-17.25,1.92,15.11
Sobha Ltd.,SOBHA,532784,SOBHA,INE671H01015,Realty,Realty,1394.3,1394.3,14911.12,59.13,48.59,48.03,48.15,39.08,79.76,57.15,34.08,32.48,1336.63,1338.51,1407.94,1476.73,1437.8,1418.83,1396.16,1376.2,1402.16,0.75,0.99,1.08,1.14,9.44,-12.64,52.23,30.03
SoftTech Engineers Ltd.,SOFTTECH,543470,SOFTTECH,INE728Z01015,IT Software Products,Software & Services,437.05,437.05,604.97,70.67,58.08,56.13,55.75,50.03,100,86.98,38.21,30.37,325.51,302.49,304.9,335.1,418.6,392.33,367.42,327.5,318.82,-0.98,1.13,0.97,0.65,46.6,26.24,19.65,46.93
Solar Industries India Ltd.,SOLARINDS,532725,SOLARINDS,INE343H01029,Other Industrial Products,General Industrials,15585,15585,141028.82,77.67,63.83,64.13,63.79,47.6,74.04,71.79,563.31,506.06,14544.17,14307.06,13583,13821.61,15968,15620.09,15268.73,14511.75,14061.2,0.01,0.64,0.77,0.94,19.04,19.37,452.3,36.49
Solara Active Pharma Sciences Ltd.,SOLARA,541540,SOLARA,INE624Z01016,Pharmaceuticals,Pharmaceuticals & Biotechnology,508.6,508.6,2262.71,59.25,48.69,48.6,50.06,45.89,70.88,64.25,12.87,9.69,484.88,472.28,504.21,557.29,516.15,506.43,497.89,489.37,503.91,0.89,0.73,0.74,0.95,8.97,-14.68,22.46,34.16
Solarworld Energy Solutions Ltd.,SOLARWORLD,544532,SOLARWORLD,INE0TY101024,Green & Renewable Energy,Utilities,217.53,217.53,1885.39,51.68,42.47,41.2,40.89,27.01,57.7,65.93,8.75,7.29,188.16,182.22,216.68,,211.78,206.12,200.26,197.41,220.26,0.55,1.73,,,22.97,-28.93,10.95,38.88
Solex Energy Ltd.,SOLEX,,SOLEX,INE880Y01017,Other Electrical Equipment/Products,Consumer Durables,1251.2,1251.2,1351.61,56,46.02,43.94,45.7,49.25,45.19,59.14,60.35,71.84,1212.36,1091.53,1123.52,1319.66,1321.46,1303.57,1270.04,1180.85,1185.21,0.66,1.43,1.11,0.66,19.38,-24.74,74.32,43.07
Solve Plastic Products Ltd.,BALCO,,BALCO,INE0U0201016,Plastic Products,General Industrials,23.75,23.75,10.37,63.36,52.07,50.19,45.81,33.44,59.37,70.64,1.73,1.29,19.03,19.35,22.77,27.18,24.25,22.94,21.74,20.93,22.92,0.26,0.25,0.15,,70.07,-14.09,1.24,36.13
Som Distilleries & Breweries Ltd.,SDBL,507514,SDBL,INE480C01038,Breweries & Distilleries,"Food, Beverages & Tobacco",85.69,85.69,1781.51,57.74,47.45,48.51,47.14,34.89,70.51,57.38,3.52,3.29,82.37,80.03,88.6,110.87,91.22,89.72,87.47,85.08,91,1.49,1.71,1.69,1.11,18.92,-30.11,4.53,34.15
Soma Textiles & Industries Ltd.,SOMATEX,521034,SOMATEX,INE314C01013,Textiles,Textiles Apparels & Accessories,108.18,108.18,357.35,67.41,55.4,61.79,63.24,52.12,42.43,54.01,4.04,3.33,103.85,104.12,111.4,104.42,116.16,112.76,110.01,107.51,107.05,3.3,0.69,0.57,0.66,14.59,-26.84,7.44,31.74
Somany Ceramics Ltd.,SOMANYCERA,531548,SOMANYCERA,INE355A01028,Ceramics,Consumer Durables,442.3,442.3,1814,57.91,47.59,47.04,54.41,50.63,75.94,64.34,18.37,19.25,433.95,411.51,408.81,440.86,472.58,464.88,453.92,428.94,423.53,0.3,1.28,1.08,0.88,13.8,5.69,16.67,25.73
Somi Conveyor Beltings Ltd.,SOMICONVEY,533001,SOMICONVEY,INE323J01019,Industrial Machinery,General Industrials,112.38,112.38,132.38,57.87,47.56,48.31,40.51,47.08,73.58,56.78,2.23,2.22,107.36,105.28,109.8,127.2,112.86,111.8,110.43,108.55,113.11,1.1,1.19,1.2,1.01,8.19,-28.37,5.08,28.85
Sona BLW Precision Forgings Ltd.,SONACOMS,543300,SONACOMS,INE073K01018,Auto Parts & Equipment,Automobiles & Auto Components,584.1,584.1,36322.7,75.57,62.1,62.47,69.3,69.19,45.86,59.77,14.5,16.87,556.76,539.06,515.4,488.05,582.39,582.21,574.04,548.41,525.94,0.3,1.23,1.23,1,11.21,22.68,20.85,24.29
Sona Machinery Ltd.,SONAMAC,,SONAMAC,INE0Q6H01012,Industrial Machinery,General Industrials,37.25,37.25,51.12,43.98,36.14,36.69,39.4,45.36,46.72,47.68,0.35,1.13,39.39,37.7,40.09,55.65,39.21,40.46,40.4,39.79,43.5,-1.68,0.61,0.36,,-5.31,-45.56,2.35,24.51
Sonal Mercantile Ltd.,,538943,SONAL,INE321M01017,Finance (including NBFCs),Banking and Finance,92.25,92.25,135.96,36.43,30.92,32.52,33.08,36.58,76.03,44.56,-1.6,-1.44,95.85,98.28,102.98,100.98,92.26,93.95,94.91,97.73,99.87,-0.24,0.22,0.12,0.04,-8.48,-8.66,4.53,16.43
Sonam Ltd.,SONAMLTD,,SONAMLTD,INE00LM01029,Household Products,Consumer Durables,50.33,50.33,201.48,62.67,51.5,51.91,51.16,60.35,23.01,36.99,-0.64,-0.21,52.58,52.45,47.1,46.24,50.46,51.13,51.66,50.97,48.91,0.17,0.72,0.72,0.87,-7.22,22.13,2.14,15.72
Sonata Software Ltd.,SONATSOFTW,532221,SONATSOFTW,INE269A01021,IT Consulting & Software,Software & Services,273.15,273.15,7659.8,56.32,46.28,47.19,44.02,33.45,93.16,70.36,8.56,4.84,254.22,252.45,291.1,331.44,279.48,272.73,266.57,266.42,286.83,1.38,1.26,1.35,1.07,21.55,-20.12,12.53,29
Sonu Infratech Ltd.,SONUINFRA,,SONUINFRA,INE0JZA01018,Construction & Engineering,Cement and Construction,54.8,54.8,64.47,53.67,44.11,44.59,45.05,30.29,41.25,50.31,1.47,1.46,52.74,57.13,68.47,91.32,59.63,58.96,57.83,59.57,68.37,0.07,0.7,0.23,-0.06,42.35,-44.3,2.98,25.68
Sotac Pharmaceuticals Ltd,SOTAC,,SOTAC,INE0O2D01012,Pharmaceuticals,Pharmaceuticals & Biotechnology,111.3,111.3,122.99,45.92,37.74,37.87,45,35.31,57.51,44.74,-2.23,-2.58,110.15,115.52,121.01,121.13,106,107.41,108.59,113.32,117.37,-0.44,-0.42,-0.57,,-4.5,-21.63,3.39,9.25
South Indian Bank Ltd.,SOUTHBANK,532218,SOUTHBANK,INE683A01023,Banks,Banking and Finance,38.21,38.21,10001.82,76.39,62.78,62.55,62.76,55.2,68.03,52.2,0.76,0.65,38.72,38.79,39.77,36.39,41.24,40.39,39.88,39.3,38.74,1.6,1.36,1.23,1.12,4.41,9.05,1.39,17.88
South West Pinnacle Exploration Ltd.,SOUTHWEST,543986,SOUTHWEST,INE980Y01015,Coal & Mining,Metals & Mining,220.83,220.83,658.74,76.69,63.02,62.6,65.08,72.05,29.9,46.92,1.81,5.73,230.1,214.82,203.03,178.17,223.85,229.74,229.64,219.49,205.46,0.26,1.12,0.85,0.82,-0.27,23.49,16.12,21.78
Southern Petrochemicals Industries Corporation Ltd.,SPIC,590030,SPIC,INE147A01011,Fertilizers,Fertilizers,65.62,65.62,1336.29,48.59,39.93,40.21,47.14,36.97,53.34,48.72,1.16,1.43,67.47,66.12,71.21,82.87,70.45,70.09,69.39,68.75,71.96,2.15,1.8,1.72,1.33,3.09,-24.67,2.49,12.24
Spacenet Enterprises India Ltd.,SPCENET,,SPCENET,INE970N01027,Internet Software & Services,Software & Services,3.8,3.8,215.74,28.99,23.82,25.44,32.69,31.19,23.86,40.68,-0.04,-0.01,3.93,4.09,5.05,6.35,3.98,4.04,4.07,4.33,5.05,1.64,1.96,1.5,1.5,5.26,-62.08,0.24,20.93
Spandana Sphoorty Financial Ltd Partly Paidup,SSFLPP,890221,SSFLPP,IN9572J01019,Others,Others,125.4,125.4,,54.58,44.85,44.61,40.01,30.21,85.22,72.04,10.01,5.82,106.04,109.17,119.64,,139.44,126.93,119.81,114.15,116.23,1.48,1.57,,,59.32,15.91,9.27,35.11
Spandana Sphoorty Financial Ltd.,SPANDANA,542759,SPANDANA,INE572J01011,Microfinance Institutions,Banking and Finance,258.91,258.91,2070.56,63.49,52.18,53.24,49.38,35.4,94.09,70.92,14.9,8.3,225.45,227.31,241.93,249.78,275.31,254.57,243.96,235.25,239.44,1.64,1.5,1.34,1.19,28.6,14.12,13.01,27.76
Speb Adhesives Ltd.,SPEB,,SPEB,INE1CW901027,Specialty Chemicals,Chemicals & Petrochemicals,78.45,78.45,176.23,42.7,35.09,36.16,34.27,22.62,68.54,84.11,3.86,1.59,56.17,55.01,,,66.16,62.34,59.59,56.62,,-1.04,0.08,,,46.86,,3.12,21.46
Speciality Restaurants Ltd.,SPECIALITY,534425,SPECIALITY,INE247M01014,Restaurants,Hotels Restaurants & Tourism,101.52,101.52,489.69,58.14,47.78,46.97,47.95,39.35,73.37,58.41,1.69,1.24,99.94,99.6,104.36,117.39,104.89,103.62,102.47,101.96,106.05,0.13,1.37,1.1,0.82,3.56,-22.93,4.31,13.67
Spectrum Electrical Industries Ltd.,SPECTRUM,544386,SPECTRUM,INE01EO01010,Other Electrical Equipment/Products,Consumer Durables,1417.8,1417.8,2227.9,53.92,44.31,39.12,41.53,36.36,79.63,66.94,-14.64,-41.82,1259.41,1321.05,1266.56,1337.83,1238.22,1225.13,1229.28,1268.03,1293.3,-1.28,-0.59,-0.04,0.55,8.6,-3.15,69.19,19.53
Spectrum Talent Management Ltd.,SPECTSTM,,SPECTSTM,INE0OL001018,Misc. Commercial Services,Commercial Services & Supplies,57.95,57.95,133.82,35.12,28.86,28.94,26.75,33.04,9.96,44.5,-1.94,-1.21,63.65,66.86,76.35,90.95,60.56,63.06,64.28,68.32,75.81,1.02,0.43,0.47,,-4.47,-32.5,5.07,18.12
Spencers Retail Ltd.,SPENCERS,542337,SPENCERS,INE020801028,Department Stores,Retailing,36.27,36.27,326.91,59.44,48.85,50.08,46.29,35.58,78.32,67.15,1.85,1.26,33.1,32.36,35.2,44.47,38.29,36.65,35.39,34.24,36.66,1.81,1.35,1.33,1.16,27.51,-21.58,2.09,25.27
Sportking India Ltd.,SPORTKING,539221,SPORTKING,INE885H01029,Textiles,Textiles Apparels & Accessories,147.05,147.05,1868.59,86.85,71.37,71.17,71.9,66.36,51.15,61.76,7.08,7.06,137.83,127.85,110.57,108.1,151.97,147.58,143.46,130.7,119.41,1.59,1.47,1.6,1.16,6.07,50.89,7.69,38.57
Spunweb Nonwoven Ltd.,SPUNWEB,,SPUNWEB,INE19QH01010,Textiles,Textiles Apparels & Accessories,123,123,296.47,42.07,34.57,43.41,42.4,38.27,62.77,55.64,5.54,5.81,111.2,107.75,118.53,,125.62,122.86,119.41,114.67,119.24,0.79,0.66,,,16.37,-15.75,5.56,29.89
Sree Rayalaseema Hi-Strength Hypo Ltd.,SRHHYPOLTD,532842,SRHHYPOLTD,INE917H01012,Commodity Chemicals,Chemicals & Petrochemicals,510.4,510.4,876.09,65.27,53.64,53.38,51.26,39.31,62.6,68.92,22.51,17.71,472.66,461.96,475.34,528.04,532.8,514.82,500.02,479.36,485.63,1.01,1.3,1.14,1.07,19.84,-2.38,22.02,31.92
Sreeleathers Ltd.,SREEL,535601,SREEL,INE099F01013,Footwear,Retailing,180.33,180.33,417.55,46.74,38.41,39.32,40.13,37.16,53.37,49.7,-0.77,-1.51,181.86,187.08,200.93,216.55,184.02,183.18,183.32,188.52,198.34,0.5,0.86,0.74,0.94,-2.21,-18.52,5.84,20.32
Sri Havisha Hospitality and Infrastructure Ltd.,HAVISHA,531322,HAVISHA,INE293B01029,Hotels,Hotels Restaurants & Tourism,1.59,1.59,24.41,51.9,42.65,42.04,41.5,47.79,22.09,49.99,0.02,0.03,1.53,1.48,1.62,1.82,1.55,1.57,1.56,1.55,1.62,0.89,0.57,0.23,0.53,-7.19,-21.72,0.12,13.37
Sri Lotus Developers and Realty Ltd.,LOTUSDEV,544469,LOTUSDEV,INE0V9Q01010,Realty,Realty,142.42,142.42,6960.4,42.13,34.62,33.43,41.16,31.39,57.51,58.38,3.95,4.2,135.21,132.06,142.23,,144.44,143.96,141.51,138.47,144.83,0.98,1.92,,,7.48,-17.87,6.07,14.2
Srinibas Pradhan Constructions Ltd.,SPCON,,SPCON,INE0TPJ01019,Roads & Highways,Cement and Construction,123.1,123.1,96.77,,,,,,55.42,49.35,,,,,,,127.97,130.8,127.03,,,0.06,,,,23.1,,8.41,50.12
Srivari Spices and Foods Ltd.,SSFL,,SSFL,INE0ON201012,Other Food & Beverages,"Food, Beverages & Tobacco",93.25,93.25,79.92,34.74,28.55,29.18,26.5,29.25,25.87,26.61,-5.24,-4.99,108.09,118.51,118.96,136.39,98.91,101.7,104.85,112.66,120.59,0.61,0.92,0.83,,-16.39,-24.75,4.16,31.32
Srivasavi Adhesive Tapes Ltd.,SRIVASAVI,,SRIVASAVI,INE0NPI01014,Other Industrial Products,General Industrials,57,57,80.79,59.83,49.17,50.55,46.2,51.63,53.21,55.02,2.27,2.53,53.55,51.51,49.64,56,58.81,57.91,56.59,53.28,52.84,1.48,0.94,0.66,0.14,19.54,-3.67,2.71,25.11
Stallion India Fluorochemicals Ltd.,STALLION,544342,STALLION,INE0RYC01010,Specialty Chemicals,Chemicals & Petrochemicals,147.29,147.29,1709.83,50.13,41.2,42.95,50.8,37.57,65.38,52.6,7.56,8.47,142.14,131.63,152.96,164.36,160.29,156.99,152.42,145.38,149.28,2.38,1.86,1.63,,12.7,-27.65,9.01,34.34
Standard Engineering Technology Ltd.,SETL,544333,SETL,INE0M4D01010,Other Industrial Products,General Industrials,132.36,132.36,2640.47,51.17,42.05,40.88,48.61,47.57,59.55,54.97,3.65,4.11,132.45,127.42,131.73,153.75,140.07,138.9,136.75,132.56,136.09,0.67,1.44,1.56,,2.73,-22.69,5.06,24.48
Standard Industries Ltd.,SIL,530017,SIL,INE173A01025,Commodity Trading  & Distribution,Commercial Services & Supplies,16.21,16.21,104.28,50.46,41.47,51.01,40.23,37.93,64.02,53.31,0.36,0.37,14.83,14.64,15.13,16.76,15.88,15.66,15.44,15.11,15.46,0.49,0.84,0.76,0.83,9.43,-15.17,1.01,19.65
Stanley Lifestyles Ltd.,STANLEY,544202,STANLEY,INE01A001028,Furniture-Furnishing,Diversified Consumer Services,155.75,155.75,889.73,51.03,41.94,43.3,42.32,26.77,91.32,57.6,7.39,3.88,143.98,148.49,169.85,228.41,174.79,160.79,155.26,155.55,175.26,2.29,1.64,1.42,,24.09,-39.64,9.31,25.81
Star Cement Ltd.,STARCEMENT,540575,STARCEMENT,INE460H01021,Cement & Cement Products,Cement and Construction,219.99,219.99,8891.56,53.31,43.81,52.16,52.84,49.24,63.24,52.49,5.35,5.59,222.07,216.7,217.59,236.58,234.44,231.75,228.5,222.01,222.37,0.86,0.49,0.53,0.67,6.5,-9.09,7.45,22.12
Star Health and Allied Insurance Company Ltd.,STARHEALTH,543412,STARHEALTH,INE575P01011,General Insurance,Banking and Finance,511.2,511.2,30042.17,66.66,54.78,55.16,63.47,61.26,82.12,60.14,12.67,13.88,493.48,479.43,467.93,465.47,518.34,515.25,507.8,488.81,477.05,0.74,0.57,0.53,0.44,9.84,5.61,16.98,35.35
Star Paper Mills Ltd.,STARPAPER,516022,STARPAPER,INE733A01018,Paper & Paper Products,Commercial Services & Supplies,140.33,140.33,219.03,52.02,42.75,51.34,41.77,40.21,36.71,53.53,1.59,1.61,138.85,137.5,145.97,158.13,143.85,142.61,141.6,141.09,145.76,1.02,0.97,0.86,0.93,5.03,-12.69,4.7,17.69
Starteck Finance Ltd.,STARTECK,512381,STARTECK,INE992I01013,Finance (including NBFCs),Banking and Finance,255.14,255.14,252.85,57.54,47.29,48.6,38.75,37.1,54.43,48.79,0.14,-0.51,245.41,250.62,263.65,285.68,250.28,248.88,248.46,252.61,262.57,0.56,0.97,0.63,0.33,1.63,-16.92,11.62,15.55
State Bank of India,SBIN,500112,SBIN,INE062A01020,Banks,Banking and Finance,974.6,974.6,899615.99,55.38,45.51,46.2,65.48,56.62,34.44,31.68,-10.49,-1.32,1060.91,1086.81,1067.46,971.95,1048.16,1058.04,1065.45,1072.8,1051.78,1.52,1.12,1.04,1.16,-8.28,1.67,32.02,19.41
State Trading Corporation Of India Ltd.,STCINDIA,512531,STCINDIA,INE655A01013,Commodity Trading  & Distribution,Commercial Services & Supplies,114.27,114.27,685.62,51.42,42.26,52.17,40.14,38.94,67.09,54.8,2.41,2.52,114.47,112.43,117.39,121.72,120.68,119.61,118.12,115.89,117.4,1.15,1.6,1.32,1.4,7.24,-10.53,4.87,32.95
Steel Authority of India (SAIL) Ltd.,SAIL,500113,SAIL,INE114A01011,Iron & Steel/Interm.Products,Metals & Mining,176.09,176.09,72734.42,74.53,61.25,69.59,69.06,66.87,63.4,58.83,6.5,6.94,171.08,164.77,156.1,143.73,185.25,182.33,178.47,168.29,158.91,0.35,0.88,1.16,1.55,9.92,30.79,5.31,35.74
Steel Cast Ltd.,STEELCAS,513517,STEELCAS,INE124E01038,Castings & Forgings,General Industrials,278.6,278.6,2819.43,77.04,63.31,63.96,61.54,64.8,35.86,50.84,8.87,12.29,273.03,255.32,233.63,226.71,286.25,286.71,282.25,262.54,245.25,-0.03,0.85,1.08,0.75,6.08,29.72,13.96,41.76
Steel City Securities Ltd.,STEELCITY,,STEELCITY,INE395H01011,Capital Markets,Banking and Finance,80.2,80.2,121.16,49.46,40.65,39.83,38.97,38.65,38.88,45.45,0.19,0.46,81.65,82.3,85.2,93.5,82.74,82.91,82.81,83.14,85.85,0.27,0.64,0.74,0.94,0.73,-17.47,2.64,17.34
Steel Exchange India Ltd.,STEELXIND,534748,STEELXIND,INE503B01021,Iron & Steel/Interm.Products,Metals & Mining,10.01,10.01,1276.79,70.71,58.11,56.74,55.45,49.92,76.87,63.41,0.58,0.56,9.18,8.66,8.53,9.15,10.53,10.2,9.85,9.1,8.85,1.8,1.49,1.21,1.14,15.62,11.4,0.47,37.98
Steel Strips Wheels Ltd.,SSWL,513262,SSWL,INE802C01033,Auto Parts & Equipment,Automobiles & Auto Components,205.66,205.66,3232.57,56,46.02,46,53.69,50.11,50.18,54.83,3.5,4.13,205.05,201.29,202.39,211.71,213.18,212.35,210.3,205.82,205.71,1,1.47,1.15,0.91,5.47,-6.15,7.26,20.25
Sterling Tools Ltd.,STERTOOLS,530759,STERTOOLS,INE334A01023,Auto Parts & Equipment,Automobiles & Auto Components,233,233,846.82,49.36,40.56,41.43,42.07,44.69,75.66,55.18,10.56,11.79,232.47,219.23,235.91,275.87,255.8,252.46,246.19,234.61,242.65,3.01,2.18,1.87,1.35,3.84,-17.89,13.54,30.3
Sterling and Wilson Renewable Energy Ltd.,SWSOLAR,542760,SWSOLAR,INE00M201021,Construction & Engineering,Cement and Construction,202.49,202.49,4728.78,51.29,42.15,49.68,49.23,35.58,82.9,58.67,8.7,8.86,193.22,188.81,196.19,224.55,215.06,211.48,206.06,197.35,202.43,1.5,1.9,1.6,1.33,19.74,-9.47,9.42,34.07
Sterlite Technologies Ltd.,STLTECH,532374,STLTECH,INE089C01029,Telecom Cables,Telecommunications Equipment,398.3,398.3,19442.32,98.83,81.22,81.01,79.71,77.01,87.7,86.66,42.34,33.9,259.6,226.74,169.62,143.54,358.9,327,300.22,241.9,196.52,1.39,1.5,1.54,1.26,96.85,228.26,15.67,55.3
Stove Kraft Ltd.,STOVEKRAFT,543260,STOVEKRAFT,INE00IN01015,Household Appliances,Consumer Durables,563.45,563.45,1865.43,49.68,40.83,41.64,41.54,48.96,71.91,56.53,9.49,10.57,530.91,516,529.58,590.4,551.88,548.44,542.98,531.62,542.8,-0.28,0.31,0.8,0.87,2.37,-21.75,20.92,21.41
Striders Impex Ltd.,STRIDERS,,STRIDERS,INE1XWN01017,Specialty Retail,Retailing,66.7,66.7,124.17,,,,,,68.34,47.2,0.91,1.35,67.11,,,,68.08,68.55,68.12,,,-0.32,,,,-0.52,,2.68,18.2
Strides Pharma Science Ltd.,STAR,532531,STAR,INE939A01011,Pharmaceuticals,Pharmaceuticals & Biotechnology,1151.8,1151.8,10616.45,81.01,66.57,67.1,60.34,66.71,80.12,75.62,47.88,39.21,1019.95,963.1,925.54,900.18,1122,1087.99,1058.1,992.05,946.82,0.36,0.05,0.39,0.68,19.89,20.09,38.46,40.39
Studds Accessories Ltd.,STUDDS,544599,STUDDS,INE00Q601028,Auto Parts & Equipment,Automobiles & Auto Components,456.2,456.2,1795.3,21.76,17.88,16.47,31.79,17.08,35.26,37.01,-2.12,-0.41,472.77,487.4,504.82,,475.9,478.22,479.36,487.01,504.64,1.2,0.67,,,1.4,,13.3,17.91
Studio LSD Ltd.,STUDIOLSD,,STUDIOLSD,INE17VO01028,Movies & Entertainment,Media,10.95,10.95,56.82,42.63,35.03,35.05,34.44,42.08,19.61,43.94,0.01,0.26,11.41,10.86,11.38,,11.07,11.52,11.57,11.42,12.76,-0.27,1.41,,,-1.8,-39.11,0.54,24.09
Stylam Industries Ltd.,STYLAMIND,526951,STYLAMIND,INE239C01020,Forest Products,Forest Materials,2460.6,2460.6,4170.25,80.35,66.03,65.88,57.05,67.81,85.69,78.07,71.31,34.02,2261.32,2243.07,2224.31,2040.97,2459.8,2377.81,2327.9,2261.95,2198.45,0.68,0.2,0.34,0.55,14.58,22.94,65.58,33.99
Styrenix Performance Materials Ltd.,STYRENIX,506222,STYRENIX,INE189B01011,Specialty Chemicals,Chemicals & Petrochemicals,2224.4,2224.4,3911.74,57.52,47.27,47.79,52.67,40.16,70,60.42,78.95,84.64,2129.02,2052.62,2005.55,2257.15,2299.9,2276.4,2229.77,2118.09,2109.03,0.63,0.7,0.69,0.78,19.27,-4.23,79.53,36.19
Suba Hotels Ltd.,SUBAHOTELS,,SUBAHOTELS,INE0RYR01018,Hotels,Hotels Restaurants & Tourism,133.8,133.8,324.36,52.49,43.14,42.92,42.97,40.48,67.19,54.33,6.05,5.64,130.12,126.63,129.51,,146.55,141.49,137.64,131.73,136.86,2.49,1.63,,,10.85,-17.33,8.14,20.81
Subex Ltd.,SUBEXLTD,532348,SUBEXLTD,INE754A01055,IT Software Products,Software & Services,10.97,10.97,616.52,62.27,51.17,52.98,49.88,36.59,76.42,66.76,0.58,0.38,9.03,8.88,9.76,11.31,10.69,10.15,9.76,9.4,9.9,2.27,1.89,1.59,1.39,23.68,-14.57,0.65,23.61
Subros Ltd.,SUBROS,517168,SUBROS,INE287B01021,Auto Parts & Equipment,Automobiles & Auto Components,750.7,750.7,4897.25,57.17,46.98,47.74,46.87,37.83,75.2,55.18,16.12,15.73,746.1,735.64,782.08,865.2,787.56,780.36,770.01,760.69,785.25,1.54,1.66,1.6,1.18,7.54,-25.05,25.33,19.94
Sudarshan Chemical Industries Ltd.,SUDARSCHEM,506655,SUDARSCHEM,INE659A01023,Dyes & Pigments,Chemicals & Petrochemicals,874.7,874.7,6877.56,56.75,46.64,47.52,45.68,34.26,85.66,53.21,29.82,25.94,851.48,845.11,889.28,1082.93,939.98,914.71,894.85,875.88,915.59,0.85,1.25,0.97,0.92,11.35,-22.26,39.33,24.05
Sudarshan Colorants India Ltd.,SUDARCOLOR,506390,SUDARCOLOR,INE492A01029,Dyes & Pigments,Chemicals & Petrochemicals,343.1,343.1,791.94,56.32,46.28,48.51,46.47,33.13,66.91,62.89,9.84,7.81,337.8,334.9,374.45,459.39,366.47,359.71,353.04,350.57,378.1,1.46,1.32,0.79,0.48,11.5,-26.69,16.87,19.76
Sudeep Pharma Ltd.,SUDEEPPHRM,544619,SUDEEPPHRM,INE0QPI01025,Pharmaceuticals,Pharmaceuticals & Biotechnology,631,631,7127.06,37.06,30.46,28.21,35.56,24.41,49.7,47.36,11.77,16,647.07,631.72,626.33,,668.22,669.33,662.76,645.42,635.98,-0.18,0.82,,,5.48,,24.42,33.05
Sukhjit Starch & Chemicals Ltd.,SUKHJITS,524542,SUKHJITS,INE450E01029,Other Agricultural Products,"Food, Beverages & Tobacco",194.71,194.71,608.35,79.14,65.04,65.39,56.36,54.71,81.02,69.6,4.99,3.77,175.32,175.85,173.56,169.29,188.26,185.6,182.33,176.97,174.23,-0.5,0.86,0.77,0.81,17.38,23.6,9.81,30.37
Sula Vineyards Ltd.,SULA,543711,SULA,INE142Q01026,Breweries & Distilleries,"Food, Beverages & Tobacco",165.62,165.62,1398.61,45.32,37.24,45.99,46.29,34.63,62.79,51.7,2.85,3.02,167.07,165.02,182,220.64,174.45,173.95,172.09,172.15,185.51,1.58,1.57,1.16,0.88,5.03,-32.03,6.69,16.81
Sumeet Industries Ltd.,SUMEETINDS,514211,SUMEETINDS,INE235C01036,Textiles,Textiles Apparels & Accessories,30,30,1578.98,64.74,53.2,48.06,47.06,46.35,46.67,52.6,0.26,0.33,29.89,29.18,28.48,29.11,30.26,30.14,30.02,29.4,28.78,0.16,0.61,0.08,0.12,1.66,-8.47,1.34,10.09
Sumit Woods Ltd.,SUMIT,,SUMIT,INE748Z01013,Realty,Realty,46.25,46.25,221.35,45.22,37.16,36.78,35.62,42.37,37.19,44.94,0.57,1.52,50.93,46.43,52.01,70.16,50.09,51.39,51.23,50.39,55.01,2.92,0.97,1.13,1.07,-2.95,-43.11,3.27,18.7
Sumitomo Chemical India Ltd.,SUMICHEM,542920,SUMICHEM,INE258G01013,Agrochemicals,Chemicals & Petrochemicals,444.85,444.85,22204.5,62.69,51.52,52.75,40.93,45.86,86.07,58.19,19.32,15.89,427.84,413.78,424.64,481.69,484.64,461.68,449.19,430.13,435.71,1.95,1.2,0.95,0.79,13.66,-6.61,18.66,22.09
Summit Securities Ltd.,SUMMITSEC,533306,SUMMITSEC,INE519C01017,Investment Companies,Others,1557.6,1557.6,1698.06,58.76,48.29,40.62,38.27,38.9,45.05,54.38,10.32,9.64,1591.24,1588.36,1712.34,1929.22,1629.48,1627.63,1620.53,1633.51,1719.06,1,1.54,1.46,1.45,-0.28,-27.19,64.15,13.76
Sun Pharma Advanced Research Company Ltd.,SPARC,532872,SPARC,INE232I01014,Pharmaceuticals,Pharmaceuticals & Biotechnology,166.43,166.43,5401.01,71.44,58.71,58.01,46.45,52.98,89.06,67.56,8.36,6.09,141.38,133.59,133.74,137.07,161.09,154.5,149.08,139.82,136.92,2.79,2.05,1.53,1.19,23.71,23.33,9.77,25.53
Sun Pharmaceutical Industries Ltd.,SUNPHARMA,524715,SUNPHARMA,INE044A01036,Pharmaceuticals,Pharmaceuticals & Biotechnology,1845.7,1845.7,442845.26,78.16,64.23,63.76,62.61,44.06,78.84,68.24,34.99,16.52,1738.65,1754.13,1731.14,1703.58,1845.2,1801.01,1775.73,1749.45,1735.43,0.96,0.34,0.42,0.51,9.22,10.81,46.22,23.87
Sun TV Network Ltd.,SUNTV,532733,SUNTV,INE424H01027,Broadcasting & Cable TV,Media,560.2,560.2,22076.62,59.04,48.52,48.86,56.69,62.61,9.71,40.53,-8.29,-2.16,601.55,598.09,581.25,571.79,572.65,586.45,592.99,593.36,586.46,0.06,0.65,0.69,0.63,-5.49,1.09,23.01,21.76
Sundaram Brake Lining Ltd.,SUNDRMBRAK,590072,SUNDRMBRAK,INE073D01013,Auto Parts & Equipment,Automobiles & Auto Components,634.5,634.5,249.65,59.75,49.1,50.24,50.2,38.37,69.5,60.71,17.62,14.99,590.06,585.61,611.79,695.42,639.53,627.23,615.75,602.89,623.85,0.63,1.31,1,0.88,15.09,-19.98,29.13,15.97
Sundaram Finance Ltd.,SUNDARMFIN,590071,SUNDARMFIN,INE660A01013,Finance (including NBFCs),Banking and Finance,4599.2,4599.2,51098.91,60.7,49.88,50.45,41.08,51.98,33.94,46.38,-63.02,-72.38,4740.43,4940.07,5053.25,4860,4697.74,4708.02,4742.08,4867.2,4926.21,1.13,1.16,1.08,0.89,-3.88,-1.37,148.21,19.1
Sundaram Multi Pap Ltd.,SUNDARAM,533166,SUNDARAM,INE108E01023,Commodity Printing/Stationery,Commercial Services & Supplies,1.4,1.4,66.34,45.66,37.52,36.97,47.57,36.31,72.01,54.29,0.01,0.02,1.37,1.36,1.53,1.74,1.41,1.41,1.41,1.42,1.52,0.49,1.69,1.36,1.07,5.15,-25.52,0.11,21.92
Sundaram-Clayton Ltd.,SUNCLAY,544066,SUNCLAY,INE0Q3R01026,Auto Parts & Equipment,Automobiles & Auto Components,1430.1,1430.1,3152.83,58.88,48.39,57.42,45.86,40,49.32,53,35.15,36.42,1381.6,1358.59,1308.38,1455.35,1469.64,1447.23,1426.19,1375.86,1376.29,1.27,1.48,1.02,,10.66,-8.41,59.2,20.24
Sundram Fasteners Ltd.,SUNDRMFAST,500403,SUNDRMFAST,INE387A01021,Auto Parts & Equipment,Automobiles & Auto Components,826.45,826.45,17366.06,58.7,48.24,48.89,47.36,40.18,56.45,50.32,10.19,7.16,810.69,825.69,879.07,931.87,854.32,842.4,834.57,839.81,869.91,1.69,0.88,0.67,0.52,6.79,-13.63,28.65,21.51
Sundrex Oil Company Ltd.,SOCL,,SOCL,INE0CTB01014,Oil Marketing & Distribution,Oil & Gas,30.85,30.85,41.32,42.48,34.91,35.97,34.74,24.23,67.45,57.74,0.77,0.69,29.83,29.23,,,32,31.66,31.13,31.41,,0.58,0.06,,,18,,1.56,22.83
Sundrop Brands Ltd.,SUNDROP,500215,SUNDROP,INE209A01019,Edible Oils,FMCG,670.25,670.25,2526.63,62.07,51.01,48.95,48.69,39.5,69.9,69.74,13.47,9.96,637.75,635.13,651.72,726.48,673.68,665.37,656.35,647.16,664.5,-0.41,0.59,0.62,0.49,12.17,-10.32,25.43,25.7
Sunflag Iron & Steel Company Ltd.,SUNFLAG,500404,SUNFLAG,INE947A01014,Iron & Steel/Interm.Products,Metals & Mining,365.7,365.7,6590.62,77.96,64.07,65.01,57.23,49.15,95.96,72.79,39.97,28.82,279.35,259.24,256.82,263.68,391.82,347.78,321.25,280.71,266.21,3.4,2,1.66,1.48,59.89,45.21,22.27,47.37
Sungarner Energies Ltd.,SEL,,SEL,INE0O3O01017,Other Electrical Equipment/Products,Consumer Durables,222.95,222.95,51.7,63.84,52.46,52.69,51.69,51.05,56.23,65.76,7.78,4.93,174.86,176.29,191.89,219.21,198.73,193.22,187.81,184.14,195.04,-1.32,0.87,0.4,,36.99,-16.27,9.37,22.47
Sunlite Recycling Industries Ltd.,SUNLITE,,SUNLITE,INE0U2N01013,Copper,Metals & Mining,491.1,491.1,678,88.27,72.54,72.88,80.2,75.66,48.09,59.79,28.52,32.85,441.7,397.84,370.48,283.14,483.96,486.33,470.14,421.19,372.88,2.79,1.43,0.93,,31.36,123.5,35.42,30.62
Sunrest Lifescience Ltd.,SUNREST,,SUNREST,INE0PLZ01012,Pharmaceuticals,Pharmaceuticals & Biotechnology,40.3,40.3,34.59,50.28,41.32,38.97,28.88,31.26,57.5,60.56,-0.14,-0.41,38.11,37.43,38.15,43.77,37.19,37.2,37.28,37.61,39.23,-0.63,0.54,-0.01,,-6.06,-9.68,1.69,12.73
Suntech Infra Solutions Ltd.,SUNTECH,,SUNTECH,INE0SGZ01016,Construction & Engineering,Cement and Construction,40,40,77.45,43.49,35.74,39.28,40.54,40.66,68.61,57.01,0.7,0.91,38.88,37.25,38.81,50.73,39.93,39.99,39.61,38.79,41.74,-0.38,1.11,,,,-25.73,1.87,29.76
Sunteck Realty Ltd.,SUNTECK,512179,SUNTECK,INE805D01034,Realty,Realty,304.95,304.95,4477.95,41.02,33.71,44.85,44.15,34.49,88.75,43.17,2.28,3.04,326.79,338.15,371.79,396.66,340.76,340.61,338.71,345.13,364.26,2.21,1.83,1.41,1.22,2.52,-29.66,15.87,19.85
Super Spinning Mills Ltd.,SUPERSPIN,521180,SUPERSPIN,INE662A01027,Textiles,Textiles Apparels & Accessories,5.26,5.26,28.93,54.72,44.97,44.71,43.49,29.34,33.96,51.39,0.11,0.09,5.09,5.22,6.57,7.96,5.57,5.49,5.4,5.61,6.4,0.93,1.79,1.44,1,9.48,-42.42,0.52,14.59
Superhouse Ltd.,SUPERHOUSE,523283,SUPERHOUSE,INE712B01010,Footwear,Retailing,151.43,151.43,166.95,51.25,42.12,49.85,52.25,42.82,60.1,51.27,1.74,1.91,148.6,148.12,150.31,155.65,153.75,153.14,152.04,150.66,151.88,0.51,1.03,1.02,0.95,0.89,-5.28,7.02,29.69
Suprajit Engineering Ltd.,SUPRAJIT,532509,SUPRAJIT,INE399C01030,Auto Parts & Equipment,Automobiles & Auto Components,417.85,417.85,5731.65,59.7,49.06,51.45,42.66,48.33,78.19,55.19,3.47,1.42,419.95,419.11,434.68,444.92,429.26,426.06,423.49,423.59,430.26,1.48,0.81,0.83,0.89,1.4,-2.65,13.41,12.72
Supreme Engineering Ltd.,SUPREMEENG,,SUPREMEENG,INE319Z01021,Iron & Steel Products,Metals & Mining,0.97,0.97,24.25,31.31,25.73,26.14,25.91,34.91,52.37,44.98,-0.01,0,1.07,1.04,1.1,1.46,1.04,1.05,1.06,1.08,1.17,0.32,0.33,0.26,0,-1.92,-45.16,0.07,11.99
Supreme Facility Management Ltd.,SFML,,SFML,INE0U6N01014,Misc. Commercial Services,Commercial Services & Supplies,24,24,59.59,54.34,44.66,44.07,33.75,33.89,46.01,52.04,0.06,-0.18,22.44,23.74,26.82,32.53,23.58,23.25,23.13,24.16,26.85,0.52,0.29,0.07,,6.98,-40.7,1.55,11.43
Supreme Holdings & Hospitality (India) Ltd.,SUPREME,530677,SUPREME,INE822E01011,Realty,Realty,49.84,49.84,192.62,32.38,26.61,28.16,24.15,34.55,32.28,43.05,-0.7,-0.54,52.67,52.91,59.65,70.36,51.73,51.93,52.36,54.4,59.72,0.37,1.27,1.05,,-8.18,-42.71,2.87,17.1
Supreme Industries Ltd.,SUPREMEIND,509930,SUPREMEIND,INE195A01028,Plastic Products,General Industrials,3534.1,3534.1,44892.58,51.56,42.37,42.59,35.01,37.15,42.75,42.08,-36.02,-37.4,3703.68,3795.21,3664.74,3883.7,3655.5,3661.19,3682.73,3722.92,3744.29,0.66,0.77,0.84,0.95,-4.5,-6.98,110.17,9.72
Supreme Infrastructure India Ltd.,SUPREMEINF,532904,SUPREMEINF,INE550H01011,Construction & Engineering,Cement and Construction,82.2,82.2,801.47,59.43,48.84,48.25,48.07,39.4,72.47,64.12,3.3,2.48,73.65,74.21,79.75,91.76,84.19,81,78.73,76.95,80.28,-0.71,0.89,0.59,0.14,20.26,-5.7,3.73,33.14
Supreme Petrochem Ltd.,SPLPETRO,500405,SPLPETRO,INE663A01033,Petrochemicals,Chemicals & Petrochemicals,696.8,696.8,13102.72,67.71,55.64,55.92,50.17,53.47,44.85,45.42,5.3,14.56,751.79,718.32,661.9,710.28,738.23,750.64,750.03,721.8,699.85,0.71,0.41,0.44,0.62,-2.56,5.18,29.47,32.2
Supreme Power Equipment Ltd.,SUPREMEPWR,,SUPREMEPWR,INE0QHG01026,Heavy Electrical Equipment,General Industrials,252.65,252.65,631.4,75.87,62.35,61.15,61.79,50.28,81.13,66.35,23.14,22.59,214.42,190.6,182.2,195.26,268.41,253,238.88,207.99,194.94,0.74,1.46,1.27,,45.38,30.84,14.84,35.89
Supriya Lifescience Ltd.,SUPRIYA,543434,SUPRIYA,INE07RO01027,Pharmaceuticals,Pharmaceuticals & Biotechnology,675.8,675.8,5439.03,64.08,52.66,53.36,51.02,39.62,73.79,67.64,23.38,19.52,646.89,632.59,674.5,693.42,704.17,690.48,675,657.81,668.14,0.45,1.24,1.11,1.2,12.73,-9.82,25.43,27.43
Suraj Estate Developers Ltd.,SURAJEST,544054,SURAJEST,INE843S01025,Realty,Realty,220.72,220.72,1054.45,49.76,40.89,42.78,39.34,36.92,62.66,52.08,6.04,7.42,221.95,216,227.14,258.08,236.32,235.44,231.93,225.57,233.37,1.58,1.45,1.53,,10.79,-19.98,9.63,37.38
Suraj Ltd.,SURAJLTD,531638,SURAJLTD,INE713C01016,Iron & Steel Products,Metals & Mining,235.4,235.4,432.29,50.15,41.21,42.13,37.35,46.13,56.66,47.26,0.06,1.1,244.18,237.29,237.93,275.07,241.96,242.27,242.61,240.88,248.01,0.55,1.06,0.87,,-8.77,-16.29,16.95,35.5
Suraksha Diagnostic Ltd.,SURAKSHA,544293,SURAKSHA,INE877V01027,Healthcare Services,Healthcare,291.9,291.9,1520.24,63.07,51.83,51.62,49.56,41.88,81.71,74.22,7.38,5.94,272.07,269.07,271.77,288.16,290.03,287.02,282.22,275.16,276.94,-0.52,0.51,0.63,,17.22,-5.23,9.89,36.99
Surana Solar Ltd.,SURANASOL,533298,SURANASOL,INE272L01022,Power - Electric Utilities,Utilities,26.89,26.89,132.32,52.98,43.54,42.81,51.55,47.06,78.04,62.5,1.24,1.29,24.99,23.76,24.67,28.18,27.66,27.31,26.55,25.14,25.58,0.65,1.52,1.09,0.75,18.96,-10.56,1.74,29.17
Surana Telecom and Power Ltd.,SURANAT&P,517530,SURANAT&P,INE130B01031,Power - Electric Utilities,Utilities,18.11,18.11,245.86,51.33,42.18,42.14,50.78,51.36,51.51,51.24,0.29,0.34,18.32,17.94,18.47,19.6,18.95,18.89,18.73,18.4,18.63,1.02,1.03,0.85,0.81,-0.27,-12.75,0.83,24.43
Surani Steel Tubes Ltd.,SURANI,,SURANI,INE01ZJ01015,Iron & Steel Products,Metals & Mining,136,136,211.45,72.05,59.21,60.98,60.94,63.07,95.66,78.65,10,11.39,121.43,96.31,78.45,85.98,134.8,131.2,125.82,105.91,93.39,0.55,-0.17,-0.2,0,13.48,47.83,3.49,65.31
Suratwwala Business Group Ltd.,SBGLP,543218,SBGLP,INE05ST01028,Realty,Realty,26.41,26.41,457.99,38.67,31.78,31,41.6,42.89,43.25,49.2,-0.02,0.06,26.62,26.97,30.48,33.08,27.23,27.25,27.26,27.81,29.72,-0.48,1.43,0.67,0.73,3.39,-19.2,1.96,20.15
Surya Roshni Ltd.,SURYAROSNI,500336,SURYAROSNI,INE335A01020,Iron & Steel Products,Metals & Mining,239.7,239.7,5216.73,59.28,48.72,50.53,52.02,36.44,80.2,55.23,11.59,10.32,233.27,225.24,240.46,265.75,266.51,254.81,247.31,237.13,242.38,1.52,1.43,1.22,0.99,15.16,-17.22,11.05,30.73
Suryalakshmi Cotton Mills Ltd.,SURYALAXMI,521200,SURYALAXMI,INE713B01026,Textiles,Textiles Apparels & Accessories,57.43,57.43,108,63.04,51.81,52.14,51.5,41.02,78.73,56.39,1.77,1.59,55.94,55.31,56.47,60.35,61.12,59.66,58.52,56.83,57.33,0.3,1.4,1.16,1.13,11.79,-2.29,3.09,22.44
Suryalata Spinning Mills Ltd.,,514138,SURYALA,INE132C01027,Textiles,Textiles Apparels & Accessories,357.65,357.65,152.61,77.22,65.54,67.35,65.82,57.62,76.96,52.81,10.4,10.14,341.84,334.09,331.62,330.89,369.44,361.7,355.25,342.31,335.88,-1.02,-0.69,-0.33,-0.23,4.26,10.33,20.96,13.82
Suryoday Small Finance Bank Ltd.,SURYODAY,543279,SURYODAY,INE428Q01011,Microfinance Institutions,Banking and Finance,172.64,172.64,1834.99,78.12,64.2,57.93,56.24,50.45,97.8,83.76,10.01,7.24,143.73,137.05,136.7,136.57,168.05,160.43,153.86,143.22,139.14,0.55,0.59,0.74,0.99,29.87,18.01,7.57,38.89
Sustainable Energy Infra Trust,SEITINVIT,,SEITINVIT,INE0R8O23017,Others,Others,119,119,3855.6,7.5,,6.67,,,50.04,59.48,,,,,,,122.2,116.41,112.7,,,-0.92,,,,11.21,,4.2,
Sutlej Textiles & Industries Ltd.,SUTLEJTEX,532782,SUTLEJTEX,INE645H01027,Textiles,Textiles Apparels & Accessories,36.51,36.51,598.14,62.29,51.19,50.34,58.35,42.69,58,55.19,1.74,2.03,34.03,32.51,31.61,34.21,37.58,37.48,36.47,33.93,33.19,1.19,1.36,1.11,1.2,24.59,3.14,2.01,30.65
Suven Life Sciences Ltd.,SUVEN,530239,SUVEN,INE495B01038,Healthcare Services,Healthcare,216.38,216.38,5706.39,62.9,51.69,49.61,59.47,51.93,66.76,65.74,14.18,15.14,189.25,169.46,162.96,189.06,216.14,212.17,203.9,182.72,175.43,1.53,1.42,1.09,1.09,28.85,10.4,10.8,45.56
Suvidhaa Infoserve Ltd.,SUVIDHAA,543281,SUVIDHAA,INE018401013,Other Financial Services,Banking and Finance,2.85,2.85,59.79,45.74,37.59,41.66,42.71,50.2,23.64,48.07,0.02,0.03,2.89,2.88,3.11,3.61,2.95,2.96,2.95,2.96,3.13,0.89,1.91,1.28,1.09,,-25.95,0.18,14.74
Suyog Telematics Ltd.,SUYOG,537259,SUYOG,INE442P01014,Other Telecom Services,Telecom Services,784.5,784.5,919.21,78.74,64.71,52.37,53.33,56.84,58.64,60.46,23.73,23.68,746.86,717.81,659.04,717.42,792.82,784.64,771.16,727.75,706.59,0.09,1.13,0.85,,5.7,10.24,40.67,21.63
Suzlon Energy Ltd.,SUZLON,532667,SUZLON,INE040H01021,Heavy Electrical Equipment,General Industrials,51.52,51.52,70661.43,56.08,46.09,46.56,53.99,46.28,61.66,57.09,2.55,2.93,49.44,46.31,47.89,52.84,54.62,54.15,52.65,49.34,49.31,1.68,1.39,1.36,1.24,20.51,-11.15,1.83,35.38
Swan Corp Ltd.,SWANCORP,503310,SWANCORP,INE665A01038,Commodity Trading  & Distribution,Commercial Services & Supplies,322.55,322.55,10110.55,53.91,44.3,46.16,34.62,35.07,70.81,48.94,1.88,0.19,333.69,341.64,388.76,423.08,348.41,344.04,342.01,351.64,376.68,2.16,1.36,1.4,1.31,2.95,-25.2,15.46,22.11
Swan Defence and Heavy Industries Ltd.,SWANDEF,533107,SWANDEF,INE542F01020,Shipping,Transportation,1908.1,1908.1,10052.29,92.14,75.72,67.04,69.71,63.84,80.86,57.49,12.15,8.04,1813.11,1903.05,1340.63,686.12,1873.3,1863.59,1858.3,1749.3,1415.54,0.62,0.38,-3.01,-1.44,6.15,3535.83,91.8,12.81
Swaraj Engines Ltd.,SWARAJENG,500407,SWARAJENG,INE277A01016,Auto Parts & Equipment,Automobiles & Auto Components,3805.1,3805.1,4623.16,58.51,48.08,48.82,46.7,51.22,55.45,52.11,69.59,87.86,3835.85,3710.18,3652.6,3863.47,3961.12,3953.06,3915.79,3792.35,3752.62,1.26,1.08,1.05,0.9,3.76,-1,101.02,26.4
Swaraj Suiting Ltd.,SWARAJ,,SWARAJ,INE0GMR01016,Textiles,Textiles Apparels & Accessories,280.7,280.7,741.56,63.88,52.5,54.21,63.4,76.24,30.97,44.71,-0.7,-0.1,287.44,291.39,275.01,235.96,286.75,287.8,288.4,285.95,273.21,0.25,0.46,0.75,0.76,-3.57,36.8,6.04,16.44
Swastik Pipe Ltd.,SWASTIK,,SWASTIK,INE0DGC01025,Iron & Steel Products,Metals & Mining,23.55,23.55,54.71,63.17,51.91,53.56,49.67,33.07,54.73,63.86,1.52,1.35,19.64,18.67,20.62,25.93,23.77,22.6,21.63,20.33,21.66,-0.7,0.18,0.23,0.09,44.92,-20.17,0.96,22.43
Swelect Energy Systems Ltd.,SWELECTES,532051,SWELECTES,INE409B01013,Heavy Electrical Equipment,General Industrials,628.3,628.3,952.43,54.96,45.17,44.75,52.23,47.29,58.37,55.33,29.84,33.23,616.83,580.3,580.52,672.28,684.33,670,652.49,612.27,612.23,1.58,0.87,1.02,0.9,21.45,-17.63,28.14,36.5
Swiggy Ltd.,SWIGGY,544285,SWIGGY,INE00H001014,Internet & Catalogue Retail,Retailing,255.85,255.85,70622.62,33.95,27.9,37.45,36.95,34.5,34.24,39.24,-2.77,-2.33,276.31,283.71,319.49,366.43,275.45,276.88,278.26,289.47,313.69,1.58,0.97,1.05,,-5.02,-36.2,11.26,18.22
Sylvan Plyboard (India) Ltd.,SYLVANPLY,,SYLVANPLY,INE01IH01015,Forest Products,Forest Materials,55.9,55.9,108.31,49.7,40.84,40.78,49.64,37.44,70.04,52.39,2.77,3.29,52.6,50.93,55.77,66.37,58.17,58.62,56.93,54.37,56.92,1.61,0.17,-0.01,,32.17,-19.86,3.05,26.01
Symphony Ltd.,SYMPHONY,517385,SYMPHONY,INE225D01027,Consumer Electronics,Consumer Durables,764.85,764.85,5252.33,48.77,40.08,41.47,49.71,38.67,44.2,45.17,6.51,10.76,781.97,786.94,836.67,890.49,801.9,809.25,805.13,806.52,834.19,1.7,1.29,1.02,0.74,4.26,-16.61,28.32,15.94
Syncom Formulation (India) Ltd.,SYNCOMF,524470,SYNCOMF,INE312C01025,Pharmaceuticals,Pharmaceuticals & Biotechnology,13.57,13.57,1275.58,62.73,51.55,51.51,51.49,47.66,66.7,59.69,0.49,0.45,13.19,12.79,13.23,15.08,14.48,14.13,13.82,13.34,13.66,1.48,1.54,1.27,1.11,9.61,-12.27,0.61,28.21
Synergy Green Industries Ltd.,SGIL,541929,SGIL,INE00QT01015,Other Industrial Products,General Industrials,571.85,571.85,888.83,65.83,54.1,54.19,52.53,41.57,75.42,83.44,19.39,13.62,522.5,515.64,515.72,529.86,570.7,557.34,544.38,526.03,521.83,0.03,0.48,0.35,0.65,19.35,13.04,18.11,26.43
Syngene International Ltd.,SYNGENE,539268,SYNGENE,INE398R01022,Pharmaceuticals,Pharmaceuticals & Biotechnology,478.75,478.75,19325.66,55.66,45.74,45.08,43.74,31.92,89.87,63.57,13.21,9.25,427.28,422.06,493.89,573.04,461.89,454.23,444.91,445.13,483.24,0.27,0.8,0.87,0.7,20.91,-25.37,23.34,32.28
Synoptics Technologies Ltd.,SYNOPTICS,,SYNOPTICS,INE0BTR01012,IT Consulting & Software,Software & Services,59,59,50.03,47.42,38.97,36.4,45.85,32.16,55.75,55.5,1.83,2.08,51.74,53.76,56.9,73.33,56.07,56.83,55.65,54.88,59.67,-1.89,-0.27,-0.3,,46.66,-47.14,2.64,21.85
Syrma SGS Technology Ltd.,SYRMA,543573,SYRMA,INE0DYJ01015,Other Electrical Equipment/Products,Consumer Durables,1075.2,1075.2,20693.75,83.94,68.98,69.69,67.69,62.58,82.83,78.6,65.21,55.67,930.11,867.97,813.24,800.55,1084.77,1034.31,993.36,907.69,850.41,1.03,1.59,1.48,1.31,31.73,41.88,42.63,38.5
Systango Technologies Ltd,SYSTANGO,,SYSTANGO,INE0O7R01011,IT Consulting & Software,Software & Services,272,272,398.99,57.97,47.64,47.8,58.93,57.43,58.28,51.8,4.9,5.93,271.55,262.31,280.06,269.74,281.94,280.23,277.37,272.48,273.54,0.37,1.47,1.32,1.21,1.41,12.81,12.27,21.86
Systematix Corporate Services Ltd.,SYSTMTXC,526506,SYSTMTXC,INE356B01024,Capital Markets,Banking and Finance,67.17,67.17,917.13,25.5,20.96,19.58,38.65,28.95,52.37,47.11,-0.12,0.35,68.27,68.54,90.05,,68.68,69.87,69.89,73.9,93.57,0.35,1.54,,,0.06,-58.76,4.17,25.59
T T Ltd.,TTL,514142,TTL,INE592B01024,Textiles,Textiles Apparels & Accessories,7.71,7.71,199.16,38.14,31.34,31.4,30.75,31.27,31.92,47.05,-0.26,-0.26,8.32,8.65,8.58,9.63,7.7,7.93,8.09,8.44,8.81,-0.41,0.66,0.7,0.67,-7.13,-14.13,0.48,26.27
TAAL Tech Ltd.,,539956,TAALTECH,INE524T01011,Airlines,Transportation,2914.85,2914.85,908.35,53.15,45.11,45.98,41.23,51.57,39.79,47.35,12.09,24.39,2932.65,2874.69,2911.03,3013.26,2944.86,2951.77,2947.08,2922.18,2935.5,0.48,0.68,0.67,0.79,-0.6,-6.44,99.1,13.93
TAC Infosec Ltd.,TAC,,TAC,INE0SOY01013,IT Consulting & Software,Software & Services,514.1,514.1,1080.96,37.3,30.65,29.44,34.05,51.82,32.64,47.24,-4.38,0.19,504.89,476.2,581.37,602.25,493.77,496.59,499.96,514.51,553.13,0.21,1.26,1.32,,-16.38,-43.71,28.72,12.99
TARC Ltd.,TARC,543249,TARC,INE0EK901012,Realty,Realty,132.26,132.26,3902.94,59.44,48.85,48.77,49.09,35.7,43.13,50.2,1.72,1.56,129.79,132.21,145.88,152.38,137.2,135.81,134.52,135.74,141.44,0.89,1.54,1.42,1.3,6.2,-14.82,5.85,14.49
TBI Corn Ltd.,TBI,,TBI,INE0N2D01013,Other Agricultural Products,"Food, Beverages & Tobacco",65.15,65.15,118.3,38.9,31.97,30.61,39.75,49.32,39.47,47.99,-0.25,0.45,68.48,67.1,73.62,82.85,67.3,68.58,68.86,69.51,73.7,0.81,1.04,0.83,,-4.37,-23,3.95,11.39
TBO Tek Ltd.,TBOTEK,544174,TBOTEK,INE673O01025,Travel Support Services,Diversified Consumer Services,1169.4,1169.4,12698.26,49.08,40.33,42.14,49.58,34.62,24.02,42.42,12.27,17.74,1202.2,1197.12,1368.59,1450.69,1251.22,1247.16,1238.86,1253.17,1322.42,1.68,1.24,1.21,,2.47,-25.03,48.28,25.11
TCC Concept Ltd.,,512038,TCC,INE887D01016,Commodity Trading  & Distribution,Commercial Services & Supplies,361,361,1713.01,34.03,28.88,29.22,45.93,34.23,20.69,40.88,-1.99,0.77,375.81,385.2,416.62,474.82,378.32,381.29,382.44,392.24,417.59,1.15,1.63,0.98,,0.28,-35.4,19.5,31.63
TCI Express Ltd.,TCIEXP,540212,TCIEXP,INE586V01016,Warehousing & Logistics,Transportation,517.7,517.7,1988.95,58.25,47.87,48.22,39.62,46.53,71.06,54.95,9.5,6.49,520.44,517.58,535.95,604.81,550.12,539.91,533.4,528.85,547.19,1.52,0.96,0.87,0.67,3.68,-21.18,21.26,18.03
TCI Finance Ltd.,TCIFINANCE,501242,TCIFINANCE,INE911B01018,Finance (including NBFCs),Banking and Finance,14.11,14.11,18.16,57,46.84,39.28,45.46,44.5,38.31,50.74,-0.05,-0.06,14.14,14.2,17.76,15.15,14.22,14.28,14.29,14.82,15.45,0.2,0.94,0.46,0.36,-4.89,18.44,0.89,16.73
TCPL Packaging Ltd.,TCPLPACK,523301,TCPLPACK,INE822C01015,Containers & Packaging,Commercial Services & Supplies,2697.2,2697.2,2454.45,58.9,48.4,48.18,47.09,37.16,75.59,61.4,73.75,55.55,2572.16,2557.32,2705.2,3042.36,2784.08,2725.92,2675.57,2638.08,2742.83,1.62,1.31,1.15,0.66,12.63,-15.38,109.67,24.81
TD Power Systems Ltd.,TDPOWERSYS,533553,TDPOWERSYS,INE419M01027,Heavy Electrical Equipment,General Industrials,1166.9,1166.9,18230.29,88.05,72.36,71.84,73.98,70.7,72.87,67.53,81.36,75.53,1014.02,948.55,839.74,726.4,1196.92,1148.06,1097.81,981.2,880.98,-0.05,0.87,1,1.19,33.25,43.74,56.09,49.77
TECIL Chemicals & Hydro Power Ltd.,TECILCHEM,506680,TECILCHEM,INE014B01011,Commodity Chemicals,Chemicals & Petrochemicals,11.98,11.98,22.72,51.45,42.28,43.9,35.04,34.85,77.3,46.86,0.1,0.09,12.68,12.77,14.85,17.03,13.31,13.12,13.05,13.34,14.61,0.5,0.34,0.11,,4,-40.51,1.4,9.84
TGB Banquets and Hotels Ltd.,TGBHOTELS,532845,TGBHOTELS,INE797H01018,Hotels,Hotels Restaurants & Tourism,9.4,9.4,27.53,53.67,44.11,44.13,48.59,40.46,27,50.82,0.14,0.19,9.2,9.09,9.31,10.44,9.54,9.55,9.47,9.32,9.55,-0.82,0.9,0.89,0.89,8.76,-18.13,0.57,31.51
TIL Ltd Partly Paidup,TILPP,890237,TILPP,IN9806C01016,Others,Others,153.5,153.5,,,,,,,46.79,42.4,,,,,,,161.15,158.91,,,,,,,,,,6.22,
TIL Ltd.,TIL,505196,TIL,INE806C01018,Transport Related Services,Transportation,196.69,196.69,1562.13,56.66,46.56,47.04,46.62,33.72,48.26,47.81,2.35,2.13,197,197.7,223.43,262.79,208.65,205.06,203.32,206.27,222.51,0.73,1.02,1.06,0.74,3.36,-31.96,10.96,10.08
TPL Plastech Ltd.,TPLPLASTEH,526582,TPLPLASTEH,INE413G01022,Plastic Products,General Industrials,63.32,63.32,493.91,56.06,46.07,46.63,45.13,51.76,28.53,49.7,0.7,1.06,65.15,64.45,65.16,69.1,66.76,66.98,66.61,65.58,66.19,0.96,1.87,1.2,1.1,0.96,-5.72,2.96,18.99
TRF Ltd.,TRF,505854,TRF,INE391D01019,Industrial Machinery,General Industrials,259.55,259.55,285.62,51.03,41.94,50.47,48.54,37.76,55.09,58.25,6.16,6.24,257.45,251.27,268.32,300.31,273.13,269.7,265.84,261.36,271.43,1.24,1.33,1.4,1.18,6.66,-17.51,11.3,28.12
TSC India Ltd.,TSC,,TSC,INE16VK01010,Travel Support Services,Diversified Consumer Services,35,35,50.82,48.39,39.77,38.87,38.96,19.96,48.63,49.62,0.4,0.23,34.4,34.74,41.08,,36.04,35.53,35.18,36.37,41.81,-1.2,0.36,,,3.86,-45.48,2.25,12.84
TSF Investments Ltd.,TSFINV,,TSFINV,INE202Z01029,Investment Companies,Others,391.6,391.6,8697.59,57.68,47.4,48.17,45.09,37.06,57.48,52.49,8.88,8.43,391.1,387.15,413.64,482.57,417.45,411.23,405.38,402.03,420.96,1.4,1.79,1.6,1.28,9.25,-32.4,16.35,25.28
TTK Healthcare Ltd.,TTKHLTCARE,507747,TTKHLTCARE,INE910C01018,Diversified,Diversified,907.35,907.35,1282.11,58.94,48.44,47.4,49.54,39.53,57.65,55.95,18.68,17.66,871.55,867.69,929.98,1047.3,929.22,916.13,903.79,896.54,937.65,1.14,1.03,0.71,0.62,3.45,-21.62,30.33,25.45
TTK Prestige Ltd.,TTKPRESTIG,517506,TTKPRESTIG,INE690A01028,Household Appliances,Consumer Durables,528.7,528.7,7240.55,55.82,45.87,45.06,45.23,36.83,79.83,54.55,10.27,8.76,489.92,494.9,544.6,598.21,527.46,518.69,511.42,512.18,538.96,0.9,0.34,0.39,0.41,7.69,-22.49,19.34,22.3
TV Today Network Ltd.,TVTODAY,532515,TVTODAY,INE038F01029,Broadcasting & Cable TV,Media,114.42,114.42,682.73,58.35,47.95,48.01,47.59,35.92,59.63,64.15,2.59,1.65,110.95,111.85,121.5,134.69,119.4,117.03,115.17,115.04,121.1,0.78,1.02,0.74,0.84,11.89,-16.96,4.38,22.07
TV Vision Ltd.,TVVISION,540083,TVVISION,INE871L01013,Broadcasting & Cable TV,Media,5.15,5.15,19.95,46.01,37.81,38.81,39.95,37.25,54.28,43.64,-0.04,-0.04,5.33,5.44,6.46,6.49,5.31,5.34,5.35,5.56,5.95,1.16,0.93,0.92,0.53,-2.26,-15.72,0.39,20.38
TVS Electronics Ltd.,TVSELECT,532513,TVSELECT,INE236G01019,Electronic Components,Commercial Services & Supplies,479.7,479.7,894.65,65,53.42,54.7,51.2,46.79,74.08,61.99,25.14,22.68,434,410.04,416.01,462.45,495.52,477.45,461.7,433.59,433.93,2.27,1.8,1.21,1.09,22.76,-21.93,24.38,33.68
TVS Holdings Ltd.,TVSHLTD,520056,TVSHLTD,INE105A01035,Auto Parts & Equipment,Automobiles & Auto Components,13996,13996,28316.85,61.35,50.42,61.14,50.25,52.94,41.38,46.9,24.27,42.36,14249.23,14234.7,14360.93,13852.84,14308.6,14327.87,14313.91,14302.68,14215.43,1.62,0.93,0.8,0.34,1.7,-6.88,397.12,10.75
TVS Infrastructure Trust,TVSINVIT,,TVSINVIT,INE1JNC23012,REITs-InvITs,Realty,117,117,2307.24,13.25,,11.9,11.9,13.52,61.67,79.07,2.93,2.52,108.25,,,,115.1,113.16,111.34,,,-0.23,,,,13.59,,1.17,35.44
TVS Motor Company Ltd.,TVSMOTOR,532343,TVSMOTOR,INE494B01023,2/3 Wheelers,Automobiles & Auto Components,3561,3561,169178.52,72.55,59.62,63.79,43.84,55.58,43.19,50.4,1.27,-7.14,3594.18,3618.36,3668.2,3513.86,3633.58,3608.15,3605.57,3619.24,3603.65,1.49,1.42,1.24,1.05,-2.37,4.05,110.19,13.61
TVS Srichakra Ltd.,TVSSRICHAK,509243,TVSSRICHAK,INE421C01016,Auto Tyres & Rubber Products,Automobiles & Auto Components,3722.3,3722.3,2850.17,56.32,46.28,54.3,59.09,50.19,49.62,47.86,44.69,51.4,3757.61,3737.61,3943.28,3769,3906.2,3880.45,3851.84,3833.96,3857.67,1.04,1.38,1.32,1.05,4.58,-9.26,136.59,18.54
TVS Supply Chain Solutions Ltd.,TVSSCS,543965,TVSSCS,INE395N01027,Transport Related Services,Transportation,113.13,113.13,4991.07,66.79,54.89,54.88,53.55,41.4,64.84,57.18,3.54,3.03,110.15,109.18,108.6,116.88,119.36,117.43,115.14,111.46,111.67,1.33,1.09,1.24,,13.24,-8.1,4.89,37.79
Tainwala Chemicals & Plastics (India) Ltd.,TAINWALCHM,507785,TAINWALCHM,INE123C01018,Plastic Products,General Industrials,200.99,200.99,188.21,58.66,48.21,55.84,55.15,43.94,75.41,57.38,4.72,4.85,194.29,193.82,188.79,199.59,206.14,204.32,201.45,195.07,193.46,1.73,1.15,1.07,0.83,12.48,3.06,9.54,22.8
Taj GVK Hotels & Resorts Ltd.,TAJGVK,532390,TAJGVK,INE586B01026,Hotels,Hotels Restaurants & Tourism,310.7,310.7,1948.14,45.91,37.73,47.05,39.7,38.61,52.83,45.79,0.38,0.7,324.9,323.32,354.7,385.94,328.35,327.35,326.95,332.03,348.97,1.36,1.3,1.3,1.13,-6.13,-22.21,12.43,14.25
Take Solutions Ltd.,TAKE,532890,TAKE,INE142I01023,Healthcare Services,Healthcare,29.84,29.84,441.44,52.9,43.47,48.22,61.25,73.58,,20.38,-2.36,-0.6,42.57,41.59,41.43,29.36,34.88,38.73,40.52,41.45,38.89,0.55,0.23,0.62,0.87,-28.16,31.59,1.33,31.73
Talbros Automotive Components Ltd.,TALBROAUTO,505160,TALBROAUTO,INE187D01029,Auto Parts & Equipment,Automobiles & Auto Components,312.75,312.75,1930.55,69.09,56.78,56.51,53.34,47.97,87.36,70.72,19.86,17.62,280.21,267.26,269.12,276.94,329.09,315.89,303.16,281.49,275.2,0.02,0.88,0.95,0.95,29.1,12.78,15.77,56.75
Tamboli Industries Ltd.,,533170,TAMBOLIIN,INE864J01012,Holding Companies,Diversified,181.1,181.1,179.65,68.02,57.73,58.14,55.06,38.67,81.64,63.8,9.44,5.87,154.12,151.21,151.16,154.13,182.43,170.5,164.04,155.7,153.56,0.48,-0.52,-0.05,-0.01,21.5,20.61,12.46,36.56
Tamil Nadu Newsprint And Papers Ltd.,TNPL,531426,TNPL,INE107A01015,Paper & Paper Products,Commercial Services & Supplies,152.85,152.85,1057.88,65.62,53.93,53.97,51.91,39.67,73.63,67.08,5.84,4.92,141.4,138.84,139.6,147.4,157.01,152.36,148.56,142.63,142.19,0.34,0.66,0.88,0.91,17.16,2.03,5.84,36.03
Tamilnad Mercantile Bank Ltd.,TMB,543596,TMB,INE668A01016,Banks,Banking and Finance,663.5,663.5,10506.62,73.47,60.38,70.26,69.2,70.78,84.57,48.75,23.72,24.28,669.07,656.2,615.74,536.38,728.12,712.55,697.97,662.55,621.12,2,1.7,1.18,0.63,4.09,37.58,33.8,27.8
Tamilnadu Petroproducts Ltd.,TNPETRO,500777,TNPETRO,INE148A01019,Commodity Chemicals,Chemicals & Petrochemicals,86.58,86.58,778.97,49.79,40.92,40.04,38.67,38.96,42.23,49.58,0.24,0.42,87.56,86.99,92.93,99.86,88.35,88.47,88.33,88.97,92.06,0.94,1.04,0.79,0.86,0.03,-26.93,2.89,13.19
Tamilnadu Telecommunications Ltd.,TNTELE,523419,TNTELE,INE141D01018,Telecom Cables,Telecommunications Equipment,9.23,9.23,42.16,40.91,33.62,42.06,42.61,45.79,30.34,46.76,0,0.14,9.76,9.36,9.4,11.74,9.49,9.73,9.76,9.61,9.87,-0.5,1.42,0.82,0.44,-10.26,-20.05,0.83,33.64
Tankup Engineers Ltd.,TANKUP,,TANKUP,INE0Z7N01017,Industrial Machinery,General Industrials,630,630,333.58,77.74,63.89,64.94,62.22,54.66,90.44,70.09,28.6,23.55,530.59,531.95,608.93,516,612.42,596.17,576.82,559.24,554.72,0,0.43,,,50.39,37.85,17.41,32.23
Tanla Platforms Ltd.,TANLA,532790,TANLA,INE483C01032,Internet Software & Services,Software & Services,523,523,7040.49,63.04,51.81,52.09,50.27,43.89,85.55,59.35,28.43,25.78,486.06,465.43,484.89,562.46,557.67,538.45,520.36,492.01,501.18,3.18,1.8,1.21,1.13,20.66,-11.6,26.69,24.91
Tapi Fruit Processing Ltd.,TAPIFRUIT,,TAPIFRUIT,INE0M7001010,Packaged Foods,FMCG,60,60,25.8,40.14,32.99,31.41,31.12,32.95,81.14,51,-0.71,-1.16,58.82,60.79,73.64,82.53,58.4,58.73,58.96,62.74,70.05,-0.58,-0.05,-0.01,,5.26,-27.88,2.13,24.54
Tara Chand InfraLogistic Solutions Ltd.,TARACHAND,,TARACHAND,INE555Z01020,Misc. Commercial Services,Commercial Services & Supplies,59.28,59.28,467.27,45.98,37.79,39.63,40.06,38.86,43.14,41.83,0.19,0.75,61.62,60.68,66.33,71.31,61.95,62.57,62.51,62.8,65.31,2.16,1.18,1.13,0.88,-3.99,-30.36,3.68,24.08
Tarapur Transformers Ltd.,TARAPUR,533203,TARAPUR,INE747K01017,Heavy Electrical Equipment,General Industrials,22.5,22.5,43.88,37.43,30.76,30.45,30.3,41.36,21.11,44.19,-0.39,-0.3,24.54,24.74,26.64,28.02,23.74,24.05,24.28,25.13,26.41,0.23,0.86,0.83,0.56,-1.88,-35.75,1.44,11.09
Tarmat Ltd.,TARMAT,532869,TARMAT,INE924H01018,Construction & Engineering,Cement and Construction,51.11,51.11,128.1,58.87,48.38,49.04,45.5,54.96,76.72,44.16,-0.49,-0.5,53.56,55.35,53.61,53.51,52.73,53.02,53.31,53.91,53.91,0.4,0.86,0.76,0.6,-5.06,0.48,1.71,7.26
Tarsons Products Ltd.,TARSONS,543399,TARSONS,INE144Z01023,Medical Equipment,Healthcare,214.7,214.7,1142.34,60.55,49.76,49.93,47.59,36.72,59.25,56.84,7.75,7.14,204.31,198.69,206.96,254.59,224.05,219.13,214.22,207.04,216.29,1.96,1.35,0.95,0.66,13.12,-23.37,10.5,38.19
Tasty Bite Eatables Ltd.,TASTYBITE,519091,TASTYBITE,INE488B01017,Packaged Foods,FMCG,7692,7692,1973.77,60.18,49.46,51.05,29.32,38.28,85.57,65.01,245.05,107.09,7148.1,7099.51,7357,8367.61,7904,7565.89,7389.13,7265.26,7507.79,1.2,1.24,1.07,0.84,13.44,-10.23,365.14,26.92
Tata Capital Ltd.,TATACAP,544574,TATACAP,INE976I01016,Finance (including NBFCs),Banking and Finance,309.45,309.45,131357.47,32.55,26.75,34.92,35.28,25.11,30.51,39.88,-0.84,0.93,325.36,323.98,334.81,,323.15,325.77,326.49,327.92,329.18,0.67,0.99,,,-3.51,-4.36,8.09,13.62
Tata Chemicals Ltd.,TATACHEM,500770,TATACHEM,INE092A01019,Commodity Chemicals,Chemicals & Petrochemicals,770.25,770.25,19622.6,60.42,49.65,50.73,48.47,36.26,77.21,55.82,31.9,30.05,706.85,697.91,717.55,812.04,793.13,771.88,751.33,722.07,736.09,0.47,0.77,0.85,0.9,17.5,-14.68,33.6,38.99
Tata Communications Ltd.,TATACOMM,500483,TATACOMM,INE151A01013,Other Telecom Services,Telecom Services,1539.9,1539.9,43887.15,60.2,49.47,49.23,48.94,39.88,65.38,54.86,25.7,23.86,1509.17,1505.74,1604.09,1674.41,1581.46,1569.68,1552.44,1544.43,1587.23,0.88,1.17,0.92,0.91,7.01,-17.52,49.55,15.29
Tata Consultancy Services Ltd.,TCS,532540,TCS,INE467B01029,IT Consulting & Software,Software & Services,2300.3,2300.3,832268.67,37.52,30.83,30.78,28.81,37.47,39.38,38.85,-33.43,-25.17,2474.23,2489.19,2802,2938.85,2410.28,2438.97,2458.71,2548.72,2707.18,1.39,0.63,0.79,0.68,-6.5,-19.98,59.01,21.11
Tata Consumer Products Ltd.,TATACONSUM,500800,TATACONSUM,INE192A01025,Tea & Coffee,"Food, Beverages & Tobacco",1253,1253,123992.09,67.02,55.08,53.61,54.48,42.76,78.36,76.22,27.1,19.71,1116.04,1111.13,1138.46,1129.67,1180.92,1170.25,1152.03,1130.48,1130.06,-0.61,0.44,0.66,0.6,18.95,7.78,33.9,27.68
Tata Elxsi Ltd.,TATAELXSI,500408,TATAELXSI,INE670A01012,IT Consulting & Software,Software & Services,4082.2,4082.2,25430.92,46.97,38.6,39.07,29.86,36.61,38.65,45.98,-40.41,-46,4303.18,4319.03,4810.32,5168.84,4272.56,4266.37,4286.83,4429.53,4694.9,1.57,1.01,1.12,0.91,-4.27,-21.11,118.93,12.52
Tata Gold Exchange Traded Fund,TATAGOLD,590140,TATAGOLD,INF277KA1976,Others,Others,14.61,14.61,,,56.95,57.27,,,60.18,48.14,-0.02,-0.04,14.42,14.72,14.42,12.74,14.5,14.5,14.51,14.52,14.11,0.31,0.6,0.34,,-0.82,23.7,0.41,19.76
Tata Investment Corporation Ltd.,TATAINVEST,501301,TATAINVEST,INE672A01026,Holding Companies,Diversified,667.85,667.85,33790.07,52.62,43.24,44.96,51.1,37.93,79.82,51.74,19.46,23.07,672.71,657.02,661.83,711.86,720.74,713.33,702.03,676.7,677.64,0.14,1.05,0.95,0.75,12.69,-11.24,24,31.52
Tata Motors Ltd.,TMCV,544569,TMCV,INE1TAE01010,Commercial Vehicles,Automobiles & Auto Components,387.05,387.05,142524.64,29.53,24.27,26.08,17.94,27.32,43.08,43.69,-3.25,-3.44,422.27,436.08,437.13,,422.47,422.56,424.27,429.09,421.66,1.79,2,,,-5.31,,16.12,17.1
Tata Motors Passenger Vehicles Ltd.,TMPV,500570,TMPV,INE155A01022,Cars & Utility Vehicles,Automobiles & Auto Components,336.85,336.85,124042.84,46.25,38.01,48.97,37.12,32.21,50.4,50.03,3.88,4.17,338.62,340.76,350.55,457.31,351.8,349.99,347.47,346.84,370.22,1.69,1.69,1.5,1.22,3.36,-14.88,10.19,20.59
Tata Nifty 50 Exchange Traded Fund,NETF,,NETF,INF277K015R5,Others,Others,253.22,253.22,,,50.68,50.4,60.63,57.18,43.22,47.09,0.67,0.64,257.46,259.36,268.88,270.83,261.26,260.71,260.16,261.61,265.46,0.81,0.97,0.89,0.74,-0.7,-6.37,6.59,25.73
Tata Nifty India Digital Exchange Traded Fund,TNIDETF,,TNIDETF,INF277KA1364,Others,Others,78.73,78.73,,51.7,51.1,49.76,44.41,44.41,36.18,49.47,0.03,0.01,80.88,80.43,87.95,91.25,81.4,81.36,81.29,82.56,85.78,1.06,0.87,0.95,0.83,-0.78,-15.08,2.17,18.83
Tata Nifty Private Bank Exchange Traded Fund,NPBET,,NPBET,INF277K010X4,Others,Others,267.79,267.79,,,39.89,47.76,60.97,67.64,82.97,47.94,0.05,0.17,270.97,274.51,285.32,284.6,273.75,274.06,273.89,276.41,280.68,0.79,1.21,0.97,0.81,-1.04,-5.64,6.21,12.83
Tata Power Company Ltd.,TATAPOWER,500400,TATAPOWER,INE245A01021,Power - Electric Utilities,Utilities,418.4,418.4,133693,68.9,56.62,55.9,62.54,56.12,55.82,55.35,10.66,13.11,418.97,405.41,388.59,389.75,438.87,437.7,431.81,412.61,399.72,0.49,0.6,0.9,1.17,9.68,8.14,10.74,21.26
Tata Silver Exchange Traded Fund,TATSILV,140518585,TATSILV,INF277KA1984,Others,Others,25.58,25.58,,,71.66,70.66,,,47.46,57.94,0.16,0,23.2,23.81,24.11,18.83,24.04,23.77,23.63,23.61,22.63,1.15,1.45,0.91,,4.44,71.91,0.78,9.62
Tata Steel Ltd.,TATASTEEL,500470,TATASTEEL,INE081A01020,Iron & Steel/Interm.Products,Metals & Mining,212,212,264650.87,73.87,60.71,60.17,68.46,66.06,46.99,54.88,3.44,3.78,206.85,203.64,195.32,181.66,214.09,212.8,210.8,204.65,196.68,0.83,1.2,1.26,1.29,3.87,18.29,4.66,18.47
Tata Technologies Ltd.,TATATECH,544028,TATATECH,INE142M01025,IT Software Products,Software & Services,615.9,615.9,25008.73,59.38,48.8,48.8,48.96,38.38,86.21,67.06,17.14,11.02,573.44,567.86,605.69,646.69,628.59,606.16,594.16,586.25,603.95,0.88,1.12,1.11,,12.41,-8.12,20.67,30.16
Tata Teleservices (Maharashtra) Ltd.,TTML,532371,TTML,INE517B01013,Telecom Services,Telecom Services,41.21,41.21,8056.26,48.67,40,41.81,39.55,34.63,59.88,52.04,0.93,1.12,41.25,40.47,43.46,49.87,43.63,43.5,42.95,42.23,44.18,1.05,1.7,1.27,1.24,5.58,-22.56,1.98,38.08
Tatva Chintan Pharma Chem Ltd.,TATVA,543321,TATVA,INE0GK401011,Specialty Chemicals,Chemicals & Petrochemicals,1268.7,1268.7,2967.76,67.92,55.82,56.22,55.34,47.87,68.87,59.23,39.14,37.9,1243.66,1211.9,1248.01,1227.57,1337.2,1316.8,1292.51,1249.79,1238.38,0.28,0.99,1.03,0.64,10.93,-12.74,54.12,24.83
Taurian Mps Ltd.,TAURIAN,,TAURIAN,INE0XWS01018,Industrial Machinery,General Industrials,290.95,290.95,258.46,47.59,39.11,37.8,36.98,38.32,48.68,62.17,10.76,11.99,253.63,236.26,234.77,,273.71,271.22,265.07,249.53,251.84,0.98,1.31,,,20.87,-7.55,11.95,36.52
Team India Guaranty Ltd.,TEAMGTY,511559,TEAMGTY,INE289C01025,Finance (including NBFCs),Banking and Finance,249.55,249.55,224.42,43.99,36.15,37.61,49.3,61.17,30.71,44.87,-1.15,-0.28,259.52,258.58,266.63,261.8,255.83,257.6,258.44,259.99,260.3,1.11,1.14,0.36,0,-7.5,-5.95,15.73,20.35
TeamLease Services Ltd.,TEAMLEASE,539658,TEAMLEASE,INE985S01024,Misc. Commercial Services,Commercial Services & Supplies,1374.7,1374.7,2305.22,58.99,48.48,47.61,45.88,35.54,64.91,68.83,34.91,21.4,1231.6,1207.3,1346.45,1563.13,1337.4,1294.87,1270.04,1265.41,1351.45,0.99,0.96,0.82,0.57,13.22,-19.91,46.79,25.5
Teamo Productions HQ Ltd.,TPHQ,533048,TPHQ,INE065J01024,Construction & Engineering,Cement and Construction,0.56,0.56,61.39,50.9,41.83,42.01,51.37,48.85,45.45,53,0.01,0.01,0.55,0.54,0.58,0.63,0.57,0.57,0.57,0.56,0.58,1.21,1.12,0.56,0.42,1.79,-13.64,0.03,33.67
Tech Mahindra Ltd.,TECHM,532755,TECHM,INE669C01036,IT Consulting & Software,Software & Services,1392.9,1392.9,136497.82,67.34,55.34,54.49,53.89,50.53,38.92,51.99,6.28,5.78,1446.83,1410,1516.03,1498.46,1457.5,1453.16,1448.87,1453.75,1477.52,1.57,0.53,0.73,0.8,0.41,3.42,40.48,13.66
TechD Cybersecurity Ltd.,TECHD,,TECHD,INE0Y5H01014,IT Consulting & Software,Software & Services,558.3,558.3,417.59,40.01,32.88,34.21,36.18,42.85,51.1,55.47,7.78,9.24,529.49,505.14,538.23,,541.76,541.55,537.38,528.11,551.61,0.93,1.35,,,2.54,-34.83,27.15,14.78
TechEra Engineering (India) Ltd.,TECHERA,,TECHERA,INE0JQS01019,Aerospace & Defence,General Industrials,193.45,193.45,319.6,63.37,52.08,52.67,51.97,50.1,47.84,49.93,5.07,4.77,200.81,194.09,202.64,215.97,212.07,208.86,205.57,201.67,204.82,1.06,0.52,0.51,,7.53,-27.26,10.52,17.72
TechNVision Ventures Ltd.,,501421,TECHNVISN,INE314H01012,IT Consulting & Software,Software & Services,5477,5477,3436.82,50.23,42.63,42.76,41.77,56.58,33.04,40.5,-118.81,-89.22,5795.89,5928.36,6317.71,5750.93,5563.64,5646.21,5721.06,5900.38,5965.83,-0.23,-0.41,-0.26,-0.12,-11.22,20.42,300.97,38.75
Techno Electric & Engineering Company Ltd.,TECHNOE,542141,TECHNOE,INE285K01026,Power - Electric Utilities,Utilities,1200.1,1200.1,13957.11,59.95,49.27,47.86,54.27,42.13,58.19,55.08,40.46,45.72,1178.69,1154.1,1098.92,1230.77,1268.9,1257.65,1233.94,1173.98,1159.55,2.06,1.51,1.4,1.19,15.3,-4.61,48.17,23.92
Technocraft Industries (India) Ltd.,TIIL,532804,TIIL,INE545H01011,Iron & Steel Products,Metals & Mining,2479.7,2479.7,5622.17,60.72,49.9,50.73,49.27,54.97,58.52,65.48,62.1,66.98,2409.85,2313.65,2257.65,2412.39,2523.9,2506.25,2470.35,2373.37,2342.1,0.03,0.77,1.03,1.04,10.86,6.5,84.22,20.33
Teerth Gopicon Ltd.,TGL,,TGL,INE0K6601012,Construction & Engineering,Cement and Construction,23.7,23.7,28.44,26.27,21.59,20.78,30.14,26.39,23.22,19.99,-2.72,-2.67,29.2,34.08,48.71,61.72,24.87,26.42,27.95,34.31,46.41,0.37,0.05,0.02,,-12.97,-43.31,0.86,46.24
Tega Industries Ltd.,TEGA,543413,TEGA,INE011K01018,Coal & Mining,Metals & Mining,1566.8,1566.8,11771.01,35.63,29.28,30.04,31.03,40.34,53.03,41.59,-19.32,-14.25,1686.94,1707.09,1766.01,1845.05,1641.38,1660.24,1672.72,1703.88,1744.85,0.97,1.04,0.89,0.83,-6.16,-16.57,51.5,12.91
Tejas Cargo India Ltd.,TEJASCARGO,,TEJASCARGO,INE17WC01013,Warehousing & Logistics,Transportation,359,359,857.75,89.26,73.35,72.02,69.09,43.8,47.6,72.37,17.33,9.59,301.85,297.65,296.6,250.98,352.62,329.92,317.8,302.55,287.7,-0.69,-0.24,,,20.07,52.93,10.29,26.25
Tejas Networks Ltd.,TEJASNET,540595,TEJASNET,INE010J01012,Telecom Equipment,Telecommunications Equipment,460.8,460.8,8192.12,62.51,51.37,52.49,34.68,41.1,89.46,57.53,16.63,7.66,430.89,429.47,407.88,486.44,481.66,456.02,444.57,428.29,437.73,1.94,1.53,1.37,1.45,7.03,-12.92,30.67,19.78
Tembo Global Industries Ltd.,TEMBO,,TEMBO,INE869Y01010,Iron & Steel Products,Metals & Mining,569.3,569.3,1105.56,54.28,44.61,44.83,53.01,42.39,59.43,54.46,16.18,19.43,565.04,547.35,577.92,597.34,601.19,598.52,589.13,570.65,576.06,0.65,0.94,1.05,0.75,11.14,-6.44,20.18,25.73
Tenneco Clean Air India Ltd.,TENNIND,544612,TENNIND,INE19RI01016,Auto Parts & Equipment,Automobiles & Auto Components,609.25,609.25,24589.59,41.25,33.9,34.2,34.4,33.05,91.58,64.98,23.87,18.97,577.85,566.21,542.87,,643.52,619.08,603.61,574.04,547.01,1.29,1.09,,,11.76,,24.3,28.92
Tera Software Ltd.,TERASOFT,533982,TERASOFT,INE482B01010,IT Consulting & Software,Software & Services,333.1,333.1,416.77,46.18,37.95,47.97,46.76,40.87,50.11,48.64,0.06,0.22,338.44,345.04,379.43,398.47,344.6,345.4,344.99,353.25,370.77,0.38,0.98,1.14,0.73,1.14,-38.32,15.48,12.24
Texmaco Infrastructure & Holdings Ltd.,TEXINFRA,505400,TEXINFRA,INE435C01024,Realty,Realty,99.66,99.66,1269.93,70.87,58.24,56.95,43.93,52.93,41.68,63.59,1.74,1.37,98.87,95.46,97.17,97.5,102.89,100.63,99.54,97.54,97.29,-0.23,0.41,0.43,1.07,5.54,2.01,3.66,24.38
Texmaco Rail & Engineering Ltd.,TEXRAIL,533326,TEXRAIL,INE621L01012,Construction & Engineering,Cement and Construction,105.71,105.71,4300.97,57.78,47.48,49.37,47.42,33.49,75.81,61.39,4.2,3.32,100.7,99.23,112.2,125.58,113.82,109.62,106.75,104.99,111.06,1.81,1.83,1.78,1.6,14.98,-16.77,4.25,28.72
Texmo Pipes & Products Ltd.,TEXMOPIPES,533164,TEXMOPIPES,INE141K01013,Plastic Products,General Industrials,43.84,43.84,127.99,51.73,42.51,52.23,52.56,39.29,52.84,52.96,1.26,1.38,44.15,43.7,45.63,50.73,47.83,47.2,46.42,45.29,46.44,1.94,1.52,1.27,1.17,12.51,-13.45,2.11,28.5
Thaai Casting Ltd.,TCL,,TCL,INE0QJL01014,Iron & Steel/Interm.Products,Metals & Mining,93,93,226.38,49.98,41.07,40.81,48.26,35.11,41.36,50.26,1.81,2.34,91.67,91.94,93.49,104.83,95.46,96.6,95.53,93.77,95.95,0.61,1.03,0.89,,8.9,-24.12,4.7,15.3
Thacker & Company Ltd.,,509945,THACKER,INE077P01034,Other Financial Services,Banking and Finance,1159,1159,126.06,58.09,49.3,49.23,45.08,36.97,42.91,62.48,53.18,37.62,959.92,969.58,1162.29,1379.51,1118.04,1082.44,1044.41,1039.7,1142.27,-0.18,0.85,0.71,0.29,45.06,-28.28,76.76,18.11
Thakker's Developers Ltd.,,526654,THAKDEV,INE403F01017,Realty,Realty,137.3,137.3,123.57,60.22,51.11,52.98,52.17,36.5,61,56.79,8.63,8.28,119.28,119.88,128.79,147.61,143.87,139.34,133.72,126.75,131.15,0.67,-0.05,0.53,0.32,40.39,-12.02,7.28,22.99
Thangamayil Jewellery Ltd.,THANGAMAYL,533158,THANGAMAYL,INE085J01014,Gems & Jewellery,Textiles Apparels & Accessories,3670,3670,11412.86,76.25,62.66,74.05,68.49,75.34,43.88,52.45,80.78,85.73,3926.49,3796.06,3634.12,2995.41,4083.62,4037.49,3992.3,3830.9,3584.98,1.59,1.61,0.94,0.91,-0.75,31.76,181.03,14.31
The Anup Engineering Ltd.,ANUP,542460,ANUP,INE294Z01018,Industrial Machinery,General Industrials,1970.4,1970.4,3947.01,55.21,45.37,46.79,45.49,47.27,53.86,54.99,86.1,97.62,1960.73,1798.62,1916.87,2146.83,2121.66,2095.64,2045.64,1936.5,1968.93,1.32,1.43,1.52,1.12,12.95,-11.2,91.24,35.77
The Bombay Burmah Trading Corporation Ltd.,BBTC,501425,BBTC,INE050A01025,Packaged Foods,FMCG,1465.6,1465.6,10225.77,54.67,44.38,44.93,35.76,36.3,66.82,42.42,1.13,0.21,1483.81,1521.46,1666.84,1779.71,1530.86,1516.48,1513.44,1549.35,1632.88,1.72,1.36,1.12,1.2,1.4,-22.9,47.53,17
The Byke Hospitality Ltd.,BYKE,531373,BYKE,INE319B01014,Hotels,Hotels Restaurants & Tourism,35.16,35.16,183.81,32.78,26.94,28.21,26.99,32.57,30.82,47.15,-0.31,-0.26,36.79,37.56,44.67,55.72,36.9,37.34,37.47,39.37,44.47,1.27,1.82,1.19,1.08,-4.19,-41.55,2.15,14.9
The Fertilisers and Chemicals Travancore Ltd.,FACT,590024,FACT,INE188A01015,Fertilizers,Fertilizers,862.4,862.4,55803.49,54.75,44.17,44.99,44.14,49.66,73.08,46.65,16.93,24.39,865.25,825.93,830.64,877.34,896.51,893.47,884.86,853.74,846.58,1.43,1.1,1.06,1.34,0.17,-2.56,32.48,27.71
The Grob Tea Company Ltd.,GROBTEA,,GROBTEA,INE646C01018,Tea & Coffee,"Food, Beverages & Tobacco",929.4,929.4,108.02,47.31,38.88,47.03,47.94,38.43,70.86,47.35,8.73,10.11,897.96,901.16,936.66,996.24,929.46,923.81,918.13,915.88,937.53,1.02,0.76,0.26,-0.01,4.66,-16.03,34.52,34.39
The Hi-Tech Gears Ltd.,HITECHGEAR,522073,HITECHGEAR,INE127B01011,Auto Parts & Equipment,Automobiles & Auto Components,602.15,602.15,1132.85,50.01,41.1,41.95,40.57,39.57,42.13,51.4,1.28,1.68,603.01,607.62,647.56,684.47,611.17,613.31,612.22,619.02,641.19,-0.04,0.64,0.85,0.9,5.75,-19.6,24.05,13.97
The Indian Card Clothing Company Ltd.,INDIANCARD,509692,INDIANCARD,INE061A01014,Textiles,Textiles Apparels & Accessories,203.04,203.04,120.63,48.82,41.57,40.12,46.42,37.04,41.31,49.97,2.71,3.6,197.14,196,214.81,240.61,205.79,205.89,204.21,204.07,214.68,0.66,1.05,1.09,0.8,4.46,-18.31,8.86,19.01
The Indian Wood Products Company Ltd.,,540954,IWP,INE586E01020,Forest Products,Forest Materials,34.19,34.19,218.72,55.28,46.92,47.02,46.11,36.17,79.43,51.05,0.59,0.53,33.33,33.33,34.24,37.37,35.14,34.66,34.27,33.87,34.69,1.17,0.67,0.58,0.48,6.81,-13.55,2.6,22.64
The Investment Trust of India Ltd.,THEINVEST,530023,THEINVEST,INE924D01017,Finance (including NBFCs),Banking and Finance,113.84,113.84,594.73,60.38,49.62,49.49,39.13,47.93,90.34,61.54,5.38,4.21,106.58,102.74,106.52,125.5,122.74,115.79,112.27,107.32,110.19,-0.84,1.14,1.06,0.89,17,-13,7.15,33.9
The New India Assurance Company Ltd.,NIACL,540769,NIACL,INE470Y01017,General Insurance,Banking and Finance,159.64,159.64,26308.67,53.69,44.12,45.37,42.51,37.41,60.27,60.75,5.28,6.05,151.2,146.19,149.32,167.77,163.58,162.25,159.16,152.58,154.17,-0.39,1.38,1.28,1.47,24.67,-10.48,5.66,39.59
The Orissa Minerals Development Company Ltd.,ORISSAMINE,590086,ORISSAMINE,INE725E01024,Coal & Mining,Metals & Mining,4094.2,4094.2,2456.52,58.9,48.4,48.55,47.06,33.83,73.66,60.77,130.81,118.38,3898,3858.04,4256.89,4643.42,4251.7,4193.89,4107.11,4042.73,4221.86,0.81,1.64,1.44,1.35,16.02,-19.07,183.7,32.07
The Peria Karamalai Tea & Produce Company Ltd.,PKTEA,,PKTEA,INE431F01018,Tea & Coffee,"Food, Beverages & Tobacco",860,860,266.25,81.43,66.92,67.05,66.7,55.37,71.12,57.81,24.01,14.83,810.07,800.33,777.4,752.31,885.59,843.76,827.48,800.87,781.55,0.65,0,0.23,0.07,5.23,20.19,38.34,22.41
The Ramco Cements Ltd.,RAMCOCEM,500260,RAMCOCEM,INE331A01037,Cement & Cement Products,Cement and Construction,943.25,943.25,22288.28,49.27,40.49,40.95,32.11,41.13,43.38,45.54,-12.24,-12.98,958.74,990.43,1041.42,1048.27,943.88,952.33,958.88,988.09,1014.47,0.59,1.06,0.92,0.9,-4.3,-7.45,30.04,19.44
The United Nilgiri Tea Estates Company Ltd.,UNITEDTEA,,UNITEDTEA,INE458F01011,Tea & Coffee,"Food, Beverages & Tobacco",526.05,526.05,262.85,73.66,60.53,60.44,58.29,70.55,58.51,57.79,6.67,7.38,535.29,524.3,498.25,480.77,548.7,544.6,541,525.66,506.49,0.36,0.75,0.67,0.86,5.56,26.66,20.95,31.85
The Wealth Company Gold ETF,TWCGOLDETF,544672,TWCGOLDETF,INF2F0001370,Others,Others,149.67,149.67,,,26.52,25.89,,,38.06,49.42,-0.14,-0.3,147.98,150.89,,,149,148.88,148.91,149.12,,0.14,0.57,,,-0.76,,4.95,22.95
The Western India Plywood Ltd.,WIPL,,WIPL,INE215F01023,Forest Products,Forest Materials,153.78,153.78,130.52,54.06,44.43,45.91,44.72,55.11,62.43,50.79,1.38,1.65,154.4,153.1,151.09,156.49,157.49,157,156.23,154.06,153.95,0.38,0.46,0.36,0.25,0.8,-8.81,7.41,16.95
Thejo Engineering Ltd.,THEJO,,THEJO,INE121N01019,Industrial Machinery,General Industrials,1756.3,1756.3,1905.15,55.65,45.73,53.04,51.99,39.02,57.91,51.96,42.03,46.06,1710.96,1679.3,1703.27,1799.35,1819.12,1797.52,1772.08,1722.46,1722.45,1.36,0.83,0.72,0.91,12.11,-0.39,71.05,29.91
Themis Medicare Ltd.,THEMISMED,530199,THEMISMED,INE083B01024,Pharmaceuticals,Pharmaceuticals & Biotechnology,96.77,96.77,891.25,61.89,50.86,49.02,48.71,37.92,81.59,72,4.94,4.42,87.73,84.71,88.83,102.43,99.67,97.18,94.03,89.36,92.31,-0.12,1.33,1.37,1.53,27.74,-14.51,5.18,32.32
Thermax Ltd.,THERMAX,500411,THERMAX,INE152A01029,Heavy Electrical Equipment,General Industrials,4483,4483,53417.77,83.94,68.98,69.45,59.4,58.39,86.11,70.55,241.63,218.5,3838.91,3568.99,3257.43,3256.79,4319.08,4213.33,4067.28,3698.58,3451.8,0.46,0.64,0.43,0.71,38.08,38.92,197.15,48.95
Thinking Hats Entertainment Solutions Ltd.,THESL,,THESL,INE0SHE01019,Misc. Commercial Services,Commercial Services & Supplies,14.25,14.25,17.79,35.22,28.94,28.96,29.65,26.91,68.17,48.91,-0.23,-0.44,14.05,15.9,23.57,28.14,14.84,14.79,14.8,16.99,21.39,-0.07,-0.18,0,,17.25,-56.73,0.62,25.83
Thirumalai Chemicals Ltd.,TIRUMALCHM,500412,TIRUMALCHM,INE338A01024,Commodity Chemicals,Chemicals & Petrochemicals,203.48,203.48,2453.01,59.83,49.17,48.47,47.56,36.14,69.6,59.75,8.55,7.26,194.15,187.52,200.74,240.92,218.23,209.56,203.97,197.33,206.1,0.6,1.35,1.15,1.23,14.44,-24.77,9.15,27.91
Thomas Cook (India) Ltd.,THOMASCOOK,500413,THOMASCOOK,INE332A01027,Travel Support Services,Diversified Consumer Services,93.43,93.43,4395.23,32.25,26.5,28.6,26.21,36.33,30.05,42.07,-1.66,-1.09,99.25,98.25,114.33,138.52,95.66,96.99,98.06,102.38,113.1,2.61,1.69,1.5,1.21,-9.29,-42.57,4.5,18.25
Thomas Scott (India) Ltd.,THOMASCOTT,533941,THOMASCOTT,INE480M01011,Other Apparels & Accessories,Textiles Apparels & Accessories,278.7,278.7,408.86,56.47,46.41,47.26,35.51,35.81,73.94,59.88,5.83,1.14,265.23,268.73,299.54,327.2,286.26,278.28,273.55,277.38,294.67,1.96,1.76,1.78,0.85,15.61,-28.59,17.32,17.69
Thyrocare Technologies Ltd.,THYROCARE,539871,THYROCARE,INE594H01019,Healthcare Services,Healthcare,475,475,7560.35,63.69,52.34,51.87,49.38,42.42,93.92,77.39,22.82,13.78,401.22,391.36,413.94,425.41,466.35,440.26,424.49,407.86,409.47,0.93,0.72,0.57,0.47,23.15,6.34,19.73,39.89
Tiger Logistics (India) Ltd.,TIGERLOGS,536264,TIGERLOGS,INE906O01029,Warehousing & Logistics,Transportation,38.06,38.06,402.39,56.52,46.45,46.39,43.64,31.69,74.34,68.75,3.58,2.46,32.14,30.65,32.29,,41.88,38.48,36.06,33.03,34.13,2.41,1.66,,,53.66,1.8,3.02,34.43
Tijaria Polypipes Ltd.,TIJARIA,533629,TIJARIA,INE440L01017,Plastic Products,General Industrials,4.49,4.49,12.85,37.02,30.42,30.58,28.79,39,17.55,42.31,-0.07,-0.04,4.52,4.57,4.75,5.81,4.39,4.48,4.52,4.64,4.95,-0.76,0.58,0.46,0.36,-2,-28.53,0.13,17.96
Tilaknagar Industries Ltd.,TI,507205,TI,INE133E01013,Breweries & Distilleries,"Food, Beverages & Tobacco",442.35,442.35,10933.6,58.7,48.24,45.44,52.64,33.59,38.23,53.67,6.37,6.84,448.49,445.99,443.48,460.5,463.94,462.02,458.15,450.31,447.68,1.12,1.15,1.3,1.29,6.51,-8.32,14.98,10.52
Time Technoplast Ltd.,TIMETECHNO,532856,TIMETECHNO,INE508G01029,Plastic Products,General Industrials,177.4,177.4,8757.09,52.9,43.47,42.6,41.5,48.68,48.55,49.5,2.23,3.09,182.02,178.25,182.25,201.19,186.4,186.62,185.39,182.82,185.82,0.64,1.62,1.57,1.46,2,-12.91,6.56,19.34
Timescan Logistics (India) Ltd.,TIMESCAN,,TIMESCAN,INE0IJY01014,Warehousing & Logistics,Transportation,40.1,40.1,28.02,42.09,34.59,35.04,35.79,37.07,44.26,43.29,-1.2,-1.59,42.61,46.53,52.53,54.42,42.13,41.64,42.21,45.64,49.74,1.04,0.23,0.04,0.12,-13.35,-29.29,1.72,13.67
Timex Group India Ltd.,,500414,TIMEX,INE064A01026,Other Apparels & Accessories,Textiles Apparels & Accessories,342.5,342.5,3457.54,55.33,46.96,56.52,53.6,38.2,70.86,55.84,19.53,19.67,312.64,298.77,308.21,318.82,361.5,350.26,338.16,315.9,311.29,0.64,1.11,1.08,0.84,31.28,-11.76,15.34,27.18
Timken India Ltd.,TIMKEN,522113,TIMKEN,INE325A01013,Abrasives & Bearings,General Industrials,3611.1,3611.1,27162.22,69.99,57.52,58.37,59.26,65.42,77.83,61.07,41.77,41.99,3448.03,3399.89,3232.7,3145.27,3506.48,3509.65,3486.55,3395.84,3292.9,0.36,0.9,0.82,0.7,5.05,18.59,124.17,19.52
Tinna Rubber and Infrastructure Ltd.,TINNARUBR,530475,TINNARUBR,INE015C01016,Specialty Chemicals,Chemicals & Petrochemicals,759.8,759.8,1368.84,63.15,51.9,52.48,49.3,36.45,77.58,65.4,43.44,32.53,692.96,681.32,705.77,800.13,824.75,776.12,747.02,711.24,728.43,1.82,1.52,1.17,,21.95,-14.94,39.63,30.01
Tips Films Ltd.,TIPSFILMS,543614,TIPSFILMS,INE0LQS01015,Movies & Entertainment,Media,364.15,364.15,157.42,50.79,41.74,51.05,49.7,34.2,53.51,53.99,11.32,12.35,351.43,347.56,373.52,410.34,382.33,378.33,371.27,362.11,374.5,1.22,0.92,0.8,0.83,14.96,-13.5,17.08,36.63
Tips Music Ltd.,TIPSMUSIC,532375,TIPSMUSIC,INE716B01029,Movies & Entertainment,Media,641.8,641.8,8204.23,69.31,56.96,56.75,59.71,50.66,89.83,66.6,29.16,30,587.68,561.06,551.6,556.76,649.13,639.95,622.23,583.33,565.94,0.14,0.94,0.69,0.8,18.81,24.6,24.81,36.67
Tirupati Forge Ltd.,TIRUPATIFL,,TIRUPATIFL,INE319Y01024,Castings & Forgings,General Industrials,40.54,40.54,523.74,71.94,59.12,60.56,56.74,56.98,31.32,44.73,0.16,0.58,43.96,42.52,38.7,38.42,43.4,43.91,43.95,42.45,40.51,-0.03,0.33,0.63,0.62,-3.13,10.72,2.33,10.92
Titagarh Rail Systems Ltd.,TITAGARH,532966,TITAGARH,INE615H01020,Commercial Vehicles,Automobiles & Auto Components,774.2,774.2,10426.45,61.33,50.4,50.25,48.11,36.28,91.01,63.62,38.8,33.23,726.59,701.58,753.87,810.82,837.23,800.17,774.82,742.01,755.93,1.04,1.37,1.48,1.38,15.05,-7.28,31.1,29.3
Titan Company Ltd.,TITAN,500114,TITAN,INE280A01028,Gems & Jewellery,Textiles Apparels & Accessories,4055.3,4055.3,360023.94,72.28,59.4,60.27,62.18,68.24,29.93,42.61,20.42,46.46,4333.77,4272.33,4175.2,3897.16,4351.06,4372.2,4365.98,4289.1,4166.7,1.07,1.18,0.91,0.8,-6.39,10.28,141.13,13.82
Tokyo Plast International Ltd.,TOKYOPLAST,500418,TOKYOPLAST,INE932C01012,Plastic Products,General Industrials,84.34,84.34,80.13,53.48,43.95,38.62,46.05,35.12,6.23,48.57,2.09,3.39,83.06,80.35,92.5,108.11,87.71,89.15,88.01,86.7,92.59,1.15,1.59,1.16,0.93,14.53,-30.93,5.42,20.82
Tolins Tyres Ltd.,TOLINS,544254,TOLINS,INE0RWQ01014,Auto Tyres & Rubber Products,Automobiles & Auto Components,102.52,102.52,405.04,45.63,37.5,45.27,43.29,34.67,45.52,50.2,1.22,1.34,104.77,104.66,116.22,140.24,108.97,108.84,108,109.2,117.81,2,1.75,1.56,,2.67,-44,4.5,12.85
Torrent Pharmaceuticals Ltd.,TORNTPHARM,500420,TORNTPHARM,INE685A01028,Pharmaceuticals,Pharmaceuticals & Biotechnology,4381.9,4381.9,148303.39,79.36,65.22,65.8,64.93,50.25,72.04,70.8,57.14,20.89,4193.23,4253.22,4107.18,3868.99,4378.8,4303.79,4262.06,4205.01,4099.1,0.07,0.18,0.33,0.38,12.11,26.35,103.21,19.75
Torrent Power Ltd.,TORNTPOWER,532779,TORNTPOWER,INE813H01021,Power - Electric Utilities,Utilities,1597.6,1597.6,80503.62,74.46,61.19,69.32,69.53,59.23,63.34,57.6,65.79,70.76,1563.15,1531.53,1445.27,1370.1,1717.3,1694.1,1654.58,1557.28,1481.98,0.46,0.98,1.14,1.03,16.05,28.87,58.84,32.2
Total Transport Systems Ltd.,TOTAL,,TOTAL,INE336X01012,Warehousing & Logistics,Transportation,56,56,90.31,59.14,48.6,47.53,47.09,34.52,55.93,55.76,1.06,0.6,54.64,56.56,63.77,67.74,59.18,57.95,57.12,57.92,61.44,1.44,1.3,1.02,0.79,11.63,-12.34,3.57,18.42
Touchwood Entertainment Ltd.,TOUCHWOOD,,TOUCHWOOD,INE486Y01013,Special Consumer Services,Diversified Consumer Services,73.49,73.49,81.44,52.47,43.12,43.56,46.04,34.13,91.87,60.42,1.08,0.59,72.83,72.99,85.41,94.17,76.87,75.92,75.06,76.59,82.58,0.61,0.28,0.6,0.54,9.78,-23.58,4.88,25.59
Tourism Finance Corporation of India Ltd.,TFCILTD,526650,TFCILTD,INE305A01023,Financial Institutions,Banking and Finance,75.85,75.85,3511.68,81.67,67.12,66.6,64.39,51.35,67.45,65.8,3.43,2.55,71.55,70.2,68.34,67.49,80.83,77.61,75.35,71.66,69.33,2.11,1.21,0.98,0.96,19.93,15.89,3.28,29.38
Tracxn Technologies Ltd.,TRACXN,543638,TRACXN,INE0HMF01019,IT Consulting & Software,Software & Services,33.42,33.42,356.88,56.32,46.28,46.85,37.15,37.26,65.3,62.81,0.79,0.53,32.5,32.51,34.89,42.91,35.09,34.37,33.82,33.64,36.04,1.73,1.19,0.92,0.95,13.03,-31.65,1.8,14.47
Transformers & Rectifiers (India) Ltd.,TARIL,532928,TARIL,INE763I01026,Heavy Electrical Equipment,General Industrials,298.1,298.1,8947.94,51.57,42.38,44.01,52.31,36.93,57.49,50.55,8.43,10.53,304.73,298.81,286.84,366.68,320.32,321.38,316.65,303.74,310.4,1.09,1.65,1.66,1.27,11.46,-25.09,16.7,13.82
Transindia Real Estate Ltd.,TREL,543955,TREL,INE0O3901029,Realty,Realty,25.58,25.58,628.49,64.18,52.74,54.83,45.48,52.24,62.17,57.87,0.67,0.63,26.47,25.56,25.81,28.25,27.95,27.48,27.08,26.2,26.38,0.78,0.64,0.93,,9.39,-8.48,1.16,18.73
Transpek Industry Ltd.,,506687,TRANSPEK,INE687A01016,Commodity Chemicals,Chemicals & Petrochemicals,1181.65,1181.65,660.02,49.59,42.09,51.81,48.54,39.31,61.88,58.22,45.48,47.06,1101.45,1042.17,1119.45,1266.29,1206.65,1184.45,1156.51,1110.9,1141.04,0.92,0.84,0.72,0.66,14.42,-16.76,49.95,32.65
Transport Corporation of India Ltd.,TCI,532349,TCI,INE688A01022,Surface Transportation,Transportation,910.3,910.3,6985.99,48.32,39.71,41.52,32.73,37.2,20.49,44.77,-6.59,-7.54,965.07,972.05,1011.79,1086.69,959.43,956.74,960.26,978.5,1011.14,1.55,1.19,0.83,0.8,-6.92,-20.61,34.33,14.6
Transrail Lighting Ltd.,TRANSRAILL,544317,TRANSRAILL,INE454P01035,Heavy Electrical Equipment,General Industrials,531.35,531.35,7133.69,49.22,40.45,41.48,49.47,39.83,61.86,44.53,11.95,17.66,551.36,539.01,539.73,631.23,575.27,577.85,571.4,554.34,562.95,1.84,1.51,1.5,,3.17,-22.79,22.67,27.43
Transteel Seating Technologies Ltd.,TRANSTEEL,,TRANSTEEL,INE0NVI01020,Furniture-Furnishing,Diversified Consumer Services,130.35,130.35,287.97,62.2,51.12,52.18,44.73,65.64,43.76,46.56,-2.03,-2.41,139.62,140.56,142.17,137.44,135.72,135.48,136.69,139.38,139.5,0.69,1,0.85,,-9.81,3.96,6.75,17.55
Transwarranty Finance Ltd.,TFL,532812,TFL,INE804H01012,Finance (including NBFCs),Banking and Finance,11.79,11.79,64.98,49.16,40.4,42.26,39.93,40.55,37.79,46.9,-0.05,-0.07,12.37,12.59,13.59,14.3,12.42,12.41,12.43,12.71,13.25,0.9,1.23,0.83,0.58,-0.33,-5.69,0.96,26.13
Transwind Infrastructures Ltd.,TRANSWIND,,TRANSWIND,INE792X01016,Construction & Engineering,Cement and Construction,14.5,14.5,11.09,26.89,22.1,24.15,26.96,30.76,,20.6,-1.48,-0.9,20.46,19.7,17.59,20.46,15.98,17.24,18.31,19.03,19.11,-0.37,-0.48,-0.43,,-43.14,-46.3,0.61,35.5
Transworld Shipping Lines Ltd.,TRANSWORLD,520151,TRANSWORLD,INE757B01015,Shipping,Transportation,157.59,157.59,346.03,50.3,41.34,39.96,46.78,33.13,43.72,57.41,5.99,6.84,154.07,146.25,162.93,204.26,167.77,166.42,162.8,157.83,168.76,1.32,1.39,1.23,1.28,17.4,-32.21,8.76,28.65
Travel Food Services Ltd.,TRAVELFOOD,544443,TRAVELFOOD,INE103V01028,Restaurants,Hotels Restaurants & Tourism,1139.9,1139.9,15010.15,63.25,51.98,54.7,38.74,41.74,43.75,37.79,1.34,13.27,1268.92,1231.54,1197.41,1230.21,1246.88,1260.02,1262.19,1240.81,1224.59,0.64,0.5,,,-7.51,-8.36,42.06,24.71
Tree House Education & Accessories Ltd.,TREEHOUSE,533540,TREEHOUSE,INE040M01013,Education,Diversified Consumer Services,7.76,7.76,32.83,56.77,46.65,48.82,47.76,54.72,21.34,47.02,-0.04,-0.02,8.07,8.29,8.12,7.86,8.05,8.07,8.1,8.13,8.12,0.22,1.07,0.62,0.53,-0.37,2.31,0.47,10.93
Trejhara Solutions Ltd.,TREJHARA,542233,TREJHARA,INE00CA01015,IT Consulting & Software,Software & Services,162.7,162.7,378.29,57.17,46.98,48.69,27.2,37.19,49.01,51.16,0.96,-0.62,159.38,165.48,190.97,204.52,169.57,165.19,164.02,169.99,183.81,1.11,1.11,0.94,1.05,10.61,-28.2,9.27,20.3
Trent Ltd.,TRENT,500251,TRENT,INE849A01020,Department Stores,Retailing,4050.6,4050.6,143993.77,55.23,45.39,44.14,43.41,46.03,46.96,55.05,103.66,119.53,3993.19,3878.03,3968.46,4425.51,4228.54,4201.6,4140.64,4016.34,4080.48,1.35,1.33,1.32,1.12,7.07,-10.29,125.91,26.33
Tribhovandas Bhimji Zaveri Ltd.,TBZ,534369,TBZ,INE760L01018,Gems & Jewellery,Textiles Apparels & Accessories,134.39,134.39,896.79,48.94,40.22,50.19,49.43,36.45,52.52,47.85,2.43,2.74,141.18,139.61,151.28,168.73,149.03,147.51,145.96,145.22,151.7,1.52,1.84,1.52,1.34,2.08,-22.76,6.7,17.66
Trident Ltd.,TRIDENT,521064,TRIDENT,INE064C01022,Textiles,Textiles Apparels & Accessories,25.07,25.07,12775.56,60.06,49.36,50.07,50.14,38.81,71.33,52.99,0.41,0.4,25.41,24.9,25.74,27.22,26.38,26.14,25.88,25.55,25.94,1.18,1.03,1.24,1,3.71,-9.12,0.75,18.5
Trident Techlabs Ltd.,TECHLABS,,TECHLABS,INE0QD201012,Other Industrial Products,General Industrials,240.95,240.95,416.39,54.84,45.07,44.85,36.89,33.67,56.74,62.05,8.76,7.17,211.7,207.5,237.51,355.1,239.5,230.33,224.58,221.58,255.7,0.65,0.76,0.62,,19.11,-45.46,12.97,20.12
Tridhya Tech Ltd.,TRIDHYA,,TRIDHYA,INE0LWY01029,IT Consulting & Software,Software & Services,9.35,9.35,21.77,37.39,30.73,40.38,40.26,27.98,53.01,41.86,-0.04,-0.05,8.94,10.37,12.84,16.26,9.59,9.74,9.71,10.58,12.58,0.95,0.31,0.27,,28.78,-48.12,0.52,23.8
Trigyn Technologies Ltd.,TRIGYN,517562,TRIGYN,INE948A01012,IT Consulting & Software,Software & Services,54.82,54.82,168.77,60.84,50,49.93,49.22,36.05,67.75,56.84,2.54,2.43,54.05,52.12,57.57,67.45,60.51,59.33,57.71,55.75,58.55,2.09,1.76,1.37,1.18,21.45,-20,3.24,34.96
Triveni Engineering & Industries Ltd.,TRIVENI,532356,TRIVENI,INE256C01024,Sugar,"Food, Beverages & Tobacco",379.9,379.9,8315.94,70.77,58.16,58.09,66.31,63.82,56.57,45.64,5.32,7.81,397.98,386.96,378.3,365.53,403.65,404.36,401.61,390.87,381.79,0.3,0.81,0.77,0.93,1.07,9.36,14.62,27.35
Triveni Turbine Ltd.,TRITURBINE,533655,TRITURBINE,INE152M01016,Heavy Electrical Equipment,General Industrials,560.7,560.7,17824.37,68.5,56.29,53.78,52.97,37.33,76.12,65.01,25.94,25.59,517.86,499.3,504.92,523.14,573.56,567.15,551.09,520.37,514.1,0.99,0.86,1.03,0.98,25.24,8.55,23.61,37.77
Trom Industries Ltd.,TROM,,TROM,INE0SYV01018,Construction & Engineering,Cement and Construction,62.35,62.35,57.33,46.99,38.62,41.21,43.16,49.59,25.59,42.19,1.13,2.37,65.66,62.57,66.58,81.17,68,68.48,68.01,66.23,70.3,0.56,0.19,0.17,,-7.49,-32.3,3.41,22.35
TruAlt Bioenergy Ltd.,TRUALT,544545,TRUALT,INE0MWH01014,Sugar,"Food, Beverages & Tobacco",457.65,457.65,3924.47,45.72,37.57,36.85,43.92,41.06,72.1,59.69,18.34,19.89,446.18,423.57,409.24,,481.86,476.27,465.44,438.83,430.77,-0.22,0.41,,,14.35,12.67,19.51,24.93
TruCap Finance Ltd.,TRU,540268,TRU,INE615R01029,Finance (including NBFCs),Banking and Finance,6.33,6.33,75.24,53.86,44.26,44.29,44.59,33.25,56.74,56.82,0.1,0.08,5.97,6.15,6.85,9.05,6.35,6.34,6.26,6.36,7.07,-0.27,0.74,0.52,0.2,10.19,-39.74,0.37,17.94
Trust Fintech Ltd.,TRUST,,TRUST,INE0SWN01019,IT Consulting & Software,Software & Services,36.75,36.75,87.56,47.68,39.18,38.95,38.02,45.18,40.38,49.93,0.55,0.91,37.66,36.44,41.08,49.51,38.8,39.15,38.86,38.71,42.06,-0.44,0.68,0.49,,4.61,-39.2,1.98,20.62
Tube Investments of India Ltd.,TIINDIA,540762,TIINDIA,INE974X01010,Auto Parts & Equipment,Automobiles & Auto Components,2954,2954,57175.53,58.75,48.28,48.11,54.29,50.2,54.61,60.38,86.63,90.5,2814.47,2731.3,2603.22,2818.27,2981.38,2955.86,2905.02,2772.64,2729.13,0.32,0.99,1.16,0.91,9.72,-0.01,100.74,23.11
Tunwal E-Motors Ltd.,TUNWAL,,TUNWAL,INE0OXV01027,2/3 Wheelers,Automobiles & Auto Components,33.85,33.85,195.29,70.26,57.74,58.13,47.53,56.48,57.73,68.48,0.81,0.54,32.13,31.23,31.73,31.73,34.22,33.29,32.77,31.9,31.83,1.33,0.43,0.65,,6.05,9.53,1.35,20.17
Twamev Construction and Infrastructure Ltd.,TICL,532738,TICL,INE388G01026,Construction & Engineering,Cement and Construction,23.33,23.33,361.62,44.16,36.29,37.48,39.84,39.32,65.41,44.71,-0.11,-0.15,22.88,23.86,23.67,25.93,23.07,23.04,23.09,23.45,24.25,-0.65,0.13,0.33,0.6,-9.14,-25.47,1.51,18.09
Twentyfirst Century Management Services Ltd.,21STCENMGM,526921,21STCENMGM,INE253B01015,Other Financial Services,Banking and Finance,33.65,33.65,35.33,45.32,38.19,37.24,43.49,35.64,58.91,46.41,0.57,0.71,32.72,33.19,38.26,44.2,34.5,34.69,34.3,34.58,37.57,0.17,0.32,0.29,0.2,13.11,-28.34,1.02,31.38
U Y Fincorp Ltd.,UYFINCORP,530579,UYFINCORP,INE152C01025,Finance (including NBFCs),Banking and Finance,13.93,13.93,265,54.13,44.48,53.79,51.59,42.15,66.99,56.04,0.25,0.26,13.84,13.75,13.82,14.51,14.5,14.39,14.24,13.97,14.08,0.09,1.27,0.88,,5.26,-2.9,0.6,12.94
UCAL Ltd.,UCAL,500464,UCAL,INE139B01016,Auto Parts & Equipment,Automobiles & Auto Components,103.14,103.14,228.08,58.75,48.28,48.59,47.68,36.95,51.11,57.35,1.59,1.04,97.99,99.46,105.68,119.77,103.52,102.69,101.53,101.75,106.83,0.45,1.23,1.12,1,9.26,-16.94,4.22,21.87
UCO Bank,UCOBANK,532505,UCOBANK,INE691A01018,Banks,Banking and Finance,25.48,25.48,31950.8,59.02,48.5,48.19,48.49,37.43,54.9,49.65,0.22,0.2,25.81,26.25,27.61,28.97,26.78,26.62,26.46,26.6,27.49,0.96,1.56,1.23,1.38,1.7,-19.36,0.68,11.69
UFO Moviez India Ltd.,UFO,539141,UFO,INE527H01019,Broadcasting & Cable TV,Media,72.78,72.78,282.49,64.36,52.89,50.25,50,42.18,68.36,64.44,1.6,1.43,69.18,68.33,73.51,74.52,73.23,72.73,71.68,70.7,72.02,0.33,1.21,0.97,1.04,11.12,-0.82,2.91,30.31
UNO Minda Ltd.,UNOMINDA,532539,UNOMINDA,INE405E01023,Auto Parts & Equipment,Automobiles & Auto Components,1141.9,1141.9,65935.8,58.94,48.44,48.81,48.19,38.57,72.61,60.53,15.62,9.55,1099.4,1102.76,1163.98,1199,1142.54,1134.79,1123.46,1122.89,1146.87,1.14,1.4,1.36,1.01,7.6,-6.3,38.31,11.13
UPL Ltd.,UPL,512070,UPL,INE628A01036,Agrochemicals,Chemicals & Petrochemicals,626.15,626.15,52857.66,60.28,49.54,51.25,49.96,42.05,53.14,60.04,4.49,2.65,636.25,631.55,692.45,701.47,653.5,649.66,646.13,652.14,671.36,0.55,1.06,1.18,1.06,4.49,-8.53,19.13,13.2
UTI Asset Management Company Ltd.,UTIAMC,543238,UTIAMC,INE094J01016,Asset Management Cos.,Banking and Finance,970,970,12466.7,39.16,32.18,31.82,29.11,35.58,35.31,52.1,-2.48,-2.08,972.93,975.81,1027.84,1161.47,971.66,975,976.32,990.01,1033.63,2.5,1.32,1.23,0.93,2.35,-18.54,32.6,19.26
UTI BSE Sensex ETF,SENSEXBETA,539312,SENSEXBETA,INF789FB1X58,Others,Others,821.62,821.62,,54.73,40.1,49.24,59.78,56.49,52.22,43.45,0.17,0.59,843.14,850.6,886.94,897.47,851.83,850.71,850.2,858.06,874.31,0.97,1.03,0.97,0.74,-1.98,-9.04,17.43,15.57
UTI BSE Sensex Next 50 ETF,SNXT50BETA,542513,SNXT50BETA,INF789F1AUU3,Others,Others,89.32,89.32,,,56.27,54.28,55.85,50.43,33.1,56.92,1.24,1.19,88.55,88.27,90.62,90.75,92.08,91.38,90.57,89.62,89.96,0.85,1.03,0.87,0.74,5.96,-2.12,2.45,19.68
UTI Gold Exchange Traded Fund - Open Ended,GOLDBETA,590101,GOLDBETA,INF789F1AUX7,Others,Others,126.7,126.7,,41.13,58.63,56.48,19.97,19.97,53.84,47.86,-0.2,-0.3,125,127.62,124.91,110.28,125.77,125.72,125.79,125.87,122.25,0.34,0.61,0.39,0.2,-0.71,23.81,3.18,8.05
UTI Nifty 10 Year Benchmark G-Sec ETF,GILT10BETA,544104,GILT10BETA,INF789F1AZF3,Others,Others,26.15,26.15,,,56.23,44.7,,,90.27,56.73,0.05,0.03,25.97,26.01,26.02,26,26.1,26.08,26.05,26.02,26.01,-0.06,0.07,0.06,,1.07,1.31,0.53,20.09
UTI Nifty 5 Year Benchmark G-Sec ETF,GILT5BETA,544103,GILT5BETA,INF789F1AZE6,Others,Others,65.14,65.14,,,66.42,66.74,,,42.27,52.49,0.2,0.19,64.87,64.84,64.23,63.7,65.41,65.26,65.14,64.79,64.37,-0.12,0.15,0,,1.6,2.83,1.19,28.48
UTI Nifty 50 ETF,NIFTYBETA,539313,NIFTYBETA,INF789F1AZC0,Others,Others,257.92,257.92,,51.55,44.78,51.96,60.58,54.77,15.53,46.2,0.63,0.71,262.26,264.27,273.97,275.91,266.07,265.61,265.1,266.57,270.48,0.92,0.89,0.89,0.84,-0.77,-6.73,4.74,18.6
UTI Nifty Bank ETF,BANKBETA,543226,BANKBETA,INF789F1AUV1,Others,Others,55.17,55.17,,,32.16,33.62,60.91,66.3,66.13,44.55,-0.11,-0.04,56.59,57.48,59.52,58.94,56.96,57.06,57.11,57.72,58.49,1.21,1.31,1.1,0.91,-2.23,-5.82,1.64,32.9
UTI Nifty IT ETF,ITBETA,544102,ITBETA,INF789F1AZD8,Others,Others,296.01,296.01,,,31.71,31.76,,,38.64,43.35,-4.32,-3.93,315.26,313.94,350.86,360.57,306.01,308.62,311.17,321.85,338.3,1.29,0.65,0.84,,-7.09,-16.23,6.09,19.07
UTI Nifty Midcap 150 ETF,MIDCAPBETA,543975,MIDCAPBETA,INF789F1AYX9,Others,Others,221.78,221.78,,,52.92,52.49,,,78.14,62.49,4.16,3.76,216.59,214.93,218.17,218.52,227.69,225.1,222.43,218.39,217.81,0.78,0.94,0.86,,7.96,1.48,4.13,22.5
UTI Nifty Next 50 Exchange Traded Fund,NEXT50BETA,540669,NEXT50BETA,INF789F1AUW9,Others,Others,74.07,74.07,,,46.76,54.13,62,58.13,55.41,56.39,1.33,1.36,73.09,72.59,73.21,73.24,76.65,75.97,75.15,73.68,73.29,0.88,1.14,1.02,0.88,5.38,0.8,1.53,18.42
UTI Silver Exchange Traded Fund,SILVERBETA,543900,SILVERBETA,INF789F1AYK6,Others,Others,254.5,254.5,,,71.68,70.69,,,45.41,58.02,1.72,0.15,230.5,236.59,238.96,186.98,239.17,236.31,234.85,234.47,224.6,1.17,1.48,1.02,0.53,4.51,71.78,7.36,11.8
Udayshivakumar Infra Ltd.,USK,543861,USK,INE0N0Y01013,Roads & Highways,Cement and Construction,22.32,22.32,123.56,50.78,41.73,43.28,48.22,40.71,32.16,43.97,0.04,0.16,22.93,24.05,23.22,26.92,23.36,23.56,23.55,23.53,24.26,0.16,0.85,0.58,0.82,9.26,-12.31,1.14,19.82
Uflex Ltd.,UFLEX,500148,UFLEX,INE516A01017,Containers & Packaging,Commercial Services & Supplies,421.5,421.5,3043.71,55.1,45.28,46.22,45.95,25.6,84.86,53.76,8.82,5.02,399.33,419.97,448.17,497.08,437.06,428.39,421.46,424.76,446.67,1.17,1.45,1.18,1.17,16.38,-20.57,16.78,21.99
Ugar Sugar Works Ltd.,UGARSUGAR,530363,UGARSUGAR,INE071E01023,Sugar,"Food, Beverages & Tobacco",41.48,41.48,467.11,66.94,55.01,55.25,53.41,49.16,73.64,56.97,1.45,1.37,40.98,39.34,39.55,41.23,44.51,43.21,42.31,40.52,40.27,-0.14,0.13,0.34,0.77,9.88,1.96,1.98,36.82
Ugro Capital Ltd.,UGROCAP,511742,UGROCAP,INE583D01011,Finance (including NBFCs),Banking and Finance,99.66,99.66,1547.6,42.32,34.78,44.76,44.28,29.71,39.82,43.53,1.21,1.59,101.36,101.5,128.93,151.68,106.96,106.58,105.64,109.44,123.63,2.55,2.21,1.46,1.18,4.22,-43.36,5.52,18.27
Ujaas Energy Ltd.,UEL,533644,UEL,INE899L01030,Heavy Electrical Equipment,General Industrials,144.07,144.07,1921.86,65.16,53.55,63.68,65.09,62.26,43.19,42.9,-0.06,1.08,156.02,159.71,148.51,120.74,157.41,158.61,158.82,156.54,145.4,2.02,1.11,8.63,3.06,6.57,54.58,10.13,16.5
Ujjivan Small Finance Bank Ltd.,UJJIVANSFB,542904,UJJIVANSFB,INE551W01018,Microfinance Institutions,Banking and Finance,57.25,57.25,11131.92,78.94,64.87,64.81,66.4,64.85,63.48,51.23,1.22,0.97,57.76,56.81,57.84,52.96,61.72,59.96,59.14,58.01,56.79,1.19,1.76,1.48,1.14,1.1,13.7,2.54,16.1
Ultra Wiring Connectivity Systems Ltd.,UWCSL,,UWCSL,INE00F301010,Auto Parts & Equipment,Automobiles & Auto Components,87.6,87.6,45.58,40.42,33.22,33.7,33.7,,39.32,37.17,-5.13,-4.4,105.57,110.21,133.08,118.36,96.65,99.65,102.69,112.36,118.08,-0.04,0.02,0.41,,-16.9,5.01,4.34,13.52
UltraTech Cement Ltd.,ULTRACEMCO,532538,ULTRACEMCO,INE481G01011,Cement & Cement Products,Cement and Construction,11516,11516,339352.57,64.03,52.62,44.65,51.71,40.67,38.92,51.84,108.94,106.03,11598.73,11664.54,11965.82,12075.69,12003.6,11904.53,11829.98,11794.78,11877.03,0.92,1.48,1.23,1.08,2.27,0.4,291.67,17.06
Ultramarine & Pigments Ltd.,,506685,ULTRAMAR,INE405A01021,Dyes & Pigments,Chemicals & Petrochemicals,411.7,411.7,1202.16,58.21,49.4,49.68,33.97,41.41,40.66,50.37,1.67,0.62,407.49,411.21,416.54,446.19,416.64,412.63,411.3,412.41,420.4,0.5,0.99,0.9,0.75,-2.08,-7.91,15.17,13.05
Uma Converter Ltd.,UMA,,UMA,INE067901012,Containers & Packaging,Commercial Services & Supplies,20.5,20.5,41.56,59.24,48.68,49.32,48.89,33.82,76.33,62.29,0.89,0.61,17.75,18,19.08,22.21,20.45,19.66,19.03,18.57,19.51,-1.72,-0.31,-0.14,,24.62,-12.02,0.93,35.12
Uma Exports Ltd.,UMAEXPORTS,543513,UMAEXPORTS,INE0GIU01018,Commodity Trading  & Distribution,Commercial Services & Supplies,24.61,24.61,83.21,45.1,37.06,37.4,35.41,34.41,22.14,50.62,0.03,0.17,25.29,24.93,30.07,38.53,25.46,25.82,25.8,26.62,30.44,1.11,1.98,1.67,1.13,-11.09,-44.69,1.73,12.43
Umiya Buildcon Ltd.,UMIYA-MRO,532376,UMIYA-MRO,INE398B01018,Telecom Equipment,Telecommunications Equipment,85.52,85.52,159.79,68.01,55.89,54.82,52.36,43.77,49.13,57.86,1.77,1.58,83.77,82.87,84.6,86.08,88.52,87.52,86.38,84.78,84.8,1.64,0.95,0.97,1.07,9.66,-3.51,4.27,28.04
Unichem Laboratories Ltd.,UNICHEMLAB,506690,UNICHEMLAB,INE351A01035,Pharmaceuticals,Pharmaceuticals & Biotechnology,364.25,364.25,2564.53,58.03,47.69,47.57,47.11,34.56,83.39,57.46,14.17,13.41,346.59,338.98,375.2,438.52,384.08,376.85,367.64,358.61,379.47,0.69,0.98,0.92,0.72,14.7,-19.23,18.4,38.15
Unicommerce eSolutions Ltd.,UNIECOM,544227,UNIECOM,INE00U401027,IT Software Products,Software & Services,87.64,87.64,975.98,34.47,28.33,30.72,37.92,35.42,37.35,41.95,-1.08,-0.23,94.12,96.31,103.9,118.45,92.19,94.38,95.11,97.69,104.02,2.03,1.6,1.27,,-3.66,-29.59,4.97,12.14
Unihealth Hospitals Ltd.,UNIHEALTH,,UNIHEALTH,INE0PRF01011,Healthcare Services,Diversified Consumer Services,438.35,438.35,692.59,86.03,70.7,71.13,70.07,77.61,39.08,46.82,11.59,22.85,448.34,405.69,351.2,270.35,447.66,460.4,456.35,415.47,363.3,0.5,0.74,0.78,,5.75,175.59,26.52,31.03
Uniinfo Telecom Services Ltd.,UNIINFO,,UNIINFO,INE481Z01011,Other Telecom Services,Telecom Services,11.99,11.99,12.82,48.3,39.69,38.28,40.8,33.65,5.08,40.37,0,0.22,12.62,12.68,13.95,16.09,12.73,13.01,13.04,13.15,13.97,0.33,1.04,0.65,0.96,7.52,-27.95,1.03,23.25
Unilex Colours & Chemicals Ltd.,UNILEX,,UNILEX,INE0B2801011,Specialty Chemicals,Chemicals & Petrochemicals,24.2,24.2,32.95,50.3,41.34,46.37,44.49,36.6,85.96,54.17,0.22,-0.15,26.15,27.68,32.66,38.78,27.89,27.42,27.14,28.54,32.3,-0.84,0.06,0.01,,5.64,-40.21,1.34,19.73
Unimech Aerospace and Manufacturing Ltd.,UNIMECH,544322,UNIMECH,INE0U3I01011,Industrial Machinery,General Industrials,960.5,960.5,4884.81,56.62,46.53,55.48,52.68,37.62,71.37,54.54,49.16,51.76,910.51,884.3,898.93,969.14,1031.44,1013.63,983.31,927.37,924.59,0.38,1.13,1.12,,28.18,0.07,49.1,40.5
Union Bank of India,UNIONBANK,532477,UNIONBANK,INE692A01016,Banks,Banking and Finance,162.19,162.19,123809.45,58.4,47.99,49.58,47.81,62.58,22.43,37.22,-4.47,-3.04,176.62,180.39,174.51,157.57,165.96,169.79,172.84,176.1,172.28,1.36,1.69,1.36,1.4,-11.77,8.1,5.96,18.09
Union Gold ETF,UNIONGOLD,544363,UNIONGOLD,INF582M01KS4,Others,Others,147.35,147.35,,,57.76,56.2,,,61.47,48.49,-0.29,-0.41,145.34,148.43,145.25,128.43,146.1,146.08,146.2,146.37,142.23,0.46,0.78,0.47,,-0.72,23.35,4.5,17.84
Uniparts India Ltd.,UNIPARTS,543689,UNIPARTS,INE244O01017,Heavy Electrical Equipment,General Industrials,537.55,537.55,2426.67,78.18,64.25,65.37,65.91,63.19,80.49,71.08,20.53,16.84,507.25,486.75,479.05,458.19,552.39,539.59,526.55,501.03,483.97,0.8,1.05,1.26,0.84,11.07,11.92,21.91,27.49
Uniphos Enterprises Ltd.,UNIENTER,500429,UNIENTER,INE037A01022,Commodity Trading  & Distribution,Commercial Services & Supplies,103.61,103.61,720.56,47.3,38.87,39.02,44.93,36.32,52.6,55.77,1.51,1.59,102.82,101.94,116.51,134.15,106.95,106.93,105.91,106.82,114.93,0.74,1.05,0.87,0.79,9.64,-28.45,5.04,22.15
Unitech Ltd.,UNITECH,507878,UNITECH,INE694A01020,Realty,Realty,4.52,4.52,1182.57,47.99,39.44,38.45,40.12,37.32,47.79,49.33,0.06,0.07,4.66,4.65,5.01,6,4.87,4.85,4.81,4.81,5.12,1.67,1.96,1.4,1.11,-2.85,-32.05,0.21,9.53
United Breweries Ltd.,UBL,532478,UBL,INE686F01025,Breweries & Distilleries,"Food, Beverages & Tobacco",1410.5,1410.5,37294.34,37.14,30.52,29.9,37.03,29.67,34.34,33.77,-30.66,-27.73,1485.53,1542.44,1550.37,1687.39,1425.36,1447.28,1465.8,1513.02,1568.47,0.03,0.35,0.35,0.46,-5.63,-22.18,40.26,19.56
United Drilling Tools Ltd.,UNIDT,522014,UNIDT,INE961D01019,Other Industrial Goods,General Industrials,214.93,214.93,436.37,59.84,49.18,49.22,47.61,52.44,36.68,53.99,5,6.95,195.42,185.44,189.59,195.96,204.52,204.63,202.03,193.61,191.99,0.74,1.12,0.93,0.94,-2.2,-0.68,8.53,30.43
United Foodbrands Ltd.,UFBL,543283,UFBL,INE382M01027,Restaurants,Hotels Restaurants & Tourism,347.05,347.05,1356.49,92.46,75.98,77.01,75.26,58.05,73.48,69.1,31.34,28.44,296.58,269.87,240.61,237.74,367.82,349.71,330.27,287.39,261.11,1.6,1.86,1.11,0.86,45.25,85.78,21.25,38.35
United Heat Transfer Ltd.,UHTL,,UHTL,INE0SMR01011,Industrial Machinery,General Industrials,53.7,53.7,102.05,59.65,49.02,49.38,39.44,47.29,54.69,56.25,0.5,0.25,51.41,50.84,52.92,64.12,52.51,52.35,52.02,51.96,54.8,-0.39,-0.34,-0.36,,10,-27.73,2.96,15.34
United Polyfab Gujarat Ltd.,UNITEDPOLY,,UNITEDPOLY,INE368U01029,Textiles,Textiles Apparels & Accessories,30.33,30.33,696.12,63.64,52.3,53.34,54.06,49.1,59.74,64.3,1.6,1.44,28.83,27.35,27.62,32.78,32.93,31.74,30.73,29,29.2,1.8,1.21,0.75,0.56,15.02,-25.66,2.11,36.61
United Spirits Ltd.,UNITDSPR,532432,UNITDSPR,INE854D01024,Breweries & Distilleries,"Food, Beverages & Tobacco",1247.5,1247.5,90737.02,40.23,33.06,32.6,49.88,40.61,43.76,39.73,-4.98,3.65,1297.07,1319.16,1350.9,1355.04,1286.52,1307.33,1311,1321.62,1340.52,0.79,0.84,0.75,0.67,1.39,-12.74,33.03,18.3
Univa Foods Ltd.,UNIVAFOODS,526683,UNIVAFOODS,INE275F01019,Hotels,Hotels Restaurants & Tourism,8.17,8.17,11.7,60.71,49.89,48.72,48.72,54.24,4.79,22.94,-1.15,-0.91,11.28,11.59,10.32,7.91,8.11,9.03,9.8,10.66,10.07,-1.48,-0.19,0.15,-0.09,-39.79,47.21,0.38,67.07
Univastu India Ltd.,UNIVASTU,,UNIVASTU,INE562X01013,Construction & Engineering,Cement and Construction,71.07,71.07,255.76,66.31,54.49,55.15,53.21,48.73,63.46,59.69,2.17,1.86,67.7,66.23,65.99,72.74,73.86,71.57,70.19,67.75,67.9,1.46,0.84,0.93,0.5,9.01,1.16,3.55,47.33
Universal Cables Ltd.,UNIVCABLES,504212,UNIVCABLES,INE279A01012,Wires & Cables,Consumer Durables,1040.2,1040.2,3609.02,78.77,64.73,65.45,60.82,54.13,84.48,76.81,97.62,71.63,827.07,757.02,775.11,769.03,1089.25,985.34,921.11,820.42,785.24,1.39,1.7,1.48,1.26,45.49,51.87,65.62,45.84
Universus Photo Imagings Ltd.,UNIVPHOTO,542933,UNIVPHOTO,INE03V001013,Photographic Products,General Industrials,456.2,456.2,499.38,86.37,70.98,70.57,71.92,49.07,90.72,58.8,21.02,17.2,423.07,438.58,331.64,296.02,482.14,463.19,449.87,412.79,365.17,0.51,-0.33,0.12,0.4,25.18,66.97,20.58,28.2
Updater Services Ltd.,UDS,543996,UDS,INE851I01011,Misc. Commercial Services,Commercial Services & Supplies,167.66,167.66,1122.54,57.53,47.28,46.5,45.9,34.11,74.4,65.16,4.75,3.36,153.99,151.93,160.73,199.52,165.64,163.04,159.85,157.11,167.11,1.03,1.6,1.34,,10.82,-25.08,7.94,16.66
Upsurge Seeds of Agriculture Ltd.,USASEEDS,,USASEEDS,INE0CBM01019,Other Agricultural Products,"Food, Beverages & Tobacco",103.55,103.55,104.43,47.7,39.2,40.1,,40.32,58.89,43.44,-2.64,-4.11,103.92,119.86,146.63,134.99,105.9,106.31,107.13,118.93,131.37,-0.2,-0.37,-0.33,-0.18,13.79,-10.35,4.07,19.76
Uravi Defence and Technology Ltd.,URAVIDEF,543930,URAVIDEF,INE568Z01015,Auto Parts & Equipment,Automobiles & Auto Components,126.17,126.17,143.33,28.94,23.78,23.24,34.02,33.22,30.69,35.83,-2.38,-0.84,137.64,137.13,161.39,243.34,132.04,136.16,137.72,144.5,169.2,0.34,0.96,0.84,0.3,-8.52,-44.19,7.82,22.95
Urban Company Ltd.,URBANCO,544515,URBANCO,INE0CAZ01013,Special Consumer Services,Diversified Consumer Services,122.1,122.1,18830.03,43.23,35.53,35.83,42.94,42.07,64.24,39.54,4.21,6.34,134.29,124.66,125.59,,141.02,141.04,138.87,131.64,132.26,1.47,0.87,,,1.2,-15.34,7.06,41.74
Urban Enviro Waste Management Ltd.,URBAN,,URBAN,INE0O0201019,Waste Management,Utilities,149.65,149.65,129.6,65.25,53.62,52.43,50.48,49.26,50.13,57.31,4.04,3.18,142.45,138.24,141.79,151.97,153.9,148.35,145.68,142.18,144.21,1.2,1.14,0.95,,3.22,-5.38,6.64,12.71
Urja Global Ltd.,URJA,526987,URJA,INE550C01020,Heavy Electrical Equipment,General Industrials,10.34,10.34,576.15,52.09,42.81,44.55,52.87,45.24,61.75,53.34,0.4,0.46,10.35,9.83,10.19,11.7,11.12,11.08,10.85,10.36,10.57,0.5,1.41,1.19,0.86,10.62,-14.8,0.55,31.98
Usha Financial Services Ltd.,USHAFIN,,USHAFIN,INE0LS001014,Finance (including NBFCs),Banking and Finance,30.9,30.9,134.34,39.38,32.36,40.22,38.57,45.16,25.32,46.1,-0.03,0.32,32.3,30.83,33.55,39.07,31.31,31.93,32.01,32.11,33.92,1.45,-1.28,-0.73,,1.64,-27.06,1.42,17.91
Usha Martin Education & Solutions Ltd.,UMESLTD,532398,UMESLTD,INE240C01028,Education,Diversified Consumer Services,4.94,4.94,13.05,55.17,45.34,47.58,50.72,54.49,20.5,29.11,-0.14,-0.02,6.24,5.78,5.31,5.42,5.65,5.79,5.91,5.8,5.57,0.13,-0.45,-0.13,0.51,-24.23,1.96,0.4,28.5
Usha Martin Ltd.,USHAMART,517146,USHAMART,INE228A01035,Iron & Steel Products,Metals & Mining,457.85,457.85,13952.61,75.93,62.4,61.46,60.63,54.54,72.94,65.11,13.67,11.89,438.85,427.92,429.67,423.6,470.27,462.23,453.6,437.61,430.11,1.04,1.23,1,0.89,12.76,0.73,16.75,21.43
Ushanti Colour Chem Ltd.,UCL,,UCL,INE00NI01015,Specialty Chemicals,Chemicals & Petrochemicals,137,137,190.25,91.94,75.56,75.8,75.81,69.71,100,94.01,12.79,12.17,106.98,91.47,70.28,64.99,132.5,125.26,117.61,97.1,81.54,0.03,-0.09,-0.11,,45.03,141.03,2.84,67.05
Utkarsh Small Finance Bank Ltd.,UTKARSHBNK,543942,UTKARSHBNK,INE735W01017,Microfinance Institutions,Banking and Finance,13.74,13.74,2445.07,57.13,46.95,48.65,48.33,37.41,83.27,52.42,0.6,0.55,13.38,13.2,13.76,15.87,15.11,14.61,14.23,13.72,14.2,2.56,1.43,1.04,,13.32,-28.66,0.63,31.59
Utssav CZ Gold Jewels Ltd.,UTSSAV,,UTSSAV,INE06IJ01010,Gems & Jewellery,Textiles Apparels & Accessories,256.65,256.65,611.29,80.26,65.96,62.98,61.05,56.93,48.76,68.16,11.26,10.91,229.8,216.86,219.08,215.59,255.19,248.93,242.03,227.84,222.25,-0.09,1.33,1.3,,18.18,-0.4,11.75,16.79
Uttam Sugar Mills Ltd.,UTTAMSUGAR,532729,UTTAMSUGAR,INE786F01031,Sugar,"Food, Beverages & Tobacco",250.55,250.55,955.55,56.8,46.68,46.4,45.91,52.66,83.8,54.16,6.51,8.33,250.17,230.03,231.16,242.04,257.48,255.66,252.25,240.18,236.52,-0.65,0.27,0.63,0.94,4.34,3.8,12.74,40.48
V L Infraprojects Ltd.,VLINFRA,,VLINFRA,INE0QXL01015,Construction & Engineering,Cement and Construction,29.8,29.8,46.82,64.1,52.68,54.55,55.76,34.41,81.05,57.54,2.36,2.25,26.41,25.95,26.75,31.38,32.45,31.41,29.89,27.61,28.06,-3.97,-1.11,-0.93,,37.5,-3.69,2.02,32.37
V R Infraspace Ltd.,VR,,VR,INE0QQM01017,Realty,Realty,149,149,132.31,56.33,46.29,46.19,47.01,40.07,41.12,49.65,0.47,-0.4,145.55,151.12,170.35,190.23,150.79,149.95,149.21,154.17,167.17,0.57,0.26,0.01,,3.87,-27.32,7.76,9.3
V-Guard Industries Ltd.,VGUARD,532953,VGUARD,INE951I01027,Household Appliances,Consumer Durables,321.25,321.25,14032.32,52.63,43.25,43.34,50.98,49.23,56.12,53.44,2.62,2.91,327.39,323.03,325.14,344.94,333.35,332.03,330.47,327.5,330.51,0.62,0.64,0.63,0.48,2.34,-11.04,9.03,7.74
V-Marc India Ltd.,VMARCIND,,VMARCIND,INE0GXK01018,Wires & Cables,Consumer Durables,1179.85,1179.85,2881.28,95.33,78.34,75.31,76.89,74.87,79.13,78.22,83.26,75.16,843.34,777.38,712.98,626.51,1021.44,987.09,935.57,822.03,739.63,2.29,1.71,1.16,0.52,57.95,94.96,54.58,40.23
V-Mart Retail Ltd.,VMART,534976,VMART,INE665J01013,Department Stores,Retailing,641.8,641.8,5105.39,59.53,48.92,48.08,41.06,44.15,73.08,59.58,21.78,20.46,605.69,576.77,616.66,701.26,654.81,643.13,629.63,609.1,630.14,1.83,0.94,0.81,0.77,5.67,-21.12,30.24,26.68
V2 Retail Ltd.,V2RETAIL,532867,V2RETAIL,INE945H01021,Department Stores,Retailing,220.12,220.12,8026.4,65.66,53.96,54.41,51.45,42.8,66.27,63.98,4.9,3.07,199.57,197.34,204.97,204.73,212.27,207.95,204.58,201.35,202.89,0.82,0.86,0.94,0.77,9.14,-11.59,9.06,13.73
VELS Film International Ltd.,VELS,,VELS,INE0I3H01019,Movies & Entertainment,Media,73.5,73.5,94.87,67.53,55.5,54.09,54.09,41.48,92.53,70.94,4.53,2.57,57.49,57.37,56.94,66.08,70.8,65.45,62.24,59.04,59.53,0.15,0.07,-0.33,,38.16,14.84,2.94,27.32
VIP Clothing Ltd.,VIPCLOTHNG,532613,VIPCLOTHNG,INE450G01024,Other Apparels & Accessories,Textiles Apparels & Accessories,23.65,23.65,213.16,43.7,35.91,35.95,39.11,45.52,69.81,50.86,0.33,0.46,21.45,20.42,24.39,29.99,22.12,22.18,21.99,22.08,24.31,0.25,1.35,1.11,1.1,-8.96,-35.09,1.35,21.04
VIP Industries Ltd.,VIPIND,507880,VIPIND,INE054A01027,Other Apparels & Accessories,Textiles Apparels & Accessories,298.9,298.9,4245.93,41.52,34.12,35.36,28.81,36.7,64.06,41.2,-6.79,-8.18,311.69,326.85,349.37,383.85,305.07,305.03,308.59,324.57,344.04,1.76,1.27,1.18,1.01,-8.94,-26.88,12.53,24.82
VL E-Governance & IT Solutions Ltd.,VLEGOV,543958,VLEGOV,INE03HW01020,IT Consulting & Software,Software & Services,14.03,14.03,152.16,46.14,37.92,37.97,44.36,30.72,27.61,50.99,0.42,0.56,13.65,13.6,15.34,23.65,14.81,14.84,14.59,14.4,16.9,0.52,0.96,0.69,,15.19,-35.27,0.78,14.95
VLS Finance Ltd.,VLSFINANCE,511333,VLSFINANCE,INE709A01018,Other Financial Services,Banking and Finance,232.13,232.13,789.48,64.19,52.75,51.88,44.4,42.45,67.09,53.68,2.37,1.35,232.84,234.76,257.8,247.8,243.52,240.13,238.27,240.45,246.73,1.4,1.01,0.9,1.12,4.36,10.8,8.13,20.49
VMS TMT Ltd.,VMSTMT,544521,VMSTMT,INE0SJA01013,Iron & Steel/Interm.Products,Metals & Mining,47.2,47.2,234.26,50.16,41.22,40.97,40.85,27.36,63.25,56.44,1.67,1.6,44.77,44.04,47.5,,49.58,48.46,47.37,46.41,50.34,1.27,1.52,,,12.97,-30.86,2.09,21.54
VRL Logistics Ltd.,VRLLOG,539118,VRLLOG,INE366I01010,Warehousing & Logistics,Transportation,257.5,257.5,4504.63,62.2,51.12,50.85,41.71,40.98,56.29,58.78,1.71,0.2,253.06,257.88,263.91,271.38,260.81,258.83,257.37,258.79,262.74,0.5,0.7,0.68,0.61,8.31,-1.72,8.4,16.49
VST Industries Ltd.,VSTIND,509966,VSTIND,INE710A01016,Cigarettes-Tobacco Products,"Food, Beverages & Tobacco",257.2,257.2,4368.83,57.08,46.91,48.33,52.29,40.68,54.38,62.76,8.23,8.74,241.2,234.43,238.93,252.17,259.53,257.51,252.53,242.63,242.67,1.32,1.09,0.81,0.68,18.48,0.4,7.3,38.54
VST Tillers Tractors Ltd.,VSTTILLERS,531266,VSTTILLERS,INE764D01017,Commercial Vehicles,Automobiles & Auto Components,4866,4866,4205.88,40.25,33.08,42.44,42.06,46.61,42.71,37.39,-29.85,-20.59,5148.36,5248.51,5532.41,5417.67,5145.5,5165.51,5180.93,5278.04,5363.64,0.81,1.16,1.05,0.93,-4.16,-17.94,147.13,11.08
Va Tech Wabag Ltd.,WABAG,533269,WABAG,INE956G01038,Utilities:Non-Electrical,Utilities,1374.7,1374.7,8565.7,60.29,49.55,50.09,57.96,50.97,75.08,56.73,49.62,57.88,1389.08,1326.04,1274.51,1372.58,1483.84,1474.08,1445.85,1366.32,1335.27,0.36,1.3,1.22,1.2,9.69,4.39,49.24,29.32
Vadilal Industries Ltd.,VADILALIND,519156,VADILALIND,INE694D01016,Packaged Foods,FMCG,4307.3,4307.3,3096,46.42,38.15,48.27,47.69,39.29,55.24,44.96,9.18,11.52,4518.99,4640.76,4696.63,5007.39,4606.78,4606.71,4598,4629.91,4740.98,1.4,1.2,1.25,0.95,-1.48,-16.92,150.29,10.01
Vadivarhe Speciality Chemicals Ltd.,VSCL,,VSCL,INE551Q01028,Specialty Chemicals,Chemicals & Petrochemicals,21,21,31.5,37.13,30.51,30.6,34.34,47.06,71,40.05,0.11,0.7,24.27,22.08,24.95,35.65,23.28,24.23,24.26,24.05,26.42,0.04,0.42,0.02,,-12.2,-44.78,0.91,20.44
Vaibhav Global Ltd.,VAIBHAVGBL,532156,VAIBHAVGBL,INE884A01027,Other Apparels & Accessories,Textiles Apparels & Accessories,216.11,216.11,3610.5,58.99,48.48,50.5,50.68,41.12,72.86,56.5,4.88,3.66,212.27,213.8,223.41,229.32,228.56,224.49,221.12,218.78,222.53,1.74,1.72,1.61,1.43,8.47,-17.3,8.43,16.3
Vaidya Sane Ayurved Laboratories Ltd.,MADHAVBAUG,,MADHAVBAUG,INE0JR301013,Healthcare Facilities,Diversified Consumer Services,246.5,246.5,259.16,63.51,52.19,52.19,53.69,40.23,92.31,62,16.05,11.64,212.69,212.76,239.1,241.74,262,245.7,234.55,225.39,230.4,0.56,0.53,0,-0.27,34.48,-5.47,18.16,35.73
Vaishali Pharma Ltd.,VAISHALI,,VAISHALI,INE972X01022,Pharmaceuticals,Pharmaceuticals & Biotechnology,7.14,7.14,93.15,45.39,37.3,37.53,45.77,30.65,81.89,51.77,0.22,0.3,7,6.84,7.62,9.35,7.54,7.58,7.45,7.29,7.78,2.65,1.6,1.22,0.85,20.75,-25.5,0.52,23.03
Vakrangee Ltd.,VAKRANGEE,511431,VAKRANGEE,INE051B01021,Misc. Commercial Services,Commercial Services & Supplies,6.56,6.56,710.57,49.85,40.97,42.67,40.18,38.84,47.02,50.87,0.13,0.18,6.5,6.34,6.83,7.73,6.75,6.81,6.74,6.63,6.95,1.84,1.93,1.4,1.27,4.84,-21.15,0.29,14.67
Valiant Laboratories Ltd.,VALIANTLAB,543998,VALIANTLAB,INE0JWS01017,Pharmaceuticals,Pharmaceuticals & Biotechnology,78.22,78.22,424.83,67.51,55.48,55.77,54.85,43.63,69.64,65.26,5.18,5.09,67.47,62.67,63.55,73.75,78.97,76.52,73.32,67.17,67.07,0.69,0.86,0.88,,31.05,-5.99,4.03,42.68
Valiant Organics Ltd.,VALIANTORG,540145,VALIANTORG,INE565V01010,Agrochemicals,Chemicals & Petrochemicals,285.05,285.05,798.7,66.16,54.37,54.47,43.23,47.19,74.37,66.1,13.23,10.63,264.05,248.94,253.68,289.87,297.1,285.31,276.9,262.15,264.1,1.13,1.08,1.06,0.85,15.88,0.41,18.02,21.85
Valor Estate Ltd.,DBREALTY,533160,DBREALTY,INE879I01012,Realty,Realty,129.06,129.06,7000.3,62.92,51.71,53.27,49.18,33.4,87.45,69.18,9.1,5.41,107.09,105.81,110.53,136.2,135.72,123.94,117.6,111.31,116.16,3.85,2.24,1.84,1.84,35.01,-8.28,7.85,27.67
Value 360 Communications Ltd.,VALUE360,,VALUE360,INE1E7Y01018,Misc. Commercial Services,Commercial Services & Supplies,78.2,78.2,125.82,,,,,,,,,,,,,,,,,,,,,,,,,,
Vardhman Acrylics Ltd.,VARDHACRLC,,VARDHACRLC,INE116G01013,Fibres & Plastics,General Industrials,43.63,43.63,350.63,66.07,54.3,53.09,52.33,49.81,83.19,74.49,2.38,1.6,35.99,35.1,36.37,39.84,42.94,40.34,38.73,36.75,37.07,-0.23,0.82,0.64,0.85,31.59,10.57,2.36,31.88
Vardhman Holdings Ltd.,VHL,500439,VHL,INE701A01023,Finance (including NBFCs),Banking and Finance,3640.1,3640.1,1161.74,62.16,51.08,49.19,51.8,48.1,81.61,63.71,109.24,85.94,3365.92,3288.68,3359.89,3619.39,3673.16,3551.96,3480.27,3379.85,3413.79,0.96,0.96,0.68,0.22,9.05,-12.15,129.34,18.94
Vardhman Polytex Ltd.,VARDMNPOLY,514175,VARDMNPOLY,INE835A01029,Textiles,Textiles Apparels & Accessories,6.81,6.81,328.94,45.51,37.4,37.92,36.84,48.7,11.8,43,-0.14,-0.12,7.17,7.5,6.92,7.71,6.95,7.03,7.13,7.23,7.31,0.1,0.95,1.34,0.94,-4.39,-10.76,0.36,23.29
Vardhman Special Steels Ltd.,VSSL,534392,VSSL,INE050M01012,Iron & Steel Products,Metals & Mining,264.4,264.4,2556.37,54.08,44.44,53.01,51.69,40.31,87.39,57.86,9.21,9.57,254.62,249.51,259.92,267.35,276.5,273.62,267.88,258.57,259.37,0,1.1,1.12,0.87,17.93,-7.18,10.69,35.93
Vardhman Textiles Ltd.,VTL,502986,VTL,INE825A01020,Textiles,Textiles Apparels & Accessories,613.75,613.75,17754.67,74.43,61.17,59.83,68.54,68.1,72.52,58.96,17.15,18.11,568.31,557.48,504.09,466.96,605.75,597.41,587.32,556.13,522.07,-0.46,0.07,0.43,0.65,9.85,38.31,25.77,29.71
Varroc Engineering Ltd.,VARROC,541578,VARROC,INE665L01035,Auto Parts & Equipment,Automobiles & Auto Components,555.15,555.15,8481.94,61.69,50.7,49.53,49.21,39.1,74.32,59.85,11.5,7.68,517.75,515.27,550.85,574.76,552.55,541.6,533.53,529.96,544.29,1.29,1.38,1.29,1.15,11.09,-11.09,18.47,19.71
Varun Beverages Ltd.,VBL,540180,VBL,INE200M01039,Other Food & Beverages,"Food, Beverages & Tobacco",488.35,488.35,165174.43,56.08,46.09,55.07,54,39.91,75.8,61.02,20.41,21.22,460.04,447.77,461.42,468.53,508.28,501,488.35,465.64,462.01,1.28,1.29,1.1,0.79,18.82,6.43,14.83,35.45
Varvee Global Ltd.,VGL,514274,VGL,INE273D01027,Textiles,Textiles Apparels & Accessories,58.54,58.54,301.65,47.31,38.88,39.46,49.69,37.15,48.69,47.38,0.15,0.3,58.64,59.99,64.64,72.36,60.03,60.35,60.23,61.05,64.03,1.28,1.37,1.13,0.61,-11.23,-13.61,4.41,12.05
Vasa Denticity Ltd.,DENTALKART,,DENTALKART,INE0N5801013,Healthcare Supplies,Healthcare,402.75,402.75,669.44,55.39,45.52,46.63,45.08,33.22,56.6,49.55,7.76,3.84,392.39,404.42,485.2,546.67,425.39,417.61,410.95,424.3,466.87,0.84,1.07,0.5,,3.14,-32.49,26.15,30.44
Vasa Retail and Overseas Ltd.,VASA,,VASA,INE068Z01016,Commodity Printing/Stationery,Commercial Services & Supplies,4.65,4.65,2.79,50.37,41.39,41.07,49.9,,43.1,50.09,0.05,0.06,4.54,4.49,5.37,5.69,4.68,4.7,4.66,4.75,5.14,-1.92,-0.21,-0.3,,3.33,-6.06,0.14,11.6
Vascon Engineers Ltd.,VASCONEQ,533156,VASCONEQ,INE893I01013,Construction & Engineering,Cement and Construction,37.61,37.61,871.41,46.73,38.4,47.07,46.28,32.19,59.76,56.28,1.2,1.21,36.44,35.75,39.77,48.54,39.44,39.14,38.37,37.85,40.53,1.56,1.97,2.04,1.54,12.12,-42.25,2.45,19.74
Vaswani Industries Ltd.,VASWANI,533576,VASWANI,INE590L01019,Iron & Steel/Interm.Products,Metals & Mining,54.63,54.63,179.99,56.13,46.13,47.23,52.64,42.57,37.71,48.81,0.5,0.7,55.9,55.58,56.6,56.54,56.98,57.13,56.84,56.25,56.14,1.14,1.08,1.2,0.74,1.72,-8,2.62,12.27
Vaxtex Cotfab Ltd.,VCL,,VCL,INE098201036,Textiles,Textiles Apparels & Accessories,1.45,1.45,26.64,57.23,47.03,47.01,45.64,56.3,27.33,44.27,-0.03,-0.03,1.51,1.62,1.86,1.53,1.5,1.51,1.53,1.62,1.66,1.04,1.02,0.98,0.3,-1.99,68.18,0.1,15.74
Vdeal System Ltd.,VDEAL,,VDEAL,INE0U2M01015,Heavy Electrical Equipment,General Industrials,177,177,86.56,54.38,44.69,44.48,45.36,55.26,38.8,48.08,0.53,1.72,182.06,173.68,188.17,185.31,179.26,180.66,180.6,180.03,182.48,2.28,-0.06,-0.12,,-4.19,-9.1,8.51,13.24
Vedant Fashions Ltd.,MANYAVAR,543463,MANYAVAR,INE825V01034,Specialty Retail,Retailing,460,460,11176.76,57.07,46.9,37.2,35.51,32.89,72.37,68.72,14.09,13.17,417.05,398.16,460.72,579.84,448.72,443.94,434.92,428.9,468.74,0.46,1.17,0.97,0.71,17.74,-27.34,17.82,34.01
Vedanta Ltd.,VEDL,500295,VEDL,INE205A01025,Aluminium and Aluminium Products,Metals & Mining,305.05,305.05,119286.39,32.61,26.8,26.6,27.48,70.33,65.24,21.87,-112.69,-68.56,625.99,656.11,649.31,560.47,304.11,438.54,516.74,609.15,617.11,5,1.36,1.38,1.3,-58.64,-41.28,44.08,37.02
Veedol Corporation Ltd.,VEEDOL,590005,VEEDOL,INE484C01030,Oil Marketing & Distribution,Oil & Gas,1481.9,1481.9,2582.06,58.1,47.75,49.03,46.29,38.18,84.09,65,32.14,24.13,1393.63,1374.02,1453.11,1589.17,1477.38,1455.6,1434.08,1415.61,1458.57,1.37,1.04,0.82,0.97,9.47,-14.97,38.02,24.68
Veekayem Fashion and Apparels Ltd.,VEEKAYEM,,VEEKAYEM,INE0KTW01013,Textiles,Textiles Apparels & Accessories,136,136,94.33,50.12,41.19,42.01,41.87,23.91,86.34,55.06,4.01,2.76,132.36,130.7,154.27,210.32,144.14,140.39,137.6,138.42,158.3,0.58,-0.21,-0.06,,12.61,-52.63,7.7,17.8
Veljan Denison Ltd.,,505232,VELJAN,INE232E01013,Auto Parts & Equipment,Automobiles & Auto Components,1021,1021,459.45,55.7,47.27,47.68,46.02,38.9,88.53,54.17,29.73,27.9,960.16,946.12,1056.4,1132.95,1048.95,1027.92,1008.23,994.78,1034.74,0.62,1.34,1.02,0.8,14.43,-16.3,43.52,19.37
Venky's (India) Ltd.,VENKEYS,523261,VENKEYS,INE398A01010,Packaged Foods,FMCG,1678.7,1678.7,2364.84,69.77,57.34,49.29,55.5,50.92,77,72.28,64.7,61.85,1479.88,1405.34,1449.17,1454.62,1621.64,1594.68,1554.91,1476.74,1455.65,0.66,1.65,0.92,0.82,15.97,9.66,55.1,25.95
Ventive Hospitality Ltd.,VENTIVE,544321,VENTIVE,INE781S01027,Hotels,Hotels Restaurants & Tourism,671.8,671.8,15689.32,56.34,46.3,46.51,38.26,37.38,87.36,64.47,7.35,-1.54,612.21,638.56,689.88,715.6,652.43,639.13,632.07,644.98,672.12,1.22,1,1.07,,11.74,-8.87,23.06,26.47
Venus Pipes & Tubes Ltd.,VENUSPIPES,543528,VENUSPIPES,INE0JA001018,Iron & Steel Products,Metals & Mining,1287.2,1287.2,2666.58,61.33,50.4,50.64,58.67,51.73,67.55,55.15,71.37,81.83,1237.85,1147.64,1142.38,1235.47,1385.74,1364.81,1323.43,1221.2,1193.29,1.9,1.74,1.69,1.26,18.22,4.76,63.85,32.6
Venus Remedies Ltd.,VENUSREM,526953,VENUSREM,INE411B01019,Pharmaceuticals,Pharmaceuticals & Biotechnology,931.7,931.7,1245.4,85.2,70.02,70.88,70.39,76.87,35.04,52.97,16.59,23.2,958.44,889.59,826.09,671.42,965.47,969.59,962.64,908.02,827.01,0.7,0.94,0.86,0.76,1.24,119.53,52.68,16.71
Veranda Learning Solutions Ltd.,VERANDA,543514,VERANDA,INE0IQ001011,IT Training Services,Software & Services,214.34,214.34,2061.3,64.49,53,53.84,49.08,34.87,88.12,70.92,17,11.5,166.02,163.3,180.58,203.07,216.12,197.92,186.12,175.17,181.39,1.83,1.54,1.29,1.19,47.36,-6.6,11.4,43.54
Veritaas Advertising Ltd.,VERITAAS,,VERITAAS,INE0SRI01019,Advertising & Media,Media,47.5,47.5,13.41,37.81,31.07,31.6,31.6,20.34,89.92,51.47,-0.09,-1.25,49.31,51.36,58.27,77.37,51.57,49.18,48.92,51.88,59.57,0.13,-0.03,0.22,,2.77,-31.03,2.09,21.25
Vertexplus Technologies Ltd.,VERTEXPLUS,,VERTEXPLUS,INE0NLB01018,IT Consulting & Software,Software & Services,73.15,73.15,40.08,33.79,27.77,31.65,41.62,30.55,43.96,35.25,-4.25,-3.78,93.81,94.38,108.19,106.6,85.04,85.66,88.24,95.57,102.55,-0.39,0.12,0.42,,-31.74,-19.83,4.14,18.07
Vertis Infrastructure Trust,VERTIS,,VERTIS,INE0KXY23015,REITs-InvITs,Utilities,107.05,107.05,16164.38,54.37,44.68,44.73,42.79,27.4,36.11,50.48,0.33,0.29,107.35,107.62,107.86,,108.31,108.21,107.99,107.61,106.88,0.18,-0.02,,,1.31,5.15,1.37,17.92
Vertoz Ltd.,VERTOZ,,VERTOZ,INE188Y01031,Advertising & Media,Media,48.42,48.42,412.68,51.03,41.94,40.46,47.32,32.39,38.52,59.53,1.71,1.98,44.92,43.36,53.69,65.37,49.03,49.17,48.11,47.58,52.92,0.57,2.04,1.37,0.66,27.62,-28.16,2.85,24.22
Vesuvius India Ltd.,VESUVIUS,520113,VESUVIUS,INE386A01023,Electrodes & Refractories,General Industrials,471.75,471.75,9574.68,53.24,43.75,56.77,54.09,40.96,44.23,43.36,7.8,9.3,486.93,490.71,485.42,495.8,513.27,507.56,502.72,493.85,491.3,1.6,1.12,1.02,0.95,4.12,-2.45,20.17,23.96
Veto Switchgears & Cables Ltd.,VETO,539331,VETO,INE918N01018,Other Electrical Equipment/Products,Consumer Durables,108.69,108.69,207.76,63.32,52.04,51.63,50.39,40.47,76.83,61.95,3.76,3.2,103.59,102.03,104.22,110.88,113.71,110.87,108.43,104.82,105.5,1.42,1.2,1.05,0.88,12.35,-3.74,4.34,17.45
Viaz Tyres Ltd.,VIAZ,,VIAZ,INE0MO401019,Auto Tyres & Rubber Products,Automobiles & Auto Components,61.9,61.9,88.56,49.59,40.75,41.25,,41.78,61.77,48.53,-0.58,-0.88,61.92,63.35,70.18,67.63,61.67,61.62,61.86,64.06,66.57,0.56,0.26,0.25,,3.17,-10.94,1.85,18.72
Vibhor Steel Tubes Ltd.,VSTL,544124,VSTL,INE0QTF01015,Iron & Steel Products,Metals & Mining,126.23,126.23,239.36,51.28,42.14,42.56,50.16,38.37,70.72,56.16,3.5,3.91,121.4,117.68,121.33,136.37,129.23,128.2,126.13,122.04,124.33,0.33,0.79,0.92,,12.42,-12.03,5.46,24.82
Viceroy Hotels Ltd.,VHLTD,523796,VHLTD,INE048C01025,Hotels,Hotels Restaurants & Tourism,136.85,136.85,924.82,52.76,43.36,51.79,55.11,49.48,83.3,45.92,-0.34,-0.32,139.09,141.1,139.83,129.44,138.85,139.11,139.29,139.62,137.43,0.4,0.39,0.23,1.8,-1.37,7.25,5.62,9.86
Victory Electric Vehicles International Ltd.,VICTORYEV,,VICTORYEV,INE0F8901022,2/3 Wheelers,Automobiles & Auto Components,15.55,15.55,37.46,25.83,21.23,19.3,33.95,24.1,29.14,46.35,-0.06,0.06,15.79,15.58,,,15.79,16.1,16.12,17.22,,1.43,0.81,,,6.02,,1,21.16
Vidhi Specialty Food Ingredients Ltd.,VIDHIING,531717,VIDHIING,INE632C01026,Specialty Chemicals,Chemicals & Petrochemicals,285.7,285.7,1426.93,39.85,32.75,32.54,32.23,50.25,29.71,37.79,-3.13,-0.63,304.9,301.02,313.68,340.65,295.91,299.55,301.95,305.43,315.95,0.27,0.66,0.59,0.65,-12.81,-16.08,12.34,17.7
Vidya Wires Ltd.,VIDYAWIRES,544633,VIDYAWIRES,INE14UN01029,Other Electrical Equipment/Products,Consumer Durables,93.73,93.73,1993.56,46.3,38.05,38.02,35.48,32.63,83.9,76.47,8.91,8.5,71.76,64.06,56.41,,91.25,86.85,81.39,69.02,56.75,-0.79,1.02,,,69.02,,5.35,46.11
Vigor Plast India Ltd.,VIGOR,,VIGOR,INE1DM601016,Plastic Products,General Industrials,66.25,66.25,68.58,51.92,42.67,42.87,32.46,28.1,64,63.85,2.25,1.15,55.62,54.84,63.88,,62.06,59.99,58.38,58.17,64.85,2,0.64,,,38.02,-24.24,4.29,15.57
VijayPD Ceutical Ltd.,VIJAYPD,,VIJAYPD,INE0WL901019,Healthcare Services,Healthcare,93.65,93.65,182.89,56.02,46.04,54.23,52.79,29.22,79.16,53.18,7.73,8.32,81.12,75.15,61.37,,97.58,94.59,89.98,77.66,65.54,0.26,0.47,,,33.18,102.95,5.02,35.23
Vijaya Diagnostic Centre Ltd.,VIJAYA,543350,VIJAYA,INE043W01024,Healthcare Services,Healthcare,1279.2,1279.2,13162.55,71,58.35,56.41,53.31,39.17,98.35,92.27,79.16,56.05,1036.66,1003.71,1001.97,1016.88,1239.12,1177.02,1124.28,1045.88,1019.16,-0.26,0.65,0.32,0.42,39.45,30.95,44.79,45.7
Viji Finance Ltd.,VIJIFIN,537820,VIJIFIN,INE159N01027,Finance (including NBFCs),Banking and Finance,4.12,4.12,58.71,84.52,69.46,64.46,62.18,56.18,77.76,72.79,0.36,0.31,3.5,3.09,2.83,3.06,4.3,4.04,3.82,3.33,3.06,0.02,0.04,0.01,0.24,34.47,48.29,0.24,49.02
Vikas Ecotech Ltd.,VIKASECO,530961,VIKASECO,INE806A01020,Specialty Chemicals,Chemicals & Petrochemicals,1.36,1.36,188.82,45.63,37.5,38.19,39.13,45.81,61.97,51.33,0.01,0.02,1.35,1.34,1.47,1.72,1.4,1.4,1.39,1.39,1.48,1.45,1.8,1.48,0.96,-6.71,-26.46,0.06,13.2
Vikas Lifecare Ltd.,VIKASLIFE,542655,VIKASLIFE,INE161L01027,Commodity Trading  & Distribution,Commercial Services & Supplies,1.53,1.53,284.22,46.57,38.27,43.63,42.15,45.38,20.89,57,0.03,0.04,1.51,1.45,1.59,1.88,1.58,1.58,1.56,1.54,1.63,1.04,1.66,1.43,0.91,,-21.29,0.06,18.06
Vikram Solar Ltd.,VIKRAMSOLR,544488,VIKRAMSOLR,INE078V01014,Other Electrical Equipment/Products,Consumer Durables,205.77,205.77,7455.67,42.41,34.85,34.25,33.32,38.99,45.93,48.61,4.53,6.56,211.24,198.81,211.87,,218.98,219.33,216.94,211.58,226.47,0.95,1.01,,,11.09,-33.89,8.85,19.69
Vikran Engineering Ltd.,VIKRAN,544496,VIKRAN,INE01R501028,Heavy Electrical Equipment,General Industrials,69.57,69.57,1794.29,48.67,40,40.3,39.49,27.42,76.36,55.95,2.54,2.31,67.65,66.02,78.17,,75.05,73.46,71.75,71.25,77.24,2.45,2.21,,,9.42,-24.98,3.45,22.5
Vilas Transcore Ltd.,VILAS,,VILAS,INE0AZY01017,Heavy Electrical Equipment,General Industrials,410.75,410.75,1005.52,60.45,49.68,48.52,47.05,49.77,57.61,58.08,14.24,15.25,420.9,402.88,387.87,439.98,450.26,444.65,436.5,413.7,408.52,1.46,1.66,1.06,,8.53,7.79,26.25,19.23
Vilin Bio Med Ltd.,VILINBIO,,VILINBIO,INE0L4V01013,Pharmaceuticals,Pharmaceuticals & Biotechnology,49.4,49.4,75.34,92.53,76.04,75.43,71.49,67.3,88.45,86.8,3.23,1.92,39.11,36.99,31.27,28.83,47.18,43.66,41.5,37.44,33.67,-0.04,0.18,0.18,,38.82,121.11,1.3,31.43
Vimta Labs Ltd.,VIMTALABS,524394,VIMTALABS,INE579C01029,Healthcare Services,Healthcare,466.05,466.05,2081.82,56.68,46.58,47.06,38.19,37.06,76.45,57.61,14.62,11.28,456.23,448.36,491.97,583.16,502.79,484.7,474.9,468.03,493.78,1.37,1.73,0.87,0.91,10.52,-25.87,24.57,22.64
Vinati Organics Ltd.,VINATIORGA,524200,VINATIORGA,INE410B01037,Specialty Chemicals,Chemicals & Petrochemicals,1314.3,1314.3,13624.77,56.98,46.83,46.44,35.62,29.48,66.25,56.8,10.38,-5.13,1312.52,1354.2,1454.63,1579.43,1378.2,1347.4,1336.44,1365.35,1437,1.27,0.74,0.68,0.59,6.74,-17.35,38.84,23.4
Vindhya Telelinks Ltd.,VINDHYATEL,517015,VINDHYATEL,INE707A01012,Construction & Engineering,Cement and Construction,1628.1,1628.1,1929.45,73.05,60.03,59.09,53.3,48.26,77.58,83.49,141.27,95.29,1293.53,1202.83,1242.89,1366.67,1654.14,1529.86,1435.84,1299.02,1285.59,1.76,1.26,1.21,1.12,58.74,32.58,104.44,44.91
Vineet Laboratories Ltd.,VINEETLAB,543298,VINEETLAB,INE505Y01010,Pharmaceuticals,Pharmaceuticals & Biotechnology,36.47,36.47,70.05,68.37,56.19,56.25,58.63,51.64,64.09,57.42,1.66,1.78,34.89,33.02,33.48,32.82,38.21,37.88,36.89,34.66,33.75,1.15,0.66,0.65,0.85,18.86,-3.62,2.53,34.23
Vinny Overseas Ltd.,VINNY,543670,VINNY,INE01KI01027,Textiles,Textiles Apparels & Accessories,1.17,1.17,54.43,48.02,39.46,44.1,43.2,53.71,42.62,51.95,0.01,0.02,1.14,1.12,1.17,1.23,1.19,1.17,1.17,1.15,1.17,0.19,0.69,1.05,0.69,,-5.65,0.07,19.71
Vinsys IT Services India Ltd.,VINSYS,,VINSYS,INE0OSJ01014,IT Training Services,Software & Services,314.5,314.5,463.88,49.5,40.68,43.69,42.17,41.71,30.88,47.24,2.65,3.73,298.67,305.57,333.18,361.45,309.85,312.34,310.56,313.13,329.1,0.95,0.17,0.05,,21.22,-22.29,19.35,17.83
Vintage Coffee And Beverages Ltd.,VINCOFE,538920,VINCOFE,INE498Q01014,Commodity Trading  & Distribution,Commercial Services & Supplies,128.53,128.53,1856.47,38.17,31.37,48.25,33.49,39.95,49.89,45.86,-0.15,-0.09,136.17,135.75,144.73,148.83,136.41,136.01,136.05,137.84,141.51,1.4,1.08,1.05,,-5.16,-18.03,5.11,10.36
Vinyas Innovative Technologies Ltd.,VINYAS,,VINYAS,INE0OLS01010,Electronic Components,Commercial Services & Supplies,993.65,993.65,1250.48,49.4,40.6,42.6,51.77,40.14,52.08,41.91,30.33,43.82,1028.58,1002.44,1051.37,1143.44,1102.36,1100.39,1083.51,1046.16,1057.41,1.06,1.42,1.46,,3.4,-12.18,50.16,35.06
Vinyl Chemicals (I) Ltd.,VINYLINDIA,524129,VINYLINDIA,INE250B01029,Commodity Trading  & Distribution,Commercial Services & Supplies,264.35,264.35,484.74,59.07,48.54,49.74,48.12,46.52,45.87,62.84,10.42,12.19,237.78,222.96,225.41,252.18,255.9,257.1,251.22,235.92,235.14,3.15,1.88,1.26,1.16,21.84,-2.25,12.7,23.66
Vipul Ltd.,VIPULLTD,511726,VIPULLTD,INE946H01037,Realty,Realty,9,9,126.86,48.24,39.64,42.31,41.87,44.79,61.75,33.94,-0.38,-0.32,10.25,10.97,11.07,10.21,9.48,9.78,10.03,10.51,10.65,-0.53,-0.03,0.4,0.4,-7.36,6.64,0.49,21.06
Virinchi Ltd.,VIRINCHI,532372,VIRINCHI,INE539B01017,IT Software Products,Software & Services,16.83,16.83,184.54,33.8,27.78,28.55,45.12,37.7,47.28,45.97,-0.05,0,17.35,17.77,19.73,23.64,17.51,17.71,17.73,18.23,19.72,0.63,1.34,1.05,1.05,-1.63,-38.65,0.84,16.31
Virtual Galaxy Infotech Ltd.,VGINFOTECH,,VGINFOTECH,INE0VRH01015,Internet Software & Services,Software & Services,145.45,145.45,361.71,54.33,44.65,45.21,44.18,50.85,55.64,61.19,4.89,5.62,142.07,135.04,140.01,155.91,152.16,151.19,148.36,142.13,143.55,0.25,1,,,5.75,-6.6,5.49,15.6
Visa Steel Ltd.,VISASTEEL,532721,VISASTEEL,INE286H01012,Iron & Steel/Interm.Products,Metals & Mining,55.6,55.6,810.59,65.71,54,53.24,48.55,36.1,87.37,84.38,4.12,2.76,36.98,36.19,39.96,43.04,48.26,44.73,41.92,38.92,39.89,0.46,0.97,0.32,-0.01,59.8,-22.57,2.42,37.89
Visagar Polytex Ltd.,VIVIDHA,506146,VIVIDHA,INE370E01029,Textiles,Textiles Apparels & Accessories,0.51,0.51,14.93,36.09,29.66,31.41,42.35,48.5,10.31,40.55,-0.01,0,0.56,0.56,0.59,0.68,0.55,0.56,0.56,0.57,0.6,1.01,1.79,1.53,0.9,-14.52,-32.91,0.04,17.04
Visaka Industries Ltd.,VISAKAIND,509055,VISAKAIND,INE392A01021,Cement & Cement Products,Cement and Construction,74.09,74.09,640.17,63.09,51.85,50.96,49.98,47.08,88.16,77.92,3.21,2.31,64.02,62.01,64.02,72.08,71.92,69.67,67.54,64.68,65.68,0.68,0.94,0.93,0.87,24.19,-5.49,2.92,34.33
Visaman Global Sales Ltd.,VISAMAN,,VISAMAN,INE0BHK01012,Iron & Steel Products,Metals & Mining,115.55,115.55,245.79,77.96,64.07,63.95,63.95,49.74,25.47,48.28,0.19,-1.42,115.58,121.56,123.13,99.6,120.35,117.16,116.54,119.16,116.67,-0.7,-0.51,-0.21,,-0.26,20.36,4.48,27.19
Vishal Mega Mart Ltd.,VMM,544307,VMM,INE01EA01019,Department Stores,Retailing,119.65,119.65,55915.17,49.1,40.35,41.01,47.25,37.67,70.01,53.48,2.72,3.02,117.86,115.26,121.65,132.64,124.13,123.15,121.47,119.17,121.84,0.91,1.35,0.89,,4.64,-14.98,3.77,15.53
Vishnu Chemicals Ltd.,VISHNU,516072,VISHNU,INE270I01022,Specialty Chemicals,Chemicals & Petrochemicals,575.75,575.75,3875.68,72.97,59.97,59.78,67.71,60.25,59.25,53.97,18.4,20.69,557.37,535.03,528.19,511.4,596.31,589.59,578.86,551,532.89,0.78,0.63,0.72,1.05,11.2,14.31,22.03,29.3
Vishnu Prakash R Punglia Ltd.,VPRPL,543974,VPRPL,INE0AE001013,Construction & Engineering,Cement and Construction,41.52,41.52,517.52,46.57,38.27,39.26,38.3,28.56,73.02,53.35,1.28,1.12,40.44,40.44,46.42,80.11,44.34,43.64,42.77,43.11,52.42,1.66,1.92,1.6,,14.28,-52.01,2.69,21.55
Vishnusurya Projects And Infra Ltd.,VISHNUINFR,,VISHNUINFR,INE0PQ001012,Construction & Engineering,Cement and Construction,158,158,409.62,62.81,51.62,56.43,32.27,47.2,50.65,53.08,3,1.77,155.41,156.23,166.37,167.28,169.52,163.03,160.87,160.2,163.29,0.35,0.73,0.27,,7.75,2.72,7.76,20.3
Vishwaraj Sugar Industries Ltd.,VISHWARAJ,542852,VISHWARAJ,INE430N01022,Sugar,"Food, Beverages & Tobacco",5.47,5.47,119.15,49.31,40.52,40.41,38.08,37.48,42.03,49.28,0.09,0.14,5.56,5.48,5.97,7.16,5.8,5.84,5.79,5.73,6.1,0.34,1.1,1.05,0.96,9.16,-27.32,0.31,13.24
Vishwas Agri Seeds Ltd.,VISHWAS,,VISHWAS,INE0S2E01016,Other Agricultural Products,"Food, Beverages & Tobacco",54.8,54.8,54.8,62.91,51.7,52.97,44.57,36.09,92.47,73.38,3.89,1.8,40.1,40.2,45.82,53.44,52.37,47.11,44.29,42.53,45.71,1.42,0.38,0.21,,61.05,-9.84,2.39,30.37
Vision Infra Equipment Solutions Ltd.,VIESL,,VIESL,INE0TR001017,Misc. Commercial Services,Commercial Services & Supplies,305.65,305.65,753.19,87.27,71.72,72.12,68.25,67.8,86.67,75.3,21.89,15.23,283.71,265.41,254.86,234.45,338.82,316.33,302,276.83,260.22,0.54,1.45,1.42,,28.49,57.06,16.54,38.64
Vital Chemtech Ltd.,VITAL,,VITAL,INE0L4K01016,Specialty Chemicals,Chemicals & Petrochemicals,59,59,141.31,60.73,49.91,50.91,49.42,53.63,52.19,55.54,2.14,3.07,57.1,52.09,53.44,55.79,60.15,60.53,59.45,55.67,54.8,0.33,0.72,0.21,0.2,9.51,3.97,2.6,45.86
Viviana Power Tech Ltd.,VIVIANA,,VIVIANA,INE0MEG01014,Power - Electric Utilities,Utilities,755.9,755.9,765.33,57.08,46.91,47.48,46.66,49.48,31.93,51.37,23.08,31.62,775.17,726.67,726.37,802.46,814.05,814.98,802.75,764.87,758.98,1.86,1.39,1.21,0.47,4.55,-17.55,47.27,23.76
Vivid Electromech Ltd.,VIVIDEL,,VIVIDEL,INE24H301028,Electronic Components,Commercial Services & Supplies,803,803,713.69,,,,,,82.79,76.05,,,,,,,748.45,727.02,701.63,,,-1.1,,,,37.05,,41.91,
Vivimed Labs Ltd.,VIVIMEDLAB,532660,VIVIMEDLAB,INE526G01021,Pharmaceuticals,Pharmaceuticals & Biotechnology,6.45,6.45,53.48,36.03,29.61,30.52,38.68,38.24,19.66,46.52,-0.02,0,6.71,6.83,8.85,9.2,6.78,6.85,6.86,7.13,7.91,1.84,1.08,0.21,-0.02,0.3,-35.58,0.37,13.49
Vivo Collaboration Solutions Ltd.,VIVO,,VIVO,INE0IA701014,Internet Software & Services,Software & Services,76,76,15.31,56.23,46.21,45.63,,,47.96,56.6,1.49,1.62,72.26,70.27,74.8,79.52,75.32,75.04,74.14,72.81,74.74,-0.38,-0.03,0.54,,18.75,2.22,1.98,26.7
Viyash Scientific Ltd.,VIYASH,512529,VIYASH,INE807F01027,Pharmaceuticals,Pharmaceuticals & Biotechnology,214.69,214.69,9379.28,73.76,60.62,60.25,50.66,52.06,76.45,65.44,4.69,3.09,204.85,203.3,205.52,201.69,217.36,213.48,210.3,206.36,205.06,1.26,1.44,1.32,1.19,8.88,2.8,8.55,21.82
Vodafone Idea Ltd.,IDEA,532822,IDEA,INE669E01016,Telecom Services,Telecom Services,11.89,11.89,128819.87,76.84,63.15,62.69,60.94,49.86,82.67,82.2,0.54,0.29,9.68,9.77,10.49,9.45,11.35,10.75,10.37,10.07,10.02,0.25,1.39,1.55,1.6,32.39,29.44,0.47,32.65
Voler Car Ltd.,VOLERCAR,,VOLERCAR,INE241X01014,Transport Related Services,Transportation,220.05,220.05,245.21,68.64,56.41,58.24,59.51,66.76,62.44,35.63,0.5,5.25,246.94,238.66,225.81,206.73,243.53,249.33,250.06,242.09,229.32,0.35,0.13,0.1,,-0.13,0.9,12.62,21.68
Voltamp Transformers Ltd.,VOLTAMP,532757,VOLTAMP,INE540H01012,Heavy Electrical Equipment,General Industrials,9284,9284,9392.72,75.4,61.96,62.2,72.41,65.5,30.57,43.01,208.54,473.87,9928.93,9405.27,8544.65,8202.43,9740.2,10302.29,10228.72,9568.92,8951.97,1.29,0.94,1.07,1.32,3.41,28.22,632.96,35.07
Voltas Ltd.,VOLTAS,500575,VOLTAS,INE226A01021,Consumer Electronics,Consumer Durables,1269.6,1269.6,42009.12,50.1,41.17,48.35,60.47,49.94,42.43,38.46,-7.2,9.28,1370.77,1402.44,1409.18,1389.12,1350.14,1387.51,1393.78,1398.42,1399.42,1.02,1.2,1.17,0.88,3.3,-3.89,50.63,20.41
Vraj Iron & Steel Ltd.,VRAJ,544204,VRAJ,INE0S2V01010,Iron & Steel/Interm.Products,Metals & Mining,130.4,130.4,430.09,51.87,42.63,51.45,41.18,40.65,61.62,61.3,3.43,3.44,122.93,120.49,124.46,136.84,132.02,130.31,128.18,124.78,127.17,0.37,1.3,1.18,,9.44,-8.39,4.92,29.85
W S Industries (India) Ltd.,WSI,504220,WSI,INE100D01014,Construction & Engineering,Cement and Construction,69.67,69.67,528.76,51.18,42.06,42.41,43.46,51.99,37.66,46.3,0,0.24,72.59,71.07,76.84,78.1,72.44,72.49,72.52,72.97,74.86,0.48,0.85,0.78,1.06,-6.4,-12.58,3.35,11.66
WOL 3D India Ltd.,WOL3D,,WOL3D,INE0OO201011,Misc. Commercial Services,Commercial Services & Supplies,156,156,100.65,65.09,53.49,51.26,58.48,45.04,58.34,54.57,7.52,9.03,144.3,136.9,146.55,143.53,160.7,159.05,154.68,144.88,142.62,-0.74,-0.09,0.33,,30.85,26.6,6.04,47.36
WPIL Ltd.,,505872,WPIL,INE765D01022,Industrial Machinery,General Industrials,429.9,429.9,4198.87,57.74,49,48.68,44.89,50.64,44.52,55.36,8.34,8.86,412.26,402.24,399.65,414.87,431.53,426.51,421.59,409.7,406.71,1.74,1.13,0.9,0.92,8.04,-5.99,17.47,13.41
Waaree Energies Ltd.,WAAREEENER,544277,WAAREEENER,INE377N01017,Other Electrical Equipment/Products,Consumer Durables,3125.2,3125.2,89896.78,60.14,49.42,49.54,47.76,52.94,40.79,48.26,20.22,54.79,3261.69,3082.51,2973.25,3126.93,3214.46,3258.05,3255.85,3157.45,3090.06,1.45,0.7,1.05,,2.68,-4.77,109.63,18.97
Waaree Renewable Technologies Ltd.,WAAREERTL,534618,WAAREERTL,INE299N01021,Power - Electric Utilities,Utilities,966.7,966.7,10093.57,56.9,46.76,48.02,44,47.71,49.44,53.11,30.79,40.28,975.42,917.59,921.8,1008.05,1030.78,1028.98,1012.44,962.88,957.1,1.57,1.28,1.39,,13.51,-15.72,41.17,33.35
Wakefit Innovations Ltd.,WAKEFIT,544642,WAKEFIT,INE0E7301029,Furniture-Furnishing,Diversified Consumer Services,126.37,126.37,4169.79,21.56,17.72,18.28,24.32,24.9,11.93,24.67,-7.82,-6.66,145.92,157.45,,,131.35,136.49,141.18,153.9,,0.93,1.09,,,-18.87,,6.83,17.84
Walchandnagar Industries Ltd.,WALCHANNAG,507410,WALCHANNAG,INE711A01022,Industrial Machinery,General Industrials,220.73,220.73,1497.48,84.21,69.2,65.39,62.64,48.91,85.86,66.65,22.61,20.94,196.17,181.77,179.13,181.1,253.77,237.46,223.18,196.51,185.86,0.33,1.59,1.45,1.25,44.44,39.04,13.78,47.45
Walpar Nutritions Ltd.,WALPAR,,WALPAR,INE0G2G01015,Pharmaceuticals,Pharmaceuticals & Biotechnology,36.5,36.5,34.27,33.17,27.26,28.05,28.52,38.54,53.05,34.02,-1.88,-1.31,41.72,42.51,44.02,46.03,36.95,38.78,40.05,41.98,43.6,0.02,0.42,-0.17,0.22,-13.4,-23.64,1.44,25.75
Wanbury Ltd.,WANBURY,524212,WANBURY,INE107F01022,Pharmaceuticals,Pharmaceuticals & Biotechnology,249.1,249.1,870.34,65.77,54.05,53.84,52.46,47.97,56.21,54.72,2.16,2.96,248.54,249.69,239.72,247.21,253.41,254.83,253.69,249.24,246.25,0.26,1.05,1.29,1.13,9.9,-3.32,11.54,18.08
We Win Ltd.,WEWIN,543535,WEWIN,INE082W01014,BPO/KPO,Software & Services,66.79,66.79,67.87,75.3,61.88,63.39,49.93,53.25,91.13,73.35,4.3,3.15,53.22,48.43,46.44,48.87,61.46,59.8,57.08,51.58,49.15,-0.26,1.87,1.21,1.05,33.56,38.76,5.18,26.51
WeWork India Management Ltd.,WEWORK,544570,WEWORK,INE085001019,Special Consumer Services,Diversified Consumer Services,496.7,496.7,6814.43,42.99,35.33,35.69,42.29,24.19,31.65,50.17,11.94,14.83,508.68,495.37,541.26,,537.05,536.35,529.09,520.99,542.78,1.44,1.09,,,11.17,-17.08,21.27,34.76
Wealth First Portfolio Managers Ltd.,WEALTH,544536,WEALTH,INE658T01017,Other Financial Services,Banking and Finance,905.2,905.2,964.49,51.22,42.09,50.78,49.74,40.56,53.76,49.67,8.98,9.55,911.25,922.18,911.27,1040.11,943.25,936.76,931.13,923.27,943.36,0.65,1,0.94,0.52,7.82,-16.92,39.23,21.87
Websol Energy Systems Ltd.,WEBELSOLAR,517498,WEBELSOLAR,INE855C01023,Other Electrical Equipment/Products,Consumer Durables,105.23,105.23,4441.37,59.45,48.86,58.25,58.54,44.57,67.13,60.65,10.67,11.21,94.13,79.9,80.02,102.51,116.44,111.16,104.77,90.7,89.03,0.34,1.38,1.29,0.93,39.6,-8.66,6.31,46.69
Weizmann Ltd.,WEIZMANIND,523011,WEIZMANIND,INE080A01014,Textiles,Textiles Apparels & Accessories,85.75,85.75,132.86,59.19,48.64,48.46,48.11,36.84,63.56,58.97,2.58,1.81,80.6,80.89,86.23,97.87,89.02,86.33,84.55,83.4,87.21,2.03,1.48,1.48,1.09,8.17,-17.1,4.61,23.56
Welspun Corp Ltd.,WELCORP,532144,WELCORP,INE191B01025,Iron & Steel Products,Metals & Mining,1319.4,1319.4,34804.53,82.76,68.01,68.13,66.84,54.9,92.32,85.12,104,100.45,1071.47,965.3,875.73,876.24,1291.82,1242.43,1179.25,1031.24,943.25,-0.08,1.23,1.19,1.19,41.86,43.73,44.27,59.1
Welspun Enterprises Ltd.,WELENT,532553,WELENT,INE625G01013,Construction & Engineering,Cement and Construction,488.35,488.35,6759.44,66.67,54.79,53.8,52.63,37.72,58.63,56.16,16.33,16.08,479.68,475.52,483.97,498.86,521.7,514.52,504.1,488.15,488.89,1.55,1.05,1.24,1.23,14.28,-9.25,19.1,38.57
Welspun Investments & Commercials Ltd.,WELINV,533252,WELINV,INE389K01018,Other Financial Services,Banking and Finance,1652.4,1652.4,603.87,84.12,69.13,68.39,66.71,67.3,91.13,75.78,94.11,70.18,1401.5,1350.66,1327.02,1209.88,1661.74,1560.64,1498.63,1395.49,1326,0.06,0.74,0.43,0.04,31.2,45.34,79.96,40.19
Welspun Living Ltd.,WELSPUNLIV,514162,WELSPUNLIV,INE192B01031,Textiles,Textiles Apparels & Accessories,134.37,134.37,12888.13,67.64,55.59,54.27,54.77,41.17,65.14,65.95,3.15,2.84,125.33,122.95,127.39,126.79,133.04,131.5,129.46,126.68,126.94,0.84,1.04,1.45,1.25,10.4,5.39,5.02,13.38
Welspun Specialty Solutions Ltd.,,500365,WELSPLSOL,INE731F01037,Iron & Steel/Interm.Products,Metals & Mining,41.32,41.32,2737.91,75.26,63.87,64.47,61.45,48.56,73.68,55.58,1.79,1.76,38.37,37.18,37.29,36.32,42.6,41.77,40.65,38.53,37.56,0.49,1.18,0.96,0.99,17.42,5.65,2.21,39.47
Wendt (India) Ltd.,WENDT,505412,WENDT,INE274C01019,Abrasives & Bearings,General Industrials,6908,6908,1381.6,60.21,49.48,50.12,39.52,38.55,68.11,56.74,122.93,101.92,6860.2,6766.5,7077.8,8134.39,7164,7106.34,7026.94,6946.76,7214.33,0.99,1.17,0.79,0.8,9.17,-15.26,296.77,18.5
West Coast Paper Mills Ltd.,WSTCSTPAPR,500444,WSTCSTPAPR,INE976A01021,Paper & Paper Products,Commercial Services & Supplies,502.45,502.45,3318.63,72.12,59.27,59.37,50.07,52.94,76.25,65.9,20.36,18.66,473.51,446.29,429.93,453.19,517.98,503.46,491.08,461.94,448.25,1.09,1.23,1.15,1.04,16.72,15.65,21.38,31.46
Western Carriers (India) Ltd.,WCIL,544258,WCIL,INE0CJF01024,Warehousing & Logistics,Transportation,102.06,102.06,1040.55,58.7,48.24,48.88,48.77,35.1,64.75,59.98,3.28,2.6,97.53,99.11,108.16,116.45,108.29,105.88,103.59,102.62,106.56,1.02,1.57,1.27,,15.42,-18.89,3.94,26.24
Westlife Foodworld Ltd.,WESTLIFE,505533,WESTLIFE,INE274F01020,Restaurants,Hotels Restaurants & Tourism,506.85,506.85,7903.63,60,49.31,48.76,44.41,35.44,57.6,61.55,9.11,5.6,469.69,469.21,493.57,576.21,497.79,487.9,481.36,479.87,503.38,1.33,0.47,0.42,0.47,9.24,-14.35,19.6,29.53
Wheels India Ltd.,WHEELS,590073,WHEELS,INE715A01015,Auto Parts & Equipment,Automobiles & Auto Components,1277.5,1277.5,3121.32,84.96,69.82,70.12,68.38,59.72,90.94,77.82,86.25,65.48,1094.49,1025.63,931.87,880.84,1295.46,1223.85,1168.2,1057.95,977.62,1.28,1.08,0.97,1.01,33.76,44.67,59.99,43.73
Whirlpool of India Ltd.,WHIRLPOOL,500238,WHIRLPOOL,INE716A01013,Consumer Electronics,Consumer Durables,861.8,861.8,10933.81,49.16,40.4,49.36,46.46,35,70.16,46.94,27.08,31.73,894.45,885.6,876.4,1072.9,958.64,952.24,935.91,905.89,933.34,1.33,1.07,0.94,0.67,7.61,-33.79,32.23,27.89
Williamson Magor & Company Ltd.,WILLAMAGOR,519224,WILLAMAGOR,INE210A01017,Finance (including NBFCs),Banking and Finance,28.05,28.05,30.73,58.02,47.68,47.89,47.42,40.08,82.05,59.59,0.48,0.33,26.44,26.47,27.81,30.61,28.1,27.59,27.26,27.11,28.01,1.67,0.95,0.95,0.84,9.76,-12.98,2.07,17.16
Wim Plast Ltd.,,526586,WIMPLAST,INE015B01018,Plastic Products,General Industrials,362.4,362.4,435,43.63,37.03,39.5,37.97,38.28,53.99,41.16,0.7,2.42,372.23,367.42,397.4,446.64,376.06,375.91,375.58,379.28,399.05,1.03,1.02,0.93,0.82,-2.98,-29.49,13.68,20.13
Windlas Biotech Ltd.,WINDLAS,543329,WINDLAS,INE0H5O01029,Pharmaceuticals,Pharmaceuticals & Biotechnology,772.2,772.2,1620.72,54.66,44.92,45.7,46.55,48.96,37.22,40.81,10.44,19.77,827.1,793.13,796.11,859.32,842.23,843.54,839,817.02,816.74,1.31,0.8,0.72,0.92,1.4,-14.82,27.76,16.89
Windsor Machines Ltd.,WINDMACHIN,522029,WINDMACHIN,INE052A01021,Industrial Machinery,General Industrials,305.25,305.25,2787,69.83,57.39,57.41,55.44,47.16,56.35,62.68,15.51,14.22,270.9,257.07,259.2,282.06,308.92,298.52,288.86,270.47,268.15,1.36,1.08,1.21,1.32,23.11,3.54,13.27,35.35
Winny Immigration & Education Services Ltd.,WINNY,,WINNY,INE0S9101013,Travel Support Services,Diversified Consumer Services,49.5,49.5,10.74,31.98,26.28,25.28,27,22.21,49.07,51.59,-2.98,-4.32,47.91,55.93,79.15,172.27,45.51,45.25,46.63,58.07,89.09,-1.78,-0.5,-0.12,,17.86,-80.63,3.14,21.07
Winsol Engineers Ltd.,WINSOL,,WINSOL,INE0S3D01016,Construction & Engineering,Cement and Construction,140.6,140.6,162.18,58.49,48.07,48.3,47.86,39.29,73.6,66.52,6.47,5.19,126.47,125.46,135,163.04,145.38,139.98,135.66,131.39,138.85,2.02,1.93,1.36,,19.19,-23.78,6.11,21.05
Winsome Yarns Ltd.,WINSOME,514348,WINSOME,INE784B01035,Textiles,Textiles Apparels & Accessories,2.04,2.04,14.42,64.85,53.29,52.72,51.87,35.42,74.87,84,0.08,0.05,1.78,1.76,1.78,1.86,2.01,1.93,1.87,1.8,1.8,-0.17,0.28,0.22,5.63,24.55,11.23,0.04,31.01
Wipro Ltd.,WIPRO,507685,WIPRO,INE075A01022,IT Consulting & Software,Software & Services,189.57,189.57,198941.28,39.56,32.51,32.57,41.54,36.34,26.65,42.19,-1,-0.4,199.89,198.83,223.21,235.52,198.17,199.65,200.23,204.92,216.12,0.82,0.48,0.73,0.89,-3.31,-17.33,4.02,14.41
Wise Travel India Ltd.,WTICAB,,WTICAB,INE623Y01011,Transport Related Services,Transportation,96.1,96.1,228.83,45.66,37.52,37.24,46.49,36.22,39.24,48.48,0.29,0.48,99.62,103.59,115.75,141.16,102.33,103.65,103.33,106.23,116.06,-0.07,-0.57,-0.32,,7.76,-33.89,6.4,13.19
Wockhardt Ltd.,WOCKPHARMA,532300,WOCKPHARMA,INE049B01025,Pharmaceuticals,Pharmaceuticals & Biotechnology,1570.4,1570.4,25517.78,69.96,57.49,57.03,53.21,48.55,87.32,67.15,80.41,59,1388.16,1343.12,1369.66,1410.3,1624.7,1527.43,1474.05,1396.64,1380.94,1.06,1.28,1.05,1.29,20.43,19.07,73.9,40.49
Womancart Ltd.,WOMANCART,,WOMANCART,INE0Q9601016,Internet & Catalogue Retail,Retailing,113.45,113.45,93.17,22.5,18.49,18.61,22.39,47.86,13.96,30.55,-14.81,-8.93,159.2,162.05,198.67,230.84,118.96,136.92,147.03,165.76,190.27,0.68,1.6,0.91,,-36.42,-63.99,12.24,27.34
Wonder Electricals Ltd.,WEL,543449,WEL,INE02WG01024,Household Appliances,Consumer Durables,101.39,101.39,1358.71,42.67,35.07,34.83,32.76,23.05,67.64,44.94,-1.11,-2.66,98.79,114.5,130.85,142.09,105.33,103.84,103.79,112.54,125.06,1.18,0.85,0.83,0.72,30.04,-32.38,5.65,17.47
Wonderla Holidays Ltd.,WONDERLA,538268,WONDERLA,INE066O01014,Other Leisure Facilities,Diversified Consumer Services,479.6,479.6,3041.18,38.54,31.67,40.38,44.64,51.4,60.99,31.4,-2.9,1.93,525.27,515.77,515.39,556.99,515.14,519.57,522.4,520.74,527.45,0.97,0.63,0.69,0.74,-9.1,-15.01,20.28,11.47
Worth Peripherals Ltd.,WORTHPERI,544577,WORTHPERI,INE196Y01018,Containers & Packaging,Commercial Services & Supplies,136.09,136.09,214.36,64.22,52.78,51.42,43.49,40.59,38.47,56.72,1.73,1.59,134.16,133.67,136.27,144.81,139.42,138.2,137.09,135.73,137.58,0.35,0.99,1.01,0.89,6.67,-10.59,5.12,14.95
Xchanging Solutions Ltd.,XCHANGING,532616,XCHANGING,INE692G01013,IT Consulting & Software,Software & Services,65.46,65.46,729.25,56.04,46.05,47.77,47.9,36.18,71.73,60.01,2.06,1.86,62.64,61.95,68.8,78.14,68.74,67.31,65.94,65.05,68.82,1.31,1.8,1.35,1.25,9.33,-26.38,2.5,23.94
Xelpmoc Design and Tech Ltd.,XELPMOC,542367,XELPMOC,INE01P501012,Internet Software & Services,Software & Services,102.29,102.29,151.38,51.58,42.39,31.36,41.05,44.93,45.69,54.82,-1.56,-1.61,99.9,105.51,119.03,114.37,98.44,100.45,101.2,106.45,112.12,-0.69,1.44,0.99,1.03,4.46,-16.88,7.14,12.98
Xpro India Ltd.,XPROINDIA,590013,XPROINDIA,INE445C01015,Containers & Packaging,Commercial Services & Supplies,1096.4,1096.4,2573.29,69.7,57.28,57.13,47.51,51.73,66.76,62.06,33.59,25.29,1052.45,989.16,977.01,1046.21,1121.88,1088.34,1067.41,1022.38,1011.05,1.63,0.99,0.86,0.76,9.4,2.25,52.65,34.15
Xtglobal Infotech Ltd.,XTGLOBAL,531225,XTGLOBAL,INE547B01028,IT Consulting & Software,Software & Services,30.53,30.53,409.48,60.28,49.54,49.49,47.15,38.63,57.44,54.44,0.4,0.38,30.87,31.44,31.65,34.33,32.15,32.03,31.77,31.49,32.17,1.39,1.48,1.24,,11.41,-18.28,1.84,18.88
YES Bank Ltd.,YESBANK,532648,YESBANK,INE528G01035,Banks,Banking and Finance,22.06,22.06,69236.48,63.82,52.45,53.86,50.25,39.18,85.19,74.19,0.81,0.47,19.66,19.65,20.69,20.95,22.15,21.23,20.66,20.2,20.46,1.32,1.26,1.13,1.14,19.22,-1.39,0.65,33.78
Yaap Digital Ltd.,YAAP,,YAAP,INE0U0J01015,Advertising & Media,Media,210.75,210.75,441.16,,,,,,88.28,70.18,15.52,14.16,174.35,,,,208.01,198.84,189.34,,,-0.56,,,,30.83,,10.54,20.12
Yash Optics & Lens Ltd.,YASHOPTICS,,YASHOPTICS,INE0TO601017,Healthcare Services,Healthcare,135.4,135.4,335.33,64.32,52.86,54.48,54.88,52.37,80.92,73.24,4.45,3.1,116.83,114.1,117.39,117.73,129.42,124.66,121.69,117.65,116.79,0.05,0.33,0.14,,15.34,-0.11,5.44,17.61
Yasho Industries Ltd.,YASHO,541167,YASHO,INE616Z01012,Specialty Chemicals,Chemicals & Petrochemicals,1683.7,1683.7,2030.05,66.27,54.46,53.42,44.3,50.34,78.63,74.09,37.57,22.8,1478.57,1466.87,1421.56,1567.83,1564.16,1539.9,1514.96,1474.73,1481.07,-0.73,0.92,0.81,,16.66,2.22,72.8,14.84
Yasons Chemex Care Ltd.,YCCL,,YCCL,INE08S201019,Specialty Chemicals,Chemicals & Petrochemicals,10,10,19.3,59.26,48.7,32.97,37.35,39.02,54.28,57.26,0.05,-0.14,10.17,10.65,11.53,12.33,10.65,10.45,10.37,10.7,11.37,-1.75,0.38,-0.02,,4.76,-9.09,0.5,13.03
Yatharth Hospital & Trauma Care Services Ltd.,YATHARTH,543950,YATHARTH,INE0JO301016,Healthcare Facilities,Healthcare,817.65,817.65,7878.42,75.87,62.35,62.87,58.99,54.65,87.17,72.18,39.7,33.3,744.6,715.67,684.96,714.07,836.78,810.59,785.47,735.87,711.33,0.94,1.11,0.94,,21.92,4.23,33.56,34.36
Yatra Online Ltd.,YATRA,543992,YATRA,INE0JR601024,Travel Support Services,Diversified Consumer Services,97.5,97.5,1529.93,34,27.94,30.69,26.39,34.49,41.26,42.53,-1.75,-1.01,107.75,108.83,135.41,141.64,105.61,107.92,108.91,115.31,125.92,4.76,1.8,1.66,,-1.89,-28.97,7.07,18.56
Yudiz Solutions Ltd.,YUDIZ,,YUDIZ,INE09FA01019,IT Consulting & Software,Software & Services,27.55,27.55,28.42,61.43,50.48,42.35,40.43,45.19,56.67,56.04,0.03,-0.16,26.89,28.23,28.84,30.19,27.69,27.72,27.64,28.12,29.01,0.07,0.25,0.23,,13.28,-9.38,1.06,11.76
Yuken India Ltd.,YUKEN,522108,YUKEN,INE384C01016,Compressors & Pumps,General Industrials,698.9,698.9,949.39,48.58,39.92,39.73,47.01,37.62,45.15,50.38,9.45,11.07,701.96,708.98,760.88,865.68,736.92,733.55,727.36,727.61,764.14,0.32,0.64,0.54,0.86,19.05,-23.28,28.67,13.95
Z-Tech (India) Ltd.,ZTECH,,ZTECH,INE0ISZ01012,Construction & Engineering,Cement and Construction,590.7,590.7,854.05,60.98,50.11,58,57.43,48.14,55.12,62.78,20.27,21.07,573.47,545.83,573.6,568.88,613.06,607.27,594.95,570.93,565.71,-0.08,0.77,0.51,,12.04,7.48,20.98,28.16
ZF Commercial Vehicle Control Systems India Ltd.,ZFCVINDIA,533023,ZFCVINDIA,INE342J01019,Auto Parts & Equipment,Automobiles & Auto Components,14651,14651,27789.43,67.9,55.8,55.3,64.56,54.09,50.82,50.66,84.15,129.43,14419.77,14376.88,14598.26,14011,14589.2,14654.87,14607.33,14504.42,14377.73,0.5,0.83,0.83,0.56,1.07,13.55,448.66,20.54
ZF Steering Gear (India) Ltd.,,505163,ZFSTEERING,INE116C01012,Auto Parts & Equipment,Automobiles & Auto Components,762,762,691.39,50.18,42.59,44.16,40.18,49.81,44.52,45.63,12.12,20.52,774.59,747.4,759.88,883.22,798.44,800.68,794.88,775.05,792.61,1.34,1.29,0.84,0.92,5.16,-17.48,42.99,24.4
Zaggle Prepaid Ocean Services Ltd.,ZAGGLE,543985,ZAGGLE,INE07K301024,IT Software Products,Software & Services,282.48,282.48,3798.18,45.51,37.4,38.39,38.72,44.05,63.31,52.59,3.86,4.47,243.55,233.9,272.42,323.01,252.56,251.86,249.5,250.24,271.37,1.74,1.99,1.88,,0.46,-30.46,11.38,14.54
Zeal Global Services Ltd.,ZEAL,,ZEAL,INE0PPS01018,Warehousing & Logistics,Transportation,70,70,93.17,36.55,30.04,28.88,36.93,45.23,13.96,47.5,-0.62,0.16,72.34,73.74,80.94,99.6,71.56,73.09,73.57,75.32,82.39,1.83,1.38,0.66,,9.09,-33.33,4.18,20.89
Zee Entertainment Enterprises Ltd.,ZEEL,505537,ZEEL,INE256A01028,Broadcasting & Cable TV,Media,86.12,86.12,8271.99,60.39,49.63,50.7,48.37,36.38,74.25,55.65,3.4,3.11,83.88,82.65,86.07,98.49,93.03,90.85,88.64,85.84,88.41,1.67,1.44,1.06,1.27,14.7,-11.36,3.96,34.59
Zee Learn Ltd.,ZEELEARN,533287,ZEELEARN,INE565L01011,Education,Diversified Consumer Services,5.7,5.7,186.43,55.41,45.54,45.56,44.52,30.49,72.57,71.41,0.22,0.08,5.09,5.24,5.99,7.4,5.86,5.58,5.41,5.45,5.98,0.71,1.1,0.78,0.66,21.71,-27.52,0.33,26.12
Zee Media Corporation Ltd.,ZEEMEDIA,532794,ZEEMEDIA,INE966H01019,Broadcasting & Cable TV,Media,7.78,7.78,486.58,49.2,40.43,39.65,47.79,32.26,48.99,48.91,0.12,0.14,7.93,7.94,8.37,9.9,8.3,8.29,8.21,8.17,8.6,1.7,1.2,1.12,1.46,7.41,-18.8,0.36,19.46
Zen Technologies Ltd.,ZENTEC,533339,ZENTEC,INE251B01027,Aerospace & Defence,General Industrials,1587,1587,14329.09,70.37,57.83,56.86,56.95,55.52,62.83,56.82,38.19,51.54,1547.64,1485.33,1412.8,1441.41,1594.82,1615.83,1596.32,1517.04,1468.85,1.13,0.87,0.82,0.93,12.85,16.33,79.05,21.63
Zenith Drugs Ltd.,ZENITHDRUG,,ZENITHDRUG,INE0QWN01013,Pharmaceuticals,Pharmaceuticals & Biotechnology,39,39,66.88,35.76,29.39,37.61,28.3,33.56,14.42,44.89,-0.36,-0.28,41.62,42.78,46.28,55.32,42.16,41.76,41.96,43.31,46.88,0.73,1.15,0.95,,-2.06,-34.04,2.17,19.82
Zenith Exports Ltd.,ZENITHEXPO,512553,ZENITHEXPO,INE058B01018,Textiles,Textiles Apparels & Accessories,205.15,205.15,110.7,54.92,45.13,42.89,54.46,38.91,45.94,53.93,2.92,4.84,206.65,199.96,206.25,226.23,208.92,212.71,211.3,206.76,210.3,0.72,-0.52,-0.22,-0.06,14.51,-8.18,10.57,18.92
Zenith Steel Pipes & Industries Ltd.,ZENITHSTL,531845,ZENITHSTL,INE318D01020,Iron & Steel/Interm.Products,Metals & Mining,6.1,6.1,86.79,54.7,44.95,44.76,41.28,39.3,13.22,52.47,0.18,0.26,5.97,5.7,5.98,7.02,6.32,6.34,6.25,5.99,6.17,0.75,0.81,0.53,0.63,20.04,-26.45,0.39,22.22
Zensar Technologies Ltd.,ZENSARTECH,504067,ZENSARTECH,INE520A01027,IT Consulting & Software,Software & Services,508.65,508.65,11571.57,35.57,29.23,29.13,27.18,37.51,28.07,42.32,-11.98,-9.68,545.85,550.67,615.82,697.01,521.59,530.6,538.12,562.04,605.49,1.72,0.82,0.92,1.01,-4.67,-28.81,18.95,26.17
Zerodha Gold ETF,GOLDCASE,544132,GOLDCASE,INF0R8F01042,Others,Others,23.73,23.73,,,58.63,56.46,,,53.75,48.2,-0.04,-0.06,23.38,23.87,23.36,20.63,23.53,23.51,23.53,23.54,22.87,0.33,0.67,0.45,,-0.85,23.75,0.82,10.76
Zerodha Nifty 100 ETF,TOP100CASE,544194,TOP100CASE,INF0R8F01067,Others,Others,10.17,10.17,,,44.29,52.32,,,38.93,48.43,0.06,0.06,10.27,10.32,10.65,10.72,10.49,10.45,10.42,10.42,10.54,0.88,0.98,0.93,,0.48,-5.65,0.31,13.79
Zerodha Nifty 1D Rate Liquid ETF,LIQUIDCASE,544089,LIQUIDCASE,INF0R8F01034,Others,Others,114.02,114.02,,,50.43,50.43,,,100,100,0.16,0.16,113.66,113.42,112.87,111.76,113.95,113.87,113.78,113.43,112.87,0,0,0,,0.41,2.48,0.04,99.01
Zerodha Nifty 50 ETF,NIFTYCASE,544586,NIFTYCASE,INF0R8F01166,Others,Others,9.34,9.34,,,34.37,42.3,,,38.31,46.49,0.03,0.03,9.47,9.55,9.89,,9.62,9.6,9.58,9.63,9.83,0.96,0.93,,,-0.42,-6.77,0.26,23.39
Zerodha Nifty 8-13 Yr G-Sec ETF,LTGILTCASE,544486,LTGILTCASE,INF0R8F01133,Others,Others,29.64,29.64,,,29.14,28.45,,,70.52,47.39,0,-0.01,29.69,29.79,29.75,,29.74,29.73,29.73,29.75,29.72,0.2,0.11,,,,0.07,0.67,15.62
Zerodha Nifty Midcap 150 ETF,MID150CASE,544193,MID150CASE,INF0R8F01059,Others,Others,11.02,11.02,,,54.65,55.16,,,56,63.18,0.22,0.2,10.74,10.65,10.81,10.82,11.32,11.18,11.04,10.83,10.79,0.85,1.05,0.99,,7.73,2.08,0.34,10.97
Zerodha Nifty Smallcap 100 ETF,SML100CASE,544507,SML100CASE,INF0R8F01141,Others,Others,10.17,10.17,,,43.14,43.37,,,78.86,72.92,0.31,0.27,9.72,9.53,9.64,,10.49,10.3,10.1,9.77,9.76,0.88,1.02,,,12.61,1.74,0.41,46.69
Zerodha Silver ETF,SILVERCASE,544384,SILVERCASE,INF0R8F01091,Others,Others,26.79,26.79,,,70.88,70.7,,,58.15,58.02,0.17,0,24.23,24.88,25.15,19.65,25.11,24.82,24.68,24.66,23.62,1.15,1.36,0.94,,4.75,72.26,0.93,17.63
Zim Laboratories Ltd.,ZIMLAB,541400,ZIMLAB,INE518E01015,Pharmaceuticals,Pharmaceuticals & Biotechnology,104.65,104.65,560.39,77.98,64.08,63.38,61.42,51.21,92.76,84.92,7.9,5.98,79.78,74.85,73.51,76.01,98.83,93.38,88.22,79.59,76.5,0.69,1.1,0.93,0.83,53.97,50,5.99,44.12
Zodiac Clothing Company Ltd.,ZODIACLOTH,521163,ZODIACLOTH,INE206B01013,Other Apparels & Accessories,Textiles Apparels & Accessories,76.56,76.56,210.22,59.88,49.21,47.86,47.15,37.6,66.49,56.63,2.06,1.93,74.22,73.86,78.94,88.78,80.14,79.12,77.77,76.63,79.78,1.97,1.51,1.15,0.95,8.95,-19.76,3.81,31.2
Zodiac Energy Ltd.,ZODIAC,543416,ZODIAC,INE761Y01019,Power - Electric Utilities,Utilities,300.4,300.4,454.32,51.62,42.42,43.69,52.17,46.78,85.23,56.05,14.72,17.94,291.83,271.22,275.87,333.02,318.9,318.99,310.61,290.1,294.01,-0.78,1.45,1.33,0.82,14.45,-16.78,21.21,33.5
Zota Healthcare Ltd.,ZOTA,,ZOTA,INE358U01012,Pharmaceuticals,Pharmaceuticals & Biotechnology,1208.3,1208.3,4184.66,50.96,41.88,43.06,50.96,43.18,44.58,45.23,19.21,27.31,1246.94,1217.41,1320.37,1376.25,1293.26,1292.17,1281.21,1267.95,1297.07,0.89,1.44,1.25,1.05,1.83,-20.15,46.93,27.21
Zuari Agro Chemicals Ltd.,ZUARI,534742,ZUARI,INE840M01016,Fertilizers,Fertilizers,232.63,232.63,978.4,50.11,41.18,50.27,49.56,36.15,68.21,52.81,6.63,7.23,225.19,218.79,251.75,269.22,242.62,239.73,235.54,232.12,241.48,1.34,1.6,1.46,1.41,9.26,-3.98,9.22,17.98
Zuari Industries Ltd.,ZUARIIND,500780,ZUARIIND,INE217A01012,Sugar,"Food, Beverages & Tobacco",256.85,256.85,764.93,48.62,39.96,50,48.74,38.84,62.61,51.41,6.49,6.79,255.98,251.07,270.61,295.48,275.91,269.94,265.87,261.34,269.93,1.06,1.23,1.27,1.4,6.55,-17.65,10.57,27.15
Zydus Lifesciences Ltd.,ZYDUSLIFE,532321,ZYDUSLIFE,INE010B01027,Pharmaceuticals,Pharmaceuticals & Biotechnology,930.65,930.65,93645.17,65.77,54.05,53.56,40.57,42.61,67.64,62.26,8.85,6.44,912.97,909.85,906.78,942.71,937.67,929.63,923.91,914.64,917.14,0.52,0.7,0.71,0.7,7.34,-1.52,22.87,18.35
Zydus Wellness Ltd.,ZYDUSWELL,531335,ZYDUSWELL,INE768C01028,Packaged Foods,FMCG,506.65,506.65,16119.61,67.8,55.72,55.61,54.13,55.03,77.39,60.98,14.37,16.13,489.69,452.81,440.48,443.69,509.03,504.71,496.88,470.11,452.88,-0.04,0.71,0.69,0.53,6.26,10.59,20.35,41.78
delaPlex Ltd.,DELAPLEX,,DELAPLEX,INE0SK801018,IT Consulting & Software,Software & Services,123.85,123.85,112.83,64.47,50.89,52.98,50.98,38.83,61.46,56.65,7.6,6.25,109.38,106.34,113.93,128.94,132.29,124.01,118.99,112.66,116.29,1.98,0.07,0.11,,19.09,-18.92,7.95,26.95
eClerx Services Ltd.,ECLERX,532927,ECLERX,INE738I01010,BPO/KPO,Software & Services,1638.4,1638.4,15409.27,56.5,46.79,46.43,25.57,37.01,53.75,58.75,19.96,-7.54,1512.8,1524.27,1861.26,1997.18,1634.06,1564.98,1545.14,1605.91,1750.05,1.28,1.05,1.1,0.9,9.53,-28.3,79.3,21.8
eMudhra Ltd.,EMUDHRA,543533,EMUDHRA,INE01QM01018,Misc. Commercial Services,Commercial Services & Supplies,471.2,471.2,3902.09,48.84,38.51,40.14,39.08,43.94,58.96,45.25,12.07,15.07,475.06,451.83,497.07,592.1,506.21,497.61,490.63,480.11,506.38,0.87,0.98,0.87,0.61,-1.04,-25.87,21.81,34.8
ideaForge Technology Ltd.,IDEAFORGE,543932,IDEAFORGE,INE349Y01013,Aerospace & Defence,General Industrials,732.6,732.6,3178.58,88.34,72.02,72.6,67.17,40.25,92.52,67.33,93.14,76.06,540.74,494.29,467.91,474.07,789.29,703.8,643.11,541.17,498.42,2,1.11,1.05,,70.43,61.19,45.12,47.09