Stock Name,NSE Code,BSE Code,Stock Code,ISIN,Industry Name,sector_name,Current Price,Current Price,Market Capitalization,PE TTM Price to Earnings,Forecaster Estimates 1Y forward PE,PE 3Yr Average,PE 5Yr Average,%Days traded below current PE Price to Earnings,Sector PE TTM,Industry PE TTM,PEG TTM PE to Growth,Forecaster Estimates 1Y forward PEG,Sector PEG TTM,Industry PEG TTM,Price to Book Value Adjusted,%Days traded below current Price to Book Value,Sector Price to Book TTM,Industry Price to Book TTM,Basic EPS TTM,EPS TTM Growth %,ROE Annual %,Sector Return on Equity ROE,Industry Return on Equity ROE,RoA Annual %,Sector Return on Assets,Industry Return on Assets,Piotroski Score,sector_name,Industry Name,Latest financial result,Result Announced Date
20 Microns Ltd.,20MICRONS,533022,20MICRONS,INE144J01027,Coal & Mining,Metals & Mining,174.65,174.65,616.28,9.57,Export NA,12.94,11.47,56.83,23.8,13.83,1.6,Export NA,1.11,3.11,1.31,51.38,5.3,4.81,18.26,5.97,14.52,19.76,23.55,8.72,9.83,10.77,4,Metals & Mining,Coal & Mining,2025-12-31,2026-05-22
360 ONE Gold ETF,GOLD360,544375,GOLD360,INF579M01BB5,Others,Others,147.3,147.3,,,Export NA,,,,,,,Export NA,,,,,,,,,,,,,,,,Others,Others,,
360 ONE Silver ETF,SILVER360,544389,SILVER360,INF579M01BC3,Others,Others,258.59,258.59,,,Export NA,,,,,,,Export NA,,,,,,,,,,,,,,,,Others,Others,,
360 One Wam Ltd.,360ONE,542772,360ONE,INE466L01038,Capital Markets,Banking and Finance,1078.1,1078.1,43802.69,36.02,Export NA,46.21,39.23,56.33,22.6,49.83,1.82,Export NA,2.78,1.85,4.53,28.84,6.23,18.07,29.93,19.78,12.36,16.76,28.37,4.47,4.85,12.93,3,Banking and Finance,Capital Markets,2026-03-31,2026-04-21
3B BlackBio Dx Ltd.,,532067,3BBLACKBIO,INE994E01018,Agrochemicals,Chemicals & Petrochemicals,1230.45,1230.45,1056.06,18.39,Export NA,32.09,25.12,47.5,42.23,30.4,0.94,Export NA,3.64,3.17,3.29,63.68,6.18,3.87,66.91,19.52,17.76,13.61,11.71,16.12,9.15,7.88,6,Chemicals & Petrochemicals,Agrochemicals,2025-12-31,2026-02-06
3M India Ltd.,3MINDIA,523395,3MINDIA,INE470A01017,Industrial Machinery,General Industrials,31000,31000,34921.81,92.3,Export NA,70.36,76.41,72.78,58.9,58.76,-2.9,Export NA,5.74,4.45,22.55,99.86,14.56,20.55,335.85,-31.86,25.78,19.77,24.18,15.79,10.29,13.59,7,General Industrials,Industrial Machinery,2025-12-31,2026-02-12
3P Land Holdings Ltd.,3PLAND,516092,3PLAND,INE105C01023,Realty,Realty,33.5,33.5,60.3,28.26,Export NA,38.72,34.05,46.88,37.63,37.32,9.92,Export NA,1.72,1.77,0.36,5.37,3.69,4.38,1.19,2.85,1.49,10.17,11.27,1.36,4.54,5.37,4,Realty,Realty,2025-12-31,2026-05-16
3i Infotech Ltd.,3IINFOLTD,532628,3IINFOLTD,INE748C01038,IT Consulting & Software,Software & Services,17.5,17.5,362.94,10.24,Export NA,7.62,334.47,78.22,22.39,21.42,-0.29,Export NA,10.02,10.72,0.99,25.33,6.84,6.86,1.71,-35.13,9.3,28.07,30.42,5.35,17.17,18.42,3,Software & Services,IT Consulting & Software,2026-03-31,2026-05-08
5Paisa Capital Ltd.,5PAISA,540776,5PAISA,INE618L01018,Capital Markets,Banking and Finance,306.15,306.15,1435.3,32.48,Export NA,33.29,55.47,58.77,22.6,49.83,-0.92,Export NA,2.78,1.85,1.3,0.05,6.23,18.07,9.42,-35.24,6.8,16.76,28.37,2.31,4.85,12.93,2,Banking and Finance,Capital Markets,2026-03-31,2026-04-30
63 Moons Technologies Ltd.,63MOONS,526881,63MOONS,INE111B01023,IT Consulting & Software,Software & Services,662.1,662.1,3050.86,-89.9,Export NA,58.66,58.66,,22.39,21.42,-14.71,Export NA,10.02,10.72,0.88,86.11,6.84,6.86,-7.36,6.11,-0.97,28.07,30.42,-0.9,17.17,18.42,3,Software & Services,IT Consulting & Software,2025-12-31,2026-05-18
A G Universal Ltd.,AGUL,,AGUL,INE0O6N01012,Iron & Steel Products,Metals & Mining,59.95,59.95,32.88,24.22,Export NA,,,87.01,23.8,30.63,,Export NA,1.11,1.79,1.71,30.51,5.3,6.46,2.48,,7.22,19.76,18.83,2.69,9.83,10.86,3,Metals & Mining,Iron & Steel Products,2025-03-31,2025-11-14
A2Z Infra Engineering Ltd.,A2ZINFRA,533292,A2ZINFRA,INE619I01012,Construction & Engineering,Cement and Construction,16.15,16.15,286.7,120.3,Export NA,33.48,33.48,86.99,35.74,31.41,-3.3,Export NA,3.26,5.1,6.38,78.01,4.05,4.95,0.13,-36.42,22.15,11.25,12.93,1.8,4.61,4.29,8,Cement and Construction,Construction & Engineering,2025-12-31,2026-02-11
AAA Technologies Ltd.,AAATECH,543671,AAATECH,INE0D0U01013,Consulting Services,Commercial Services & Supplies,99.24,99.24,127.29,37.28,Export NA,38.29,,68.86,31.83,18.83,1.24,Export NA,2.32,3.97,4.06,67.57,5.75,5.68,2.66,30.19,11.38,13.46,23.36,10.78,6.61,14.6,5,Commercial Services & Supplies,Consulting Services,2025-12-31,2026-02-13
AB Cotspin India Ltd.,ABCOTS,544522,ABCOTS,INE08PH01015,Textiles,Textiles Apparels & Accessories,225.13,225.13,494.47,48.42,Export NA,47.7,,20.67,53.79,32.96,1.52,Export NA,2.24,6.53,3.28,0.98,15.41,3.67,4.65,31.85,9.22,22.86,11.51,3.54,8.26,7.43,5,Textiles Apparels & Accessories,Textiles,2025-12-31,2026-02-11
AB Infrabuild Ltd.,ABINFRA,544281,ABINFRA,INE00YB01025,Construction & Engineering,Cement and Construction,13.75,13.75,878.34,43.7,Export NA,16.16,15.99,78.34,35.74,31.41,0.53,Export NA,3.26,5.1,5.38,86.7,4.05,4.95,0.31,82.05,14.6,11.25,12.93,6.47,4.61,4.29,3,Cement and Construction,Construction & Engineering,2025-12-31,2026-02-13
ABB India Ltd.,ABB,500002,ABB,INE117A01022,Heavy Electrical Equipment,General Industrials,6328.5,6328.5,134106.23,45.04,Export NA,120.12,102.52,0.96,58.9,71.23,0.78,Export NA,5.74,3.65,17.11,82.14,14.56,15.26,140.5,57.78,21.28,19.77,17.01,12.23,10.29,8.7,5,General Industrials,Heavy Electrical Equipment,2026-03-31,2026-05-08
ABM International Ltd.,ABMINTLLTD,,ABMINTLLTD,INE251C01025,Commodity Trading  & Distribution,Commercial Services & Supplies,39.6,39.6,37.26,-6.66,Export NA,,40.2,,31.83,33.18,0,Export NA,2.32,1.21,3.85,76.67,5.75,5.32,-5.94,-3429.72,-10.08,13.46,12.19,-3.68,6.61,4.31,2,Commercial Services & Supplies,Commodity Trading  & Distribution,2025-12-31,2026-02-11
ABM Knowledgeware Ltd.,,531161,ABMKNO,INE850B01026,IT Software Products,Software & Services,223.95,223.95,447.95,39.36,Export NA,25.42,20.03,93.77,22.39,42.73,-1.36,Export NA,10.02,3.5,1.85,92.64,6.84,6.05,5.69,-28.91,6.13,28.07,12.16,5.12,17.17,7.28,5,Software & Services,IT Software Products,2025-12-31,2026-01-30
ABS Marine Services Ltd.,ABSMARINE,,ABSMARINE,INE0QRV01016,Marine Port & Services,Transportation,222.8,222.8,546.97,20.16,Export NA,,,100,36.05,34.26,,Export NA,4.72,5.55,2.09,62.61,8.05,5.76,11.05,,11.77,25.06,13.38,6.27,7.11,6.85,4,Transportation,Marine Port & Services,2025-03-31,2025-11-12
ACC Ltd.,ACC,500410,ACC,INE012A01025,Cement & Cement Products,Cement and Construction,1347,1347,25294.95,11.84,Export NA,16.12,32.21,3.83,35.74,39.23,-1.07,Export NA,3.26,1.71,1.24,0.03,4.05,3.41,113.8,-11.1,10.39,11.25,8.66,7.76,4.61,4.59,5,Cement and Construction,Cement & Cement Products,2026-03-31,2026-04-30
ACME Solar Holdings Ltd.,ACMESOLAR,544283,ACMESOLAR,INE622W01025,Green & Renewable Energy,Utilities,283.8,283.8,17197.48,34.47,Export NA,,,62.94,24.91,30.52,0.35,Export NA,27.85,5.83,3.51,70.03,5.52,10.28,8.23,97.9,9.85,14.21,10.31,1.74,5.38,3.49,5,Utilities,Green & Renewable Energy,2026-03-31,2026-05-07
ACS Technologies Ltd.,,530745,ACSTECH,INE366C01021,Textiles,Textiles Apparels & Accessories,36.39,36.39,220.82,28.89,Export NA,-7.78,-7.78,18.33,53.79,32.96,0.65,Export NA,2.24,6.53,2.11,43.03,15.41,3.67,1.26,44.25,4.88,22.86,11.51,2.94,8.26,7.43,5,Textiles Apparels & Accessories,Textiles,2025-12-31,2026-02-13
ADF Foods Ltd.,ADFFOODS,519183,ADFFOODS,INE982B01027,Packaged Foods,FMCG,265.85,265.85,2920.72,36.3,Export NA,36.29,36.35,75.41,49.72,67.64,25.52,Export NA,14.09,6.77,5.3,75.58,20.61,37.36,7.32,1.42,14.05,37.93,51.25,11.02,19.27,22.23,5,FMCG,Packaged Foods,2025-12-31,2026-05-13
AG Ventures Ltd.,,506579,AGVENTURES,INE321D01016,Commodity Chemicals,Chemicals & Petrochemicals,104.45,104.45,104.35,17.44,Export NA,11.56,14.39,72.15,42.23,39.75,-0.23,Export NA,3.64,7.92,0.39,6.95,6.18,4.79,5.99,-75.11,3.93,13.61,12.96,3.2,9.15,8.15,5,Chemicals & Petrochemicals,Commodity Chemicals,2025-12-31,2026-02-04
AGI Greenpac Ltd.,AGI,500187,AGI,INE415A01038,Containers & Packaging,Commercial Services & Supplies,587.35,587.35,3800,10.81,Export NA,18.42,16.25,13.01,31.83,23.27,1.19,Export NA,2.32,5.49,1.66,47.64,5.75,2.74,54.35,9.07,14.6,13.46,10.99,9.89,6.61,7.3,6,Commercial Services & Supplies,Containers & Packaging,2026-03-31,2026-04-27
AGI Infra Ltd.,AGIIL,539042,AGIIL,INE976R01033,Realty,Realty,365.8,365.8,4468.88,53.26,Export NA,28.68,22.28,99.38,37.63,37.32,1.36,Export NA,1.72,1.77,12.31,100,3.69,4.38,6.87,39.22,22.61,10.17,11.27,5.57,4.54,5.37,5,Realty,Realty,2025-12-31,2026-02-09
AGS Transact Technologies Ltd.,AGSTRA,543451,AGSTRA,INE583L01014,Internet Software & Services,Software & Services,2.47,2.47,31.72,-0.19,Export NA,,,,22.39,32.02,0,Export NA,10.02,2.7,0.06,,6.84,6.82,-13.21,-86.46,-17.34,28.07,8.54,-3.82,17.17,6.62,2,Software & Services,Internet Software & Services,2024-12-31,2025-02-14
AIA Engineering Ltd.,AIAENG,532683,AIAENG,INE212H01026,Castings & Forgings,General Industrials,3749.8,3749.8,34993.28,30.11,Export NA,31.2,32.42,54.05,58.9,64.29,2.48,Export NA,5.74,4.12,4.57,33.7,14.56,7.72,124.53,12.17,15.31,19.77,12.53,13.54,10.29,7.9,7,General Industrials,Castings & Forgings,2025-12-31,2026-01-30
AION-TECH Solutions Ltd.,GOLDTECH,531439,GOLDTECH,INE805A01014,IT Consulting & Software,Software & Services,41.04,41.04,214.48,25.47,Export NA,30.01,713.1,43.78,22.39,21.42,-153.46,Export NA,10.02,10.72,0.72,56.4,6.84,6.86,1.61,-0.17,10.33,28.07,30.42,7.75,17.17,18.42,5,Software & Services,IT Consulting & Software,2025-12-31,2026-02-11
AK Capital Services Ltd.,,530499,AKCAPIT,INE701G01012,Finance (including NBFCs),Banking and Finance,1552.55,1552.55,1024.68,9.86,Export NA,8.96,6.69,96.34,22.6,26.34,0.59,Export NA,2.78,2.13,0.98,97.06,6.23,3.86,157.47,16.78,8.73,16.76,13.65,1.99,4.85,6.73,4,Banking and Finance,Finance (including NBFCs),2025-12-31,2026-02-07
AKG Exim Ltd.,AKG,,AKG,INE00Y801016,Commodity Trading  & Distribution,Commercial Services & Supplies,11.44,11.44,36.35,64.18,Export NA,43.86,48.82,92.54,31.83,33.18,-1.9,Export NA,2.32,1.21,0.68,1.89,5.75,5.32,0.18,-33.76,1.62,13.46,12.19,1.08,6.61,4.31,6,Commercial Services & Supplies,Commodity Trading  & Distribution,2025-12-31,2026-02-13
AMD Industries Ltd.,AMDIND,532828,AMDIND,INE005I01014,Containers & Packaging,Commercial Services & Supplies,46.41,46.41,88.95,-16.64,Export NA,94.09,31.72,,31.83,23.27,0.03,Export NA,2.32,5.49,0.59,64.79,5.75,2.74,-2.79,-611.43,0.63,13.46,10.99,0.31,6.61,7.3,8,Commercial Services & Supplies,Containers & Packaging,2025-12-31,2026-02-11
AMJ Land Holdings Ltd.,AMJLAND,500343,AMJLAND,INE606A01024,Realty,Realty,39.36,39.36,161.38,8.06,Export NA,14.3,15.16,7.83,37.63,37.32,0.22,Export NA,1.72,1.77,0.63,12.67,3.69,4.38,4.89,36.06,9.01,10.17,11.27,7.59,4.54,5.37,9,Realty,Realty,2025-12-31,2026-05-20
ANB Metal Cast Ltd.,AMCL,,AMCL,INE0VG001016,Aluminium and Aluminium Products,Metals & Mining,518,518,613.04,59.83,Export NA,,,100,23.8,12.17,,Export NA,1.11,0.85,7.18,100,5.3,2.67,8.66,,30.16,19.76,21.32,10.45,9.83,9.07,5,Metals & Mining,Aluminium and Aluminium Products,2025-03-31,2025-11-13
ANI Integrated Services Ltd.,AISL,,AISL,INE635Y01015,Misc. Commercial Services,Commercial Services & Supplies,55.9,55.9,65.33,7.26,Export NA,21.18,21.32,0.42,31.83,27.25,-1.01,Export NA,2.32,0.82,0.76,14.41,5.75,5.02,7.7,-7.17,12.75,13.46,17.32,7.21,6.61,12.13,4,Commercial Services & Supplies,Misc. Commercial Services,2025-12-31,2026-02-12
APL Apollo Tubes Ltd.,APLAPOLLO,533758,APLAPOLLO,INE702C01027,Iron & Steel Products,Metals & Mining,1881.2,1881.2,52233.1,43.42,Export NA,60.96,59.86,61.18,23.8,30.63,0.74,Export NA,1.11,1.79,10.63,68.62,5.3,6.46,43.33,58.92,22.71,19.76,18.83,13.61,9.83,10.86,8,Metals & Mining,Iron & Steel Products,2026-03-31,2026-05-02
ARC Insulation & Insulators Ltd.,ARCIIL,,ARCIIL,INE0YDV01010,Plastic Products,General Industrials,60,60,61.78,7.21,Export NA,,,,58.9,35.79,,Export NA,5.74,3.64,1.04,,14.56,7.73,8.32,,33.96,19.77,14.6,21.79,10.29,10.46,4,General Industrials,Plastic Products,2025-03-31,2025-11-14
ART Nirman Ltd.,ARTNIRMAN,,ARTNIRMAN,INE738V01013,Realty,Realty,39.92,39.92,99.62,82.72,Export NA,93.13,460.64,25.12,37.63,37.32,-5.12,Export NA,1.72,1.77,2.64,6.62,3.69,4.38,0.48,-16.15,5.34,10.17,11.27,2.89,4.54,5.37,5,Realty,Realty,2025-12-31,2026-02-13
ASK Automotive Ltd.,ASKAUTOLTD,544022,ASKAUTOLTD,INE491J01022,Auto Parts & Equipment,Automobiles & Auto Components,425.6,425.6,8390.39,29.61,Export NA,41.27,,3.09,32.11,41.7,1.54,Export NA,5.07,3.31,6.78,,6.96,6.81,14.38,19.2,23.73,19.05,15.01,12.87,9.43,7.82,7,Automobiles & Auto Components,Auto Parts & Equipment,2025-12-31,2026-05-19
ATC Energies System Ltd.,ATCENERGY,,ATCENERGY,INE0V0Q01019,Other Electrical Equipment/Products,Consumer Durables,30.25,30.25,61.68,5.42,Export NA,,,,49.58,41.19,,Export NA,1.45,1.34,0.69,,9.42,8.51,5.58,,12.76,20.69,21.67,7.67,10.95,11.03,3,Consumer Durables,Other Electrical Equipment/Products,2025-03-31,2025-11-13
AVATAR Industries Ltd.,AVATAR,,AVATAR,INE617I01024,Other Industrial Products,General Industrials,134,134,139.59,1630.37,Export NA,63.38,53.14,100,58.9,44.01,,Export NA,5.74,4.34,3.95,100,14.56,20.86,0.08,,0.24,19.77,22.24,0.24,10.29,12.05,3,General Industrials,Other Industrial Products,2025-03-31,2025-11-14
AVG Logistics Ltd.,AVG,543910,AVG,INE680Z01018,Warehousing & Logistics,Transportation,161.82,161.82,243.66,11.78,Export NA,17.67,24.18,42.98,36.05,32.42,-0.25,Export NA,4.72,1.7,0.93,17.71,8.05,4.18,13.74,-46.91,8.64,25.06,8.62,4.27,7.11,5.64,7,Transportation,Warehousing & Logistics,2025-12-31,2026-02-14
AVP Infracon Ltd.,AVPINFRA,,AVPINFRA,INE0R9401019,Roads & Highways,Cement and Construction,85.2,85.2,212.82,6.43,Export NA,,,,35.74,6.99,,Export NA,3.26,0.03,1.42,,4.05,1.13,13.25,,26.23,11.25,24.35,9.27,4.61,8.72,3,Cement and Construction,Roads & Highways,2025-03-31,2025-11-13
AVT Natural Products Ltd.,AVTNPL,519105,AVTNPL,INE488D01021,Other Agricultural Products,"Food, Beverages & Tobacco",66.57,66.57,1013.75,17.74,Export NA,22.15,20.82,28.17,28.35,21.91,0.65,Export NA,1.73,1.77,1.87,13.01,8.04,3.56,3.75,27.46,9.52,26.28,16.12,6.45,19.55,8.43,4,"Food, Beverages & Tobacco",Other Agricultural Products,2025-12-31,2026-02-11
AWL Agri Business Ltd.,AWL,543458,AWL,INE699H01024,Edible Oils,FMCG,198.19,198.19,25758.33,24.72,Export NA,148.4,,1.71,49.72,28.58,-1.65,Export NA,14.09,1.07,2.53,7.5,20.61,3.55,8.02,-14.94,9.98,37.93,10.93,4.2,19.27,6.19,6,FMCG,Edible Oils,2026-03-31,2026-04-28
AXIS Gold Exchange Traded Fund,AXISGOLD,533570,AXISGOLD,INF846K01W80,Others,Others,125.46,125.46,,,Export NA,,,,,,,Export NA,,,,,,,,,,,,,,,,Others,Others,,
AXISCADES Technologies Ltd.,AXISCADES,532395,AXISCADES,INE555B01013,Aerospace & Defence,General Industrials,2017.1,2017.1,8578.93,83.9,Export NA,77.93,74.64,81.57,58.9,50.58,0.9,Export NA,5.74,8.98,11.91,99.45,14.56,11.27,24.04,93.32,11.54,19.77,23.04,6.64,10.29,9.53,7,General Industrials,Aerospace & Defence,2025-12-31,2026-02-09
AYM Syntex Ltd.,AYMSYNTEX,508933,AYMSYNTEX,INE193B01039,Textiles,Textiles Apparels & Accessories,232.7,232.7,1363.95,-3031.13,Export NA,295.43,203.04,,53.79,32.96,29.85,Export NA,2.24,6.53,2.37,53.75,15.41,3.67,-0.08,-101.55,2.01,22.86,11.51,1.12,8.26,7.43,7,Textiles Apparels & Accessories,Textiles,2025-12-31,2026-02-13
Aadhar Housing Finance Ltd.,AADHARHFC,544176,AADHARHFC,INE883F01010,Housing Finance,Banking and Finance,487.3,487.3,21231.84,19.37,Export NA,,,8.32,22.6,18.02,0.96,Export NA,2.78,0.99,2.96,1.62,6.23,2.32,25.15,20.18,14.53,16.76,13.46,3.99,4.85,3.64,5,Banking and Finance,Housing Finance,2026-03-31,2026-05-05
Aakaar Medical Technologies Ltd.,AAKAAR,,AAKAAR,INE1GYP01013,Medical Equipment,Healthcare,52.9,52.9,74.97,12.41,Export NA,,,14.06,64.81,22.92,,Export NA,6.11,1.94,1.59,,9.5,3.26,4.26,,26.02,14.74,12.92,11.16,8.39,7.59,4,Healthcare,Medical Equipment,2025-03-31,2026-05-15
Aakash Exploration Services Ltd.,AAKASH,,AAKASH,INE087Z01024,Oil Equipment & Services,Oil & Gas,8.39,8.39,84.95,24.27,Export NA,34.78,30.57,76.57,18.34,28.04,0.27,Export NA,1.36,1.25,1.37,22.9,1.85,2.73,0.35,90.12,3.04,10.19,15.61,1.9,4.37,9.98,6,Oil & Gas,Oil Equipment & Services,2026-03-31,2026-05-12
Aaradhya Disposal Industries Ltd.,AARADHYA,,AARADHYA,INE124401014,Paper & Paper Products,Commercial Services & Supplies,92.3,92.3,130.49,12.7,Export NA,,,84.85,31.83,22.88,,Export NA,2.32,0.52,1.67,,5.75,4.07,7.27,,34.86,13.46,8.09,12.36,6.61,4.93,6,Commercial Services & Supplies,Paper & Paper Products,2025-03-31,2025-11-13
Aarey Drugs & Pharmaceuticals Ltd.,AAREYDRUGS,524412,AAREYDRUGS,INE198H01019,Pharmaceuticals,Pharmaceuticals & Biotechnology,88.3,88.3,250.37,72.89,Export NA,41.11,31.85,99.28,42.18,42.23,-1.83,Export NA,2.39,2.39,1.68,80.4,7.57,7.72,1.21,-39.8,2.9,17.72,18.15,1.38,11.9,12.17,6,Pharmaceuticals & Biotechnology,Pharmaceuticals,2025-12-31,2026-02-11
Aarnav Fashions Ltd.,,539562,AARNAV,INE750R01016,Textiles,Textiles Apparels & Accessories,22.11,22.11,93.39,13.16,Export NA,26.87,38.83,2.08,53.79,32.96,-0.41,Export NA,2.24,6.53,0.48,0.06,15.41,3.67,1.68,-32.14,4.95,22.86,11.51,2.44,8.26,7.43,8,Textiles Apparels & Accessories,Textiles,2025-12-31,2026-02-10
Aaron Industries Ltd.,AARON,,AARON,INE721Z01010,Heavy Electrical Equipment,General Industrials,134.36,134.36,281.44,38.93,Export NA,47.28,46.53,30.58,58.9,71.23,-5.19,Export NA,5.74,3.65,6.08,30.92,14.56,15.26,3.45,-7.5,19.15,19.77,17.01,9.95,10.29,8.7,6,General Industrials,Heavy Electrical Equipment,2025-12-31,2026-02-05
Aartech Solonics Ltd.,AARTECH,542580,AARTECH,INE01C001026,Heavy Electrical Equipment,General Industrials,40.13,40.13,127.49,61.86,Export NA,71.94,80.09,32.31,58.9,71.23,-1.27,Export NA,5.74,3.65,3.7,46.58,14.56,15.26,0.65,-48.68,8.78,19.77,17.01,6.45,10.29,8.7,7,General Industrials,Heavy Electrical Equipment,2025-12-31,2026-02-12
Aarti Drugs Ltd.,AARTIDRUGS,524348,AARTIDRUGS,INE767A01016,Pharmaceuticals,Pharmaceuticals & Biotechnology,371.95,371.95,3394.79,16.76,Export NA,24.25,23.78,26.98,42.18,42.23,0.51,Export NA,2.39,2.39,2.25,3.52,7.57,7.72,22.2,32.75,12.28,17.72,18.15,6.53,11.9,12.17,6,Pharmaceuticals & Biotechnology,Pharmaceuticals,2025-12-31,2026-05-15
Aarti Industries Ltd.,AARTIIND,524208,AARTIIND,INE769A01020,Specialty Chemicals,Chemicals & Petrochemicals,468.5,468.5,16987.55,40.54,Export NA,46.37,36.59,56.17,42.23,47.85,1.53,Export NA,3.64,2.93,2.91,16.73,6.18,7.62,11.56,26.55,7.03,13.61,14.82,3.15,9.15,10.12,6,Chemicals & Petrochemicals,Specialty Chemicals,2026-03-31,2026-05-04
Aarti Pharmalabs Ltd.,AARTIPHARM,543748,AARTIPHARM,INE0LRU01027,Pharmaceuticals,Pharmaceuticals & Biotechnology,712.7,712.7,6461.18,30.23,Export NA,26.25,,93.37,42.18,42.23,-2.12,Export NA,2.39,2.39,3.09,45.25,7.57,7.72,23.57,-14.28,13.68,17.72,18.15,9.37,11.9,12.17,7,Pharmaceuticals & Biotechnology,Pharmaceuticals,2025-12-31,2026-05-18
Aarti Surfactants Ltd.,AARTISURF,543210,AARTISURF,INE09EO01013,Specialty Chemicals,Chemicals & Petrochemicals,396.4,396.4,335.55,27.19,Export NA,26.39,49.94,21.44,42.23,47.85,-1.8,Export NA,3.64,2.93,1.4,2.07,6.18,7.62,14.58,-15.14,5.03,13.61,14.82,2.38,9.15,10.12,4,Chemicals & Petrochemicals,Specialty Chemicals,2026-03-31,2026-05-09
Aarvi Encon Ltd.,AARVI,,AARVI,INE754X01016,Special Consumer Services,Diversified Consumer Services,122.78,122.78,182.24,12.7,Export NA,17.71,16.34,40.62,33.62,39.07,0.31,Export NA,3.59,4.51,1.38,35.14,10.95,11.75,9.67,41.6,8.01,22.55,25.9,4.71,11.12,3.02,3,Diversified Consumer Services,Special Consumer Services,2025-09-30,2025-11-13
Aatmaj Healthcare Ltd.,AATMAJ,,AATMAJ,INE0OB201016,Healthcare Facilities,Healthcare,20.55,20.55,46.44,72.65,Export NA,,,83.02,64.81,71.3,,Export NA,6.11,6.58,0.92,37.36,9.5,9.54,0.28,,1.27,14.74,13.76,1.01,8.39,7.2,3,Healthcare,Healthcare Facilities,2025-03-31,2026-05-14
Aavas Financiers Ltd.,AAVAS,541988,AAVAS,INE216P01012,Housing Finance,Banking and Finance,1387,1387,10996.51,16.79,Export NA,24.66,30.65,2.34,22.6,18.02,1.19,Export NA,2.78,0.99,2.27,1.6,6.23,2.32,82.6,14.07,12.96,16.76,13.46,3.08,4.85,3.64,4,Banking and Finance,Housing Finance,2026-03-31,2026-05-05
Aban Offshore Ltd.,ABAN,523204,ABAN,INE421A01028,Exploration & Production,Oil & Gas,18.81,18.81,109.79,-0.14,Export NA,,,,18.34,10.05,-0.01,Export NA,1.36,31.57,0,,1.85,1.06,-135.45,18.47,0,10.19,11.02,-58.01,4.37,5.08,5,Oil & Gas,Exploration & Production,2025-12-31,2026-02-13
Abans Enterprises Ltd.,,512165,ABANSENT,INE365O01028,Commodity Trading  & Distribution,Commercial Services & Supplies,36.27,36.27,252.98,15.63,Export NA,16.8,13.53,73.95,31.83,33.18,0.71,Export NA,2.32,1.21,1.15,71.5,5.75,5.32,2.32,22.15,9.14,13.46,12.19,3.84,6.61,4.31,6,Commercial Services & Supplies,Commodity Trading  & Distribution,2025-12-31,2026-05-12
Abans Financial Services Ltd.,AFSL,543712,AFSL,INE00ZE01026,Finance (including NBFCs),Banking and Finance,201.12,201.12,1021.54,7.95,Export NA,16.52,,5.15,22.6,26.34,0.21,Export NA,2.78,2.13,0.84,,6.23,3.86,25.31,38.15,10.56,16.76,13.65,3.33,4.85,6.73,5,Banking and Finance,Finance (including NBFCs),2025-12-31,2026-05-15
Abbott India Ltd.,ABBOTINDIA,500488,ABBOTINDIA,INE358A01014,Pharmaceuticals,Pharmaceuticals & Biotechnology,26900,26900,57160.62,36.83,Export NA,47.06,49.69,20.7,42.18,42.23,3.79,Export NA,2.39,2.39,13.03,47.17,7.57,7.72,730.39,9.73,32.5,17.72,18.15,23.87,11.9,12.17,5,Pharmaceuticals & Biotechnology,Pharmaceuticals,2026-03-31,2026-05-11
Abha Power and Steel Ltd.,ABHAPOWER,,ABHAPOWER,INE0UYG01015,Iron & Steel Products,Metals & Mining,31.25,31.25,58.09,9.33,Export NA,,,33.04,23.8,30.63,,Export NA,1.11,1.79,1.1,18.26,5.3,6.46,3.35,,12.25,19.76,18.83,7.86,9.83,10.86,4,Metals & Mining,Iron & Steel Products,2025-03-31,2025-11-14
Abhishek Integrations Ltd.,AILIMITED,,AILIMITED,INE0CAJ01017,Misc. Commercial Services,Commercial Services & Supplies,42.3,42.3,25.47,24.83,Export NA,28.34,,44.21,31.83,27.25,,Export NA,2.32,0.82,2.41,58.56,5.75,5.02,1.7,,9.99,13.46,17.32,5.08,6.61,12.13,5,Commercial Services & Supplies,Misc. Commercial Services,2025-03-31,2025-11-06
Accelya Solutions India Ltd.,ACCELYA,532268,ACCELYA,INE793A01012,IT Consulting & Software,Software & Services,1129.5,1129.5,1685.93,17.05,Export NA,19.75,24.82,34.08,22.39,21.42,-0.79,Export NA,10.02,10.72,5.35,1.4,6.84,6.86,66.24,-21.69,46.46,28.07,30.42,28.71,17.17,18.42,6,Software & Services,IT Consulting & Software,2026-03-31,2026-04-29
Accent Microcell Ltd.,ACCENTMIC,,ACCENTMIC,INE0Q5D01013,Pharmaceuticals,Pharmaceuticals & Biotechnology,440.7,440.7,1057.2,24.1,Export NA,,,81.29,42.18,42.23,,Export NA,2.39,2.39,4.23,73.87,7.57,7.72,18.28,,15.92,17.72,18.15,13.63,11.9,12.17,3,Pharmaceuticals & Biotechnology,Pharmaceuticals,2026-03-31,2026-05-12
Accord Synergy Ltd.,ACCORD,,ACCORD,INE113X01015,Other Telecom Services,Telecom Services,43.7,43.7,15.17,11.37,Export NA,18.5,17.32,44.13,32.83,29.56,,Export NA,1.4,1.02,1.03,98.96,7.97,7.59,3.84,,8.97,22.38,22.4,6.91,6.78,7.98,4,Telecom Services,Other Telecom Services,2026-03-31,2026-05-04
Accretion Pharmaceuticals Ltd.,ACCPL,,ACCPL,INE0T8T01010,Pharmaceuticals,Pharmaceuticals & Biotechnology,122.25,122.25,135.89,14.06,Export NA,,,59.81,42.18,42.23,,Export NA,2.39,2.39,2.92,8.13,7.57,7.72,8.7,,17.67,17.72,18.15,12.61,11.9,12.17,3,Pharmaceuticals & Biotechnology,Pharmaceuticals,2026-03-31,2026-05-08
Accuracy Shipping Ltd.,ACCURACY,544598,ACCURACY,INE648Z01023,Warehousing & Logistics,Transportation,5.45,5.45,82.06,33.3,Export NA,157.79,90.22,71.28,36.05,32.42,-0.41,Export NA,4.72,1.7,0.67,14.5,8.05,4.18,0.16,-81.14,3.85,25.06,8.62,1.47,7.11,5.64,6,Transportation,Warehousing & Logistics,2025-12-31,2026-02-14
Ace Integrated Solutions Ltd.,ACEINTEG,,ACEINTEG,INE543V01017,Misc. Commercial Services,Commercial Services & Supplies,20.29,20.29,20.7,-10.4,Export NA,65.57,63.7,,31.83,27.25,0.02,Export NA,2.32,0.82,1.22,13.43,5.75,5.02,-1.95,-449.12,-8.89,13.46,17.32,-8.56,6.61,12.13,3,Commercial Services & Supplies,Misc. Commercial Services,2025-12-31,2026-02-10
Acetech E-Commerce Ltd.,ACETEC,,ACETEC,INE1J6M01010,Other Apparels & Accessories,Textiles Apparels & Accessories,116.5,116.5,190.87,27.74,Export NA,,,,53.79,43.2,,Export NA,2.24,2.85,7.21,,15.41,13.14,4.2,,53.88,22.86,20.14,35.39,8.26,9.64,5,Textiles Apparels & Accessories,Other Apparels & Accessories,2025-03-31,
Action Construction Equipment Ltd.,ACE,532762,ACE,INE731H01025,Commercial Vehicles,Automobiles & Auto Components,881.25,881.25,10494.21,24.82,Export NA,39.27,40.72,32.89,32.11,34.76,2.87,Export NA,5.07,1.94,5.53,69.07,6.96,9.25,35.5,8.65,25.34,19.05,20.77,15.09,9.43,7.69,6,Automobiles & Auto Components,Commercial Vehicles,2025-12-31,2026-05-20
Active Infrastructures Ltd.,ACTIVEINFR,,ACTIVEINFR,INE0KLO01025,Construction & Engineering,Cement and Construction,179.8,179.8,269.97,28.47,Export NA,,,99.12,35.74,31.41,,Export NA,3.26,5.1,2.34,91.15,4.05,4.95,6.32,,8.48,11.25,12.93,4.88,4.61,4.29,4,Cement and Construction,Construction & Engineering,2025-03-31,2025-11-07
Acutaas Chemicals Ltd.,ACUTAAS,543349,ACUTAAS,INE00FF01025,Pharmaceuticals,Pharmaceuticals & Biotechnology,2742.2,2742.2,22450.69,63.02,Export NA,124.27,,59.68,42.18,42.23,0.51,Export NA,2.39,2.39,14.77,85.7,7.57,7.72,43.51,124.46,21.54,17.72,18.15,17.95,11.9,12.17,5,Pharmaceuticals & Biotechnology,Pharmaceuticals,2026-03-31,2026-04-30
Adani Energy Solutions Ltd.,ADANIENSOL,539254,ADANIENSOL,INE931S01010,Power - Electric Utilities,Utilities,1284.3,1284.3,154280.72,67.59,Export NA,99.42,134.98,55.35,24.91,29.95,0.59,Export NA,27.85,1.43,6.44,52.84,5.52,4.23,19,115.34,8.97,14.21,16.2,2.45,5.38,5.79,5,Utilities,Power - Electric Utilities,2026-03-31,2026-04-23
Adani Enterprises Ltd.,ADANIENT,512599,ADANIENT,INE423A01024,Commodity Trading  & Distribution,Commercial Services & Supplies,2405.2,2405.2,313008.42,33.51,Export NA,73.79,181.17,54.05,31.83,33.18,1.06,Export NA,2.32,1.21,5.25,58.01,5.75,5.32,71.77,31.56,11.54,13.46,12.19,3.57,6.61,4.31,4,Commercial Services & Supplies,Commodity Trading  & Distribution,2026-03-31,2026-04-30
Adani Green Energy Ltd.,ADANIGREEN,541450,ADANIGREEN,INE364U01010,Green & Renewable Energy,Utilities,1308,1308,215450.65,130.42,Export NA,166.63,293.56,24.45,24.91,30.52,9.05,Export NA,27.85,5.83,11.09,16.58,5.52,10.28,10.03,14.4,8.27,14.21,10.31,1.14,5.38,3.49,5,Utilities,Green & Renewable Energy,2026-03-31,2026-04-24
Adani Ports & Special Economic Zone Ltd.,ADANIPORTS,532921,ADANIPORTS,INE742F01042,Marine Port & Services,Transportation,1688.2,1688.2,364674.65,28.48,Export NA,31.12,33.6,65.72,36.05,34.26,1.84,Export NA,4.72,5.55,5.21,76.92,8.05,5.76,59.28,15.45,13.32,25.06,13.38,6.91,7.11,6.85,5,Transportation,Marine Port & Services,2026-03-31,2026-04-30
Adani Power Ltd.,ADANIPOWER,533096,ADANIPOWER,INE814H01029,Power - Electric Utilities,Utilities,209.63,209.63,404265.05,31.5,Export NA,16.12,17.13,90.74,24.91,29.95,-39.01,Export NA,27.85,1.43,6.63,57.13,5.52,4.23,6.66,-0.81,19.76,14.21,16.2,9.02,5.38,5.79,4,Utilities,Power - Electric Utilities,2026-03-31,2026-04-29
Adani Total Gas Ltd.,ATGL,542066,ATGL,INE399L01023,Utilities:Non-Electrical,Utilities,591.3,591.3,65031.77,99.18,Export NA,114.65,243.47,34.78,24.91,15.47,495.43,Export NA,27.85,426.35,13.94,17.69,5.52,5.02,5.96,0.2,13.47,14.21,14.06,6.86,5.38,8.44,5,Utilities,Utilities:Non-Electrical,2026-03-31,2026-04-27
Addictive Learning Technology Ltd.,ADDICTIVE,,ADDICTIVE,INE0RDH01021,Education,Diversified Consumer Services,76.8,76.8,122.19,11.42,Export NA,,,,33.62,20.12,,Export NA,3.59,2.38,1.48,,10.95,20.81,6.73,,13.52,22.55,17.9,11.57,11.12,11.62,5,Diversified Consumer Services,Education,2025-03-31,2025-11-14
Adisoft Technologies Ltd.,ADISOFT,,ADISOFT,INE20PL01012,Industrial Machinery,General Industrials,220.7,220.7,360.14,22.35,Export NA,,,,58.9,58.76,,Export NA,5.74,4.45,6.28,,14.56,20.55,9.87,,32.71,19.77,24.18,14.51,10.29,13.59,3,General Industrials,Industrial Machinery,2025-03-31,
Aditya Birla Capital Ltd.,ABCAPITAL,540691,ABCAPITAL,INE674K01013,Holding Companies,Diversified,341.2,341.2,89412.92,23.75,Export NA,19.67,17.02,66.53,24.34,28.32,1.83,Export NA,1.86,1.91,2.7,88.05,2.7,2.66,14.37,12.97,10.93,11.19,11.42,1.12,3.16,3.21,3,Diversified,Holding Companies,2026-03-31,2026-05-04
Aditya Birla Fashion and Retail Ltd.,ABFRL,535755,ABFRL,INE647O01011,Department Stores,Retailing,62.4,62.4,7616.16,-11.82,Export NA,,,,78.39,89.12,4.59,Export NA,6.4,7.99,1.16,2.51,19.94,14.37,-5.28,-2.58,-5.51,10.74,15.61,-2.25,6.91,10.77,3,Retailing,Department Stores,2025-12-31,2026-02-05
Aditya Birla Lifestyle Brands Ltd.,ABLBL,544403,ABLBL,INE14LE01019,Specialty Retail,Retailing,101.66,101.66,12407.82,72.55,Export NA,,,16.97,78.39,54.96,0.39,Export NA,6.4,18.36,8.99,98.62,19.94,7.79,1.4,186.96,12.11,10.74,13.46,1.96,6.91,6.43,7,Retailing,Specialty Retail,2026-03-31,2026-05-07
Aditya Birla Money Ltd.,BIRLAMONEY,532974,BIRLAMONEY,INE865C01022,Capital Markets,Banking and Finance,138.29,138.29,781.47,13.36,Export NA,14.75,14.05,20.64,22.6,49.83,-0.63,Export NA,2.78,1.85,2.77,1.84,6.23,18.07,10.35,-21.18,19.47,16.76,28.37,1.68,4.85,12.93,3,Banking and Finance,Capital Markets,2026-03-31,2026-04-17
Aditya Birla Real Estate Ltd.,ABREL,500040,ABREL,INE055A01016,Paper & Paper Products,Commercial Services & Supplies,1321.2,1321.2,14757.24,-142.97,Export NA,441.32,249.97,,31.83,22.88,-3.97,Export NA,2.32,0.52,3.98,71.23,5.75,4.07,-9.24,35.98,-2.78,13.46,8.09,-0.51,6.61,4.93,2,Commercial Services & Supplies,Paper & Paper Products,2026-03-31,2026-05-06
Aditya Birla Sun Life AMC Ltd.,ABSLAMC,543374,ABSLAMC,INE404A01024,Asset Management Cos.,Banking and Finance,1055.1,1055.1,30502.55,31.28,Export NA,25.32,,98.59,22.6,43.19,6.55,Export NA,2.78,3.05,7.96,99.38,6.23,20.44,33.73,4.78,24.12,16.76,49.38,22.08,4.85,42.32,5,Banking and Finance,Asset Management Cos.,2026-03-31,2026-04-23
Aditya Birla Sun Life BSE Top 10 Banks ETF,ABSL10BANK,544719,ABSL10BANK,INF209KC1670,Others,Others,158.61,158.61,,,Export NA,,,,,,,Export NA,,,,,,,,,,,,,,,,Others,Others,,
Aditya Birla Sun Life Banking ETF,ABSLBANETF,542863,ABSLBANETF,INF209KB17D5,Others,Others,54.73,54.73,,,Export NA,,,,,,,Export NA,,,,,,,,,,,,,,,,Others,Others,,
Aditya Birla Sun Life CRISIL Broad Based Gilt ETF,ABGSEC,544211,ABGSEC,INF209KC1134,Others,Others,111.1,111.1,,,Export NA,,,,,,,Export NA,,,,,,,,,,,,,,,,Others,Others,,
Aditya Birla Sun Life CRISIL Liquid Overnight ETF,ABSLLIQUID,543813,ABSLLIQUID,INF209KB18T9,Others,Others,1000,1000,,,Export NA,,,,,,,Export NA,,,,,,,,,,,,,,,,Others,Others,,
Aditya Birla Sun Life Crisil 10 Year Gilt ETF,GSEC10ABSL,544228,GSEC10ABSL,INF209KC1142,Others,Others,108.7,108.7,,,Export NA,,,,,,,Export NA,,,,,,,,,,,,,,,,Others,Others,,
Aditya Birla Sun Life Gold ETF - Growth,BSLGOLDETF,533408,BSLGOLDETF,INF209KB18D3,Others,Others,132.33,132.33,,,Export NA,,,,,,,Export NA,,,,,,,,,,,,,,,,Others,Others,,
Aditya Birla Sun Life MSCI India ETF,ABSLMSCIN,544706,ABSLMSCIN,INF209KC1662,Others,Others,28.49,28.49,,,Export NA,,,,,,,Export NA,,,,,,,,,,,,,,,,Others,Others,,
Aditya Birla Sun Life Nifty 200 Momentum 30 ETF,MOMENTUM,543575,MOMENTUM,INF209KB14K7,Others,Others,30.29,30.29,,,Export NA,,,,,,,Export NA,,,,,,,,,,,,,,,,Others,Others,,
Aditya Birla Sun Life Nifty 200 Quality 30 ETF,NIFTYQLITY,543574,NIFTYQLITY,INF209KB15K4,Others,Others,20.83,20.83,,,Export NA,,,,,,,Export NA,,,,,,,,,,,,,,,,Others,Others,,
Aditya Birla Sun Life Nifty ETF - Growth,BSLNIFTY,543474,BSLNIFTY,INF209KB19D1,Others,Others,27.3,27.3,,,Export NA,,,,,,,Export NA,,,,,,,,,,,,,,,,Others,Others,,
Aditya Birla Sun Life Nifty Healthcare ETF,HEALTHY,543473,HEALTHY,INF209KB10C2,Others,Others,15.66,15.66,,,Export NA,,,,,,,Export NA,,,,,,,,,,,,,,,,Others,Others,,
Aditya Birla Sun Life Nifty IT ETF,TECH,543472,TECH,INF209KB11D8,Others,Others,30.79,30.79,,,Export NA,,,,,,,Export NA,,,,,,,,,,,,,,,,Others,Others,,
Aditya Birla Sun Life Nifty Next 50 ETF,ABSLNN50ET,542230,ABSLNN50ET,INF209KB16D7,Others,Others,72.21,72.21,,,Export NA,,,,,,,Export NA,,,,,,,,,,,,,,,,Others,Others,,
Aditya Birla Sun Life Nifty PSE ETF,ABSLPSE,544218,ABSLPSE,INF209KB19Z4,Others,Others,10.82,10.82,,,Export NA,,,,,,,Export NA,,,,,,,,,,,,,,,,Others,Others,,
Aditya Birla Sun Life Sensex ETF,BSLSENETFG,540008,BSLSENETFG,INF209KB10E8,Others,Others,75.04,75.04,,,Export NA,,,,,,,Export NA,,,,,,,,,,,,,,,,Others,Others,,
Aditya Birla Sun Life Silver ETF,SILVER,543471,SILVER,INF209KB19F6,Others,Others,262.67,262.67,,,Export NA,,,,,,,Export NA,,,,,,,,,,,,,,,,Others,Others,,
Aditya Infotech Ltd.,CPPLUS,544466,CPPLUS,INE819V01029,IT Networking Equipment,Hardware Technology & Equipment,2509.8,2509.8,29564.97,116.49,Export NA,,,99.47,29.02,109.84,,Export NA,0.51,0.71,17.57,74.87,14.15,16.43,21.54,,34.52,28.88,31.95,11.06,10.48,10.56,4,Hardware Technology & Equipment,IT Networking Equipment,2025-12-31,2026-02-12
Aditya Ultra Steel Ltd,AUSL,,AUSL,INE01YQ01013,Iron & Steel Products,Metals & Mining,20.1,20.1,49.92,5.35,Export NA,,,,23.8,30.63,,Export NA,1.11,1.79,0.5,,5.3,6.46,3.76,,10.52,19.76,18.83,4.73,9.83,10.86,3,Metals & Mining,Iron & Steel Products,2025-03-31,2025-11-14
Aditya Vision Ltd.,AVL,540205,AVL,INE679V01027,Specialty Retail,Retailing,541.05,541.05,6987.01,59.76,Export NA,61,35.04,84.12,78.39,54.96,5.52,Export NA,6.4,18.36,10.49,43.68,19.94,7.79,9.05,10.84,16.98,10.74,13.46,7.94,6.91,6.43,3,Retailing,Specialty Retail,2026-03-31,2026-05-08
Ador Welding Ltd.,ADOR,517041,ADOR,INE045A01017,Other Industrial Goods,General Industrials,1022.5,1022.5,1779.44,21.71,Export NA,28.51,32.07,31.77,58.9,41.26,0.59,Export NA,5.74,2.07,3.43,70.5,14.56,13.23,47.11,36.52,14.78,19.77,30.81,9.85,10.29,18.64,7,General Industrials,Other Industrial Goods,2026-03-31,2026-04-29
Adroit Infotech Ltd.,ADROITINFO,532172,ADROITINFO,INE737B01033,IT Consulting & Software,Software & Services,9.06,9.06,50.05,21.31,Export NA,60.25,100.29,62.88,22.39,21.42,-0.74,Export NA,10.02,10.72,0.63,10.26,6.84,6.86,0.43,-28.95,0.93,28.07,30.42,0.71,17.17,18.42,3,Software & Services,IT Consulting & Software,2025-12-31,2026-02-03
Advait Energy Transitions Ltd.,ADVAIT,543230,ADVAIT,INE0ALI01010,Wires & Cables,Consumer Durables,1908.6,1908.6,2088.58,44.56,Export NA,46.68,,24.57,49.58,48.28,0.59,Export NA,1.45,1.47,8.45,37.71,9.42,9.83,42.84,74.91,15.29,20.69,19.16,6.28,10.95,11.73,4,Consumer Durables,Wires & Cables,2025-12-31,2026-02-11
Advance Agrolife Ltd.,ADVANCE,544562,ADVANCE,INE1B0W01010,Agrochemicals,Chemicals & Petrochemicals,106.24,106.24,682.97,19.36,Export NA,,,27.78,42.23,30.4,0.51,Export NA,3.64,3.17,3.32,1.39,6.18,3.87,5.49,37.61,11.38,13.61,11.71,5.64,9.15,7.88,4,Chemicals & Petrochemicals,Agrochemicals,2026-03-31,2026-05-08
Advanced Enzyme Technologies Ltd.,ADVENZYMES,540025,ADVENZYMES,INE837H01020,Biotechnology,Pharmaceuticals & Biotechnology,369.8,369.8,4140.88,24.54,Export NA,29.01,29.59,31.46,42.18,136.9,0.86,Export NA,2.39,1.32,2.71,40.06,7.57,3.06,15.07,28.68,10.33,17.72,4.74,9.17,11.9,3.91,7,Pharmaceuticals & Biotechnology,Biotechnology,2026-03-31,2026-05-09
Advani Hotels & Resorts (India) Ltd.,ADVANIHOTR,523269,ADVANIHOTR,INE199C01026,Hotels,Hotels Restaurants & Tourism,52.14,52.14,481.97,20.4,Export NA,23.04,29.51,17.91,44.23,40.73,-2.7,Export NA,3.41,2.69,5.65,20.86,8.2,7.29,2.56,-7.57,32.46,12.41,12.19,24.51,7.26,7.71,5,Hotels Restaurants & Tourism,Hotels,2025-12-31,2026-01-23
Advent Hotels International Ltd.,ADVENTHTL,544446,ADVENTHTL,INE28GN01010,Hotels,Hotels Restaurants & Tourism,159.19,159.19,858.72,,Export NA,,,,44.23,40.73,,Export NA,3.41,2.69,0.96,100,8.2,7.29,,,2.53,12.41,12.19,0.55,7.26,7.71,4,Hotels Restaurants & Tourism,Hotels,2025-12-31,2026-02-04
Aegis Logistics Ltd.,AEGISLOG,500003,AEGISLOG,INE208C01025,Oil Marketing & Distribution,Oil & Gas,658.8,658.8,23123.88,30.05,Export NA,42.67,35.44,34.45,18.34,9.53,0.91,Export NA,1.36,1.05,3.75,22.12,1.85,1.9,21.92,33.13,14.32,10.19,12.36,5.9,4.37,6.44,5,Oil & Gas,Oil Marketing & Distribution,2025-12-31,2026-01-30
Aegis Vopak Terminals Ltd.,AEGISVOPAK,544407,AEGISVOPAK,INE0INX01018,Marine Port & Services,Transportation,202.67,202.67,22455.66,109.8,Export NA,,,18.72,36.05,34.26,,Export NA,4.72,5.55,4.67,6.01,8.05,5.76,1.85,,6.62,25.06,13.38,2.07,7.11,6.85,6,Transportation,Marine Port & Services,2025-12-31,2026-01-29
Aequs Ltd.,AEQUS,544634,AEQUS,INE947N01017,Industrial Machinery,General Industrials,180.23,180.23,12087.41,,Export NA,,,,58.9,58.76,,Export NA,5.74,4.45,13.88,76.47,14.56,20.55,,,-14.27,19.77,24.18,-5.5,10.29,13.59,2,General Industrials,Industrial Machinery,2025-12-31,2026-01-29
Aeroflex Enterprises Ltd.,AEROENTER,511076,AEROENTER,INE065D01027,Iron & Steel Products,Metals & Mining,101.93,101.93,1152.68,22.47,Export NA,11.83,21.64,67.68,23.8,30.63,3.23,Export NA,1.11,1.79,1.53,27.69,5.3,6.46,4.54,6.95,7.58,19.76,18.83,5.44,9.83,10.86,6,Metals & Mining,Iron & Steel Products,2025-12-31,2026-05-13
Aeroflex Industries Ltd.,AEROFLEX,543972,AEROFLEX,INE024001021,Iron & Steel Products,Metals & Mining,365.25,365.25,4833.38,87.05,Export NA,52.83,,99.55,23.8,30.63,15.14,Export NA,1.11,1.79,12.82,76.58,5.3,6.46,4.2,5.75,12.41,19.76,18.83,9.82,9.83,10.86,5,Metals & Mining,Iron & Steel Products,2026-03-31,2026-05-05
Aeroflex Neu Ltd.,AERONEU,543743,AERONEU,INE035801013,Containers & Packaging,Commercial Services & Supplies,90.42,90.42,233.25,138.37,Export NA,686.78,,34.15,31.83,23.27,0.19,Export NA,2.32,5.49,2.2,6.57,5.75,2.74,0.65,733.68,1.6,13.46,10.99,1.16,6.61,7.3,7,Commercial Services & Supplies,Containers & Packaging,2026-03-31,2026-05-08
Aeron Composite Ltd.,AERON,,AERON,INE0WL801011,Plastic Products,General Industrials,97.95,97.95,166.71,12.49,Export NA,,,12.88,58.9,35.79,,Export NA,5.74,3.64,1.54,12.88,14.56,7.73,7.84,,13.21,19.77,14.6,6.46,10.29,10.46,2,General Industrials,Plastic Products,2025-03-31,2025-11-14
Aesthetik Engineers Ltd.,AESTHETIK,,AESTHETIK,INE0TSF01011,Construction & Engineering,Cement and Construction,76.5,76.5,131.73,23.32,Export NA,,,12.17,35.74,31.41,,Export NA,3.26,5.1,2.75,2.61,4.05,4.95,3.28,,12.7,11.25,12.93,9.01,4.61,4.29,4,Cement and Construction,Construction & Engineering,2025-03-31,2025-11-14
Aether Industries Ltd.,AETHER,543534,AETHER,INE0BWX01014,Specialty Chemicals,Chemicals & Petrochemicals,1155.7,1155.7,15333.8,71.07,Export NA,104.69,,23.9,42.23,47.85,0.7,Export NA,3.64,2.93,6.41,46.56,6.18,7.62,16.26,102.22,7.11,13.61,14.82,5.99,9.15,10.12,6,Chemicals & Petrochemicals,Specialty Chemicals,2025-12-31,2026-05-15
Afcons Infrastructure Ltd.,AFCONS,544280,AFCONS,INE101I01011,Construction & Engineering,Cement and Construction,335.1,335.1,12324.46,27.36,Export NA,,,18.18,35.74,31.41,-2.03,Export NA,3.26,5.1,2.25,9.36,4.05,4.95,12.25,-13.49,9.25,11.25,12.93,2.84,4.61,4.29,6,Cement and Construction,Construction & Engineering,2025-12-31,2026-02-10
Affle 3I Ltd.,AFFLE,542752,AFFLE,INE00WC01027,Internet Software & Services,Software & Services,1585.3,1585.3,22320.45,49.07,Export NA,65.94,66.92,11.6,22.39,32.02,2.57,Export NA,10.02,2.7,6.61,1.38,6.84,6.82,32.31,19.11,12.45,28.07,8.54,10.28,17.17,6.62,7,Software & Services,Internet Software & Services,2026-03-31,2026-05-09
Affordable Robotic & Automation Ltd.,AFFORDABLE,541402,AFFORDABLE,INE692Z01013,Industrial Machinery,General Industrials,171.86,171.86,193.28,43.11,Export NA,98.46,89.29,17.97,58.9,58.76,0.02,Export NA,5.74,4.45,1.87,13.9,14.56,20.55,3.99,2621.94,-11.56,19.77,24.18,-5,10.29,13.59,2,General Industrials,Industrial Machinery,2025-12-31,2026-02-11
Agarwal Float Glass India Ltd.,AGARWALFT,,AGARWALFT,INE0MLA01012,Commodity Trading  & Distribution,Commercial Services & Supplies,37.85,37.85,27.42,8.93,Export NA,,,,31.83,33.18,,Export NA,2.32,1.21,1.37,,5.75,5.32,4.24,,16.58,13.46,12.19,7.88,6.61,4.31,4,Commercial Services & Supplies,Commodity Trading  & Distribution,2025-03-31,2025-11-13
Agarwal Industrial Corporation Ltd.,AGARIND,531921,AGARIND,INE204E01012,Petrochemicals,Chemicals & Petrochemicals,416.65,416.65,623.22,10.68,Export NA,12.49,13.15,36.51,42.23,34.32,-0.2,Export NA,3.64,0.5,0.95,13.42,6.18,3.98,39.01,-52.62,18.44,13.61,10.55,8.6,9.15,6.82,4,Chemicals & Petrochemicals,Petrochemicals,2025-12-31,2026-02-14
Agarwal Toughened Glass India Ltd.,AGARWALTUF,,AGARWALTUF,INE0P8X01016,Construction Materials,Cement and Construction,125.75,125.75,222.26,14.65,Export NA,,,32.17,35.74,28.02,,Export NA,3.26,0.23,2.09,6.09,4.05,4.88,8.58,,16.1,11.25,16.85,11.46,4.61,8.83,4,Cement and Construction,Construction Materials,2025-03-31,2025-11-11
Agni Green Power Ltd.,AGNI,,AGNI,INE0LF301013,Green & Renewable Energy,Utilities,20.75,20.75,40.53,64.68,Export NA,,,1.87,24.91,30.52,,Export NA,27.85,5.83,1.28,8.42,5.52,10.28,0.32,,1.99,14.21,10.31,1.28,5.38,3.49,6,Utilities,Green & Renewable Energy,2025-03-31,2025-11-13
Agri-Tech (India) Ltd.,AGRITECH,537292,AGRITECH,INE449G01018,Other Agricultural Products,"Food, Beverages & Tobacco",112.45,112.45,66.8,-71.14,Export NA,10.14,18.7,,28.35,21.91,-4.44,Export NA,1.73,1.77,0.67,66.17,8.04,3.56,-1.58,16.01,-0.94,26.28,16.12,-0.93,19.55,8.43,4,"Food, Beverages & Tobacco",Other Agricultural Products,2026-03-31,2026-04-10
Agro Phos India Ltd.,AGROPHOS,,AGROPHOS,INE740V01019,Fertilizers,Fertilizers,30.55,30.55,61.94,6.38,Export NA,14.84,15.22,2.27,20.68,20.68,0,Export NA,7.54,7.54,0.88,0.83,16.07,16.07,4.79,44017.27,7.7,478.71,478.71,3.19,243.93,243.93,7,Fertilizers,Fertilizers,2025-12-31,2026-02-14
Ahlada Engineers Ltd.,AHLADA,,AHLADA,INE00PV01013,Iron & Steel Products,Metals & Mining,43.08,43.08,55.66,25.55,Export NA,14.89,20.74,70.7,23.8,30.63,-0.33,Export NA,1.11,1.79,0.4,1.51,5.3,6.46,1.69,-76.56,2.66,19.76,18.83,1.75,9.83,10.86,7,Metals & Mining,Iron & Steel Products,2025-12-31,2026-02-14
Ahluwalia Contracts (India) Ltd.,AHLUCONT,532811,AHLUCONT,INE758C01029,Construction & Engineering,Cement and Construction,811.45,811.45,5435.71,20.35,Export NA,24.96,23.88,31.75,35.74,31.41,-1.26,Export NA,3.26,5.1,2.75,16.52,4.05,4.95,39.88,-16.13,11.23,11.25,12.93,5.45,4.61,4.29,4,Cement and Construction,Construction & Engineering,2025-12-31,2026-02-14
Aimtron Electronics Ltd.,AIMTRON,,AIMTRON,INE0RUV01018,Electronic Components,Commercial Services & Supplies,1117.35,1117.35,2328.71,50.65,Export NA,,,37.56,31.83,88.21,,Export NA,2.32,15.22,13.25,70.24,5.75,18.3,22.06,,19.59,13.46,12.44,10.95,6.61,7.37,2,Commercial Services & Supplies,Electronic Components,2026-03-31,2026-04-27
Airan Ltd.,AIRAN,543811,AIRAN,INE645W01026,IT Consulting & Software,Software & Services,16.05,16.05,200.66,24.49,Export NA,22.89,24.09,40.67,22.39,21.42,-0.35,Export NA,10.02,10.72,1.29,2.36,6.84,6.86,0.66,-69.17,12.8,28.07,30.42,10.32,17.17,18.42,7,Software & Services,IT Consulting & Software,2025-12-31,2026-02-14
Airo Lam Ltd.,AIROLAM,,AIROLAM,INE801L01010,Furniture-Furnishing,Diversified Consumer Services,84.63,84.63,126.96,30.04,Export NA,40.97,19.5,56.33,33.62,45.68,0.18,Export NA,3.59,0.32,1.63,14.6,10.95,4.56,2.82,165.6,3.68,22.55,10.88,1.24,11.12,7.56,4,Diversified Consumer Services,Furniture-Furnishing,2025-12-31,2026-02-11
Ajanta Pharma Ltd.,AJANTPHARM,532331,AJANTPHARM,INE031B01049,Pharmaceuticals,Pharmaceuticals & Biotechnology,3091.7,3091.7,38619.07,36.57,Export NA,38.58,34.06,76.57,42.18,42.23,2.48,Export NA,2.39,2.39,8.42,60.19,7.57,7.72,84.54,14.73,23.32,17.72,18.15,17.15,11.9,12.17,5,Pharmaceuticals & Biotechnology,Pharmaceuticals,2026-03-31,2026-05-05
Ajax Engineering Ltd.,AJAXENGG,544356,AJAXENGG,INE274Y01021,Commercial Vehicles,Automobiles & Auto Components,519.1,519.1,5938.86,26.86,Export NA,,,29.24,32.11,34.76,-1.91,Export NA,5.07,1.94,4.6,3.65,6.96,9.25,19.33,-14.1,22.47,19.05,20.77,17.54,9.43,7.69,5,Automobiles & Auto Components,Commercial Vehicles,2025-12-31,2026-02-12
Ajmera Realty & Infra India Ltd.,AJMERA,513349,AJMERA,INE298G01035,Realty,Realty,117.01,117.01,2302.71,19.27,Export NA,29.09,26.71,62.06,37.63,37.32,-2.5,Export NA,1.72,1.77,1.79,79.64,3.69,4.38,6.07,-7.7,10.43,10.17,11.27,5.58,4.54,5.37,5,Realty,Realty,2025-12-31,2026-01-29
Ajooni Biotech Ltd.,AJOONI,,AJOONI,INE820Y01021,Other Food & Beverages,"Food, Beverages & Tobacco",4.21,4.21,72.51,14.78,Export NA,40.54,64.2,7.38,28.35,46.65,0.19,Export NA,1.73,2.98,0.79,16.19,8.04,15.04,0.28,79.8,3.82,26.28,15.61,3.54,19.55,11.14,6,"Food, Beverages & Tobacco",Other Food & Beverages,2025-12-31,2026-01-30
Akanksha Power and Infrastructure Ltd.,AKANKSHA,,AKANKSHA,INE0PCY01014,Other Electrical Equipment/Products,Consumer Durables,89,89,174.27,40.18,Export NA,,,6.99,49.58,41.19,,Export NA,1.45,1.34,2.55,1.75,9.42,8.51,2.22,,6.54,20.69,21.67,3.73,10.95,11.03,2,Consumer Durables,Other Electrical Equipment/Products,2025-03-31,2025-11-14
Akash Infra-Projects Ltd.,AKASH,,AKASH,INE737W01013,Roads & Highways,Cement and Construction,26.07,26.07,43.96,18.38,Export NA,152.2,94.67,8.25,35.74,6.99,0.4,Export NA,3.26,0.03,0.52,6.95,4.05,1.13,1.42,45.99,1.05,11.25,24.35,0.42,4.61,8.72,8,Cement and Construction,Roads & Highways,2025-12-31,2026-02-14
Aki India Ltd.,AKI,542020,AKI,INE642Z01026,Other Apparels & Accessories,Textiles Apparels & Accessories,4.76,4.76,49.13,23.7,Export NA,80.04,74.07,2.53,53.79,43.2,-11.64,Export NA,2.24,2.85,0.49,,15.41,13.14,0.2,-2.04,2.57,22.86,20.14,1.46,8.26,9.64,3,Textiles Apparels & Accessories,Other Apparels & Accessories,2025-12-31,2026-05-15
Akiko Global Services Ltd.,AKIKO,,AKIKO,INE0PMR01017,Distributors,Commercial Services & Supplies,296.85,296.85,319.7,43.29,Export NA,,,100,31.83,22.9,,Export NA,2.32,24.39,6.47,97.39,5.75,5.17,6.86,,16.7,13.46,16.43,11.44,6.61,8.69,1,Commercial Services & Supplies,Distributors,2025-03-31,2025-11-05
Akme Fintrade (India) Ltd.,AFIL,544200,AFIL,INE916Y01027,Finance (including NBFCs),Banking and Finance,9.22,9.22,393.46,9.3,Export NA,,,46.77,22.6,26.34,0.34,Export NA,2.78,2.13,0.95,59.27,6.23,3.86,0.99,27.35,9.98,16.76,13.65,4.52,4.85,6.73,4,Banking and Finance,Finance (including NBFCs),2026-03-31,2026-05-06
Aksh Optifibre Ltd.,AKSHOPTFBR,532351,AKSHOPTFBR,INE523B01011,Telecom Cables,Telecommunications Equipment,7.07,7.07,115.03,-5.24,Export NA,,,,62.37,64.46,-0.07,Export NA,3.45,1.61,-15.66,,10.31,6.8,-1.35,72.43,0,6.95,6.11,-9.22,3.76,2.97,2,Telecommunications Equipment,Telecom Cables,2025-12-31,2026-02-06
Akshar Spintex Ltd.,AKSHAR,541303,AKSHAR,INE256Z01025,Textiles,Textiles Apparels & Accessories,0.49,0.49,38.59,-4.74,Export NA,19.65,,,53.79,32.96,0.02,Export NA,2.24,6.53,0.48,30.03,15.41,3.67,-0.1,-246.76,-5.04,22.86,11.51,-4.53,8.26,7.43,3,Textiles Apparels & Accessories,Textiles,2025-12-31,2026-02-13
AksharChem (India) Ltd.,AKSHARCHEM,524598,AKSHARCHEM,INE542B01011,Dyes & Pigments,Chemicals & Petrochemicals,209.87,209.87,168.59,-43.38,Export NA,40.92,21.36,,42.23,13.7,0.92,Export NA,3.64,0.6,0.65,10.94,6.18,1.59,-4.84,-47.34,1.8,13.61,5,1.14,9.15,3.15,7,Chemicals & Petrochemicals,Dyes & Pigments,2025-12-31,2026-01-28
Akums Drugs & Pharmaceuticals Ltd.,AKUMS,544222,AKUMS,INE09XN01023,Pharmaceuticals,Pharmaceuticals & Biotechnology,528.4,528.4,8316.7,26.14,Export NA,,,52.01,42.18,42.23,0.23,Export NA,2.39,2.39,2.59,38.99,7.57,7.72,20.22,113.21,11.09,17.72,18.15,8.22,11.9,12.17,8,Pharmaceuticals & Biotechnology,Pharmaceuticals,2025-12-31,2026-02-13
Alankit Ltd.,ALANKIT,531082,ALANKIT,INE914E01040,Misc. Commercial Services,Commercial Services & Supplies,8.94,8.94,242.42,11.45,Export NA,21.41,71.86,4.75,31.83,27.25,-2.36,Export NA,2.32,0.82,0.77,3.68,5.75,5.02,0.78,-4.86,6.69,13.46,17.32,4.67,6.61,12.13,8,Commercial Services & Supplies,Misc. Commercial Services,2025-12-31,2026-02-11
Albert David Ltd.,ALBERTDAVD,524075,ALBERTDAVD,INE155C01010,Pharmaceuticals,Pharmaceuticals & Biotechnology,781.1,781.1,445.79,46.38,Export NA,18.12,14.83,92.28,42.18,42.23,-0.61,Export NA,2.39,2.39,1.09,21.93,7.57,7.72,16.84,-76.23,4.38,17.72,18.15,3.36,11.9,12.17,3,Pharmaceuticals & Biotechnology,Pharmaceuticals,2025-12-31,2026-05-12
Alcokraft Distilleries Ltd.,ALCODIS,,ALCODIS,INE448V01019,Breweries & Distilleries,"Food, Beverages & Tobacco",79.55,79.55,81.54,9.09,Export NA,12,,24.62,28.35,66.59,,Export NA,1.73,1.7,0.93,14.77,8.04,10.34,8.75,,9.3,26.28,16.79,4.22,19.55,10.27,4,"Food, Beverages & Tobacco",Breweries & Distilleries,2025-03-31,2025-11-14
Alembic Ltd.,ALEMBICLTD,506235,ALEMBICLTD,INE426A01027,Pharmaceuticals,Pharmaceuticals & Biotechnology,90.43,90.43,2322.08,7.29,Export NA,9.93,9.72,27.77,42.18,42.23,5.28,Export NA,2.39,2.39,0.91,13.18,7.57,7.72,12.41,1.38,13.28,17.72,18.15,12.41,11.9,12.17,6,Pharmaceuticals & Biotechnology,Pharmaceuticals,2025-12-31,2026-05-19
Alembic Pharmaceuticals Ltd.,APLLTD,533573,APLLTD,INE901L01018,Pharmaceuticals,Pharmaceuticals & Biotechnology,768.15,768.15,15098.99,24.01,Export NA,30.95,32.01,42.69,42.18,42.23,6,Export NA,2.39,2.39,2.77,10.59,7.57,7.72,32,4,11.23,17.72,18.15,7.5,11.9,12.17,5,Pharmaceuticals & Biotechnology,Pharmaceuticals,2025-12-31,2026-05-15
Algoquant Fintech Ltd.,ALGOQUANT,505725,ALGOQUANT,INE598D01035,Other Financial Services,Banking and Finance,62.83,62.83,1766.13,102.59,Export NA,54.98,127.84,83.26,22.6,36.93,,Export NA,2.78,3.57,15.02,76.02,6.23,99.98,0.61,,31.59,16.76,19.97,14.79,4.85,11.89,6,Banking and Finance,Other Financial Services,2025-12-31,2026-02-14
Alicon Castalloy Ltd.,ALICON,531147,ALICON,INE062D01024,Auto Parts & Equipment,Automobiles & Auto Components,729.5,729.5,1197.24,34.77,Export NA,29.14,34.86,86.05,32.11,41.7,-1.38,Export NA,5.07,3.31,1.93,18.88,6.96,6.81,20.98,-25.23,7.76,19.05,15.01,3.55,9.43,7.82,4,Automobiles & Auto Components,Auto Parts & Equipment,2026-03-31,2026-05-12
Alivus Life Sciences Ltd.,ALIVUS,543322,ALIVUS,INE03Q201024,Pharmaceuticals,Pharmaceuticals & Biotechnology,1098.8,1098.8,13486.26,24.81,Export NA,25.22,,75.97,42.18,42.23,1.07,Export NA,2.39,2.39,4.26,65.14,7.57,7.72,44.3,23.09,17.23,17.72,18.15,14.23,11.9,12.17,5,Pharmaceuticals & Biotechnology,Pharmaceuticals,2025-12-31,2026-05-14
Alkali Metals Ltd.,ALKALI,533029,ALKALI,INE773I01017,Specialty Chemicals,Chemicals & Petrochemicals,63.8,63.8,64.96,72.53,Export NA,88.37,62.8,67.21,42.23,47.85,0.66,Export NA,3.64,2.93,1.6,57.65,6.18,7.62,0.88,109.33,-13.27,13.61,14.82,-6.24,9.15,10.12,5,Chemicals & Petrochemicals,Specialty Chemicals,2025-12-31,2026-02-14
Alkem Laboratories Ltd.,ALKEM,539523,ALKEM,INE540L01014,Pharmaceuticals,Pharmaceuticals & Biotechnology,5496.5,5496.5,65718.9,27.72,Export NA,32.46,34.33,42.64,42.18,42.23,2.74,Export NA,2.39,2.39,4.69,30.72,7.57,7.72,198.32,10.13,18.06,17.72,18.15,12.24,11.9,12.17,6,Pharmaceuticals & Biotechnology,Pharmaceuticals,2025-12-31,2026-02-13
Alkyl Amines Chemicals Ltd.,ALKYLAMINE,506767,ALKYLAMINE,INE150B01039,Specialty Chemicals,Chemicals & Petrochemicals,1592.6,1592.6,8145.21,45.25,Export NA,58.23,58.19,61.86,42.23,47.85,-13.81,Export NA,3.64,2.93,5.48,43.46,6.18,7.62,35.2,-3.28,11.73,13.61,14.82,9.49,9.15,10.12,6,Chemicals & Petrochemicals,Specialty Chemicals,2026-03-31,2026-05-05
All Time Plastics Ltd.,ALLTIME,544479,ALLTIME,INE0GV601021,Houseware,Consumer Durables,244.66,244.66,1602.71,44.83,Export NA,,,73.33,49.58,32.11,-9.02,Export NA,1.45,3.2,2.66,,9.42,5.53,5.46,-4.97,19.01,20.69,17.23,8.41,10.95,12.51,3,Consumer Durables,Houseware,2025-12-31,2026-02-09
All e Technologies Ltd.,ALLETEC,,ALLETEC,INE0M2X01012,IT Consulting & Software,Software & Services,151.45,151.45,305.84,10.14,Export NA,28.69,,2.27,22.39,21.42,0.59,Export NA,10.02,10.72,2.35,10.26,6.84,6.86,14.93,17.25,20.89,28.07,30.42,17.42,17.17,18.42,7,Software & Services,IT Consulting & Software,2025-12-31,2026-02-13
Allcargo Logistics Ltd.,ALLCARGO,532749,ALLCARGO,INE418H01029,Warehousing & Logistics,Transportation,9.33,9.33,1397.43,-11.99,Export NA,77.29,47.08,,36.05,32.42,0.03,Export NA,4.72,1.7,1.44,36.84,8.05,4.18,-0.78,-374.01,1.46,25.06,8.62,0.46,7.11,5.64,5,Transportation,Warehousing & Logistics,2025-12-31,2026-05-14
Allcargo Terminals Ltd Partly Paidup,ATLPP,890228,ATLPP,IN90NN701011,Others,Others,10.4,10.4,,,Export NA,,,,,,,Export NA,,,,,,,,,,,,,,,,Others,Others,,
Allcargo Terminals Ltd.,ATL,543954,ATL,INE0NN701020,Warehousing & Logistics,Transportation,25.08,25.08,657.12,19.54,Export NA,23.68,,22.65,36.05,32.42,-1.08,Export NA,4.72,1.7,2.03,0.88,8.05,4.18,1.28,-18.16,11.35,25.06,8.62,3.17,7.11,5.64,5,Transportation,Warehousing & Logistics,2025-12-31,2026-02-10
Alldigi Tech Ltd.,ALLDIGI,532633,ALLDIGI,INE835G01018,BPO/KPO,Software & Services,813.55,813.55,1239.71,15.08,Export NA,19.89,19.96,51.54,22.39,25.25,-11.74,Export NA,10.02,1.31,4.62,75.14,6.84,4.33,53.96,-1.28,32.76,28.07,18.24,15.83,17.17,10.87,6,Software & Services,BPO/KPO,2026-03-31,2026-05-07
Allied Blenders & Distillers Ltd.,ABDL,544203,ABDL,INE552Z01027,Breweries & Distilleries,"Food, Beverages & Tobacco",567.45,567.45,15872.16,59.67,Export NA,,,25.87,28.35,66.59,0.45,Export NA,1.73,1.7,9.79,35.22,8.04,10.34,9.51,133.7,12.63,26.28,16.79,5.51,19.55,10.27,6,"Food, Beverages & Tobacco",Breweries & Distilleries,2025-12-31,2026-05-14
Allied Digital Services Ltd.,ADSL,532875,ADSL,INE102I01027,IT Consulting & Software,Software & Services,123.87,123.87,700.71,19.38,Export NA,27.68,41.65,62.88,22.39,21.42,-0.59,Export NA,10.02,10.72,1.13,71.53,6.84,6.86,6.39,-32.83,4.62,28.07,30.42,3,17.17,18.42,4,Software & Services,IT Consulting & Software,2025-12-31,2026-02-04
Almondz Global Securities Ltd.,ALMONDZ,531400,ALMONDZ,INE326B01035,Capital Markets,Banking and Finance,15.49,15.49,268.98,9.19,Export NA,16.23,15.44,43.82,22.6,49.83,0.13,Export NA,2.78,1.85,1.02,72.27,6.23,18.07,1.69,70.53,7.17,16.76,28.37,4.93,4.85,12.93,5,Banking and Finance,Capital Markets,2025-12-31,2026-02-11
Alok Industries Ltd.,ALOKINDS,521070,ALOKINDS,INE270A01029,Textiles,Textiles Apparels & Accessories,13.57,13.57,6737.83,-9.05,Export NA,,,,53.79,32.96,-1.02,Export NA,2.24,6.53,-0.32,,15.41,3.67,-1.5,8.86,0,22.86,11.51,-11.49,8.26,7.43,4,Textiles Apparels & Accessories,Textiles,2026-03-31,2026-04-16
Alpa Laboratories Ltd.,ALPA,532878,ALPA,INE385I01010,Biotechnology,Pharmaceuticals & Biotechnology,68.48,68.48,144.09,12.36,Export NA,11.13,11.26,48.5,42.18,136.9,-0.23,Export NA,2.39,1.32,0.78,43.99,7.57,3.06,5.54,-53.8,11.37,17.72,4.74,8.76,11.9,3.91,4,Pharmaceuticals & Biotechnology,Biotechnology,2025-12-31,2026-02-11
Alpex Solar Ltd.,ALPEXSOLAR,,ALPEXSOLAR,INE0R4701017,Power - Electric Utilities,Utilities,915.05,915.05,2239.44,26.83,Export NA,,,14.86,24.91,29.95,0.11,Export NA,27.85,1.43,4.25,1.45,5.52,4.23,34.11,236.76,38.57,14.21,16.2,17.62,5.38,5.79,3,Utilities,Power - Electric Utilities,2025-12-31,2026-02-09
Alphageo (India) Ltd.,ALPHAGEO,526397,ALPHAGEO,INE137C01018,Oil Equipment & Services,Oil & Gas,234.08,234.08,148.99,-10.21,Export NA,521.1,274.26,,18.34,28.04,0.01,Export NA,1.36,1.25,0.59,23.6,1.85,2.73,-22.92,-990.82,-2.27,10.19,15.61,-1.95,4.37,9.98,3,Oil & Gas,Oil Equipment & Services,2025-12-31,2026-02-11
Aluwind Infra-Tech Ltd.,ALUWIND,,ALUWIND,INE0STM01017,Aluminium and Aluminium Products,Metals & Mining,50.1,50.1,124.49,11.83,Export NA,,,,23.8,12.17,,Export NA,1.11,0.85,1.77,,5.3,2.67,4.23,,14.99,19.76,21.32,6.55,9.83,9.07,1,Metals & Mining,Aluminium and Aluminium Products,2026-03-31,2026-05-01
Amagi Media Labs Ltd.,AMAGI,544679,AMAGI,INE121R01077,Internet Software & Services,Software & Services,409.55,409.55,8860.16,,Export NA,,,,22.39,32.02,,Export NA,10.02,2.7,9.03,,6.84,6.82,,,0,28.07,8.54,-4.82,17.17,6.62,3,Software & Services,Internet Software & Services,2025-12-31,2026-05-20
Amanta Healthcare Ltd.,AMANTA,544502,AMANTA,INE084K01015,Pharmaceuticals,Pharmaceuticals & Biotechnology,134.29,134.29,521.44,34.07,Export NA,,,81.1,42.18,42.23,,Export NA,2.39,2.39,2.42,,7.57,7.72,3.94,,10.89,17.72,18.15,2.75,11.9,12.17,6,Pharmaceuticals & Biotechnology,Pharmaceuticals,2025-12-31,2026-05-19
Amara Raja Energy & Mobility Ltd.,ARE&M,500008,ARE&M,INE885A01032,Auto Parts & Equipment,Automobiles & Auto Components,832.2,832.2,15231.37,20.5,Export NA,21.51,20.22,57.08,32.11,41.7,-0.77,Export NA,5.07,3.31,1.93,6.97,6.96,6.81,40.6,-26.64,12.78,19.05,15.01,9.29,9.43,7.82,5,Automobiles & Auto Components,Auto Parts & Equipment,2025-12-31,2026-05-25
Amba Auto Sales and Services Ltd.,AMBAAUTO,,AMBAAUTO,INE293601014,Specialty Retail,Retailing,129.5,129.5,237.3,30.52,Export NA,,,,78.39,54.96,,Export NA,6.4,18.36,7.48,,19.94,7.79,4.24,,51.35,10.74,13.46,8.53,6.91,6.43,3,Retailing,Specialty Retail,2025-03-31,
Ambalal Sarabhai Enterprises Ltd.,,500009,AMBALALSA,INE432A01017,Pharmaceuticals,Pharmaceuticals & Biotechnology,30.98,30.98,237.41,21.52,Export NA,56.48,36.3,63.86,42.18,42.23,-0.96,Export NA,2.39,2.39,1.57,9.87,7.57,7.72,1.44,-22.38,3.52,17.72,18.15,1.82,11.9,12.17,5,Pharmaceuticals & Biotechnology,Pharmaceuticals,2025-12-31,2026-02-12
Ambani Orgochem Ltd.,AMBANIORGO,,AMBANIORGO,INE00C501018,Specialty Chemicals,Chemicals & Petrochemicals,140.4,140.4,101.91,-119.24,Export NA,82.65,80.49,,42.23,47.85,,Export NA,3.64,2.93,2.12,66.51,6.18,7.62,-1.18,,-1.67,13.61,14.82,-0.41,9.15,10.12,3,Chemicals & Petrochemicals,Specialty Chemicals,2025-03-31,2025-11-14
Amber Enterprises India Ltd.,AMBER,540902,AMBER,INE371P01015,Consumer Electronics,Consumer Durables,8163.5,8163.5,28751.68,179.88,Export NA,120.19,95.5,99.69,49.58,57.15,-6.41,Export NA,1.45,1.69,7.88,76.87,9.42,10.85,45.38,-28.05,10.65,20.69,24.42,2.88,10.95,9.83,5,Consumer Durables,Consumer Electronics,2025-12-31,2026-05-15
Ambey Laboratories Ltd.,AMBEY,,AMBEY,INE0M3I01029,Agrochemicals,Chemicals & Petrochemicals,28.7,28.7,75.13,15.71,Export NA,,,3.55,42.23,30.4,,Export NA,3.64,3.17,0.94,,6.18,3.87,1.83,,7.26,13.61,11.71,3.75,9.15,7.88,3,Chemicals & Petrochemicals,Agrochemicals,2025-03-31,2025-11-14
Ambica Agarbathies & Aroma Industries Ltd.,AMBICAAGAR,532335,AMBICAAGAR,INE792B01012,Household Products,Consumer Durables,24.04,24.04,41.29,59.31,Export NA,9.05,16.99,76.81,49.58,22.2,-0.66,Export NA,1.45,0.4,0.37,14.68,9.42,4.27,0.41,-90.22,0.44,20.69,21,0.21,10.95,9.27,7,Consumer Durables,Household Products,2025-12-31,2026-02-12
Ambika Cotton Mills Ltd.,AMBIKCO,531978,AMBIKCO,INE540G01014,Textiles,Textiles Apparels & Accessories,1524.3,1524.3,872.66,13.88,Export NA,13.29,10.1,89.86,53.79,32.96,-2.97,Export NA,2.24,6.53,0.92,13.18,15.41,3.67,109.85,-4.67,7.27,22.86,11.51,5.71,8.26,7.43,6,Textiles Apparels & Accessories,Textiles,2025-12-31,2026-02-10
Ambuja Cements Ltd.,AMBUJACEM,500425,AMBUJACEM,INE079A01024,Cement & Cement Products,Cement and Construction,426.95,426.95,105534.5,23.01,Export NA,35.99,41.81,19.63,35.74,39.23,2.32,Export NA,3.26,1.71,1.86,25.2,4.05,3.41,18.56,9.91,7.96,11.25,8.66,5.27,4.61,4.59,4,Cement and Construction,Cement & Cement Products,2026-03-31,2026-05-04
Ameya Precision Engineers Ltd.,AMEYA,,AMEYA,INE0KT901015,Other Industrial Products,General Industrials,128.45,128.45,96.34,21.75,Export NA,,,70.23,58.9,44.01,,Export NA,5.74,4.34,3.18,81.72,14.56,20.86,5.91,,16.15,19.77,22.24,13.77,10.29,12.05,5,General Industrials,Other Industrial Products,2025-03-31,2025-11-13
Amiable Logistic (India) Ltd.,AMIABLE,,AMIABLE,INE0MTP01013,Warehousing & Logistics,Transportation,65.15,65.15,11.39,14.58,Export NA,,,70.19,36.05,32.42,,Export NA,4.72,1.7,1.2,0.32,8.05,4.18,4.47,,8.67,25.06,8.62,6.1,7.11,5.64,1,Transportation,Warehousing & Logistics,2025-03-31,2025-11-12
Amines & Plasticizers Ltd.,AMNPLST,506248,AMNPLST,INE275D01022,Commodity Chemicals,Chemicals & Petrochemicals,170.5,170.5,938.09,27.6,Export NA,31.67,27.57,66.34,42.23,39.75,-1.59,Export NA,3.64,7.92,3.39,47.68,6.18,4.79,6.18,-17.39,15.85,13.61,12.96,9.84,9.15,8.15,5,Chemicals & Petrochemicals,Commodity Chemicals,2025-12-31,2026-02-13
Amir Chand Jagdish Kumar (Exports) Ltd.,AMIRCHAND,544743,AMIRCHAND,INE05TO01019,Other Agricultural Products,"Food, Beverages & Tobacco",131.31,131.31,1359.74,,Export NA,,,,28.35,21.91,,Export NA,1.73,1.77,2.95,72,8.04,3.56,,,16.04,26.28,16.12,3.92,19.55,8.43,8,"Food, Beverages & Tobacco",Other Agricultural Products,2025-12-31,2026-04-16
Amrutanjan Health Care Ltd.,AMRUTANJAN,590006,AMRUTANJAN,INE098F01031,Pharmaceuticals,Pharmaceuticals & Biotechnology,557.6,557.6,1612.06,27.83,Export NA,41.61,40.1,13.21,42.18,42.23,2,Export NA,2.39,2.39,4.46,12.05,7.57,7.72,20.03,13.93,15.64,17.72,18.15,11.38,11.9,12.17,5,Pharmaceuticals & Biotechnology,Pharmaceuticals,2026-03-31,2026-05-08
Anand Rathi Share & Stock Brokers Ltd.,ARSSBL,544530,ARSSBL,INE549H01021,Capital Markets,Banking and Finance,546.45,546.45,3444.07,26.64,Export NA,,,2.94,22.6,49.83,,Export NA,2.78,1.85,2.57,,6.23,18.07,20.51,,9.58,16.76,28.37,1.82,4.85,12.93,4,Banking and Finance,Capital Markets,2026-03-31,2026-04-14
Anand Rathi Wealth Ltd.,ANANDRATHI,543415,ANANDRATHI,INE463V01026,Capital Markets,Banking and Finance,3529.8,3529.8,29304.61,74.02,Export NA,72.79,,88.55,22.6,49.83,2.31,Export NA,2.78,1.85,32.25,84.07,6.23,18.07,47.69,32.05,39.66,16.76,28.37,29.79,4.85,12.93,5,Banking and Finance,Capital Markets,2026-03-31,2026-04-09
Anant Raj Ltd.,ANANTRAJ,515055,ANANTRAJ,INE242C01024,Realty,Realty,502.45,502.45,18082.01,32.59,Export NA,62.38,58.87,59.61,37.63,37.32,1.07,Export NA,1.72,1.77,3.98,84.94,3.69,4.38,15.42,30.39,9.58,10.17,11.27,8.07,4.54,5.37,5,Realty,Realty,2026-03-31,2026-05-11
Anantam Highways Trust,ANANTAM,544579,ANANTAM,INE1UA823019,REITs-InvITs,Realty,109.1,109.1,2372.92,,Export NA,,,,37.63,46.38,,Export NA,1.72,3.82,0.92,100,3.69,1.66,,,99.28,10.17,6.22,9.88,4.54,1.93,4,Realty,REITs-InvITs,2025-12-31,2025-11-11
Andhra Cements Ltd.,ACL,532141,ACL,INE666E01020,Cement & Cement Products,Cement and Construction,55.89,55.89,515.15,-3.11,Export NA,,-1.04,,35.74,39.23,0.08,Export NA,3.26,1.71,16.08,100,4.05,3.41,-17.97,-36.87,-105.23,11.25,8.66,-13.29,4.61,4.59,3,Cement and Construction,Cement & Cement Products,2025-12-31,2026-05-13
Andhra Paper Ltd.,ANDHRAPAP,502330,ANDHRAPAP,INE435A01051,Paper & Paper Products,Commercial Services & Supplies,65.64,65.64,1305.25,69.63,Export NA,11.26,9.51,91.49,31.83,22.88,-0.83,Export NA,2.32,0.52,0.67,7.17,5.75,4.07,0.94,-84.31,4.58,13.46,8.09,3.41,6.61,4.93,2,Commercial Services & Supplies,Paper & Paper Products,2025-12-31,2026-05-14
Andhra Sugars Ltd.,ANDHRSUGAR,590062,ANDHRSUGAR,INE715B01021,Commodity Chemicals,Chemicals & Petrochemicals,93.43,93.43,1266.31,15.01,Export NA,29.77,19.09,71.2,42.23,39.75,0.17,Export NA,3.64,7.92,0.76,50.85,6.18,4.79,6.23,86.24,1.62,13.61,12.96,1.22,9.15,8.15,8,Chemicals & Petrochemicals,Commodity Chemicals,2025-12-31,2026-02-05
Angel One Gold ETF,AONEGOLD,,AONEGOLD,INF1J2R01114,Others,Others,14.04,14.04,,,Export NA,,,,,,,Export NA,,,,,,,,,,,,,,,,Others,Others,,
Angel One Ltd.,ANGELONE,543235,ANGELONE,INE732I01021,Capital Markets,Banking and Finance,299.1,299.1,27277.88,29.81,Export NA,20.82,21.17,94.02,22.6,49.83,-1.36,Export NA,2.78,1.85,4.49,25.07,6.23,18.07,10.03,-21.93,14.95,16.76,28.37,3.82,4.85,12.93,2,Banking and Finance,Capital Markets,2026-03-31,2026-04-16
Angel One Nifty 1D Rate Liquid ETF,AONELIQUID,,AONELIQUID,INF1J2R01056,Others,Others,1059,1059,,,Export NA,,,,,,,Export NA,,,,,,,,,,,,,,,,Others,Others,,
Angel One Nifty 50 ETF,AONENIFTY,,AONENIFTY,INF1J2R01064,Others,Others,9.61,9.61,,,Export NA,,,,,,,Export NA,,,,,,,,,,,,,,,,Others,Others,,
Angel One Nifty Total Market ETF,AONETOTAL,,AONETOTAL,INF1J2R01015,Others,Others,11.3,11.3,,,Export NA,,,,,,,Export NA,,,,,,,,,,,,,,,,Others,Others,,
Angel One Nifty Total Market Momentum Quality 50 ETF,AONETMMQ50,,AONETMMQ50,INF1J2R01148,Others,Others,9.98,9.98,,,Export NA,,,,,,,Export NA,,,,,,,,,,,,,,,,Others,Others,,
Angel One Silver ETF,AONESILVER,,AONESILVER,INF1J2R01171,Others,Others,10.06,10.06,,,Export NA,,,,,,,Export NA,,,,,,,,,,,,,,,,Others,Others,,
Anik Industries Ltd.,ANIKINDS,519383,ANIKINDS,INE087B01017,Diversified,Diversified,44.32,44.32,123,73.13,Export NA,386.32,205.88,76.32,24.34,34.23,0.17,Export NA,1.86,1.37,0.32,72.07,2.7,3.08,0.61,425,0.8,11.19,9.07,0.69,3.16,2.66,7,Diversified,Diversified,2025-12-31,2026-02-12
Anjani Portland Cement Ltd.,APCL,518091,APCL,INE071F01012,Cement & Cement Products,Cement and Construction,114.36,114.36,335.93,-8.22,Export NA,,12.6,,35.74,39.23,-0.19,Export NA,3.26,1.71,1.81,63.68,4.05,3.41,-13.92,43.4,-37.81,11.25,8.66,-8.56,4.61,4.59,3,Cement and Construction,Cement & Cement Products,2025-12-31,2026-02-12
Ankit Metal & Power Ltd.,ANKITMETAL,532870,ANKITMETAL,INE106I01010,Iron & Steel/Interm.Products,Metals & Mining,1.64,1.64,23.14,-0.09,Export NA,,,,23.8,32.33,0,Export NA,1.11,0.78,-0.03,,5.3,3.24,-18.2,-310.31,0,19.76,6.78,-8.26,9.83,3.42,3,Metals & Mining,Iron & Steel/Interm.Products,2023-12-31,2024-03-21
Anlon Healthcare Ltd.,AHCL,544497,AHCL,INE0Y8W01025,Pharmaceuticals,Pharmaceuticals & Biotechnology,13.39,13.39,711.7,,Export NA,,,,42.18,42.23,,Export NA,2.39,2.39,3.24,6.55,7.57,7.72,,,25.51,17.72,18.15,11.31,11.9,12.17,1,Pharmaceuticals & Biotechnology,Pharmaceuticals,2025-12-31,2026-02-09
Anlon Technology Solutions Ltd.,ANLON,,ANLON,INE0LR101013,Industrial Machinery,General Industrials,556,556,347.8,53.59,Export NA,,,91.26,58.9,58.76,,Export NA,5.74,4.45,5.41,58.87,14.56,20.55,10.38,,11.03,19.77,24.18,8.01,10.29,13.59,2,General Industrials,Industrial Machinery,2025-03-31,2025-11-11
Anmol India Ltd.,ANMOL,542437,ANMOL,INE02AR01019,Distributors,Commercial Services & Supplies,11.48,11.48,65.34,6.33,Export NA,10.25,,9.26,31.83,22.9,0.57,Export NA,2.32,24.39,0.56,0.79,5.75,5.17,1.82,11.08,6.5,13.46,16.43,1.94,6.61,8.69,4,Commercial Services & Supplies,Distributors,2025-12-31,2026-05-16
Annapurna Swadisht Ltd.,ANNAPURNA,,ANNAPURNA,INE0MGM01017,Packaged Foods,FMCG,149.05,149.05,325.23,15.12,Export NA,,,,49.72,67.64,,Export NA,14.09,6.77,1.03,,20.61,37.36,9.86,,7.17,37.93,51.25,4.58,19.27,22.23,2,FMCG,Packaged Foods,2025-03-31,2025-10-23
Anondita Medicare Ltd.,ANONDITA,,ANONDITA,INE0VTV01012,Personal Products,FMCG,961.5,961.5,1739.03,110.11,Export NA,,,100,49.72,42.44,,Export NA,14.09,18.07,16.01,100,20.61,13.33,8.73,,41.7,37.93,33.56,20.17,19.27,18.98,5,FMCG,Personal Products,2025-03-31,2025-11-13
Ansal Properties & Infrastructure Ltd.,ANSALAPI,500013,ANSALAPI,INE436A01026,Realty,Realty,4.19,4.19,65.95,-0.04,Export NA,,,,37.63,37.32,0,Export NA,1.72,1.77,-0.04,,3.69,4.38,-102.9,-12473.49,0,10.17,11.27,-50.94,4.54,5.37,3,Realty,Realty,2025-06-30,2025-12-15
Antarctica Ltd.,ANTGRAPHIC,526715,ANTGRAPHIC,INE414B01021,Containers & Packaging,Commercial Services & Supplies,0.82,0.82,12.71,6.49,Export NA,19.46,879.55,5.03,31.83,23.27,0,Export NA,2.32,5.49,0.73,32.27,5.75,2.74,0.13,3054.75,-2.02,13.46,10.99,-0.63,6.61,7.3,3,Commercial Services & Supplies,Containers & Packaging,2025-12-31,2026-02-13
Antelopus Selan Energy Ltd.,ANTELOPUS,530075,ANTELOPUS,INE818A01017,Exploration & Production,Oil & Gas,719.35,719.35,2529.41,28.23,Export NA,52.16,58.5,70.13,18.34,10.05,1.34,Export NA,1.36,31.57,4.11,100,1.85,1.06,25.48,21.13,13.67,10.19,11.02,10.87,4.37,5.08,5,Oil & Gas,Exploration & Production,2026-03-31,2026-05-04
Anthem Biosciences Ltd.,ANTHEM,544449,ANTHEM,INE0CZ201020,Pharmaceuticals,Pharmaceuticals & Biotechnology,799.05,799.05,44883.75,92.61,Export NA,,,89.9,42.18,42.23,,Export NA,2.39,2.39,15.77,39.39,7.57,7.72,8.63,,18.72,17.72,18.15,16.07,11.9,12.17,6,Pharmaceuticals & Biotechnology,Pharmaceuticals,2025-12-31,2026-02-05
Antony Waste Handling Cell Ltd.,AWHCL,543254,AWHCL,INE01BK01022,Waste Management,Utilities,476.5,476.5,1352.41,16.31,Export NA,19,16.42,46.56,24.91,21.35,1.18,Export NA,27.85,23.64,1.92,35.9,5.52,3.27,29.22,13.83,12.94,14.21,16.23,5.16,5.38,11.16,4,Utilities,Waste Management,2025-12-31,2026-01-30
Anuh Pharma Ltd.,ANUHPHR,506260,ANUHPHR,INE489G01022,Pharmaceuticals,Pharmaceuticals & Biotechnology,80.24,80.24,804.2,19.23,Export NA,18.46,18.24,52.48,42.18,42.23,-1.15,Export NA,2.39,2.39,2.36,34.35,7.57,7.72,4.17,-16.78,14.52,17.72,18.15,9.34,11.9,12.17,3,Pharmaceuticals & Biotechnology,Pharmaceuticals,2025-12-31,2026-02-06
Anupam Rasayan India Ltd.,ANURAS,543275,ANURAS,INE930P01018,Specialty Chemicals,Chemicals & Petrochemicals,1359.5,1359.5,15477.68,89.97,Export NA,104.97,82.13,70.58,42.23,47.85,0.78,Export NA,3.64,2.93,4.75,69.53,6.18,7.62,15.11,115.89,3.27,13.61,14.82,1.77,9.15,10.12,2,Chemicals & Petrochemicals,Specialty Chemicals,2025-12-31,2026-02-14
Anya Polytech & Fertilizers Ltd.,ANYA,,ANYA,INE0SI601032,Containers & Packaging,Commercial Services & Supplies,16.5,16.5,198,24.17,Export NA,,,37.5,31.83,23.27,,Export NA,2.32,5.49,2.09,,5.75,2.74,0.68,,9.61,13.46,10.99,4.34,6.61,7.3,3,Commercial Services & Supplies,Containers & Packaging,2025-03-31,2025-11-14
Anzen India Energy Yield Plus Trust,ANZEN,543655,ANZEN,INE0MIZ23019,REITs-InvITs,Utilities,126,126,2471.99,-246.24,Export NA,,,,24.91,46.38,-5.76,Export NA,27.85,3.82,1.59,99.31,5.52,1.66,-0.51,42.75,-1.04,14.21,6.22,-0.45,5.38,1.93,1,Utilities,REITs-InvITs,2025-12-31,2025-11-11
Apar Industries Ltd.,APARINDS,532259,APARINDS,INE372A01015,Other Electrical Equipment/Products,Consumer Durables,12459,12459,50045.68,51.41,Export NA,41.85,33.82,99.63,49.58,41.19,2.5,Export NA,1.45,1.34,9.89,94.03,9.42,8.51,242.36,20.55,18.23,20.69,21.67,7.29,10.95,11.03,5,Consumer Durables,Other Electrical Equipment/Products,2025-12-31,2026-05-28
Apcotex Industries Ltd.,APCOTEXIND,523694,APCOTEXIND,INE116A01032,Auto Tyres & Rubber Products,Automobiles & Auto Components,486.7,486.7,2523.3,24.88,Export NA,36.45,31.22,38.49,32.11,25.9,0.28,Export NA,5.07,0.9,4.19,42.78,6.96,2.87,19.56,87.57,16.33,19.05,10.97,10.28,9.43,6.34,9,Automobiles & Auto Components,Auto Tyres & Rubber Products,2026-03-31,2026-05-06
Apeejay Surrendra Park Hotels Ltd.,PARKHOTELS,544111,PARKHOTELS,INE988S01028,Hotels,Hotels Restaurants & Tourism,128.54,128.54,2742.71,34.13,Export NA,,,29.01,44.23,40.73,5.28,Export NA,3.41,2.69,2.06,8.29,8.2,7.29,3.77,6.47,6.5,12.41,12.19,5,7.26,7.71,7,Hotels Restaurants & Tourism,Hotels,2025-12-31,2026-02-04
Apex Ecotech Ltd.,APEXECO,,APEXECO,INE0T4V01015,Utilities:Non-Electrical,Utilities,181.9,181.9,239.84,14.09,Export NA,,,12.88,24.91,15.47,,Export NA,27.85,426.35,4.91,100,5.52,5.02,12.91,,26.91,14.21,14.06,19.08,5.38,8.44,3,Utilities,Utilities:Non-Electrical,2026-03-31,2026-05-06
Apex Frozen Foods Ltd.,APEX,540692,APEX,INE346W01013,Other Food & Beverages,"Food, Beverages & Tobacco",458.2,458.2,1431.88,43.36,Export NA,143.39,83.25,75.47,28.35,46.65,0.02,Export NA,1.73,2.98,2.76,77.85,8.04,15.04,10.57,2028.2,0.78,26.28,15.61,0.63,19.55,11.14,8,"Food, Beverages & Tobacco",Other Food & Beverages,2025-12-31,2026-02-11
Apollo Hospitals Enterprise Ltd.,APOLLOHOSP,508869,APOLLOHOSP,INE437A01024,Healthcare Facilities,Healthcare,8022.5,8022.5,115351.28,64.02,Export NA,88.88,82.38,19.23,64.81,71.3,1.71,Export NA,6.11,6.58,12.02,71.22,9.5,9.54,125.32,37.54,17.6,14.74,13.76,6.99,8.39,7.2,7,Healthcare,Healthcare Facilities,2025-12-31,2026-05-20
Apollo Micro Systems Ltd.,APOLLO,540879,APOLLO,INE713T01028,Aerospace & Defence,General Industrials,294.85,294.85,10534.77,117.96,Export NA,135.44,118.03,81.67,58.9,50.58,1.92,Export NA,5.74,8.98,9.54,84.07,14.56,11.27,2.5,61.38,9.29,19.77,23.04,4.33,10.29,9.53,5,General Industrials,Aerospace & Defence,2025-12-31,2026-05-18
Apollo Pipes Ltd.,APOLLOPIPE,531761,APOLLOPIPE,INE126J01016,Plastic Products,General Industrials,476.1,476.1,2097.13,280.14,Export NA,69.11,79.22,99.73,58.9,35.79,-3.63,Export NA,5.74,3.64,2.56,53.47,14.56,7.73,1.7,-77.07,0.91,19.77,14.6,0.58,10.29,10.46,5,General Industrials,Plastic Products,2026-03-31,2026-05-07
Apollo Sindoori Hotels Ltd.,APOLSINHOT,,APOLSINHOT,INE451F01024,Hotels,Hotels Restaurants & Tourism,1147,1147,298.27,29.97,Export NA,40.93,31.32,70.29,44.23,40.73,0.82,Export NA,3.41,2.69,1.94,27.22,8.2,7.29,38.28,36.56,5.29,12.41,12.19,2.44,7.26,7.71,7,Hotels Restaurants & Tourism,Hotels,2025-12-31,2026-02-12
Apollo Tyres Ltd.,APOLLOTYRE,500877,APOLLOTYRE,INE438A01022,Auto Tyres & Rubber Products,Automobiles & Auto Components,398.75,398.75,25324.65,27.35,Export NA,22.52,23.86,87.27,32.11,25.9,-0.97,Export NA,5.07,0.9,1.58,44.93,6.96,2.87,14.58,-28.26,7.59,19.05,10.97,4.1,9.43,6.34,7,Automobiles & Auto Components,Auto Tyres & Rubber Products,2025-12-31,2026-05-14
Aprameya Engineering Ltd.,APRAMEYA,,APRAMEYA,INE0LQG01010,Medical Equipment,Hardware Technology & Equipment,207.55,207.55,395.18,24.52,Export NA,,,65.81,29.02,22.92,,Export NA,0.51,1.94,5.57,86.45,14.15,3.26,8.46,,25.07,28.88,12.92,11.19,10.48,7.59,5,Hardware Technology & Equipment,Medical Equipment,2025-03-31,2025-11-10
Apsis Aerocom Ltd.,APSISAERO,,APSISAERO,INE1OOJ01011,Industrial Machinery,General Industrials,290.85,290.85,350.53,52.81,Export NA,,,,58.9,58.76,,Export NA,5.74,4.45,20.69,,14.56,20.55,5.51,,62.82,19.77,24.18,35.71,10.29,13.59,5,General Industrials,Industrial Machinery,2025-03-31,
Aptech Ltd.,APTECHT,532475,APTECHT,INE266F01018,IT Training Services,Software & Services,99.63,99.63,577.88,21.65,Export NA,37.26,31.26,27.91,22.39,25.14,0.37,Export NA,10.02,0.2,2.35,35.96,6.84,2.16,4.6,58.03,7.59,28.07,8.88,4.88,17.17,6.62,7,Software & Services,IT Training Services,2025-12-31,2026-02-11
Aptus Value Housing Finance India Ltd.,APTUS,543335,APTUS,INE852O01025,Housing Finance,Banking and Finance,274.15,274.15,13727.86,14.56,Export NA,22.68,28.51,4.11,22.6,18.02,0.57,Export NA,2.78,0.99,2.81,2.83,6.23,2.32,18.83,25.52,18.63,16.76,13.46,7.22,4.85,3.64,5,Banking and Finance,Housing Finance,2026-03-31,2026-05-06
Aqylon Nexus Ltd.,AQYLON,530943,AQYLON,INE416A01051,Movies & Entertainment,Media,51.5,51.5,1306.71,226.94,Export NA,85.39,85.39,75.3,25.23,33.17,1.8,Export NA,2.2,3.06,566.56,100,13.87,25.15,0.23,125.74,-101.41,20.32,45.72,42.11,15.35,32.15,6,Media,Movies & Entertainment,2026-03-31,2026-04-11
Arabian Petroleum Ltd.,ARABIAN,,ARABIAN,INE08NJ01024,Oil Marketing & Distribution,Oil & Gas,70.8,70.8,77.12,8.49,Export NA,,,3.49,18.34,9.53,,Export NA,1.36,1.05,1.2,,1.85,1.9,8.34,,15.61,10.19,12.36,8.52,4.37,6.44,6,Oil & Gas,Oil Marketing & Distribution,2025-03-31,2025-11-14
Archean Chemical Industries Ltd.,ACI,543657,ACI,INE128X01021,Commodity Chemicals,Chemicals & Petrochemicals,597.5,597.5,7376.64,69.37,Export NA,36.25,,100,42.23,39.75,-2.02,Export NA,3.64,7.92,3.83,11.51,6.18,4.79,8.61,-34.42,5.52,13.61,12.96,4.01,9.15,8.15,3,Chemicals & Petrochemicals,Commodity Chemicals,2026-03-31,2026-05-11
Archidply Decor Ltd.,ADL,543231,ADL,INE0CHO01012,Forest Products,Forest Materials,71.63,71.63,39.87,2202.64,Export NA,1285.29,,91.44,57.43,59.25,-24.06,Export NA,6.14,6.55,0.79,48.24,5.86,6.15,0.03,-91.56,0.11,9.16,9.21,0.07,5.7,5.64,7,Forest Materials,Forest Products,2025-12-31,2026-02-12
Archidply Industries Ltd.,ARCHIDPLY,532994,ARCHIDPLY,INE877I01016,Forest Products,Forest Materials,85.71,85.71,170.26,21.35,Export NA,28.47,23.45,50.63,57.43,59.25,0.1,Export NA,6.14,6.55,1.57,37.2,5.86,6.15,4.02,208.4,7.12,9.16,9.21,2.05,5.7,5.64,9,Forest Materials,Forest Products,2026-03-31,2026-05-08
Archies Ltd.,ARCHIES,532212,ARCHIES,INE731A01020,Specialty Retail,Retailing,14.71,14.71,49.69,-43.93,Export NA,,33.02,,78.39,54.96,-0.5,Export NA,6.4,18.36,0.38,1.67,19.94,7.79,-0.33,87.4,-1.7,10.74,13.46,-0.74,6.91,6.43,4,Retailing,Specialty Retail,2025-12-31,2026-02-11
Arfin India Ltd.,ARFIN,539151,ARFIN,INE784R01023,Aluminium and Aluminium Products,Metals & Mining,99.77,99.77,1683.34,108.95,Export NA,73.91,55.19,52.31,23.8,12.17,1.58,Export NA,1.11,0.85,10.18,97.47,5.3,2.67,0.92,68.93,9.07,19.76,21.32,4.16,9.83,9.07,7,Metals & Mining,Aluminium and Aluminium Products,2026-03-31,2026-05-11
Arham Technologies Ltd.,ARHAM,,ARHAM,INE0L2Y01011,Consumer Electronics,Consumer Durables,144.2,144.2,314.53,43.23,Export NA,,,95.2,49.58,57.15,,Export NA,1.45,1.69,7.49,94.76,9.42,10.85,3.34,,23.33,20.69,24.42,10.41,10.95,9.83,4,Consumer Durables,Consumer Electronics,2025-03-31,2025-11-14
Aries Agro Ltd.,ARIES,532935,ARIES,INE298I01015,Agrochemicals,Chemicals & Petrochemicals,348.85,348.85,453.66,10.41,Export NA,15.66,15.2,36.51,42.23,30.4,0.29,Export NA,3.64,3.17,1.35,83.23,6.18,3.87,33.51,35.75,11.74,13.61,11.71,5.85,9.15,7.88,8,Chemicals & Petrochemicals,Agrochemicals,2025-12-31,2026-02-13
Arihant Academy Ltd.,ARIHANTACA,,ARIHANTACA,INE0NCC01015,Education,Diversified Consumer Services,438,438,265.22,59.67,Export NA,,,38.6,33.62,20.12,,Export NA,3.59,2.38,8.6,22.37,10.95,20.81,7.34,,17.75,22.55,17.9,10.24,11.12,11.62,5,Diversified Consumer Services,Education,2025-12-31,2026-02-12
Arihant Capital Markets Ltd.,ARIHANTCAP,511605,ARIHANTCAP,INE420B01036,Capital Markets,Banking and Finance,69.37,69.37,760.38,19.67,Export NA,14.74,16.51,91.08,22.6,49.83,-0.4,Export NA,2.78,1.85,1.81,66.48,6.23,18.07,3.53,-48.9,15.61,16.76,28.37,7.45,4.85,12.93,4,Banking and Finance,Capital Markets,2025-12-31,2026-02-09
Arihant Foundations & Housing Ltd.,,531381,ARIHANT,INE413D01011,Realty,Realty,898.15,898.15,895.06,13.2,Export NA,30.24,21.29,46.29,37.63,37.32,0.12,Export NA,1.72,1.77,2.46,86.63,3.69,4.38,68.03,110.95,13.73,10.17,11.27,7.34,4.54,5.37,6,Realty,Realty,2025-12-31,2026-02-14
Arihant Superstructures Ltd.,ARIHANTSUP,506194,ARIHANTSUP,INE643K01018,Realty,Realty,255.9,255.9,1106.77,40.28,Export NA,34.46,29.23,89.02,37.63,37.32,-1.12,Export NA,1.72,1.77,3.08,42.3,3.69,4.38,6.35,-36.07,13.01,10.17,11.27,2.53,4.54,5.37,3,Realty,Realty,2025-12-31,2026-05-15
Arisinfra Solutions Ltd.,ARIS,544419,ARIS,INE0H9P01028,Construction Materials,Cement and Construction,144.9,144.9,1186.78,22.52,Export NA,,,1.28,35.74,28.02,0.01,Export NA,3.26,0.23,1.65,0.46,4.05,4.88,6.44,2451.16,7.13,11.25,16.85,5.06,4.61,8.83,7,Cement and Construction,Construction Materials,2026-03-31,2026-05-08
Aristo Bio-Tech and Lifescience Ltd.,ARISTO,,ARISTO,INE082101010,Agrochemicals,Chemicals & Petrochemicals,122,122,83.06,20.44,Export NA,,,78.04,42.23,30.4,,Export NA,3.64,3.17,2,55.19,6.18,3.87,5.97,,10.88,13.61,11.71,2.88,9.15,7.88,5,Chemicals & Petrochemicals,Agrochemicals,2025-03-31,2025-11-14
Arkade Developers Ltd.,ARKADE,544261,ARKADE,INE0QRL01017,Realty,Realty,117.94,117.94,2189.72,14.78,Export NA,,,23.88,37.63,37.32,1.08,Export NA,1.72,1.77,2.2,3.23,3.69,4.38,7.98,13.72,17.75,10.17,11.27,12.54,4.54,5.37,4,Realty,Realty,2025-12-31,2026-01-29
Arman Financial Services Ltd.,ARMANFIN,531179,ARMANFIN,INE109C01017,Finance (including NBFCs),Banking and Finance,1770.9,1770.9,1861.73,65.65,Export NA,21.24,27.36,91.09,22.6,26.34,-0.96,Export NA,2.78,2.13,2.08,17.85,6.23,3.86,26.97,-68.54,5.95,16.76,13.65,2.33,4.85,6.73,6,Banking and Finance,Finance (including NBFCs),2025-12-31,2026-02-12
Armour Security (India) Ltd.,ARMOUR,,ARMOUR,INE0TZX01019,Misc. Commercial Services,Commercial Services & Supplies,21.4,21.4,36.1,9.09,Export NA,,,,31.83,27.25,,Export NA,2.32,0.82,1.39,,5.75,5.02,2.36,,21.55,13.46,17.32,14.51,6.61,12.13,4,Commercial Services & Supplies,Misc. Commercial Services,2025-03-31,
Aro Granite Industries Ltd.,AROGRANITE,513729,AROGRANITE,INE210C01013,Construction Materials,Cement and Construction,25.84,25.84,39.54,-7.34,Export NA,29.8,19.29,,35.74,28.02,-0.64,Export NA,3.26,0.23,0.22,5.02,4.05,4.88,-3.52,11.46,-3.45,11.25,16.85,-1.53,4.61,8.83,3,Cement and Construction,Construction Materials,2025-12-31,2026-05-15
Arrow Greentech Ltd.,ARROWGREEN,516064,ARROWGREEN,INE570D01018,Plastic Products,General Industrials,551.25,551.25,831.72,16.18,Export NA,23.92,30.83,20.22,58.9,35.79,-0.96,Export NA,5.74,3.64,3.7,46.15,14.56,7.73,34.06,-16.85,33.53,19.77,14.6,30.29,10.29,10.46,8,General Industrials,Plastic Products,2025-12-31,2026-02-13
Arshiya Ltd.,ARSHIYA,506074,ARSHIYA,INE968D01022,Warehousing & Logistics,Transportation,1.25,1.25,32.93,,Export NA,,0.68,,36.05,32.42,,Export NA,4.72,1.7,-0.1,,8.05,4.18,,,0,25.06,8.62,-75.8,7.11,5.64,2,Transportation,Warehousing & Logistics,2025-03-31,2024-06-06
Artemis Electricals and Projects Ltd.,,542670,AEPL,INE757T01025,Household Appliances,Consumer Durables,16.11,16.11,404.42,42.58,Export NA,127.28,120.71,6.44,49.58,47.95,0.35,Export NA,1.45,3.33,4.41,22.29,9.42,5.18,0.38,121.17,8.79,20.69,13.31,6.22,10.95,7.54,6,Consumer Durables,Household Appliances,2025-12-31,2026-02-12
Artemis Medicare Services Ltd.,ARTEMISMED,542919,ARTEMISMED,INE025R01021,Healthcare Facilities,Healthcare,270.68,270.68,4285.03,41.35,Export NA,63.48,53.58,55.28,64.81,71.3,1.63,Export NA,6.11,6.58,4.73,66.88,9.5,9.54,6.55,25.41,11.08,14.74,13.76,7.25,8.39,7.2,6,Healthcare,Healthcare Facilities,2026-03-31,2026-05-08
Arunaya Organics Ltd.,ARUNAYA,,ARUNAYA,INE0TTG01017,Dyes & Pigments,Chemicals & Petrochemicals,25.4,25.4,44.55,10.55,Export NA,,,86.14,42.23,13.7,,Export NA,3.64,0.6,0.94,,6.18,1.59,2.41,,24.94,13.61,5,6.9,9.15,3.15,4,Chemicals & Petrochemicals,Dyes & Pigments,2025-03-31,2025-11-14
Arvee Laboratories (India) Ltd.,ARVEE,,ARVEE,INE006Z01016,Specialty Chemicals,Chemicals & Petrochemicals,160.17,160.17,176.51,85.05,Export NA,134.46,87.62,65.91,42.23,47.85,-15.7,Export NA,3.64,2.93,5.31,48.91,6.18,7.62,1.88,-5.42,6.86,13.61,14.82,5.71,9.15,10.12,6,Chemicals & Petrochemicals,Specialty Chemicals,2025-12-31,2026-05-18
Arvind Fashions Ltd.,ARVINDFASN,542484,ARVINDFASN,INE955V01021,Other Apparels & Accessories,Textiles Apparels & Accessories,431.9,431.9,5772.61,47.1,Export NA,79.74,97.06,,53.79,43.2,0.07,Export NA,2.24,2.85,5.61,75.06,15.41,13.14,9.17,633.61,12.98,22.86,20.14,2.9,8.26,9.64,6,Textiles Apparels & Accessories,Other Apparels & Accessories,2026-03-31,2026-05-06
Arvind Ltd.,ARVIND,500101,ARVIND,INE034A01011,Textiles,Textiles Apparels & Accessories,442,442,11585.47,28.59,Export NA,26.78,19.31,72.92,53.79,32.96,0.83,Export NA,2.24,6.53,2.94,80.84,15.41,3.67,15.46,34.43,9.33,22.86,11.51,4.36,8.26,7.43,4,Textiles Apparels & Accessories,Textiles,2025-12-31,2026-05-15
Arvind Port and Infra Ltd.,ARVINDPORT,,ARVINDPORT,INE0P4T01013,Shipping,Transportation,33.9,33.9,60.34,5.94,Export NA,,,,36.05,15.93,,Export NA,4.72,0.19,0.75,,8.05,10.04,5.7,,12.58,25.06,18.78,9.88,7.11,14.46,2,Transportation,Shipping,2025-03-31,2025-11-13
Arvind SmartSpaces Ltd.,ARVSMART,539301,ARVSMART,INE034S01021,Realty,Realty,592.25,592.25,2716.47,37.07,Export NA,53.66,55.4,70.96,37.63,37.32,-1.18,Export NA,1.72,1.77,4.33,74.25,3.69,4.38,15.97,-31.42,18.47,10.17,11.27,4.13,4.54,5.37,3,Realty,Realty,2025-12-31,2026-02-10
Asahi India Glass Ltd.,ASAHIINDIA,515030,ASAHIINDIA,INE439A01020,Auto Parts & Equipment,Automobiles & Auto Components,813.05,813.05,20726.86,68.04,Export NA,55.56,47.27,81.6,32.11,41.7,-4.98,Export NA,5.07,3.31,5.45,15.43,6.96,6.81,11.95,-13.65,13.91,19.05,15.01,5.46,9.43,7.82,5,Automobiles & Auto Components,Auto Parts & Equipment,2025-12-31,2026-01-30
Asahi Songwon Colors Ltd.,ASAHISONG,532853,ASAHISONG,INE228I01012,Dyes & Pigments,Chemicals & Petrochemicals,246.92,246.92,291.05,18.73,Export NA,20.62,18.5,51.46,42.23,13.7,2.11,Export NA,3.64,0.6,1.12,33.49,6.18,1.59,13.18,8.89,7.74,13.61,5,3.34,9.15,3.15,7,Chemicals & Petrochemicals,Dyes & Pigments,2025-12-31,2026-01-29
Ascom Leasing & Investments Ltd.,ASCOM,,ASCOM,INE08KD01015,Finance (including NBFCs),Banking and Finance,259.6,259.6,304.1,59.49,Export NA,34.33,30.01,81.99,22.6,26.34,,Export NA,2.78,2.13,5.8,78.88,6.23,3.86,4.36,,10.26,16.76,13.65,8.56,4.85,6.73,3,Banking and Finance,Finance (including NBFCs),2025-03-31,2025-11-12
Ashapura Logistics Ltd.,ASHALOG,,ASHALOG,INE0LAA01017,Warehousing & Logistics,Transportation,62.2,62.2,84.32,6.86,Export NA,,,,36.05,32.42,,Export NA,4.72,1.7,0.61,,8.05,4.18,9.06,,9.42,25.06,8.62,5.75,7.11,5.64,3,Transportation,Warehousing & Logistics,2025-03-31,2025-11-14
Ashapura Minechem Ltd.,ASHAPURMIN,527001,ASHAPURMIN,INE348A01023,Coal & Mining,Metals & Mining,648.55,648.55,6195.35,16.43,Export NA,15.34,16.09,83.5,23.8,13.83,0.46,Export NA,1.11,3.11,4.15,65.34,5.3,4.81,39.48,35.76,23.81,19.76,23.55,7.52,9.83,10.77,5,Metals & Mining,Coal & Mining,2025-12-31,2026-02-05
Ashiana Housing Ltd.,ASHIANA,523716,ASHIANA,INE365D01021,Realty,Realty,349.85,349.85,3516.86,30,Export NA,108.06,100,29.94,37.63,37.32,0.04,Export NA,1.72,1.77,4.15,81.97,3.69,4.38,11.66,667.78,2.38,10.17,11.27,0.52,4.54,5.37,5,Realty,Realty,2025-12-31,2026-02-10
Ashika Credit Capital Ltd.,,543766,ASHIKA,INE094B01013,Finance (including NBFCs),Banking and Finance,382.45,382.45,1710.51,208.87,Export NA,,40.24,91.19,22.6,26.34,0.68,Export NA,2.78,2.13,2.73,84.74,6.23,3.86,1.83,306.5,-11.67,16.76,13.65,-11.59,4.85,6.73,3,Banking and Finance,Finance (including NBFCs),2025-12-31,2026-05-17
Ashima Ltd.,ASHIMASYN,514286,ASHIMASYN,INE440A01010,Textiles,Textiles Apparels & Accessories,15.4,15.4,295.16,-29.22,Export NA,,16.29,,53.79,32.96,,Export NA,2.24,6.53,1.03,34.27,15.41,3.67,-0.53,,-6.36,22.86,11.51,-3.78,8.26,7.43,2,Textiles Apparels & Accessories,Textiles,2025-12-31,2026-02-13
Ashok Leyland Ltd.,ASHOKLEY,500477,ASHOKLEY,INE208A01029,Commercial Vehicles,Automobiles & Auto Components,155.95,155.95,91602.76,27.67,Export NA,27.14,30.64,58.69,32.11,34.76,1.63,Export NA,5.07,1.94,6.82,96.79,6.96,9.25,5.64,16.97,25.39,19.05,20.77,3.8,9.43,7.69,5,Automobiles & Auto Components,Commercial Vehicles,2025-12-31,2026-02-11
Ashoka Buildcon Ltd.,ASHOKA,533271,ASHOKA,INE442H01029,Roads & Highways,Cement and Construction,127.23,127.23,3571.64,1.26,Export NA,7.22,6.62,1.16,35.74,6.99,0.01,Export NA,3.26,0.03,0.56,,4.05,1.13,101.14,87.83,43.26,11.25,24.35,8.15,4.61,8.72,6,Cement and Construction,Roads & Highways,2025-12-31,2026-01-30
Ashoka Metcast Ltd.,ASHOKAMET,540923,ASHOKAMET,INE760Y01011,Commodity Trading  & Distribution,Commercial Services & Supplies,15.9,15.9,39.74,3.68,Export NA,7.87,26.06,0.53,31.83,33.18,0.08,Export NA,2.32,1.21,0.35,35.91,5.75,5.32,4.32,47.16,8.85,13.46,12.19,5.18,6.61,4.31,4,Commercial Services & Supplies,Commodity Trading  & Distribution,2026-03-31,2026-05-02
Ashwini Container Movers Ltd.,ASHWINI,,ASHWINI,INE1A6Q01010,Warehousing & Logistics,Transportation,158,158,237,20.69,Export NA,,,,36.05,32.42,,Export NA,4.72,1.7,6.7,,8.05,4.18,7.63,,54.94,25.06,8.62,11.28,7.11,5.64,5,Transportation,Warehousing & Logistics,2025-03-31,
Asian Energy Services Ltd.,ASIANENE,530355,ASIANENE,INE276G01015,Oil Equipment & Services,Oil & Gas,284.65,284.65,1383.71,33.17,Export NA,46.87,32.42,55.27,18.34,28.04,1.5,Export NA,1.36,1.25,2.98,57.29,1.85,2.73,8.58,22.06,10.56,10.19,15.61,7.1,4.37,9.98,4,Oil & Gas,Oil Equipment & Services,2025-12-31,2026-02-13
Asian Granito India Ltd.,ASIANTILES,532888,ASIANTILES,INE022I01019,Ceramics,Consumer Durables,60.74,60.74,1800.79,28.69,Export NA,66.98,32.39,65.8,49.58,39.85,0.03,Export NA,1.45,0.57,1.18,62.98,9.42,5.24,2.12,902.7,2.01,20.69,13.28,1.31,10.95,9.81,6,Consumer Durables,Ceramics,2025-12-31,2026-02-04
Asian Hotels (East) Ltd.,AHLEAST,533227,AHLEAST,INE926K01017,Hotels,Hotels Restaurants & Tourism,156.66,156.66,270.89,-4.83,Export NA,11.45,10.87,,44.23,40.73,0.02,Export NA,3.41,2.69,1.54,100,8.2,7.29,-32.43,-309.71,7.19,12.41,12.19,2.61,7.26,7.71,5,Hotels Restaurants & Tourism,Hotels,2025-12-31,2026-02-13
Asian Hotels (North) Ltd.,ASIANHOTNR,500023,ASIANHOTNR,INE363A01022,Hotels,Hotels Restaurants & Tourism,298.6,298.6,1273.03,31.34,Export NA,159.27,159.27,74.75,44.23,40.73,0.02,Export NA,3.41,2.69,8.38,100,8.2,7.29,9.53,2003.82,-152.35,12.41,12.19,12.12,7.26,7.71,6,Hotels Restaurants & Tourism,Hotels,2025-12-31,2026-02-13
Asian Hotels (West) Ltd.,AHLWEST,533221,AHLWEST,INE915K01010,Hotels,Hotels Restaurants & Tourism,508.75,508.75,592.75,11.14,Export NA,8.08,8.08,56.3,44.23,40.73,0,Export NA,3.41,2.69,-25.22,,8.2,7.29,45.65,2736.29,-51.01,12.41,12.19,4.11,7.26,7.71,7,Hotels Restaurants & Tourism,Hotels,2025-12-31,2026-02-13
Asian Paints Ltd.,ASIANPAINT,500820,ASIANPAINT,INE021A01026,Paints,Consumer Durables,2505.5,2505.5,240327.01,62.5,Export NA,56.78,70.55,56.71,49.58,57.72,-6.84,Export NA,1.45,1.85,11.67,4.27,9.42,10.53,40.09,-9.13,18.9,20.69,18.85,12.07,10.95,12.01,6,Consumer Durables,Paints,2025-12-31,2026-05-29
Asian Star Company Ltd.,,531847,ASTAR,INE194D01017,Gems & Jewellery,Textiles Apparels & Accessories,650,650,1040.44,29.22,Export NA,21.44,17.79,96.07,53.79,63.43,-0.64,Export NA,2.24,1.24,0.64,2.14,15.41,20.78,22.24,-45.52,2.76,22.86,28.31,1.79,8.26,8.05,5,Textiles Apparels & Accessories,Gems & Jewellery,2025-12-31,2026-02-11
Aspinwall and Company Ltd.,ASPINWALL,,ASPINWALL,INE991I01015,Tea & Coffee,"Food, Beverages & Tobacco",234.91,234.91,183.66,19.52,Export NA,17.03,13.02,58.41,28.35,34.78,-0.41,Export NA,1.73,3.66,0.95,28.32,8.04,6.07,12.04,-47.46,7.54,26.28,8.14,4.66,19.55,5.04,5,"Food, Beverages & Tobacco",Tea & Coffee,2025-12-31,2026-02-06
Aspire & Innovative Advertising Ltd.,ASPIRE,,ASPIRE,INE0S7801010,Household Appliances,Consumer Durables,16.5,16.5,25.04,6.44,Export NA,,,,49.58,47.95,,Export NA,1.45,3.33,0.5,,9.42,5.18,2.56,,7.89,20.69,13.31,4.06,10.95,7.54,4,Consumer Durables,Household Appliances,2025-03-31,2025-11-14
Associated Alcohols & Breweries Ltd.,ASALCBR,507526,ASALCBR,INE073G01016,Breweries & Distilleries,"Food, Beverages & Tobacco",861.5,861.5,1635.06,18.74,Export NA,27.51,21.98,70.73,28.35,66.59,,Export NA,1.73,1.7,2.66,66.62,8.04,10.34,45.98,,15.64,26.28,16.79,11.34,19.55,10.27,2,"Food, Beverages & Tobacco",Breweries & Distilleries,2025-12-31,2026-05-18
Astec Lifesciences Ltd.,ASTEC,533138,ASTEC,INE563J01010,Agrochemicals,Chemicals & Petrochemicals,671.5,671.5,1496.25,-18.49,Export NA,,77.13,,42.23,30.4,-0.46,Export NA,3.64,3.17,3.76,19.19,6.18,3.87,-36.31,39.95,-20.71,13.61,11.71,-8.58,9.15,7.88,2,Chemicals & Petrochemicals,Agrochemicals,2026-03-31,2026-04-27
Aster DM Healthcare Ltd.,ASTERDM,540975,ASTERDM,INE914M01019,Healthcare Facilities,Healthcare,730.35,730.35,37840.97,97.49,Export NA,87.49,60.28,88.47,64.81,71.3,-1.05,Export NA,6.11,6.58,8.23,89.21,9.5,9.54,7.49,-92.78,8.48,14.74,13.76,4.78,8.39,7.2,6,Healthcare,Healthcare Facilities,2026-03-31,2026-04-30
Astra Microwave Products Ltd.,ASTRAMICRO,532493,ASTRAMICRO,INE386C01029,Aerospace & Defence,General Industrials,1108.7,1108.7,10526.55,65.6,Export NA,61.51,63.23,71.74,58.9,50.58,3.38,Export NA,5.74,8.98,8.74,93.27,14.56,11.27,16.9,19.38,13.97,19.77,23.04,8.29,10.29,9.53,4,General Industrials,Aerospace & Defence,2025-12-31,2026-02-12
AstraZeneca Pharma India Ltd.,ASTRAZEN,506820,ASTRAZEN,INE203A01020,Pharmaceuticals,Pharmaceuticals & Biotechnology,8320,8320,20800,103.54,Export NA,148.99,134.71,41.28,42.18,42.23,0.97,Export NA,2.39,2.39,25.01,82.38,7.57,7.72,80.36,107.17,15.02,17.72,18.15,7.62,11.9,12.17,5,Pharmaceuticals & Biotechnology,Pharmaceuticals,2025-12-31,2026-02-11
Astral Ltd.,ASTRAL,532830,ASTRAL,INE006I01046,Plastic Products,General Industrials,1527.6,1527.6,41039,81.6,Export NA,83.04,89.01,61.32,58.9,35.79,-18.51,Export NA,5.74,3.64,10.57,33.8,14.56,7.73,18.72,-4.41,14.48,19.77,14.6,10.35,10.29,10.46,5,General Industrials,Plastic Products,2025-12-31,2026-05-18
Astron Paper & Board Mill Ltd.,ASTRON,540824,ASTRON,INE646X01014,Paper & Paper Products,Commercial Services & Supplies,4.25,4.25,19.76,-0.75,Export NA,,13.43,,31.83,22.88,-0.02,Export NA,2.32,0.52,0.26,3.9,5.75,4.07,-5.68,48.75,-62.1,13.46,8.09,-26.12,6.61,4.93,2,Commercial Services & Supplies,Paper & Paper Products,2025-12-31,2026-02-13
Atal Realtech Ltd.,ATALREAL,543911,ATALREAL,INE0ALR01029,Realty,Realty,28.28,28.28,350.38,89.64,Export NA,68.39,,95.01,37.63,37.32,-10.43,Export NA,1.72,1.77,4.74,94.86,3.69,4.38,0.32,-8.6,5.26,10.17,11.27,3.95,4.54,5.37,6,Realty,Realty,2025-12-31,2026-05-14
Atam Valves Ltd.,ATAM,543236,ATAM,INE09KD01013,Industrial Machinery,General Industrials,76.7,76.7,87.92,23.81,Export NA,22.77,,36.44,58.9,58.76,-0.51,Export NA,5.74,4.45,2.37,20.86,14.56,20.55,3.22,-46.82,17.27,19.77,24.18,11.66,10.29,13.59,3,General Industrials,Industrial Machinery,2025-12-31,2026-02-13
Ather Energy Ltd.,ATHERENERG,544397,ATHERENERG,INE0LEZ01016,2/3 Wheelers,Automobiles & Auto Components,924.25,924.25,35397.16,-68.45,Export NA,,,,32.11,35.79,-1.88,Export NA,5.07,1.03,13.41,1.98,6.96,10.2,-13.5,36.34,-20.1,19.05,25.81,-10.95,9.43,13.18,3,Automobiles & Auto Components,2/3 Wheelers,2026-03-31,2026-05-04
Atlanta Electricals Ltd.,ATLANTAELE,544527,ATLANTAELE,INE0Z4F01028,Heavy Electrical Equipment,General Industrials,1814.8,1814.8,13955.19,69.17,Export NA,,,92,58.9,71.23,0.99,Export NA,5.74,3.65,16.91,14,14.56,15.26,26.24,70.06,21.71,19.77,17.01,13.37,10.29,8.7,5,General Industrials,Heavy Electrical Equipment,2026-03-31,2026-05-09
Atlantaa Ltd,ATLANTAA,532759,ATLANTAA,INE285H01022,Construction & Engineering,Cement and Construction,40.1,40.1,326.82,-23.35,Export NA,7.09,7.09,,35.74,31.41,0.22,Export NA,3.26,5.1,1.7,77.6,4.05,4.95,-1.72,-105.72,20.23,11.25,12.93,7.43,4.61,4.29,5,Cement and Construction,Construction & Engineering,2025-12-31,2026-05-18
Atlas Cycles (Haryana) Ltd.,ATLASCYCLE,505029,ATLASCYCLE,INE446A01025,2/3 Wheelers,Automobiles & Auto Components,99.07,99.07,64.43,-14.35,Export NA,28.01,28.01,,32.11,35.79,0.11,Export NA,5.07,1.03,0.17,,6.96,10.2,-6.9,-129.63,-42.76,19.05,25.81,1.98,9.43,13.18,4,Automobiles & Auto Components,2/3 Wheelers,2025-12-31,2026-05-14
Atmastco Ltd.,ATMASTCO,,ATMASTCO,INE05DH01017,Construction & Engineering,Cement and Construction,205.25,205.25,507.68,26.33,Export NA,,,21.83,35.74,31.41,,Export NA,3.26,5.1,3.99,21.83,4.05,4.95,7.8,,15.15,11.25,12.93,4.56,4.61,4.29,2,Cement and Construction,Construction & Engineering,2025-03-31,2025-05-30
Atul Auto Ltd.,ATULAUTO,531795,ATULAUTO,INE951D01028,2/3 Wheelers,Automobiles & Auto Components,476.9,476.9,1323.46,38.23,Export NA,120.44,191.38,39.89,32.11,35.79,0.51,Export NA,5.07,1.03,2.83,38.96,6.96,10.2,12.48,74.76,4.9,19.05,25.81,3.17,9.43,13.18,9,Automobiles & Auto Components,2/3 Wheelers,2025-12-31,2026-05-16
Atul Ltd.,ATUL,500027,ATUL,INE100A01010,Specialty Chemicals,Chemicals & Petrochemicals,6851.5,6851.5,20172.05,29.76,Export NA,49.44,44.62,21.27,42.23,47.85,0.74,Export NA,3.64,2.93,3.32,6.93,6.18,7.62,230.25,40.08,10.89,13.61,14.82,8.58,9.15,10.12,9,Chemicals & Petrochemicals,Specialty Chemicals,2026-03-31,2026-04-24
Au Small Finance Bank Ltd.,AUBANK,540611,AUBANK,INE949L01017,Microfinance Institutions,Banking and Finance,999.6,999.6,74825.62,28.33,Export NA,29.73,34.38,24.87,22.6,26.38,1.11,Export NA,2.78,0.95,3.98,33.52,6.23,3.09,35.28,25.42,13.22,16.76,10.44,1.37,4.85,1.32,3,Banking and Finance,Microfinance Institutions,2026-03-31,2026-04-27
Auri Grow India Ltd.,AURIGROW,,AURIGROW,INE925Y01036,Other Electrical Equipment/Products,Consumer Durables,0.33,0.33,48.72,14.58,Export NA,132.62,95.72,26.62,49.58,41.19,-0.42,Export NA,1.45,1.34,0.31,3.17,9.42,8.51,0.02,-35.1,7.2,20.69,21.67,2.62,10.95,11.03,3,Consumer Durables,Other Electrical Equipment/Products,2025-12-31,2026-02-12
Aurionpro Solutions Ltd.,AURIONPRO,532668,AURIONPRO,INE132H01018,IT Software Products,Software & Services,762.2,762.2,4212.05,20.12,Export NA,46.83,36.95,70.42,22.39,42.73,1.62,Export NA,10.02,3.5,2.55,74.45,6.84,6.05,37.88,12.43,12.04,28.07,12.16,8.96,17.17,7.28,3,Software & Services,IT Software Products,2026-03-31,2026-05-11
Auro Impex & Chemicals Ltd.,AUROIMPEX,,AUROIMPEX,INE0NUL01018,Other Industrial Products,General Industrials,33.3,33.3,40.63,8.78,Export NA,,,,58.9,44.01,,Export NA,5.74,4.34,0.83,,14.56,20.86,3.79,,9.8,19.77,22.24,3.84,10.29,12.05,2,General Industrials,Other Industrial Products,2025-03-31,2025-11-13
Aurobindo Pharma Ltd.,AUROPHARMA,524804,AUROPHARMA,INE406A01037,Pharmaceuticals,Pharmaceuticals & Biotechnology,1488.2,1488.2,86434.89,23.27,Export NA,21.49,20.16,85.59,42.18,42.23,3.63,Export NA,2.39,2.39,2.4,38.03,7.57,7.72,63.96,6.4,10.67,17.72,18.15,7,11.9,12.17,5,Pharmaceuticals & Biotechnology,Pharmaceuticals,2025-12-31,2026-02-09
Aurum Proptech Ltd.,AURUM,539289,AURUM,INE898S01029,IT Consulting & Software,Software & Services,172.78,172.78,1326.95,694.73,Export NA,714.13,714.13,92.09,22.39,21.42,6.57,Export NA,10.02,10.72,2.71,60.3,6.84,6.86,0.25,105.72,0.37,28.07,30.42,0.2,17.17,18.42,8,Software & Services,IT Consulting & Software,2026-03-31,2026-04-23
Ausom Enterprise Ltd.,AUSOMENT,509009,AUSOMENT,INE218C01016,Commodity Trading  & Distribution,Commercial Services & Supplies,149.09,149.09,203.11,6.84,Export NA,11.06,29.97,43.37,31.83,33.18,0.04,Export NA,2.32,1.21,1.27,92.58,5.75,5.32,21.79,161.85,13.66,13.46,12.19,10.52,6.61,4.31,7,Commercial Services & Supplies,Commodity Trading  & Distribution,2025-12-31,2026-02-12
Australian Premium Solar (India) Ltd.,APS,,APS,INE0P0001010,Power - Electric Utilities,Utilities,340.8,340.8,684.67,17.08,Export NA,,,8.71,24.91,29.95,0.07,Export NA,27.85,1.43,5.07,,5.52,4.23,19.96,232.72,45.48,14.21,16.2,18.95,5.38,5.79,5,Utilities,Power - Electric Utilities,2025-09-30,2025-10-30
Authum Investment & Infrastructure Ltd.,AIIL,539177,AIIL,INE206F01022,Finance (including NBFCs),Banking and Finance,478.35,478.35,40622.7,11.18,Export NA,5.83,8.79,82.28,22.6,26.34,-1.17,Export NA,2.78,2.13,2.46,30.92,6.23,3.86,42.79,-9.52,28.87,16.76,13.65,26.36,4.85,6.73,6,Banking and Finance,Finance (including NBFCs),2025-12-31,2026-02-10
Autoline Industries Ltd.,AUTOIND,532797,AUTOIND,INE718H01014,Auto Parts & Equipment,Automobiles & Auto Components,71.94,71.94,310.6,21.2,Export NA,23.81,36.61,36.36,32.11,41.7,-1,Export NA,5.07,3.31,1.77,60.69,6.96,6.81,3.39,-21.24,11.86,19.05,15.01,2.38,9.43,7.82,3,Automobiles & Auto Components,Auto Parts & Equipment,2025-12-31,2026-05-15
Automotive Axles Ltd.,AUTOAXLES,505010,AUTOAXLES,INE449A01011,Auto Parts & Equipment,Automobiles & Auto Components,1724.6,1724.6,2606.22,16.66,Export NA,17.14,23.51,17.34,32.11,41.7,9.48,Export NA,5.07,3.31,2.49,10.96,6.96,6.81,103.5,1.76,15.83,19.05,15.01,11.46,9.43,7.82,6,Automobiles & Auto Components,Auto Parts & Equipment,2025-12-31,2026-05-19
Automotive Stampings and Assemblies Ltd.,ASAL,520119,ASAL,INE900C01027,Auto Parts & Equipment,Automobiles & Auto Components,491.3,491.3,779.42,28.16,Export NA,51.76,17.45,25.02,32.11,41.7,0.43,Export NA,5.07,3.31,33.54,79.26,6.96,6.81,17.45,64.95,76.53,19.05,15.01,8.25,9.43,7.82,8,Automobiles & Auto Components,Auto Parts & Equipment,2026-03-31,2026-04-25
Avadh Sugar & Energy Ltd.,AVADHSUGAR,540649,AVADHSUGAR,INE349W01017,Sugar,"Food, Beverages & Tobacco",496.75,496.75,994.41,17.35,Export NA,9.57,9.97,96.64,28.35,27.86,-0.5,Export NA,1.73,1.26,0.92,37.81,8.04,2.67,28.63,-34.83,7.98,26.28,9.03,3.05,19.55,4.86,5,"Food, Beverages & Tobacco",Sugar,2026-03-31,2026-05-12
Available Finance Ltd.,,531310,AVAILFC,INE325G01010,Finance (including NBFCs),Banking and Finance,153.3,153.3,156.42,1.31,Export NA,2.04,1.54,59.12,22.6,26.34,0.1,Export NA,2.78,2.13,0.12,36.46,6.23,3.86,117.13,13.77,8.71,16.76,13.65,8.7,4.85,6.73,5,Banking and Finance,Finance (including NBFCs),2025-12-31,2026-02-12
Avalon Technologies Ltd.,AVALON,543896,AVALON,INE0LCL01028,Heavy Electrical Equipment,General Industrials,1291.2,1291.2,8620.85,76.33,Export NA,121.52,,40.39,58.9,71.23,0.98,Export NA,5.74,3.65,12.63,98.03,14.56,15.26,16.92,78.04,15.64,19.77,17.01,8.93,10.29,8.7,6,General Industrials,Heavy Electrical Equipment,2026-03-31,2026-05-06
Avana Electrosystems Ltd.,AVANA,,AVANA,INE1KU201016,Heavy Electrical Equipment,General Industrials,154.8,154.8,350.55,41.38,Export NA,,,,58.9,71.23,,Export NA,5.74,3.65,8.03,,14.56,15.26,3.74,,38.85,19.77,17.01,17.14,10.29,8.7,5,General Industrials,Heavy Electrical Equipment,2025-03-31,
Avantel Ltd.,AVANTEL,532406,AVANTEL,INE005B01027,Telecom Equipment,Telecommunications Equipment,157.01,157.01,4171.93,277.91,Export NA,73.58,62.78,99.81,62.37,54.53,-3.79,Export NA,3.45,8.41,12.78,70.28,10.31,13.61,0.56,-73.4,4.43,6.95,9.86,3.65,3.76,6.93,3,Telecommunications Equipment,Telecom Equipment,2026-03-31,2026-04-26
Avanti Feeds Ltd.,AVANTIFEED,512573,AVANTIFEED,INE871C01038,Other Food & Beverages,"Food, Beverages & Tobacco",1357.3,1357.3,18492.62,29.23,Export NA,23.52,23.18,89.04,28.35,46.65,0.93,Export NA,1.73,2.98,5.83,72.96,8.04,15.04,46.44,31.51,18.88,26.28,15.61,14.35,19.55,11.14,7,"Food, Beverages & Tobacco",Other Food & Beverages,2025-12-31,2026-05-28
Avenue Supermarts Ltd.,DMART,540376,DMART,INE192R01011,Department Stores,Retailing,4331.7,4331.7,282497.79,95.1,Export NA,105.02,120.7,14.94,78.39,89.12,9.81,Export NA,6.4,7.99,11.9,4.33,19.94,14.37,45.55,9.69,12.14,10.74,15.61,10.06,6.91,10.77,3,Retailing,Department Stores,2026-03-31,2026-05-02
AvenuesAI Ltd.,CCAVENUE,539807,CCAVENUE,INE483S01020,Internet Software & Services,Software & Services,14.05,14.05,4898.86,19.69,Export NA,39.73,45.73,7.4,22.39,32.02,1.97,Export NA,10.02,2.7,1.14,23.44,6.84,6.82,0.71,9.99,6.03,28.07,8.54,4.19,17.17,6.62,6,Software & Services,Internet Software & Services,2025-12-31,2026-02-13
Avi Ansh Textile Ltd.,AVIANSH,,AVIANSH,INE0TFB01017,Textiles,Textiles Apparels & Accessories,110.5,110.5,154.44,85.99,Export NA,,,95.65,53.79,32.96,,Export NA,2.24,6.53,3.59,86.96,15.41,3.67,1.28,,4.24,22.86,11.51,2.43,8.26,7.43,4,Textiles Apparels & Accessories,Textiles,2025-03-31,2025-11-11
Avonmore Capital & Management Services Ltd.,AVONMORE,511589,AVONMORE,INE323B01024,Finance (including NBFCs),Banking and Finance,11.06,11.06,312.1,13.58,Export NA,26.8,13.79,76.29,22.6,26.34,-2.38,Export NA,2.78,2.13,0.81,75.14,6.23,3.86,0.81,-5.7,7.75,16.76,13.65,5,4.85,6.73,5,Banking and Finance,Finance (including NBFCs),2025-12-31,2026-02-13
Avro India Ltd.,AVROIND,543512,AVROIND,INE652Z01025,Plastic Products,General Industrials,10.25,10.25,137.53,35.64,Export NA,57.22,32.29,54.48,58.9,35.79,2.67,Export NA,5.74,3.64,1.55,10.77,14.56,7.73,0.29,13.36,3.85,19.77,14.6,2.59,10.29,10.46,3,General Industrials,Plastic Products,2025-12-31,2026-02-14
Awfis Space Solutions Ltd,AWFIS,544181,AWFIS,INE108V01019,Special Consumer Services,Diversified Consumer Services,366.4,366.4,2621.24,44.55,Export NA,,,15.22,33.62,39.07,31.39,Export NA,3.59,4.51,5.04,15.97,10.95,11.75,8.22,1.42,14.77,22.55,25.9,2.7,11.12,3.02,5,Diversified Consumer Services,Special Consumer Services,2025-12-31,2026-02-02
Axis Bank Ltd.,AXISBANK,532215,AXISBANK,INE238A01034,Banks,Banking and Finance,1260.1,1260.1,391760.63,14.85,Export NA,13.45,18.17,32.11,22.6,13.77,-2.49,Export NA,2.78,1.95,1.91,16.08,6.23,1.84,84.87,-5.95,12.27,16.76,13.01,1.35,4.85,1.37,1,Banking and Finance,Banks,2026-03-31,2026-04-25
Axis NIFTY 50 ETF,AXISNIFTY,,AXISNIFTY,INF846K01W98,Others,Others,257.67,257.67,,,Export NA,,,,,,,Export NA,,,,,,,,,,,,,,,,Others,Others,,
Axis NIFTY Bank ETF,AXISBNKETF,,AXISBNKETF,INF846K01X63,Others,Others,549.61,549.61,,,Export NA,,,,,,,Export NA,,,,,,,,,,,,,,,,Others,Others,,
Axis NIFTY Healthcare ETF,AXISHCETF,543348,AXISHCETF,INF846K01Z12,Others,Others,155.06,155.06,,,Export NA,,,,,,,Export NA,,,,,,,,,,,,,,,,Others,Others,,
Axis NIFTY IT ETF,AXISTECETF,543347,AXISTECETF,INF846K01Y96,Others,Others,310.32,310.32,,,Export NA,,,,,,,Export NA,,,,,,,,,,,,,,,,Others,Others,,
Axis NIFTY India Consumption ETF,AXISCETF,543357,AXISCETF,INF846K016C7,Others,Others,115.14,115.14,,,Export NA,,,,,,,Export NA,,,,,,,,,,,,,,,,Others,Others,,
Axis Nifty AAA Bond Plus SDL Apr 2026 50:50 ETF,AXISBPSETF,,AXISBPSETF,INF846K01Z04,Others,Others,13.33,13.33,,,Export NA,,,,,,,Export NA,,,,,,,,,,,,,,,,Others,Others,,
Axis Nifty500 Value 50 ETF,AXISVALUE,544382,AXISVALUE,INF846KA1119,Others,Others,33.46,33.46,,,Export NA,,,,,,,Export NA,,,,,,,,,,,,,,,,Others,Others,,
Axis S&P BSE SENSEX ETF,AXSENSEX,543853,AXSENSEX,INF846K010Q0,Others,Others,77,77,,,Export NA,,,,,,,Export NA,,,,,,,,,,,,,,,,Others,Others,,
Axis Silver ETF,AXISILVER,,AXISILVER,INF846K011K1,Others,Others,261.31,261.31,,,Export NA,,,,,,,Export NA,,,,,,,,,,,,,,,,Others,Others,,
Axita Cotton Ltd.,AXITA,542285,AXITA,INE02EZ01022,Textiles,Textiles Apparels & Accessories,8,8,306,160.87,Export NA,219.18,,92.19,53.79,32.96,2.18,Export NA,2.24,6.53,4.67,40.47,15.41,3.67,0.05,73.95,2.92,22.86,11.51,2.21,8.26,7.43,5,Textiles Apparels & Accessories,Textiles,2026-03-31,2026-04-20
Aye Finance Ltd.,AYE,544699,AYE,INE501X01029,Finance (including NBFCs),Banking and Finance,134.85,134.85,3327.89,17.23,Export NA,,,61.82,22.6,26.34,,Export NA,2.78,2.13,1.87,100,6.23,3.86,7.82,,7.64,16.76,13.65,2.49,4.85,6.73,3,Banking and Finance,Finance (including NBFCs),2026-03-31,2026-04-27
Azad Engineering Ltd.,AZAD,544061,AZAD,INE02IJ01035,Industrial Machinery,General Industrials,2123.7,2123.7,13715.22,112.21,Export NA,,,44.03,58.9,58.76,1.91,Export NA,5.74,4.45,9.06,55.29,14.56,20.55,18.93,58.78,6.26,19.77,24.18,4.69,10.29,13.59,4,General Industrials,Industrial Machinery,2025-12-31,2026-05-15
B L Kashyap & Sons Ltd.,BLKASHYAP,532719,BLKASHYAP,INE350H01032,Construction & Engineering,Cement and Construction,55.25,55.25,1245.56,115.29,Export NA,41.7,26.7,92.54,35.74,31.41,-1.44,Export NA,3.26,5.1,2.32,78.59,4.05,4.95,0.48,-80.14,5.24,11.25,12.93,1.81,4.61,4.29,5,Cement and Construction,Construction & Engineering,2025-12-31,2026-02-11
B&A Ltd.,,508136,BNALTD,INE489D01011,Tea & Coffee,"Food, Beverages & Tobacco",365,365,113.15,19.91,Export NA,19.51,12.65,88.96,28.35,34.78,0.01,Export NA,1.73,3.66,0.72,32.44,8.04,6.07,18.34,1412.64,5.84,26.28,8.14,3.01,19.55,5.04,2,"Food, Beverages & Tobacco",Tea & Coffee,2025-12-31,2026-02-14
B&B Triplewall Containers Ltd.,BBTCL,543668,BBTCL,INE01EE01011,Containers & Packaging,Commercial Services & Supplies,191.26,191.26,392.3,40.37,Export NA,19.77,24.04,97.01,31.83,23.27,0.01,Export NA,2.32,5.49,3.2,16.3,5.75,2.74,4.74,3974.41,-4.96,13.46,10.99,-1.3,6.61,7.3,4,Commercial Services & Supplies,Containers & Packaging,2025-12-31,2026-02-14
BAG Convergence Ltd.,BAGDIGITAL,,BAGDIGITAL,INE17CQ01015,Broadcasting & Cable TV,Media,114.1,114.1,242.11,25.74,Export NA,,,,25.23,18.11,,Export NA,2.2,0.97,5.06,,13.87,1.42,4.43,,42.35,20.32,9.89,21.45,15.35,8.83,3,Media,Broadcasting & Cable TV,2025-03-31,2026-05-15
BAG Films & Media Ltd.,BAGFILMS,532507,BAGFILMS,INE116D01028,Broadcasting & Cable TV,Media,4.83,4.83,100.33,15.99,Export NA,28.16,37.15,13.02,25.23,18.11,0.19,Export NA,2.2,0.97,0.62,72.3,13.87,1.42,0.3,85.41,3.94,20.32,9.89,1.56,15.35,8.83,8,Media,Broadcasting & Cable TV,2025-12-31,2026-02-12
BASF India Ltd.,BASF,500042,BASF,INE373A01013,Specialty Chemicals,Chemicals & Petrochemicals,3755.9,3755.9,16257.64,42.98,Export NA,38.83,29.67,51.63,42.23,47.85,-1.12,Export NA,3.64,2.93,4.17,5.25,6.18,7.62,87.38,-38.35,13.18,13.61,14.82,5.66,9.15,10.12,4,Chemicals & Petrochemicals,Specialty Chemicals,2025-12-31,2026-05-19
BCL Industries Ltd.,BCLIND,524332,BCLIND,INE412G01024,Edible Oils,FMCG,34.24,34.24,1010.64,8.63,Export NA,14.24,16.55,36.04,49.72,28.58,0.32,Export NA,14.09,1.07,1.14,36.23,20.61,3.55,3.97,26.55,11.85,37.93,10.93,6.1,19.27,6.19,6,FMCG,Edible Oils,2025-12-31,2026-02-09
BCPL Railway Infrastructure Ltd.,,542057,BCPL,INE00SW01015,Construction & Engineering,Cement and Construction,80.24,80.24,134.19,18.1,Export NA,24.13,21.56,36.62,35.74,31.41,0.51,Export NA,3.26,5.1,1.39,55.06,4.05,4.95,4.43,35.85,7.13,11.25,12.93,3.22,4.61,4.29,3,Cement and Construction,Construction & Engineering,2025-12-31,2026-05-19
BEML Land Assets Ltd.,BLAL,543898,BLAL,INE0N7W01012,Realty,Realty,191.4,191.4,797.08,-191.81,Export NA,,,,37.63,37.32,47.28,Export NA,1.72,1.77,-303.66,,3.69,4.38,-1,-4.06,-337.1,10.17,11.27,-38.02,4.54,5.37,4,Realty,Realty,2025-12-31,2026-05-18
BEML Ltd.,BEML,500048,BEML,INE258A01024,Commercial Vehicles,Automobiles & Auto Components,1792.9,1792.9,14932.88,59.95,Export NA,55,54.17,72,32.11,34.76,-12.36,Export NA,5.07,1.94,5.38,87.74,6.96,9.25,29.91,-4.85,10.13,19.05,20.77,4.98,9.43,7.69,5,Automobiles & Auto Components,Commercial Vehicles,2025-12-31,2026-02-06
BEW Engineering Ltd.,BEWLTD,,BEWLTD,INE0HQI01014,Other Industrial Products,General Industrials,81.85,81.85,107,8.8,Export NA,35.18,,,58.9,44.01,,Export NA,5.74,4.34,0.74,,14.56,20.86,9.3,,8.81,19.77,22.24,5.53,10.29,12.05,3,General Industrials,Other Industrial Products,2025-03-31,2025-11-12
BF Investment Ltd.,BFINVEST,533303,BFINVEST,INE878K01010,Holding Companies,Diversified,412,412,1551.91,9.44,Export NA,6.48,6.43,78.7,24.34,28.32,-0.14,Export NA,1.86,1.91,0.22,2.01,2.7,2.66,43.66,-65.44,3.22,11.19,11.42,2.92,3.16,3.21,5,Diversified,Holding Companies,2025-12-31,2026-02-13
BF Utilities Ltd.,BFUTILITIE,532430,BFUTILITIE,INE243D01012,Power - Electric Utilities,Utilities,546.6,546.6,2058.91,13.01,Export NA,15.91,18.86,15.87,24.91,29.95,-0.89,Export NA,27.85,1.43,5.1,,5.52,4.23,42.01,-14.69,72.68,14.21,16.2,6.03,5.38,5.79,7,Utilities,Power - Electric Utilities,2025-12-31,2026-02-28
BGR Energy Systems Ltd.,BGRENERGY,532930,BGRENERGY,INE661I01014,Power - Electric Utilities,Utilities,259.8,259.8,1874.76,-2.2,Export NA,,,,24.91,29.95,0.03,Export NA,27.85,1.43,-0.88,,5.52,4.23,-117.86,-66.26,0,14.21,16.2,-20.68,5.38,5.79,1,Utilities,Power - Electric Utilities,2025-12-31,2026-02-13
BIL Vyapar Ltd.,BILVYAPAR,500059,BILVYAPAR,INE071A01013,Advertising & Media,Media,5.11,5.11,16.03,-8.68,Export NA,4.96,4.96,,25.23,29.21,0.06,Export NA,2.2,3.19,-0.09,,13.87,5.97,-0.59,-133.85,-3.66,20.32,16.93,44.61,15.35,7.63,4,Media,Advertising & Media,2025-12-31,2026-02-13
BLB Ltd.,BLBLIMITED,532290,BLBLIMITED,INE791A01024,Other Financial Services,Banking and Finance,16.72,16.72,88.39,3.4,Export NA,29.74,23.58,1.44,22.6,36.93,0.01,Export NA,2.78,3.57,0.7,60.64,6.23,99.98,4.92,475,3.96,16.76,19.97,3.92,4.85,11.89,7,Banking and Finance,Other Financial Services,2025-12-31,2026-01-17
BLS E-Services Ltd.,BLSE,544107,BLSE,INE0NLT01010,Misc. Commercial Services,Commercial Services & Supplies,190.23,190.23,1728.36,30.89,Export NA,,,31.66,31.83,27.25,2.44,Export NA,2.32,0.82,3.33,22.18,5.75,5.02,6.16,12.64,10.88,13.46,17.32,7.81,6.61,12.13,7,Commercial Services & Supplies,Misc. Commercial Services,2025-12-31,2026-02-05
BLS International Services Ltd.,BLS,540073,BLS,INE153T01027,Travel Support Services,Diversified Consumer Services,270.8,270.8,11149.94,17.31,Export NA,38.27,45.34,27.95,33.62,32.03,0.41,Export NA,3.59,3.35,4.85,50.34,10.95,8.05,15.64,41.91,29.36,22.55,27.51,18.11,11.12,14.18,4,Diversified Consumer Services,Travel Support Services,2025-12-31,2026-02-06
BMW Ventures Ltd.,BMWVENTLTD,544543,BMWVENTLTD,INE965W01036,Iron & Steel Products,Metals & Mining,62.4,62.4,541.1,14.39,Export NA,,,79.37,23.8,30.63,,Export NA,1.11,1.79,1.23,,5.3,6.46,4.34,,15.62,19.76,18.83,4.85,9.83,10.86,3,Metals & Mining,Iron & Steel Products,2025-12-31,2026-02-04
BN Agrochem Ltd.,,526125,BNAGROCHEM,INE00HZ01011,Edible Oils,FMCG,287.2,287.2,2808.04,55.64,Export NA,126.81,126.81,35.97,49.72,28.58,0.02,Export NA,14.09,1.07,6.42,67.89,20.61,3.55,5.16,3093.43,5.04,37.93,10.93,2.98,19.27,6.19,3,FMCG,Edible Oils,2025-12-31,2026-02-13
BPL Ltd.,BPL,500074,BPL,INE110A01019,Consumer Electronics,Consumer Durables,55.14,55.14,270.05,-18.07,Export NA,1921.62,1329.36,,49.58,57.15,0.1,Export NA,1.45,1.69,1.07,29.52,9.42,10.85,-3.05,-182.71,0.09,20.69,24.42,0.04,10.95,9.83,5,Consumer Durables,Consumer Electronics,2025-12-31,2026-02-13
BSE Ltd.,BSE,,BSE,INE118H01025,Capital Markets,Banking and Finance,3851.9,3851.9,156436.87,62.65,Export NA,71.55,66.17,88.62,22.6,49.83,0.71,Export NA,2.78,1.85,27.02,100,6.23,18.07,61.48,88.32,37.41,16.76,28.37,18.57,4.85,12.93,7,Banking and Finance,Capital Markets,2026-03-31,2026-05-07
BSL Ltd.,BSL,514045,BSL,INE594B01012,Textiles,Textiles Apparels & Accessories,125.18,125.18,128.84,35.28,Export NA,19.26,15.78,91.61,53.79,32.96,-0.54,Export NA,2.24,6.53,1.06,55.26,15.41,3.67,3.55,-64.86,6.83,22.86,11.51,1.3,8.26,7.43,5,Textiles Apparels & Accessories,Textiles,2025-12-31,2026-05-19
Baazar Style Retail Ltd.,STYLEBAAZA,544243,STYLEBAAZA,INE01FR01028,Department Stores,Retailing,391.15,391.15,2918.66,44.14,Export NA,,,28.26,78.39,89.12,0.13,Export NA,6.4,7.99,6.13,44.69,19.94,14.37,8.86,352.14,3.63,10.74,15.61,0.83,6.91,10.77,7,Retailing,Department Stores,2025-12-31,2026-05-18
Baba Food Processing (India) Ltd.,BABAFP,,BABAFP,INE0QW501012,Other Food & Beverages,"Food, Beverages & Tobacco",26.3,26.3,42.94,9.97,Export NA,,,,28.35,46.65,,Export NA,1.73,2.98,0.7,,8.04,15.04,2.64,,6.8,26.28,15.61,3.42,19.55,11.14,2,"Food, Beverages & Tobacco",Other Food & Beverages,2025-03-31,2025-11-14
Bafna Pharmaceuticals Ltd.,BAFNAPH,532989,BAFNAPH,INE878I01022,Pharmaceuticals,Pharmaceuticals & Biotechnology,133,133,314.63,32.56,Export NA,48.22,42.6,41.14,42.18,42.23,0.26,Export NA,2.39,2.39,3.38,77.32,7.57,7.72,4.08,124.85,4.89,17.72,18.15,2.71,11.9,12.17,5,Pharmaceuticals & Biotechnology,Pharmaceuticals,2025-12-31,2026-02-11
Baheti Recycling Industries Ltd.,BAHETI,,BAHETI,INE029Q01017,Aluminium and Aluminium Products,Metals & Mining,600.75,600.75,627.6,23.19,Export NA,,,24.93,23.8,12.17,,Export NA,1.11,0.85,9.17,62.46,5.3,2.67,25.9,,28.89,19.76,21.32,7.19,9.83,9.07,2,Metals & Mining,Aluminium and Aluminium Products,2026-03-31,2026-04-29
Baid Finserv Ltd.,BAIDFIN,511724,BAIDFIN,INE020D01022,Finance (including NBFCs),Banking and Finance,11.19,11.19,173.32,10.22,Export NA,15.71,26.08,33.9,22.6,26.34,0.18,Export NA,2.78,2.13,0.86,34,6.23,3.86,1.09,55.69,7.51,16.76,13.65,2.96,4.85,6.73,5,Banking and Finance,Finance (including NBFCs),2025-12-31,2026-05-15
Bajaj Auto Ltd.,BAJAJ-AUTO,532977,BAJAJ-AUTO,INE917I01010,2/3 Wheelers,Automobiles & Auto Components,10397,10397,290593.86,27.05,Export NA,33.56,27.77,76.48,32.11,35.79,0.58,Export NA,5.07,1.03,7.87,90.61,6.96,10.2,384.41,46.68,27.66,19.05,25.81,13.91,9.43,13.18,5,Automobiles & Auto Components,2/3 Wheelers,2026-03-31,2026-05-06
Bajaj Consumer Care Ltd.,BAJAJCON,533229,BAJAJCON,INE933K01021,Personal Products,FMCG,547.95,547.95,7157.21,37.63,Export NA,23.04,19.65,93.69,49.72,42.44,0.73,Export NA,14.09,18.07,10.35,63.4,20.61,13.33,14.56,51.83,25.19,37.93,33.56,20.12,19.27,18.98,7,FMCG,Personal Products,2026-03-31,2026-04-17
Bajaj Electricals Ltd.,BAJAJELEC,500031,BAJAJELEC,INE193E01025,Household Appliances,Consumer Durables,385.55,385.55,4448.89,124.55,Export NA,59.94,69.3,87.64,49.58,47.95,-1.9,Export NA,1.45,3.33,2.64,2.21,9.42,5.18,3.1,-65.55,7.73,20.69,13.31,3.16,10.95,7.54,6,Consumer Durables,Household Appliances,2025-12-31,2026-05-15
Bajaj Finance Ltd.,BAJFINANCE,500034,BAJFINANCE,INE296A01032,Finance (including NBFCs),Banking and Finance,904.2,904.2,562950.79,29.6,Export NA,33.3,40.52,11.81,22.6,26.34,2.07,Export NA,2.78,2.13,5.25,27.01,6.23,3.86,30.55,14.3,16.68,16.76,13.65,3.39,4.85,6.73,2,Banking and Finance,Finance (including NBFCs),2026-03-31,2026-04-29
Bajaj Finserv Ltd.,BAJAJFINSV,532978,BAJAJFINSV,INE918I01026,Holding Companies,Diversified,1744.8,1744.8,279263.96,28.49,Export NA,34.48,39.73,29.13,24.34,28.32,2.72,Export NA,1.86,1.91,3.45,69.77,2.7,2.66,61.24,10.47,12.57,11.19,11.42,1.29,3.16,3.21,3,Diversified,Holding Companies,2026-03-31,2026-04-30
Bajaj Finserv Nifty 1D Rate Liquid ETF - Growth,LIQUIDBETF,544182,LIQUIDBETF,INF0QA701854,Others,Others,1081.12,1081.12,,,Export NA,,,,,,,Export NA,,,,,,,,,,,,,,,,Others,Others,,
Bajaj Finserv Nifty 50 ETF,NIFTYBETF,544092,NIFTYBETF,INF0QA701722,Others,Others,239.52,239.52,,,Export NA,,,,,,,Export NA,,,,,,,,,,,,,,,,Others,Others,,
Bajaj Finserv Nifty Bank ETF,BANKBETF,544093,BANKBETF,INF0QA701714,Others,Others,54.28,54.28,,,Export NA,,,,,,,Export NA,,,,,,,,,,,,,,,,Others,Others,,
Bajaj Healthcare Ltd.,BAJAJHCARE,539872,BAJAJHCARE,INE411U01027,Pharmaceuticals,Pharmaceuticals & Biotechnology,292.8,292.8,985.64,62.52,Export NA,41.62,30.34,99.86,42.18,42.23,-1.04,Export NA,2.39,2.39,1.96,13.55,7.57,7.72,4.68,-60.08,2.95,17.72,18.15,1.7,11.9,12.17,7,Pharmaceuticals & Biotechnology,Pharmaceuticals,2026-03-31,2026-05-08
Bajaj Hindusthan Sugar Ltd.,BAJAJHIND,500032,BAJAJHIND,INE306A01021,Sugar,"Food, Beverages & Tobacco",19.05,19.05,4554.22,-103.96,Export NA,-14.18,-12.24,,28.35,27.86,-1.46,Export NA,1.73,1.26,1.16,98.53,8.04,2.67,-0.18,71.38,-0.57,26.28,9.03,-0.15,19.55,4.86,3,"Food, Beverages & Tobacco",Sugar,2025-12-31,2026-02-12
Bajaj Holdings & Investment Ltd.,BAJAJHLDNG,500490,BAJAJHLDNG,INE118A01012,Holding Companies,Diversified,10097,10097,112373.05,11.66,Export NA,17.86,17.16,45.87,24.34,28.32,0.24,Export NA,1.86,1.91,1.65,76.06,2.7,2.66,865.89,47.79,13.17,11.19,11.42,11.31,3.16,3.21,8,Diversified,Holding Companies,2026-03-31,2026-05-07
Bajaj Housing Finance Ltd.,BAJAJHFL,544252,BAJAJHFL,INE377Y01014,Housing Finance,Banking and Finance,83.87,83.87,69883.29,27.29,Export NA,,,2.21,22.6,18.02,1.49,Export NA,2.78,0.99,3.2,0.98,6.23,2.32,3.07,18.37,11.36,16.76,13.46,2.01,4.85,3.64,2,Banking and Finance,Housing Finance,2026-03-31,2026-04-27
Bajaj Steel Industries Ltd.,,507944,BAJAJST,INE704G01024,Industrial Machinery,General Industrials,420.25,420.25,874.12,16.6,Export NA,17.29,13.57,85.89,58.9,58.76,-0.41,Export NA,5.74,4.45,2.08,68.99,14.56,20.55,25.31,-40.74,21.76,19.77,24.18,13.97,10.29,13.59,5,General Industrials,Industrial Machinery,2025-12-31,2026-02-11
Bajel Projects Ltd.,BAJEL,544042,BAJEL,INE0KQN01018,Heavy Electrical Equipment,General Industrials,167.71,167.71,1940.35,177.05,Export NA,141.86,,73.23,58.9,71.23,-4.64,Export NA,5.74,3.65,2.74,5.26,14.56,15.26,0.95,-38.12,2.32,19.77,17.01,0.74,10.29,8.7,6,General Industrials,Heavy Electrical Equipment,2025-12-31,2026-02-05
Bal Pharma Ltd.,BALPHARMA,524824,BALPHARMA,INE083D01012,Pharmaceuticals,Pharmaceuticals & Biotechnology,81.27,81.27,129.39,15.93,Export NA,21.65,31.8,3.54,42.18,42.23,1.33,Export NA,2.39,2.39,1.62,24.08,7.57,7.72,5.1,12,9.32,17.72,18.15,2.14,11.9,12.17,5,Pharmaceuticals & Biotechnology,Pharmaceuticals,2025-12-31,2026-02-11
Balaji Amines Ltd.,BALAMINES,530999,BALAMINES,INE050E01027,Specialty Chemicals,Chemicals & Petrochemicals,1339.5,1339.5,4340.11,30.27,Export NA,29.6,26.48,65.31,42.23,47.85,-1.33,Export NA,3.64,2.93,2.27,27.69,6.18,7.62,44.25,-22.7,8.53,13.61,14.82,6.99,9.15,10.12,6,Chemicals & Petrochemicals,Specialty Chemicals,2025-12-31,2026-05-13
Balaji Phosphates Ltd.,BALAJIPHOS,,BALAJIPHOS,INE0PQ601019,Fertilizers,Fertilizers,100.65,100.65,239.32,30.22,Export NA,,,,20.68,20.68,,Export NA,7.54,7.54,2.72,,16.07,16.07,3.33,,9.89,478.71,478.71,6.36,243.93,243.93,3,Fertilizers,Fertilizers,2025-03-31,2025-11-14
Balaji Telefilms Ltd.,BALAJITELE,532382,BALAJITELE,INE794B01026,Broadcasting & Cable TV,Media,113.13,113.13,1379.08,23.44,Export NA,27.32,27.32,29.98,25.23,18.11,0.03,Export NA,2.2,0.97,2.2,91.87,13.87,1.42,4.83,731.29,13.24,20.32,9.89,10.86,15.35,8.83,5,Media,Broadcasting & Cable TV,2025-12-31,2026-02-13
Balaxi Pharmaceuticals Ltd.,BALAXI,,BALAXI,INE618N01022,Pharmaceuticals,Pharmaceuticals & Biotechnology,27.08,27.08,149.5,15.83,Export NA,8.65,10.87,76,42.18,42.23,-0.24,Export NA,2.39,2.39,0.63,16.34,7.57,7.72,1.71,-65.5,10.81,17.72,18.15,8.07,11.9,12.17,5,Pharmaceuticals & Biotechnology,Pharmaceuticals,2025-12-31,2026-01-28
Balkrishna Industries Ltd.,BALKRISIND,502355,BALKRISIND,INE787D01026,Auto Tyres & Rubber Products,Automobiles & Auto Components,2110.6,2110.6,40801.53,32.82,Export NA,32.97,34.44,57.08,32.11,25.9,-1.32,Export NA,5.07,0.9,3.77,26.6,6.96,2.87,64.3,-24.89,11.34,19.05,10.97,6.99,9.43,6.34,4,Automobiles & Auto Components,Auto Tyres & Rubber Products,2026-03-31,2026-05-08
Balkrishna Paper Mills Ltd.,BALKRISHNA,539251,BALKRISHNA,INE875R01011,Containers & Packaging,Commercial Services & Supplies,18.25,18.25,58.8,18.35,Export NA,2.58,2.58,72.08,31.83,23.27,0.16,Export NA,2.32,5.49,-0.34,,5.75,2.74,0.99,111.58,-4.84,13.46,10.99,43.27,6.61,7.3,5,Commercial Services & Supplies,Containers & Packaging,2025-12-31,2026-02-07
Balmer Lawrie & Company Ltd.,BALMLAWRIE,523319,BALMLAWRIE,INE164A01016,Diversified,Diversified,189.83,189.83,3246.17,12.15,Export NA,14.13,14.91,21.77,24.34,34.23,12.06,Export NA,1.86,1.37,1.63,63.88,2.7,3.08,15.63,1.01,13.5,11.19,9.07,8.74,3.16,2.66,6,Diversified,Diversified,2025-12-31,2026-05-15
Balmer Lawrie Investments Ltd.,,532485,BLIL,INE525F01025,Finance (including NBFCs),Banking and Finance,74.59,74.59,1655.69,9.6,Export NA,8.77,7.94,70.04,22.6,26.34,-0.73,Export NA,2.78,2.13,1.18,83.37,6.23,3.86,7.77,-13.1,12.47,16.76,13.65,5.36,4.85,6.73,7,Banking and Finance,Finance (including NBFCs),2025-12-31,2026-05-21
Balrampur Chini Mills Ltd.,BALRAMCHIN,500038,BALRAMCHIN,INE119A01028,Sugar,"Food, Beverages & Tobacco",534.15,534.15,10787.18,24.08,Export NA,21.31,21.9,78.04,28.35,27.86,2.69,Export NA,1.73,1.26,2.68,69.31,8.04,2.67,22.18,8.96,11.51,26.28,9.03,6.12,19.55,4.86,3,"Food, Beverages & Tobacco",Sugar,2025-12-31,2026-05-15
Balu Forge Industries Ltd.,BALUFORGE,531112,BALUFORGE,INE011E01029,Castings & Forgings,General Industrials,496.15,496.15,6022.86,23.54,Export NA,54.91,48.49,28.72,58.9,64.29,0.46,Export NA,5.74,4.12,4.54,16.23,14.56,7.72,21.08,50.86,19.35,19.77,12.53,16.27,10.29,7.9,5,General Industrials,Castings & Forgings,2025-12-31,2026-02-12
Banaras Beads Ltd.,BANARBEADS,526849,BANARBEADS,INE655B01011,Other Apparels & Accessories,Textiles Apparels & Accessories,113.72,113.72,75.47,40.03,Export NA,26.61,23.8,96.28,53.79,43.2,-0.98,Export NA,2.24,2.85,1.32,87.4,15.41,13.14,2.84,-40.99,5.53,22.86,20.14,4.63,8.26,9.64,7,Textiles Apparels & Accessories,Other Apparels & Accessories,2025-12-31,2026-01-29
Banco Products (India) Ltd.,BANCOINDIA,500039,BANCOINDIA,INE213C01025,Auto Parts & Equipment,Automobiles & Auto Components,593.25,593.25,8485.69,17.4,Export NA,21.14,16.47,81.29,32.11,41.7,0.29,Export NA,5.07,3.31,4.93,89.62,6.96,6.81,34.1,59.16,30.08,19.05,15.01,13.76,9.43,7.82,6,Automobiles & Auto Components,Auto Parts & Equipment,2025-12-31,2026-05-28
Bandhan Bank Ltd.,BANDHANBNK,541153,BANDHANBNK,INE545U01014,Banks,Banking and Finance,196.07,196.07,31586.46,25.82,Export NA,11.83,94.21,67.48,22.6,13.77,-0.47,Export NA,2.78,1.95,1.27,17.55,6.23,1.84,7.6,-55.43,4.78,16.76,13.01,0.57,4.85,1.37,2,Banking and Finance,Banks,2026-03-31,2026-04-28
Bandhan Gold ETF,GOLDBND,544638,GOLDBND,INF194KB1KJ7,Others,Others,150.4,150.4,,,Export NA,,,,,,,Export NA,,,,,,,,,,,,,,,,Others,Others,,
Bandhan Silver ETF,SILVERBND,544639,SILVERBND,INF194KB1KI9,Others,Others,263.29,263.29,,,Export NA,,,,,,,Export NA,,,,,,,,,,,,,,,,Others,Others,,
Bang Overseas Ltd.,BANG,532946,BANG,INE863I01016,Other Apparels & Accessories,Textiles Apparels & Accessories,38.04,38.04,51.58,10,Export NA,,48.17,15.23,53.79,43.2,0.05,Export NA,2.24,2.85,0.57,48.32,15.41,13.14,3.8,220.41,-2.49,22.86,20.14,-1.27,8.26,9.64,4,Textiles Apparels & Accessories,Other Apparels & Accessories,2025-12-31,2026-02-14
Bank of Baroda,BANKBARODA,532134,BANKBARODA,INE028A01039,Banks,Banking and Finance,259.95,259.95,134429.56,6.77,Export NA,6.69,7.4,29.82,22.6,13.77,-1.61,Export NA,2.78,1.95,0.82,46.91,6.23,1.84,38.38,-4.2,11.96,16.76,13.01,0.94,4.85,1.37,4,Banking and Finance,Banks,2026-03-31,2026-05-08
Bank of India,BANKINDIA,532149,BANKINDIA,INE084A01016,Banks,Banking and Finance,140.14,140.14,63801.09,6.19,Export NA,7.1,8.54,22.88,22.6,13.77,0.78,Export NA,2.78,1.95,0.74,80.91,6.23,1.84,22.64,7.94,11.45,16.76,13.01,0.87,4.85,1.37,4,Banking and Finance,Banks,2026-03-31,2026-05-08
Bank of Maharashtra,MAHABANK,532525,MAHABANK,INE457A01014,Banks,Banking and Finance,78.37,78.37,60278.72,8.59,Export NA,9.43,11.39,33.74,22.6,13.77,0.32,Export NA,2.78,1.95,1.82,84.12,6.23,1.84,9.12,26.62,21.11,16.76,13.01,1.64,4.85,1.37,3,Banking and Finance,Banks,2026-03-31,2026-04-20
Banka Bioloo Ltd.,BANKA,,BANKA,INE862Y01015,Utilities:Non-Electrical,Utilities,84.11,84.11,91.87,-32.2,Export NA,,34.7,,24.91,15.47,-0.52,Export NA,27.85,426.35,3.01,88.19,5.52,5.02,-2.61,62.1,-28.28,14.21,14.06,-10.85,5.38,8.44,2,Utilities,Utilities:Non-Electrical,2025-12-31,2026-02-12
Bannari Amman Spinning Mills Ltd.,BASML,532674,BASML,INE186H01022,Textiles,Textiles Apparels & Accessories,23.87,23.87,190.77,13.42,Export NA,30.89,13.7,49.8,53.79,32.96,0.15,Export NA,2.24,6.53,0.41,9.52,15.41,3.67,1.78,91.62,1.73,22.86,11.51,0.71,8.26,7.43,7,Textiles Apparels & Accessories,Textiles,2025-12-31,2026-02-14
Bannari Amman Sugars Ltd.,BANARISUG,500041,BANARISUG,INE459A01010,Sugar,"Food, Beverages & Tobacco",3605.5,3605.5,4521.19,31.95,Export NA,36.1,34.46,61.04,28.35,27.86,0.58,Export NA,1.73,1.26,2.42,71.72,8.04,2.67,112.84,54.92,5.88,26.28,9.03,4.7,19.55,4.86,6,"Food, Beverages & Tobacco",Sugar,2025-12-31,2026-02-06
Bansal Wire Industries Ltd.,BANSALWIRE,544209,BANSALWIRE,INE0B9K01025,Iron & Steel Products,Metals & Mining,298.55,298.55,4673.98,29.04,Export NA,,,12.33,23.8,30.63,2.57,Export NA,1.11,1.79,3.36,9.69,5.3,6.46,10.28,11.29,11.24,19.76,18.83,6.39,9.83,10.86,5,Metals & Mining,Iron & Steel Products,2026-03-31,2026-04-29
Banswara Syntex Ltd.,BANSWRAS,503722,BANSWRAS,INE629D01020,Textiles,Textiles Apparels & Accessories,121.04,121.04,414.35,16.2,Export NA,16.79,11.91,71.06,53.79,32.96,4.91,Export NA,2.24,6.53,0.72,48.75,15.41,3.67,7.47,3.3,3.96,22.86,11.51,1.85,8.26,7.43,5,Textiles Apparels & Accessories,Textiles,2025-12-31,2026-02-10
Barak Valley Cements Ltd.,BVCL,532916,BVCL,INE139I01011,Cement & Cement Products,Cement and Construction,42.54,42.54,94.27,3863.76,Export NA,17.49,17.84,98.4,35.74,39.23,-38.98,Export NA,3.26,1.71,0.76,75.65,4.05,3.41,0.01,-99.13,4.11,11.25,8.66,2.35,4.61,4.59,6,Cement and Construction,Cement & Cement Products,2025-12-31,2026-02-09
Barflex Polyfilms Ltd.,BARFLEX,,BARFLEX,INE0QX401014,Containers & Packaging,Commercial Services & Supplies,60,60,148.49,9.6,Export NA,,,9.57,31.83,23.27,,Export NA,2.32,5.49,1.58,4.35,5.75,2.74,6.25,,17.01,13.46,10.99,15.64,6.61,7.3,1,Commercial Services & Supplies,Containers & Packaging,2025-03-31,2025-11-12
Baroda BNP Paribas Gold ETF,BBNPPGOLD,544043,BBNPPGOLD,INF251K01SU9,Others,Others,145.65,145.65,,,Export NA,,,,,,,Export NA,,,,,,,,,,,,,,,,Others,Others,,
Baroda BNP Paribas Nifty Bank ETF,BBNPNBETF,544196,BBNPNBETF,INF251K01TL6,Others,Others,54.03,54.03,,,Export NA,,,,,,,Export NA,,,,,,,,,,,,,,,,Others,Others,,
Bartronics India Ltd.,ASMS,532694,ASMS,INE855F01042,Misc. Commercial Services,Commercial Services & Supplies,7.41,7.41,225.69,46.75,Export NA,322.63,20.95,33.74,31.83,27.25,0.64,Export NA,2.32,0.82,7.02,64.78,5.75,5.02,0.16,72.88,6.18,13.46,17.32,5.36,6.61,12.13,5,Commercial Services & Supplies,Misc. Commercial Services,2025-12-31,2026-02-02
Basilic Fly Studio Ltd.,BASILIC,,BASILIC,INE0OCC01013,Movies & Entertainment,Media,225.1,225.1,523.13,13.98,Export NA,,,3.31,25.23,33.17,,Export NA,2.2,3.06,1.65,,13.87,25.15,16.11,,18.5,20.32,45.72,12.14,15.35,32.15,3,Media,Movies & Entertainment,2025-12-31,2026-02-13
Bata India Ltd.,BATAINDIA,500043,BATAINDIA,INE176A01028,Footwear,Retailing,699.65,699.65,8992.43,50.54,Export NA,53.55,95.57,13.91,78.39,57.67,-1.03,Export NA,6.4,2.03,5.65,12.12,19.94,9.86,13.84,-48.93,20.99,10.74,18.49,8.64,6.91,9.08,6,Retailing,Footwear,2025-12-31,2026-02-09
Batliboi Ltd.,,522004,BATLIBOI,INE177C01022,Industrial Machinery,General Industrials,81.67,81.67,383.78,62.87,Export NA,52.58,48.27,88.75,58.9,58.76,-2.19,Export NA,5.74,4.45,1.71,69.78,14.56,20.55,1.3,-28.69,6.17,19.77,24.18,3.06,10.29,13.59,7,General Industrials,Industrial Machinery,2025-12-31,2026-02-11
Baweja Studios Ltd.,BAWEJA,,BAWEJA,INE0JFJ01011,Movies & Entertainment,Media,28.9,28.9,53.25,6.43,Export NA,,,,25.23,33.17,,Export NA,2.2,3.06,0.5,,13.87,25.15,4.49,,7.96,20.32,45.72,4.4,15.35,32.15,2,Media,Movies & Entertainment,2025-03-31,2025-11-14
Bayer Cropscience Ltd.,BAYERCROP,506285,BAYERCROP,INE462A01022,Agrochemicals,Chemicals & Petrochemicals,4450.7,4450.7,20002.38,29.84,Export NA,37.63,34.66,12.22,42.23,30.4,1.04,Export NA,3.64,3.17,6.21,12.33,6.18,3.87,149.17,28.75,19.92,13.61,11.71,10.82,9.15,7.88,6,Chemicals & Petrochemicals,Agrochemicals,2025-12-31,2026-05-26
Beacon Trusteeship Ltd.,BEACON,,BEACON,INE639X01027,Misc. Commercial Services,Commercial Services & Supplies,104.75,104.75,189.23,34.86,Export NA,,,94.87,31.83,27.25,,Export NA,2.32,0.82,3.84,58.97,5.75,5.02,3.01,,12.1,13.46,17.32,10.52,6.61,12.13,3,Commercial Services & Supplies,Misc. Commercial Services,2025-03-31,2025-11-13
Beardsell Ltd.,BEARDSELL,539447,BEARDSELL,INE520H01022,Containers & Packaging,Commercial Services & Supplies,25.77,25.77,101.63,11.39,Export NA,15.06,18.81,14.11,31.83,23.27,50.7,Export NA,2.32,5.49,1.15,48.12,5.75,2.74,2.26,0.22,12.11,13.46,10.99,5.62,6.61,7.3,8,Commercial Services & Supplies,Containers & Packaging,2025-12-31,2026-02-11
Bedmutha Industries Ltd.,BEDMUTHA,533270,BEDMUTHA,INE844K01012,Iron & Steel Products,Metals & Mining,114,114,367.81,-60.64,Export NA,24.37,26.1,,23.8,30.63,0.5,Export NA,1.11,1.79,2.68,68.12,5.3,6.46,-1.88,-120.56,17.08,19.76,18.83,3.79,9.83,10.86,9,Metals & Mining,Iron & Steel Products,2025-12-31,2026-02-10
Beekay Steel Industries Ltd.,,539018,BEEKAY,INE213D01015,Iron & Steel/Interm.Products,Metals & Mining,432.4,432.4,824.68,13.29,Export NA,9.72,8.77,94.98,23.8,32.33,-0.27,Export NA,1.11,0.78,0.77,6.44,5.3,3.24,32.54,-48.59,8.77,19.76,6.78,6.19,9.83,3.42,5,Metals & Mining,Iron & Steel/Interm.Products,2025-12-31,2026-05-15
Bella Casa Fashion & Retail Ltd.,BELLACASA,539399,BELLACASA,INE344T01014,Textiles,Textiles Apparels & Accessories,251.55,251.55,336.76,16.92,Export NA,40.22,34.44,23.03,53.79,32.96,0.46,Export NA,2.24,6.53,2.07,12.46,15.41,3.67,14.87,37.03,10.56,22.86,11.51,7.41,8.26,7.43,7,Textiles Apparels & Accessories,Textiles,2025-12-31,2026-02-07
Belrise Industries Ltd.,BELRISE,544405,BELRISE,INE894V01022,Auto Parts & Equipment,Automobiles & Auto Components,205.3,205.3,18269.22,38.33,Export NA,,,91.95,32.11,41.7,0.47,Export NA,5.07,3.31,3.59,33.9,6.96,6.81,5.36,82.08,13.18,19.05,15.01,4.91,9.43,7.82,4,Automobiles & Auto Components,Auto Parts & Equipment,2025-12-31,2026-01-31
Bengal & Assam Company Ltd.,,533095,BENGALASM,INE083K01017,Finance (including NBFCs),Banking and Finance,6434,6434,7268.04,8.62,Export NA,7.08,6.88,84.4,22.6,26.34,3.13,Export NA,2.78,2.13,0.71,46.82,6.23,3.86,746.34,2.75,7.5,16.76,13.65,6.44,4.85,6.73,3,Banking and Finance,Finance (including NBFCs),2025-12-31,2026-02-13
Berger Paints (India) Ltd.,BERGEPAINT,509480,BERGEPAINT,INE463A01038,Paints,Consumer Durables,488.1,488.1,56907.33,50.5,Export NA,51.65,62.56,30.59,49.58,57.72,-11.09,Export NA,1.45,1.85,8.71,7.82,9.42,10.53,9.67,-4.55,19.18,20.69,18.85,12.92,10.95,12.01,4,Consumer Durables,Paints,2026-03-31,2026-05-12
Best Agrolife Ltd.,BESTAGRO,539660,BESTAGRO,INE052T01021,Agrochemicals,Chemicals & Petrochemicals,17.79,17.79,630.96,26.05,Export NA,11.87,16.24,72.8,42.23,30.4,1.02,Export NA,3.64,3.17,0.78,16.73,6.18,3.87,0.68,25.63,9.78,13.61,11.71,3.58,9.15,7.88,7,Chemicals & Petrochemicals,Agrochemicals,2025-12-31,2026-02-06
Beta Drugs Ltd.,BETA,531481,BETA,INE351Y01019,Pharmaceuticals,Pharmaceuticals & Biotechnology,1361.6,1361.6,1413.1,34.08,Export NA,34.75,29.96,77.05,42.18,42.23,,Export NA,2.39,2.39,6.15,34.75,7.57,7.72,39.96,,21.52,17.72,18.15,9.72,11.9,12.17,3,Pharmaceuticals & Biotechnology,Pharmaceuticals,2025-12-31,2026-02-14
Bhadora Industries Ltd.,BHADORA,,BHADORA,INE0ZRC01017,Wires & Cables,Consumer Durables,71.9,71.9,133.73,12.4,Export NA,,,39.39,49.58,48.28,,Export NA,1.45,1.47,1.78,,9.42,9.83,5.8,,51.5,20.69,19.16,22.12,10.95,11.73,4,Consumer Durables,Wires & Cables,2025-03-31,2025-11-14
Bhageria Industries Ltd.,BHAGERIA,530803,BHAGERIA,INE354C01027,Dyes & Pigments,Chemicals & Petrochemicals,158.65,158.65,692.42,15.03,Export NA,30.39,29.24,41.42,42.23,13.7,1.07,Export NA,3.64,0.6,1.18,7.82,6.18,1.59,10.56,14.05,7.71,13.61,5,5.35,9.15,3.15,5,Chemicals & Petrochemicals,Dyes & Pigments,2026-03-31,2026-05-02
Bhagiradha Chemicals & Industries Ltd.,BHAGCHEM,531719,BHAGCHEM,INE414D01027,Agrochemicals,Chemicals & Petrochemicals,244.3,244.3,3167.82,239.72,Export NA,225.66,-3.03,87.15,42.23,30.4,-6.02,Export NA,3.64,3.17,4.56,54.21,6.18,3.87,1.02,-39.82,2.03,13.61,11.71,1.48,9.15,7.88,1,Chemicals & Petrochemicals,Agrochemicals,2025-12-31,2026-05-19
Bhagyanagar India Ltd.,BHAGYANGR,512296,BHAGYANGR,INE458B01036,Copper,Metals & Mining,320.6,320.6,1025.76,20.45,Export NA,16.33,17.61,56.17,23.8,81.72,0.08,Export NA,1.11,1.26,4.29,99.97,5.3,17.03,15.68,257.91,19.47,19.76,18.15,7.9,9.83,13.4,8,Metals & Mining,Copper,2026-03-31,2026-04-30
Bhandari Hosiery Exports Ltd.,BHANDARI,512608,BHANDARI,INE474E01029,Other Apparels & Accessories,Textiles Apparels & Accessories,3.64,3.64,121.2,14.2,Export NA,26.62,27.12,59.3,53.79,43.2,0.54,Export NA,2.24,2.85,0.66,43.39,15.41,13.14,0.26,26.39,5.03,22.86,20.14,2.79,8.26,9.64,6,Textiles Apparels & Accessories,Other Apparels & Accessories,2025-12-31,2026-02-14
Bhansali Engineering Polymers Ltd.,BEPL,500052,BEPL,INE922A01025,Specialty Chemicals,Chemicals & Petrochemicals,94.57,94.57,2353.45,13.06,Export NA,15.63,13.38,42.72,42.23,47.85,160.95,Export NA,3.64,2.93,2.18,22.99,6.18,7.62,7.24,0.08,16.63,13.61,14.82,14.01,9.15,10.12,5,Chemicals & Petrochemicals,Specialty Chemicals,2026-03-31,2026-04-24
Bharat Bijlee Ltd.,BBL,503960,BBL,INE464A01036,Other Electrical Equipment/Products,Consumer Durables,2575.7,2575.7,2911.34,24.24,Export NA,29.14,26.55,62.95,49.58,41.19,-2.39,Export NA,1.45,1.34,1.31,62.55,9.42,8.51,106.25,-10.15,6.88,20.69,21.67,5.09,10.95,11.03,5,Consumer Durables,Other Electrical Equipment/Products,2026-03-31,2026-05-12
Bharat Coking Coal Ltd.,BHARATCOAL,544678,BHARATCOAL,INE05XR01022,Coal & Mining,Metals & Mining,33.13,33.13,15428.64,120.27,Export NA,,,33.33,23.8,13.83,,Export NA,1.11,3.11,2.74,98.67,5.3,4.81,0.28,,2.21,19.76,23.55,0.62,9.83,10.77,2,Metals & Mining,Coal & Mining,2026-03-31,2026-04-22
Bharat Dynamics Ltd.,BDL,541143,BDL,INE171Z01026,Aerospace & Defence,General Industrials,1334.2,1334.2,48906.77,84.33,Export NA,87.94,68.74,89.27,58.9,50.58,33.41,Export NA,5.74,8.98,11.4,88.33,14.56,11.27,15.82,2.52,13.71,19.77,23.04,4.68,10.29,9.53,5,General Industrials,Aerospace & Defence,2025-12-31,2026-01-31
Bharat Electronics Ltd.,BEL,500049,BEL,INE263A01024,Aerospace & Defence,General Industrials,416.5,416.5,304452.29,51.05,Export NA,53.47,43.02,82.21,58.9,50.58,2.62,Export NA,5.74,8.98,13.16,87.91,14.56,11.27,8.16,19.48,26.64,19.77,23.04,13.03,10.29,9.53,8,General Industrials,Aerospace & Defence,2025-12-31,2026-05-19
Bharat Forge Ltd.,BHARATFORG,500493,BHARATFORG,INE465A01025,Castings & Forgings,General Industrials,1913,1913,91458.35,82.54,Export NA,69.69,62.35,90.03,58.9,64.29,4.65,Export NA,5.74,4.12,9.49,93.99,14.56,7.72,23.18,17.74,11.29,19.77,12.53,4.85,10.29,7.9,6,General Industrials,Castings & Forgings,2026-03-31,2026-05-07
Bharat Gears Ltd.,BHARATGEAR,505688,BHARATGEAR,INE561C01019,Auto Parts & Equipment,Automobiles & Auto Components,110.18,110.18,169.18,12.87,Export NA,47.75,20.64,40.61,32.11,41.7,0,Export NA,5.07,3.31,1.36,53.01,6.96,6.81,8.56,4970.44,2.82,19.05,15.01,0.87,9.43,7.82,8,Automobiles & Auto Components,Auto Parts & Equipment,2025-12-31,2026-05-30
Bharat Heavy Electricals Ltd.,BHEL,500103,BHEL,INE257A01026,Heavy Electrical Equipment,General Industrials,391.75,391.75,136409.83,85.24,Export NA,155.24,124.39,48.27,58.9,71.23,0.43,Export NA,5.74,3.65,5.51,100,14.56,15.26,4.6,199.73,6.12,19.77,17.01,2.1,10.29,8.7,8,General Industrials,Heavy Electrical Equipment,2026-03-31,2026-05-04
Bharat Petroleum Corporation Ltd.,BPCL,500547,BPCL,INE029A01011,Refineries/Petro-Products,Oil & Gas,287.85,287.85,124883.88,5.07,Export NA,8.01,15.94,21.3,18.34,21.22,0.06,Export NA,1.36,1.29,1.24,7.68,1.85,2.01,56.73,79.19,16.38,10.19,9.71,6.1,4.37,3.93,6,Oil & Gas,Refineries/Petro-Products,2025-12-31,2026-05-19
Bharat Rasayan Ltd.,BHARATRAS,590021,BHARATRAS,INE838B01021,Agrochemicals,Chemicals & Petrochemicals,1388.2,1388.2,2307.34,17.39,Export NA,36.34,32.43,4.78,42.23,30.4,-0.63,Export NA,3.64,3.17,1.87,6.08,6.18,3.87,79.84,-27.45,12.47,13.61,11.71,10,9.15,7.88,5,Chemicals & Petrochemicals,Agrochemicals,2025-12-31,2026-02-12
Bharat Road Network Ltd.,BRNL,540700,BRNL,INE727S01012,Roads & Highways,Cement and Construction,20.58,20.58,172.77,6.03,Export NA,17.57,17.57,93.11,35.74,6.99,-0.08,Export NA,3.26,0.03,0.39,26.09,4.05,1.13,3.41,-75.76,42.66,11.25,24.35,9.83,4.61,8.72,5,Cement and Construction,Roads & Highways,2025-12-31,2026-02-13
Bharat Seats Ltd.,BHARATSE,523229,BHARATSE,INE415D01024,Auto Parts & Equipment,Automobiles & Auto Components,188.46,188.46,1183.53,28.03,Export NA,22.83,28.37,89.79,32.11,41.7,0.96,Export NA,5.07,3.31,5.46,86,6.96,6.81,6.72,29.15,18.38,19.05,15.01,5.73,9.43,7.82,7,Automobiles & Auto Components,Auto Parts & Equipment,2026-03-31,2026-05-06
Bharat Wire Ropes Ltd.,BHARATWIRE,539799,BHARATWIRE,INE316L01019,Iron & Steel Products,Metals & Mining,232.67,232.67,1595.76,20.82,Export NA,17.3,17.3,44.5,23.8,30.63,5.03,Export NA,1.11,1.79,2.01,36.85,5.3,6.46,11.17,4.14,20.46,19.76,18.83,7.57,9.83,10.86,4,Metals & Mining,Iron & Steel Products,2025-12-31,2026-05-16
Bharatiya Global Infomedia Ltd.,BGLOBAL,533499,BGLOBAL,INE224M01013,IT Consulting & Software,Software & Services,3.1,3.1,4.91,1.56,Export NA,3.71,3.71,3.32,22.39,21.42,0.01,Export NA,10.02,10.72,0.06,50.5,6.84,6.86,1.99,294.56,-5.49,28.07,30.42,-3.86,17.17,18.42,4,Software & Services,IT Consulting & Software,2025-12-31,2026-02-14
Bharti Airtel Ltd.,BHARTIARTL,532454,BHARTIARTL,INE397D01024,Telecom Services,Telecom Services,1756.8,1756.8,1018975.13,33.53,Export NA,74.36,79.26,29.25,32.83,33.56,1.43,Export NA,1.4,1.43,8.08,91.4,7.97,8.06,52.4,23.51,25.58,22.38,22.38,6.52,6.78,6.51,7,Telecom Services,Telecom Services,2025-12-31,2026-05-13
Bharti Hexacom Ltd.,BHARTIHEXA,544162,BHARTIHEXA,INE343G01021,Other Telecom Services,Telecom Services,1464.8,1464.8,73240,41.73,Export NA,,,0.19,32.83,29.56,1.03,Export NA,1.4,1.02,10.9,6.03,7.97,7.59,35.1,40.64,25.17,22.38,22.4,7.75,6.78,7.98,8,Telecom Services,Other Telecom Services,2025-12-31,2026-05-13
Bhartiya International Ltd.,BIL,526666,BIL,INE828A01016,Other Apparels & Accessories,Textiles Apparels & Accessories,714.25,714.25,957.84,25.8,Export NA,1698.58,1155.51,63.83,53.79,43.2,0.02,Export NA,2.24,2.85,1.96,57.68,15.41,13.14,27.69,1610.23,3.5,22.86,20.14,1.33,8.26,9.64,8,Textiles Apparels & Accessories,Other Apparels & Accessories,2025-12-31,2026-02-11
Bhilwara Technical Textiles Ltd.,,533108,BTTL,INE274K01012,Textiles,Textiles Apparels & Accessories,33.79,33.79,197.24,172.06,Export NA,27.5,17.78,97.28,53.79,32.96,-2,Export NA,2.24,6.53,1.15,78.09,15.41,3.67,0.2,-86.22,4.22,22.86,11.51,4.21,8.26,7.43,4,Textiles Apparels & Accessories,Textiles,2025-12-31,2026-02-13
Bigbloc Construction Ltd.,BIGBLOC,540061,BIGBLOC,INE412U01025,Cement & Cement Products,Cement and Construction,56.64,56.64,801.89,-516.55,Export NA,80.41,64.32,,35.74,39.23,4.69,Export NA,3.26,1.71,6.1,54.11,4.05,3.41,-0.11,-110.07,7.15,11.25,8.66,2.56,4.61,4.59,5,Cement and Construction,Cement & Cement Products,2025-12-31,2026-01-20
Bikaji Foods International Ltd.,BIKAJI,543653,BIKAJI,INE00E101023,Packaged Foods,FMCG,658.2,658.2,16503.47,66.97,Export NA,79.05,,21.9,49.72,67.64,-6.99,Export NA,14.09,6.77,10.57,2.67,20.61,37.36,9.83,-9.58,14.52,37.93,51.25,10.37,19.27,22.23,4,FMCG,Packaged Foods,2025-12-31,2026-05-21
Bikewo Green Tech Ltd.,BIKEWO,,BIKEWO,INE0SQH01013,Specialty Retail,Retailing,25.3,25.3,33,50.17,Export NA,,,100,78.39,54.96,,Export NA,6.4,18.36,0.84,100,19.94,7.79,0.5,,1.7,10.74,13.46,1.61,6.91,6.43,3,Retailing,Specialty Retail,2025-03-31,2025-11-11
Bilcare Ltd.,,526853,BI,INE986A01012,Healthcare Supplies,Healthcare,65.14,65.14,153.37,-13.36,Export NA,,10.23,,64.81,48.56,-0.19,Export NA,6.11,3.15,0.35,60.22,9.5,5.43,-4.88,71.64,-6.14,14.74,11.01,-2.03,8.39,8.34,5,Healthcare,Healthcare Supplies,2025-12-31,2026-02-12
Billionbrains Garage Ventures Ltd.,GROWW,544603,GROWW,INE0HOQ01053,Capital Markets,Banking and Finance,183.09,183.09,114881.14,55.15,Export NA,,,87.6,22.6,49.83,3.89,Export NA,2.78,1.85,14.43,100,6.23,18.07,3.32,14.18,21.58,16.76,28.37,11.23,4.85,12.93,2,Banking and Finance,Capital Markets,2026-03-31,2026-04-20
Bimetal Bearings Ltd.,,505681,BIMETAL,INE469A01019,Auto Parts & Equipment,Automobiles & Auto Components,584.25,584.25,223.48,21.16,Export NA,22.44,24.07,53.02,32.11,41.7,-2.68,Export NA,5.07,3.31,0.97,62.87,6.96,6.81,27.61,-7.88,4.98,19.05,15.01,4.02,9.43,7.82,7,Automobiles & Auto Components,Auto Parts & Equipment,2025-12-31,2026-02-13
Biocon Ltd.,BIOCON,532523,BIOCON,INE376G01013,Biotechnology,Pharmaceuticals & Biotechnology,402.45,402.45,65233.43,169.17,Export NA,60.88,70.39,100,42.18,136.9,-2.73,Export NA,2.39,1.32,2.43,36.92,7.57,3.06,2.38,-61.95,1.13,17.72,4.74,0.6,11.9,3.91,6,Pharmaceuticals & Biotechnology,Biotechnology,2026-03-31,2026-05-07
Biofil Chemicals & Pharmaceuticals Ltd.,BIOFILCHEM,524396,BIOFILCHEM,INE829A01014,Pharmaceuticals,Pharmaceuticals & Biotechnology,32.94,32.94,53.61,19.33,Export NA,129.38,132.71,22.27,42.18,42.23,0.05,Export NA,2.39,2.39,2.51,33.33,7.57,7.72,1.7,356.98,2.96,17.72,18.15,1.09,11.9,12.17,3,Pharmaceuticals & Biotechnology,Pharmaceuticals,2025-12-31,2026-02-13
Biopol Chemicals Ltd.,BIOPOL,,BIOPOL,INE0XW001014,Specialty Chemicals,Chemicals & Petrochemicals,115.1,115.1,124.37,13.86,Export NA,,,75,42.23,47.85,,Export NA,3.64,2.93,5.54,100,6.18,7.62,8.31,,17.97,13.61,14.82,12.86,9.15,10.12,2,Chemicals & Petrochemicals,Specialty Chemicals,2026-03-31,2026-04-30
Birla Cable Ltd.,BIRLACABLE,500060,BIRLACABLE,INE800A01015,Telecom Cables,Telecommunications Equipment,182.94,182.94,548.82,72.37,Export NA,64.08,42.83,54.53,62.37,64.46,1.4,Export NA,3.45,1.61,2.01,33.33,10.31,6.8,2.53,51.76,1.93,6.95,6.11,1.17,3.76,2.97,7,Telecommunications Equipment,Telecom Cables,2025-12-31,2026-05-22
Birla Corporation Ltd.,BIRLACORPN,500335,BIRLACORPN,INE340A01012,Cement & Cement Products,Cement and Construction,1053.55,1053.55,8112.89,14.55,Export NA,26.56,76.8,21.12,35.74,39.23,0.16,Export NA,3.26,1.71,1.13,16.94,4.05,3.41,72.41,88.87,7.57,11.25,8.66,3.84,4.61,4.59,9,Cement and Construction,Cement & Cement Products,2026-03-31,2026-05-09
Birla Precision Technologies Ltd.,,522105,BIRLAPREC,INE372E01025,Industrial Machinery,General Industrials,38.24,38.24,252.34,19.85,Export NA,44.85,33.52,36.36,58.9,58.76,0.01,Export NA,5.74,4.45,1.44,22.63,14.56,20.55,1.93,1582.07,3.73,19.77,24.18,2.11,10.29,13.59,5,General Industrials,Industrial Machinery,2025-12-31,2026-02-13
BirlaNu Ltd.,BIRLANU,509675,BIRLANU,INE557A01011,Cement & Cement Products,Cement and Construction,1559.1,1559.1,1175.7,-9.64,Export NA,47.39,32.38,,35.74,39.23,0.01,Export NA,3.26,1.71,1.04,12.73,4.05,3.41,-161.68,-1368.92,-2.71,11.25,8.66,-1.12,4.61,4.59,3,Cement and Construction,Cement & Cement Products,2025-12-31,2026-05-12
Birlasoft Ltd.,BSOFT,532400,BSOFT,INE836A01035,IT Consulting & Software,Software & Services,331.6,331.6,9268.43,17.88,Export NA,23.9,27.96,49.98,22.39,21.42,57.86,Export NA,10.02,10.72,2.43,40.83,6.84,6.86,18.55,0.31,12.6,28.07,30.42,9.84,17.17,18.42,5,Software & Services,IT Consulting & Software,2026-03-31,2026-05-06
Black Box Ltd.,BBOX,500463,BBOX,INE676A01027,IT Consulting & Software,Software & Services,829.15,829.15,14717.02,69.02,Export NA,50.71,72.32,88.74,22.39,21.42,4.56,Export NA,10.02,10.72,15.39,80.1,6.84,6.86,12.01,15.13,26.98,28.07,30.42,6.66,17.17,18.42,4,Software & Services,IT Consulting & Software,2025-12-31,2026-02-11
Black Rose Industries Ltd.,,514183,BLACKROSE,INE761G01016,Commodity Trading  & Distribution,Commercial Services & Supplies,87.03,87.03,443.85,23.58,Export NA,26.96,42.9,15.26,31.83,33.18,-2.45,Export NA,2.32,1.21,2.77,2.8,5.75,5.32,3.69,-9.61,13.7,13.46,12.19,9.77,6.61,4.31,4,Commercial Services & Supplies,Commodity Trading  & Distribution,2025-12-31,2026-05-13
BlackBuck Ltd.,BLACKBUCK,544288,BLACKBUCK,INE0UIZ01018,Transport Related Services,Transportation,534.25,534.25,9717.82,25.93,Export NA,,,,36.05,36.41,0.13,Export NA,4.72,0.2,7.22,48.62,8.05,5.81,20.6,198.74,-0.69,25.06,15.81,-0.6,7.11,10.03,3,Transportation,Transport Related Services,2025-12-31,2026-02-05
Bliss GVS Pharma Ltd.,BLISSGVS,506197,BLISSGVS,INE416D01022,Pharmaceuticals,Pharmaceuticals & Biotechnology,273.8,273.8,2896.5,26.55,Export NA,19.72,26.89,77.09,42.18,42.23,0.32,Export NA,2.39,2.39,2.5,62.82,7.57,7.72,10.31,83,8.02,17.72,18.15,6.48,11.9,12.17,5,Pharmaceuticals & Biotechnology,Pharmaceuticals,2025-12-31,2026-05-12
Blue Chip India Ltd.,BLUECHIP,531936,BLUECHIP,INE657B01025,Other Financial Services,Banking and Finance,1.86,1.86,10.29,-3.56,Export NA,,33.78,,22.6,36.93,0,Export NA,2.78,3.57,-13.34,,6.23,99.98,-0.52,-3245.72,0,16.76,19.97,-50.81,4.85,11.89,3,Banking and Finance,Other Financial Services,2025-12-31,2026-02-12
Blue Coast Hotels Ltd.,BLUECOAST,531495,BLUECOAST,INE472B01011,Hotels,Hotels Restaurants & Tourism,31.98,31.98,54.98,-26.27,Export NA,77.99,77.99,,44.23,40.73,0.26,Export NA,3.41,2.69,-2.55,,8.2,7.29,-1.22,-102.62,0,12.41,12.19,-30.25,7.26,7.71,1,Hotels Restaurants & Tourism,Hotels,2026-03-31,2026-05-05
Blue Dart Express Ltd.,BLUEDART,526612,BLUEDART,INE233B01017,Warehousing & Logistics,Transportation,5167.5,5167.5,12261.39,49.56,Export NA,56.45,50.52,28.92,36.05,32.42,-24.87,Export NA,4.72,1.7,7.21,0.03,8.05,4.18,104.26,-1.99,13.92,25.06,8.62,5.99,7.11,5.64,6,Transportation,Warehousing & Logistics,2026-03-31,2026-05-09
Blue Jet Healthcare Ltd,BLUEJET,544009,BLUEJET,INE0KBH01020,Pharmaceuticals,Pharmaceuticals & Biotechnology,444.8,444.8,7715.74,26.28,Export NA,45.5,,13.76,42.18,42.23,1.05,Export NA,2.39,2.39,5.95,4.8,7.57,7.72,16.92,25.13,26.93,17.72,18.15,21.53,11.9,12.17,8,Pharmaceuticals & Biotechnology,Pharmaceuticals,2025-12-31,2026-02-13
Blue Pebble Ltd.,BLUEPEBBLE,,BLUEPEBBLE,INE0SAK01011,Misc. Commercial Services,Commercial Services & Supplies,108.8,108.8,44.39,8.77,Export NA,,,,31.83,27.25,,Export NA,2.32,0.82,1.57,,5.75,5.02,12.41,,18.39,13.46,17.32,14.18,6.61,12.13,3,Commercial Services & Supplies,Misc. Commercial Services,2025-03-31,2025-11-14
Blue Star Ltd.,BLUESTARCO,500067,BLUESTARCO,INE472A01039,Consumer Electronics,Consumer Durables,1630.6,1630.6,33527.55,63.54,Export NA,75.97,67.61,60.84,49.58,57.15,-5.91,Export NA,1.45,1.69,10.5,72.65,9.42,10.85,25.66,-10.75,15.37,20.69,24.42,6.15,10.95,9.83,6,Consumer Durables,Consumer Electronics,2026-03-31,2026-05-06
Blue Water Logistics Ltd.,BLUEWATER,,BLUEWATER,INE0X3M01010,Warehousing & Logistics,Transportation,269,269,295.9,27.73,Export NA,,,99.29,36.05,32.42,,Export NA,4.72,1.7,4.11,,8.05,4.18,9.7,,52.95,25.06,8.62,13.97,7.11,5.64,2,Transportation,Warehousing & Logistics,2025-12-31,2026-02-11
Bluestone Jewellery and Lifestyle Ltd.,BLUESTONE,544484,BLUESTONE,INE304W01038,Gems & Jewellery,Textiles Apparels & Accessories,474.2,474.2,7224.95,486.92,Export NA,,,8.33,53.79,63.43,4.56,Export NA,2.24,1.24,4.15,93.82,15.41,20.78,0.97,106.69,0.82,22.86,28.31,0.29,8.26,8.05,5,Textiles Apparels & Accessories,Gems & Jewellery,2026-03-31,2026-04-23
Bluspring Enterprises Ltd.,BLUSPRING,544414,BLUSPRING,INE0U4101014,Misc. Commercial Services,Commercial Services & Supplies,68.79,68.79,1027.81,-26.22,Export NA,,,,31.83,27.25,-0.35,Export NA,2.32,0.82,1.55,52.07,5.75,5.02,-2.62,74.29,-24.74,13.46,17.32,-11.03,6.61,12.13,2,Commercial Services & Supplies,Misc. Commercial Services,2025-12-31,2026-05-19
Bodal Chemicals Ltd.,BODALCHEM,524370,BODALCHEM,INE338D01028,Dyes & Pigments,Chemicals & Petrochemicals,69.37,69.37,873.67,28.86,Export NA,90.49,54.71,68.42,42.23,13.7,0.07,Export NA,3.64,0.6,0.78,12.5,6.18,1.59,2.4,401.28,1.67,13.61,5,0.78,9.15,3.15,7,Chemicals & Petrochemicals,Dyes & Pigments,2025-12-31,2026-02-14
Bodhi Tree Multimedia Ltd.,BTML,543767,BTML,INE0EEJ01023,Movies & Entertainment,Media,6.3,6.3,113.71,13.93,Export NA,46.91,,11.45,25.23,33.17,0.09,Export NA,2.2,3.06,1.38,36.28,13.87,25.15,0.45,149.56,14.9,20.32,45.72,5.31,15.35,32.15,3,Media,Movies & Entertainment,2025-12-31,2026-02-12
Bohra Industries Ltd.,BOHRAIND,,BOHRAIND,INE802W01023,Fertilizers,Fertilizers,20,20,42.34,-11.5,Export NA,7.78,7.78,,20.68,20.68,0.2,Export NA,7.54,7.54,0.57,60.19,16.07,16.07,-1.74,-58.64,-6.93,478.71,478.71,-6.21,243.93,243.93,0,Fertilizers,Fertilizers,2025-12-31,2026-02-14
Bombay Dyeing & Manufacturing Company Ltd.,BOMDYEING,500020,BOMDYEING,INE032A01023,Textiles,Textiles Apparels & Accessories,120.55,120.55,2489.78,92.49,Export NA,7.76,7.76,94.49,53.79,32.96,-0.98,Export NA,2.24,6.53,1.06,3.22,15.41,3.67,1.3,-94.51,1.17,22.86,11.51,0.9,8.26,7.43,3,Textiles Apparels & Accessories,Textiles,2026-03-31,2026-05-08
Bombay Metrics Supply Chain Ltd.,BMETRICS,,BMETRICS,INE0I3Y01014,Commodity Trading  & Distribution,Commercial Services & Supplies,41.5,41.5,51.1,11.35,Export NA,45.51,,,31.83,33.18,,Export NA,2.32,1.21,2.58,,5.75,5.32,3.66,,23.45,13.46,12.19,8.26,6.61,4.31,3,Commercial Services & Supplies,Commodity Trading  & Distribution,2025-03-31,2025-11-14
Bombay Super Hybrid Seeds Ltd.,BSHSL,,BSHSL,INE032Z01020,Other Agricultural Products,"Food, Beverages & Tobacco",92.2,92.2,967.52,36.56,Export NA,64.22,111.1,30.4,28.35,21.91,8.1,Export NA,1.73,1.77,7.61,27.08,8.04,3.56,2.52,4.51,25.22,26.28,16.12,11.9,19.55,8.43,5,"Food, Beverages & Tobacco",Other Agricultural Products,2025-12-31,2026-02-06
Bonlon Industries Ltd.,,543211,BONLON,INE0B9A01018,Iron & Steel Products,Metals & Mining,54.03,54.03,88.52,39.65,Export NA,25.93,,100,23.8,30.63,,Export NA,1.11,1.79,1.03,98.51,5.3,6.46,1.36,,3.28,19.76,18.83,2.09,9.83,10.86,6,Metals & Mining,Iron & Steel Products,2025-12-31,2026-02-11
Borana Weaves Ltd.,BORANA,544404,BORANA,INE16SF01016,Textiles,Textiles Apparels & Accessories,332.1,332.1,884.89,15.18,Export NA,,,63.71,53.79,32.96,0.31,Export NA,2.24,6.53,3.35,4.22,15.41,3.67,21.88,49.04,45.91,22.86,11.51,25.77,8.26,7.43,6,Textiles Apparels & Accessories,Textiles,2025-12-31,2026-05-14
Borosil Ltd.,BOROLTD,543212,BOROLTD,INE02PY01013,Houseware,Consumer Durables,236.68,236.68,2830.4,37.63,Export NA,55.8,53.74,6.04,49.58,32.11,3.64,Export NA,1.45,3.2,3.24,9.31,9.42,5.53,6.29,10.34,9.19,20.69,17.23,6.56,10.95,12.51,6,Consumer Durables,Houseware,2025-12-31,2026-02-05
Borosil Renewables Ltd.,BORORENEW,502219,BORORENEW,INE666D01022,Houseware,Consumer Durables,548.1,548.1,7688.92,59.57,Export NA,,89.46,52.13,49.58,32.11,0.21,Export NA,1.45,3.2,7.73,89.2,9.42,5.53,9.2,285.55,-6.97,20.69,17.23,-4.78,10.95,12.51,3,Consumer Durables,Houseware,2026-03-31,2026-05-12
Borosil Scientific Ltd.,BOROSCI,544184,BOROSCI,INE02L001032,Containers & Packaging,Commercial Services & Supplies,113.81,113.81,1012.31,62.98,Export NA,,,49.37,31.83,23.27,-1.52,Export NA,2.32,5.49,2.45,7.35,5.75,2.74,1.81,-41.4,6.81,13.46,10.99,5.26,6.61,7.3,6,Commercial Services & Supplies,Containers & Packaging,2025-12-31,2026-02-11
Bosch Home Comfort India Ltd.,BOSCH-HCIL,523398,BOSCH-HCIL,INE782A01015,Consumer Electronics,Consumer Durables,1436.3,1436.3,3905.43,316.74,Export NA,73.94,199.84,97.12,49.58,57.15,-4.16,Export NA,1.45,1.69,8.52,45.94,9.42,10.85,4.53,-76.09,9.17,20.69,24.42,3.26,10.95,9.83,8,Consumer Durables,Consumer Electronics,2025-12-31,2026-05-19
Bosch Ltd.,BOSCHLTD,500530,BOSCHLTD,INE323A01026,Auto Parts & Equipment,Automobiles & Auto Components,36510,36510,107681.13,39.06,Export NA,45.39,43.57,39.37,32.11,41.7,1.08,Export NA,5.07,3.31,7.4,73.39,6.96,6.81,934.68,36.09,14.58,19.05,15.01,9.95,9.43,7.82,6,Automobiles & Auto Components,Auto Parts & Equipment,2025-12-31,2026-05-20
Boss Packaging Solutions Ltd,BOSS,,BOSS,INE0QNI01012,Industrial Machinery,General Industrials,38,38,16.9,10.95,Export NA,,,,58.9,58.76,,Export NA,5.74,4.45,1.15,,14.56,20.55,3.47,,11.11,19.77,24.18,9.41,10.29,13.59,3,General Industrials,Industrial Machinery,2025-03-31,2025-11-14
Brace Port Logistics Ltd.,BRACEPORT,,BRACEPORT,INE0R4Z01018,Warehousing & Logistics,Transportation,54.5,54.5,61.59,9.08,Export NA,,,,36.05,32.42,,Export NA,4.72,1.7,1.47,,8.05,4.18,6,,17.19,25.06,8.62,15.37,7.11,5.64,3,Transportation,Warehousing & Logistics,2025-03-31,2025-11-13
Brainbees Solutions Ltd.,FIRSTCRY,544226,FIRSTCRY,INE02RE01045,Internet & Catalogue Retail,Retailing,235.48,235.48,12293.24,-65.86,Export NA,29.44,,,78.39,42.45,5.43,Export NA,6.4,1.62,2.6,12.76,19.94,27.18,-3.58,-12.13,-4.03,10.74,2.98,-2.16,6.91,1.72,3,Retailing,Internet & Catalogue Retail,2025-12-31,2026-02-13
Brand Concepts Ltd.,BCONCEPTS,543442,BCONCEPTS,INE977Y01011,Specialty Retail,Retailing,232.51,232.51,290.22,49.69,Export NA,61.52,107.67,34.25,78.39,54.96,-5.02,Export NA,6.4,18.36,3.74,16.63,19.94,7.79,4.68,-9.91,6.55,10.74,13.46,1.91,6.91,6.43,1,Retailing,Specialty Retail,2025-12-31,2026-02-13
Brandman Retail Ltd.,BRANDMAN,,BRANDMAN,INE0XUD01014,Footwear,Retailing,186.35,186.35,343.95,16.41,Export NA,,,,78.39,57.67,,Export NA,6.4,2.03,5.28,,19.94,9.86,11.35,,70.32,10.74,18.49,24.73,6.91,9.08,3,Retailing,Footwear,2025-03-31,
Brigade Enterprises Ltd.,BRIGADE,532929,BRIGADE,INE791I01019,Realty,Realty,718.8,718.8,17583.41,27.29,Export NA,47.8,73.47,54.97,37.63,37.32,-4.52,Export NA,1.72,1.77,2.63,59.15,3.69,4.38,26.34,-6.03,9.44,10.17,11.27,2.45,4.54,5.37,3,Realty,Realty,2026-03-31,2026-05-06
Brigade Hotel Ventures Ltd.,BRIGHOTEL,544457,BRIGHOTEL,INE03NU01014,Hotels,Hotels Restaurants & Tourism,61.2,61.2,2324.64,39.76,Export NA,,,,44.23,40.73,0.21,Export NA,3.41,2.69,2.47,,8.2,7.29,1.54,189.55,6.09,12.41,12.19,4.22,7.26,7.71,6,Hotels Restaurants & Tourism,Hotels,2026-03-31,2026-04-28
Brightcom Group Ltd.,BCG,532368,BCG,INE425B01027,Internet Software & Services,Software & Services,9.18,9.18,1853,2.12,Export NA,3.44,5.16,38.54,22.39,32.02,0.05,Export NA,10.02,2.7,0.19,43.41,6.84,6.82,4.34,39.62,8.17,28.07,8.54,7.24,17.17,6.62,5,Software & Services,Internet Software & Services,2025-12-31,2026-02-14
Britannia Industries Ltd.,BRITANNIA,500825,BRITANNIA,INE216A01030,Packaged Foods,FMCG,5334,5334,128479.15,50.71,Export NA,61.35,58.55,41,49.72,67.64,3.11,Export NA,14.09,6.77,29.08,62.82,20.61,37.36,105.18,16.28,49.61,37.93,51.25,26.03,19.27,22.23,9,FMCG,Packaged Foods,2026-03-31,2026-05-07
Brookfield India Real Estate Trust,BIRET,543261,BIRET,INE0FDU25010,REITs-InvITs,Realty,325.48,325.48,20831.06,,Export NA,112.55,112.96,,37.63,46.38,,Export NA,1.72,3.82,1.28,99.28,3.69,1.66,,,1.31,10.17,6.22,0.69,4.54,1.93,6,Realty,REITs-InvITs,2025-12-31,2022-05-18
Brooks Laboratories Ltd.,BROOKS,533543,BROOKS,INE650L01011,Pharmaceuticals,Pharmaceuticals & Biotechnology,49.81,49.81,146.73,6.79,Export NA,,,4.14,42.18,42.23,0.03,Export NA,2.39,2.39,1.27,3.66,7.57,7.72,7.33,205.1,-10.15,17.72,18.15,-8.05,11.9,12.17,3,Pharmaceuticals & Biotechnology,Pharmaceuticals,2025-12-31,2026-02-06
Bulkcorp International Ltd.,BULKCORP,,BULKCORP,INE0SZ301012,Containers & Packaging,Commercial Services & Supplies,44.95,44.95,33.78,9.59,Export NA,,,,31.83,23.27,,Export NA,2.32,5.49,1.03,,5.75,2.74,4.69,,11.35,13.46,10.99,8.21,6.61,7.3,3,Commercial Services & Supplies,Containers & Packaging,2025-03-31,2025-11-14
Butterfly Gandhimathi Appliances Ltd.,BUTTERFLY,517421,BUTTERFLY,INE295F01017,Household Appliances,Consumer Durables,708.6,708.6,1266.95,27.76,Export NA,112.55,106.51,19.18,49.58,47.95,0.69,Export NA,1.45,3.33,3.52,51.06,9.42,5.18,25.53,40.28,12.25,20.69,13.31,8.16,10.95,7.54,8,Consumer Durables,Household Appliances,2026-03-31,2026-05-11
C K K Retail Mart Ltd.,CKKRETAIL,,CKKRETAIL,INE0SMX01019,Sugar,"Food, Beverages & Tobacco",116.25,116.25,225.15,13.76,Export NA,,,,28.35,27.86,,Export NA,1.73,1.26,4.05,,8.04,2.67,8.45,,38.46,26.28,9.03,24.02,19.55,4.86,5,"Food, Beverages & Tobacco",Sugar,2025-03-31,
C.E. Info Systems Ltd.,MAPMYINDIA,543425,MAPMYINDIA,INE0BV301023,Internet Software & Services,Software & Services,1008.45,1008.45,5518.41,41.82,Export NA,68.18,,3.96,22.39,32.02,-12.49,Export NA,10.02,2.7,6.46,12.14,6.84,6.82,24.11,-3.35,18.61,28.07,8.54,15.62,17.17,6.62,5,Software & Services,Internet Software & Services,2025-12-31,2026-02-13
C2C Advanced Systems Ltd.,C2C,,C2C,INE0U7V01015,Aerospace & Defence,General Industrials,433.7,433.7,721.73,25.03,Export NA,,,17.39,58.9,50.58,,Export NA,5.74,8.98,3.26,8.7,14.56,11.27,17.33,,14.59,19.77,23.04,10.98,10.29,9.53,2,General Industrials,Aerospace & Defence,2025-03-31,2025-11-14
CARE Ratings Ltd.,CARERATING,534804,CARERATING,INE752H01013,Other Financial Services,Banking and Finance,1581,1581,4750.78,29.52,Export NA,34.88,30.56,54.9,22.6,36.93,0.83,Export NA,2.78,3.57,5.28,53.07,6.23,99.98,53.56,35.58,17.02,16.76,19.97,14.32,4.85,11.89,6,Banking and Finance,Other Financial Services,2025-12-31,2026-05-13
CCL Products India Ltd.,CCL,519600,CCL,INE421D01022,Tea & Coffee,"Food, Beverages & Tobacco",1094.6,1094.6,14615.96,37.66,Export NA,36.52,33.8,95.25,28.35,34.78,1.5,Export NA,1.73,3.66,6.68,86.48,8.04,6.07,29.07,25.06,16.55,26.28,8.14,8.97,19.55,5.04,7,"Food, Beverages & Tobacco",Tea & Coffee,2026-03-31,2026-05-07
CESC Ltd.,CESC,500084,CESC,INE486A01021,Power - Electric Utilities,Utilities,180.5,180.5,23926.55,15.58,Export NA,15.86,12.25,78.85,24.91,29.95,1.28,Export NA,27.85,1.43,1.84,90.16,5.52,4.23,11.59,12.2,12.3,14.21,16.2,3.31,5.38,5.79,5,Utilities,Power - Electric Utilities,2026-03-31,2026-05-06
CG Power and Industrial Solutions Ltd.,CGPOWER,500093,CGPOWER,INE067A01029,Heavy Electrical Equipment,General Industrials,833.7,833.7,131302.47,108.85,Export NA,92.74,74.27,86.06,58.9,71.23,4.58,Export NA,5.74,3.65,16.95,59.64,14.56,15.26,7.66,23.77,15.13,19.77,17.01,9.52,10.29,8.7,4,General Industrials,Heavy Electrical Equipment,2026-03-31,2026-05-06
CIE Automotive India Ltd.,CIEINDIA,532756,CIEINDIA,INE536H01010,Auto Parts & Equipment,Automobiles & Auto Components,462.7,462.7,17553.1,20.15,Export NA,18.74,25.47,48.52,32.11,41.7,2.39,Export NA,5.07,3.31,2.35,41.12,6.96,6.81,22.96,8.43,11.1,19.05,15.01,7.69,9.43,7.82,5,Automobiles & Auto Components,Auto Parts & Equipment,2026-03-31,2026-04-23
CL Educate Ltd.,CLEDUCATE,540403,CLEDUCATE,INE201M01029,Education,Diversified Consumer Services,42.05,42.05,228.01,-7.13,Export NA,31.91,27.38,,33.62,20.12,0.01,Export NA,3.59,2.38,0.88,49.71,10.95,20.81,-5.9,-606.57,-4.14,22.55,17.9,-1.25,11.12,11.62,2,Diversified Consumer Services,Education,2025-12-31,2026-05-13
CLC Industries Ltd.,CLCIND,521082,CLCIND,INE376C01038,Textiles,Textiles Apparels & Accessories,27.35,27.35,28.43,-0.47,Export NA,-0.83,-0.83,,53.79,32.96,-0.03,Export NA,2.24,6.53,22.45,100,15.41,3.67,-57.61,16.04,-462.04,22.86,11.51,-44.89,8.26,7.43,1,Textiles Apparels & Accessories,Textiles,2025-12-31,2026-01-22
CMI Ltd.,CMICABLES,517330,CMICABLES,INE981B01011,Wires & Cables,Consumer Durables,3.19,3.19,5.11,-0.24,Export NA,,,,49.58,48.28,0,Export NA,1.45,1.47,-0.04,,9.42,9.83,-13.03,-150.79,0,20.69,19.16,-3.63,10.95,11.73,2,Consumer Durables,Wires & Cables,2025-03-31,2025-11-07
CMS Info Systems Ltd.,CMSINFO,543441,CMSINFO,INE925R01014,Other Financial Services,Banking and Finance,298.85,298.85,4920.19,15.29,Export NA,20.15,,5.75,22.6,36.93,-1.26,Export NA,2.78,3.57,2.06,0.74,6.23,99.98,19.55,-12.13,16.43,16.76,19.97,11.93,4.85,11.89,4,Banking and Finance,Other Financial Services,2025-12-31,2026-05-14
CP Capital Ltd.,CPCAP,533260,CPCAP,INE521J01018,Education,Diversified Consumer Services,95.39,95.39,173.54,4.13,Export NA,9.02,15.08,1.79,33.62,20.12,-0.14,Export NA,3.59,2.38,0.31,4.17,10.95,20.81,23.11,-30.26,6.98,22.55,17.9,6.1,11.12,11.62,4,Diversified Consumer Services,Education,2025-12-31,2026-02-12
CPS Shapers Ltd.,CPS,,CPS,INE0QBU01012,Other Apparels & Accessories,Textiles Apparels & Accessories,955,955,217.55,1297.25,Export NA,,,100,53.79,43.2,,Export NA,2.24,2.85,14.54,100,15.41,13.14,0.74,,0.99,22.86,20.14,0.57,8.26,9.64,3,Textiles Apparels & Accessories,Other Apparels & Accessories,2025-03-31,2025-11-13
CSB Bank Ltd.,CSBBANK,542867,CSBBANK,INE679A01013,Banks,Banking and Finance,344.15,344.15,5970.51,9.43,Export NA,10.77,10.13,23.38,22.6,13.77,1.42,Export NA,2.78,1.95,1.23,6.24,6.23,1.84,36.5,6.63,12.93,16.76,13.01,1.09,4.85,1.37,2,Banking and Finance,Banks,2026-03-31,2026-05-04
CSL Finance Ltd.,CSLFINANCE,530067,CSLFINANCE,INE718F01018,Finance (including NBFCs),Banking and Finance,226.8,226.8,516.71,6.03,Export NA,11.25,9.18,31.85,22.6,26.34,0.31,Export NA,2.78,2.13,0.86,44.58,6.23,3.86,37.6,19.5,13.3,16.76,13.65,5.79,4.85,6.73,4,Banking and Finance,Finance (including NBFCs),2025-12-31,2026-02-13
Cadsys (India) Ltd.,CADSYS,,CADSYS,INE090Y01013,BPO/KPO,Software & Services,72,72,72.02,-1.94,Export NA,45.83,44.85,,22.39,25.25,,Export NA,10.02,1.31,5,100,6.84,4.33,-37.04,,-126.62,28.07,18.24,-18.1,17.17,10.87,0,Software & Services,BPO/KPO,2025-03-31,2025-11-14
California Software Company Ltd.,CALSOFT,532386,CALSOFT,INE526B01014,IT Consulting & Software,Software & Services,26.51,26.51,87.93,8.27,Export NA,5.9,6.5,16.83,22.39,21.42,0.01,Export NA,10.02,10.72,2.74,62.41,6.84,6.86,3.2,1318.23,25.74,28.07,30.42,21.43,17.17,18.42,7,Software & Services,IT Consulting & Software,2026-03-31,2026-04-29
Cambridge Technology Enterprises Ltd.,CTE,532801,CTE,INE627H01017,IT Consulting & Software,Software & Services,31.77,31.77,62.37,-6.5,Export NA,17.05,15.8,,22.39,21.42,-0.09,Export NA,10.02,10.72,0.9,18.64,6.84,6.86,-4.89,73.56,-70.73,28.07,30.42,-24.51,17.17,18.42,3,Software & Services,IT Consulting & Software,2025-12-31,2026-02-05
Camlin Fine Sciences Ltd.,CAMLINFINE,532834,CAMLINFINE,INE052I01032,Specialty Chemicals,Chemicals & Petrochemicals,119.44,119.44,2294.28,-37.43,Export NA,,51.92,,42.23,47.85,-0.52,Export NA,3.64,2.93,2.69,33.89,6.18,7.62,-3.19,71.55,-15.47,13.61,14.82,-6.87,9.15,10.12,5,Chemicals & Petrochemicals,Specialty Chemicals,2025-12-31,2026-02-13
Campus Activewear Ltd.,CAMPUS,543523,CAMPUS,INE278Y01022,Footwear,Retailing,243.61,243.61,7444.56,52.81,Export NA,80.8,,2.41,78.39,57.67,2.84,Export NA,6.4,2.03,8.68,,19.94,9.86,4.61,18.57,16.01,10.74,18.49,9.28,6.91,9.08,7,Retailing,Footwear,2025-12-31,2026-02-02
Can Fin Homes Ltd.,CANFINHOME,511196,CANFINHOME,INE477A01020,Housing Finance,Banking and Finance,831.85,831.85,11076.42,10.2,Export NA,13.15,14.36,4.23,22.6,18.02,0.38,Export NA,2.78,0.99,1.93,7.95,6.23,2.32,81.54,26.67,18.15,16.76,13.46,2.44,4.85,3.64,5,Banking and Finance,Housing Finance,2026-03-31,2026-04-24
Canara Bank,CANBK,532483,CANBK,INE476A01022,Banks,Banking and Finance,130.01,130.01,117927.54,6.6,Export NA,6.41,6.76,47.9,22.6,13.77,3.47,Export NA,2.78,1.95,0.98,87.3,6.23,1.84,19.7,1.9,15.18,16.76,13.01,0.94,4.85,1.37,3,Banking and Finance,Banks,2026-03-31,2026-05-11
Canara HSBC Life Insurance Company Ltd.,CANHLIFE,544583,CANHLIFE,INE01TY01017,Life Insurance,Banking and Finance,136.31,136.31,12949.45,102.28,Export NA,,,32.85,22.6,37.15,12.44,Export NA,2.78,8.98,8.24,32.85,6.23,5.97,1.33,8.22,7.88,16.76,24.95,0.26,4.85,0.65,5,Banking and Finance,Life Insurance,2026-03-31,2026-04-28
Canara Robeco Asset Management Company Ltd.,CRAMC,544580,CRAMC,INE218I01013,Asset Management Cos.,Banking and Finance,244.2,244.2,4869.77,23.89,Export NA,,,10,22.6,43.19,,Export NA,2.78,3.05,6.66,2.17,6.23,20.44,10.22,,27.32,16.76,49.38,24.89,4.85,42.32,3,Banking and Finance,Asset Management Cos.,2026-03-31,2026-04-27
Canarys Automations Ltd.,CANARYS,,CANARYS,INE0QG301017,IT Consulting & Software,Software & Services,20.7,20.7,121.6,14.67,Export NA,,,,22.39,21.42,,Export NA,10.02,10.72,1.32,,6.84,6.86,1.41,,9.64,28.07,30.42,6.87,17.17,18.42,4,Software & Services,IT Consulting & Software,2025-03-31,2025-11-14
Cantabil Retail India Ltd.,CANTABIL,533267,CANTABIL,INE068L01024,Other Apparels & Accessories,Textiles Apparels & Accessories,218.77,218.77,1829.75,20.55,Export NA,31.04,35.08,11.41,53.79,43.2,0.79,Export NA,2.24,2.85,4.02,52.9,15.41,13.14,10.65,25.93,19.04,22.86,20.14,7.95,8.26,9.64,7,Textiles Apparels & Accessories,Other Apparels & Accessories,2025-12-31,2026-02-06
Capacit'e Infraprojects Ltd.,CAPACITE,540710,CAPACITE,INE264T01014,Construction & Engineering,Cement and Construction,236.65,236.65,2002.15,10.15,Export NA,18.03,20.47,10.77,35.74,31.41,-4.6,Export NA,3.26,5.1,1.08,24.16,4.05,4.95,23.32,-2.21,11.78,11.25,12.93,5.78,4.61,4.29,6,Cement and Construction,Construction & Engineering,2025-12-31,2026-02-11
Capillary Technologies India Ltd.,CAPILLARY,544614,CAPILLARY,INE0ILV01024,IT Software Products,Software & Services,533.3,533.3,4238.24,80.9,Export NA,,,,22.39,42.73,,Export NA,10.02,3.5,7.44,49.12,6.84,6.05,6.59,,5.11,28.07,12.16,4.02,17.17,7.28,6,Software & Services,IT Software Products,2026-03-31,2026-05-06
Capital India Finance Ltd.,CIFL,530879,CIFL,INE345H01024,Finance (including NBFCs),Banking and Finance,28.5,28.5,1114.51,28.98,Export NA,474.09,239.88,3.2,22.6,26.34,0.02,Export NA,2.78,2.13,1.67,49.1,6.23,3.86,0.98,1201.94,0.24,16.76,13.65,0.08,4.85,6.73,4,Banking and Finance,Finance (including NBFCs),2025-12-31,2026-02-13
Capital Infra Trust,CAPINVIT,544338,CAPINVIT,INE0Z8Z23013,REITs-InvITs,Realty,69.95,69.95,2229.03,,Export NA,,,,37.63,46.38,,Export NA,1.72,3.82,0.87,30.57,3.69,1.66,,,-1.61,10.17,6.22,-0.75,4.54,1.93,1,Realty,REITs-InvITs,2025-12-31,2025-05-28
Capital Small Finance Bank Ltd.,CAPITALSFB,544120,CAPITALSFB,INE646H01017,Microfinance Institutions,Banking and Finance,276.75,276.75,1256.97,8.89,Export NA,,,15.73,22.6,26.38,1.2,Export NA,2.78,0.95,0.88,9.58,6.23,3.09,31.13,7.4,9.67,16.76,10.44,1.16,4.85,1.32,2,Banking and Finance,Microfinance Institutions,2026-03-31,2026-04-29
Capital Trust Ltd.,CAPTRUST,511505,CAPTRUST,INE707C01018,Finance (including NBFCs),Banking and Finance,13.23,13.23,45.01,-1.58,Export NA,105.17,105.17,,22.6,26.34,0,Export NA,2.78,2.13,0.6,8.34,6.23,3.86,-8.39,-1857.81,1.29,16.76,13.65,0.54,4.85,6.73,4,Banking and Finance,Finance (including NBFCs),2025-12-31,2026-02-14
Caplin Point Laboratories Ltd.,CAPLIPOINT,524742,CAPLIPOINT,INE475E01026,Pharmaceuticals,Pharmaceuticals & Biotechnology,1815,1815,13796.12,22.48,Export NA,28.76,24.49,47.25,42.18,42.23,1.18,Export NA,2.39,2.39,4.15,18.95,7.57,7.72,80.74,19.09,19.32,17.72,18.15,16.71,11.9,12.17,6,Pharmaceuticals & Biotechnology,Pharmaceuticals,2025-12-31,2026-05-14
Capri Global Capital Ltd.,CGCL,531595,CGCL,INE180C01042,Finance (including NBFCs),Banking and Finance,186.75,186.75,17968.23,18.93,Export NA,50.95,67.95,32.71,22.6,26.34,0.19,Export NA,2.78,2.13,2.59,52.34,6.23,3.86,9.86,98.35,13.17,16.76,13.65,2.9,4.85,6.73,5,Banking and Finance,Finance (including NBFCs),2026-03-31,2026-04-30
CarTrade Tech Ltd.,CARTRADE,543333,CARTRADE,INE290S01011,Internet & Catalogue Retail,Retailing,1892.2,1892.2,9068.94,40.67,Export NA,154.81,132.21,2.26,78.39,42.45,0.62,Export NA,6.4,1.62,3.79,83.5,19.94,27.18,46.53,65.61,8.97,10.74,2.98,7.41,6.91,1.72,8,Retailing,Internet & Catalogue Retail,2026-03-31,2026-05-07
Carborundum Universal Ltd.,CARBORUNIV,513375,CARBORUNIV,INE120A01034,Abrasives & Bearings,General Industrials,1008.65,1008.65,19214.03,79.57,Export NA,58.44,54.44,98.5,58.9,57.14,-2.02,Export NA,5.74,4.1,5.04,62.14,14.56,22.89,12.68,-39.4,8.29,19.77,15.42,6.3,10.29,12.49,5,General Industrials,Abrasives & Bearings,2025-12-31,2026-05-14
Career Point Edutech Ltd.,CPEDU,544499,CPEDU,INE0P6P01016,Education,Diversified Consumer Services,190.25,190.25,346.12,16.31,Export NA,,,15.06,33.62,20.12,,Export NA,3.59,2.38,4.65,0.6,10.95,20.81,11.67,,32.62,22.55,17.9,28.13,11.12,11.62,5,Diversified Consumer Services,Education,2025-12-31,2026-02-09
Carraro India Ltd.,CARRARO,544320,CARRARO,INE0V7W01012,Commercial Vehicles,Automobiles & Auto Components,580.45,580.45,3299.95,29.31,Export NA,,,54.01,32.11,34.76,0.81,Export NA,5.07,1.94,6.34,60.24,6.96,9.25,19.8,36.31,19.24,19.05,20.77,7.95,9.43,7.69,7,Automobiles & Auto Components,Commercial Vehicles,2025-12-31,2026-02-11
Carysil Ltd.,CARYSIL,524091,CARYSIL,INE482D01024,Household Products,Consumer Durables,891.25,891.25,2534.95,28.27,Export NA,38.22,35.68,51.49,49.58,22.2,0.6,Export NA,1.45,0.4,4.32,41.87,9.42,4.27,31.53,47.02,12.1,20.69,21,6.46,10.95,9.27,6,Consumer Durables,Household Products,2025-12-31,2026-05-20
Cash Ur Drive Marketing Ltd.,CUDML,,CUDML,INE0WL201014,Advertising & Media,Media,154.75,154.75,273.07,15.45,Export NA,,,100,25.23,29.21,,Export NA,2.2,3.19,2.29,,13.87,5.97,10.02,,31.57,20.32,16.93,18.72,15.35,7.63,5,Media,Advertising & Media,2025-03-31,2025-11-12
Castrol India Ltd.,CASTROLIND,500870,CASTROLIND,INE172A01027,Oil Marketing & Distribution,Oil & Gas,181.3,181.3,17932.79,18.71,Export NA,22.5,19.22,34.55,18.34,9.53,12.44,Export NA,1.36,1.05,9.44,40.53,1.85,1.9,9.69,1.5,49.98,10.19,12.36,27.98,4.37,6.44,7,Oil & Gas,Oil Marketing & Distribution,2026-03-31,2026-04-28
Ceat Ltd.,CEATLTD,500878,CEATLTD,INE482A01020,Auto Tyres & Rubber Products,Automobiles & Auto Components,3142.8,3142.8,12712.66,18.21,Export NA,23.95,43.39,55.33,32.11,25.9,0.38,Export NA,5.07,0.9,2.69,69.54,6.96,2.87,172.56,47.68,13.83,19.05,10.97,5.02,9.43,6.34,7,Automobiles & Auto Components,Auto Tyres & Rubber Products,2026-03-31,2026-04-28
Cedaar Textile Ltd.,CEDAAR,,CEDAAR,INE11J101017,Textiles,Textiles Apparels & Accessories,30.25,30.25,41.98,3.49,Export NA,,,17.13,53.79,32.96,,Export NA,2.24,6.53,0.34,,15.41,3.67,8.67,,18.33,22.86,11.51,5.32,8.26,7.43,4,Textiles Apparels & Accessories,Textiles,2025-03-31,2025-11-14
Ceigall India Ltd.,CEIGALL,544223,CEIGALL,INE0AG901020,Construction & Engineering,Cement and Construction,350.8,350.8,6111.11,19.59,Export NA,,,90.09,35.74,31.41,3.22,Export NA,3.26,5.1,3.03,54.84,4.05,4.95,17.9,6.08,14.58,11.25,12.93,5.64,4.61,4.29,3,Cement and Construction,Construction & Engineering,2026-03-31,2026-05-07
Ceinsys Tech Ltd.,,538734,CEINSYS,INE016Q01014,IT Consulting & Software,Software & Services,1034.4,1034.4,2165.8,18.34,Export NA,52.62,40.47,45.06,22.39,21.42,0.15,Export NA,10.02,10.72,4.29,84.18,6.84,6.86,56.41,122.94,15.35,28.07,30.42,10.94,17.17,18.42,7,Software & Services,IT Consulting & Software,2025-12-31,2026-05-14
Celebrity Fashions Ltd.,CELEBRITY,532695,CELEBRITY,INE185H01016,Textiles,Textiles Apparels & Accessories,7.62,7.62,49.19,-3.03,Export NA,47.57,31.62,,53.79,32.96,-0.56,Export NA,2.24,6.53,4.35,66.39,15.41,3.67,-2.52,5.36,-88.85,22.86,11.51,-12.41,8.26,7.43,1,Textiles Apparels & Accessories,Textiles,2025-12-31,2026-02-05
Cell Point (India) Ltd.,CELLPOINT,,CELLPOINT,INE0O0001013,Specialty Retail,Retailing,16,16,29.9,13.22,Export NA,,,17.13,78.39,54.96,,Export NA,6.4,18.36,0.4,,19.94,7.79,1.21,,3.04,10.74,13.46,1.63,6.91,6.43,4,Retailing,Specialty Retail,2025-03-31,2025-11-12
Cellecor Gadgets Ltd.,CELLECOR,,CELLECOR,INE0OMO01025,Commodity Trading  & Distribution,Commercial Services & Supplies,40.45,40.45,848.15,27.45,Export NA,,,49.78,31.83,33.18,,Export NA,2.32,1.21,4.62,23.14,5.75,5.32,1.47,,19.8,13.46,12.19,9.21,6.61,4.31,4,Commercial Services & Supplies,Commodity Trading  & Distribution,2025-03-31,2025-11-05
Cello World Ltd.,CELLO,544012,CELLO,INE0LMW01024,Houseware,Consumer Durables,401.65,401.65,8871.85,28.57,Export NA,,,1.85,49.58,32.11,-3.36,Export NA,1.45,3.2,3.75,,9.42,5.53,14.06,-8.51,15.63,20.69,17.23,12.82,10.95,12.51,5,Consumer Durables,Houseware,2025-12-31,2026-02-14
Cemindia Projects Ltd.,CEMPRO,509496,CEMPRO,INE686A01026,Construction & Engineering,Cement and Construction,892.95,892.95,15339.77,25.65,Export NA,31.71,29.81,37.43,35.74,31.41,0.42,Export NA,3.26,5.1,7.11,95.43,4.05,4.95,34.81,60.39,24.9,11.25,12.93,8.43,4.61,4.29,7,Cement and Construction,Construction & Engineering,2026-03-31,2026-04-29
Central Bank of India,CENTRALBK,532885,CENTRALBK,INE483A01010,Banks,Banking and Finance,34.53,34.53,31254.49,6.91,Export NA,13.7,13.61,5.13,22.6,13.77,0.46,Export NA,2.78,1.95,0.79,41.84,6.23,1.84,5,14.86,11.59,16.76,13.01,0.82,4.85,1.37,4,Banking and Finance,Banks,2026-03-31,2026-04-30
Central Depository Services (India) Ltd.,CDSL,,CDSL,INE736A01011,Other Financial Services,Banking and Finance,1182.4,1182.4,24712.16,54.18,Export NA,62.44,54.71,73.34,22.6,36.93,-4.05,Export NA,2.78,3.57,13.17,69.96,6.23,99.98,21.82,-13.39,23.27,16.76,19.97,18.85,4.85,11.89,3,Banking and Finance,Other Financial Services,2026-03-31,2026-05-02
Central Mine Planning & Design Institute Ltd.,CMPDI,544739,CMPDI,INE05HV01027,Consulting Services,Commercial Services & Supplies,233.33,233.33,16659.76,,Export NA,,,,31.83,18.83,,Export NA,2.32,3.97,7.74,100,5.75,5.68,,,26.85,13.46,23.36,18.81,6.61,14.6,5,Commercial Services & Supplies,Consulting Services,2026-03-31,2026-04-21
Centrum Capital Ltd.,CENTRUM,501150,CENTRUM,INE660C01027,Other Financial Services,Banking and Finance,23.78,23.78,1157.68,-6.72,Export NA,,,,22.6,36.93,1.6,Export NA,2.78,3.57,3.62,84.81,6.23,99.98,-3.54,-4.21,-67.13,16.76,19.97,-0.82,4.85,11.89,3,Banking and Finance,Other Financial Services,2025-12-31,2026-05-21
Centum Electronics Ltd.,CENTUM,517544,CENTUM,INE320B01020,Electronic Components,Commercial Services & Supplies,2936,2936,4327.96,-137.32,Export NA,,407.86,,31.83,88.21,35.59,Export NA,2.32,15.22,12.64,98.91,5.75,18.3,-21.38,-3.86,0.6,13.46,12.44,0.19,6.61,7.37,5,Commercial Services & Supplies,Electronic Components,2025-12-31,2026-05-14
Century Enka Ltd.,CENTENKA,500280,CENTENKA,INE485A01015,Textiles,Textiles Apparels & Accessories,433.05,433.05,946.24,13.87,Export NA,22.64,15.39,15.29,53.79,32.96,-0.94,Export NA,2.24,6.53,0.65,3.79,15.41,3.67,31.21,-14.73,4.68,22.86,11.51,3.73,8.26,7.43,7,Textiles Apparels & Accessories,Textiles,2025-12-31,2026-05-21
Century Extrusions Ltd.,CENTEXT,500083,CENTEXT,INE281A01026,Aluminium and Aluminium Products,Metals & Mining,20.61,20.61,164.88,15.42,Export NA,20.98,19.21,44.33,23.8,12.17,0.57,Export NA,1.11,0.85,1.81,75.24,5.3,2.67,1.34,27.11,11.98,19.76,21.32,5.81,9.83,9.07,8,Metals & Mining,Aluminium and Aluminium Products,2025-12-31,2026-02-11
Century Plyboards (India) Ltd.,CENTURYPLY,532548,CENTURYPLY,INE348B01021,Forest Products,Forest Materials,771.1,771.1,17131.76,72.26,Export NA,71.95,56.01,79.01,57.43,59.25,6.21,Export NA,6.14,6.55,6.77,28.03,5.86,6.15,10.67,11.63,7.83,9.16,9.21,4.03,5.7,5.64,2,Forest Materials,Forest Products,2025-12-31,2026-02-04
Cera Sanitaryware Ltd.,CERA,532443,CERA,INE739E01017,Household Appliances,Consumer Durables,5926.5,5926.5,7643.7,37.44,Export NA,35.58,40.64,52.48,49.58,47.95,-2.18,Export NA,1.45,3.33,5.48,22.94,9.42,5.18,158.31,-17.16,13.86,20.69,13.31,10.42,10.95,7.54,7,Consumer Durables,Household Appliances,2026-03-31,2026-05-08
Cerebra Integrated Technologies Ltd.,CEREBRAINT,532413,CEREBRAINT,INE345B01019,Computer Hardware,Hardware Technology & Equipment,4.24,4.24,51.38,-1.07,Export NA,,37.67,,29.02,32.67,0.02,Export NA,0.51,0.5,0.38,16.22,14.15,6,-3.98,-43.52,-28.67,28.88,17.87,-18.29,10.48,10.14,3,Hardware Technology & Equipment,Computer Hardware,2025-12-31,2026-02-13
Chalet Hotels Ltd.,CHALET,542399,CHALET,INE427F01016,Hotels,Hotels Restaurants & Tourism,759.15,759.15,16624.94,27.44,Export NA,102.07,90.89,4.8,44.23,40.73,0.05,Export NA,3.41,2.69,4.7,36.25,8.2,7.29,27.67,499.01,4.68,12.41,12.19,2.01,7.26,7.71,6,Hotels Restaurants & Tourism,Hotels,2025-12-31,2026-05-14
Chaman Lal Setia Exports Ltd.,CLSEL,530307,CLSEL,INE419D01026,Other Agricultural Products,"Food, Beverages & Tobacco",271.35,271.35,1349.3,13.35,Export NA,13.04,11.09,78.41,28.35,21.91,-26.48,Export NA,1.73,1.77,1.69,37.99,8.04,3.56,20.32,-0.5,15.74,26.28,16.12,10.63,19.55,8.43,6,"Food, Beverages & Tobacco",Other Agricultural Products,2025-12-31,2026-02-12
Chaman Metallics Ltd.,CMNL,,CMNL,INE06PV01010,Iron & Steel/Interm.Products,Metals & Mining,121.5,121.5,293.24,30,Export NA,,,66.37,23.8,32.33,,Export NA,1.11,0.78,3.03,63.74,5.3,3.24,4.05,,9.83,19.76,6.78,1.95,9.83,3.42,1,Metals & Mining,Iron & Steel/Interm.Products,2025-03-31,2025-11-10
Chambal Fertilisers & Chemicals Ltd.,CHAMBLFERT,500085,CHAMBLFERT,INE085A01013,Fertilizers,Fertilizers,433.9,433.9,17384.3,9.08,Export NA,13.82,12.04,35.66,20.68,20.68,0.49,Export NA,7.54,7.54,1.67,24.8,16.07,16.07,47.78,18.48,18.89,478.71,478.71,14.46,243.93,243.93,6,Fertilizers,Fertilizers,2025-12-31,2026-05-14
Chamunda Electricals Ltd.,CHAMUNDA,,CHAMUNDA,INE11HG01018,Construction & Engineering,Cement and Construction,45.1,45.1,49.63,14.79,Export NA,,,41.39,35.74,31.41,,Export NA,3.26,5.1,1.81,49.45,4.05,4.95,3.05,,13.37,11.25,12.93,11.81,4.61,4.29,4,Cement and Construction,Construction & Engineering,2025-03-31,2025-11-12
Chandan Healthcare Ltd.,CHANDAN,,CHANDAN,INE0B2N01016,Healthcare Services,Healthcare,246.95,246.95,603.84,27.24,Export NA,,,46.84,64.81,49.79,,Export NA,6.11,5.33,4.22,21.26,9.5,10.34,9.07,,18.08,14.74,19.47,10.52,8.39,13.06,4,Healthcare,Healthcare Services,2025-12-31,2026-02-14
Chavda Infra Ltd.,CHAVDA,,CHAVDA,INE0PT101017,Construction & Engineering,Cement and Construction,99.7,99.7,325.58,15.43,Export NA,,,43.43,35.74,31.41,,Export NA,3.26,5.1,2.51,25.55,4.05,4.95,6.46,,18.79,11.25,12.93,5.82,4.61,4.29,2,Cement and Construction,Construction & Engineering,2025-12-31,2026-02-28
Chembond Chemicals Ltd.,CHEMBONDCH,544450,CHEMBONDCH,INE0TGX01019,Specialty Chemicals,Chemicals & Petrochemicals,177.07,177.07,476.26,14.86,Export NA,,,74.49,42.23,47.85,,Export NA,3.64,2.93,2.45,60.71,6.18,7.62,11.92,,17.81,13.61,14.82,14.36,9.15,10.12,4,Chemicals & Petrochemicals,Specialty Chemicals,2025-12-31,2026-05-16
Chembond Material Technologies Ltd.,CHEMBOND,530871,CHEMBOND,INE995D01025,Specialty Chemicals,Chemicals & Petrochemicals,178.7,178.7,240.32,18.83,Export NA,12.42,16.93,44.87,42.23,47.85,-0.28,Export NA,3.64,2.93,1.47,54.68,6.18,7.62,9.49,-68.3,11.24,13.61,14.82,8.7,9.15,10.12,5,Chemicals & Petrochemicals,Specialty Chemicals,2025-12-31,2026-05-15
Chemcon Speciality Chemicals Ltd.,CHEMCON,543233,CHEMCON,INE03YM01018,Specialty Chemicals,Chemicals & Petrochemicals,165.55,165.55,606.42,28.64,Export NA,37.76,28.39,44.85,42.23,47.85,-3,Export NA,3.64,2.93,1.17,2.23,6.18,7.62,5.78,-9.55,4.88,13.61,14.82,4.41,9.15,10.12,7,Chemicals & Petrochemicals,Specialty Chemicals,2025-12-31,2026-02-12
Chemfab Alkalis Ltd.,CHEMFAB,541269,CHEMFAB,INE783X01023,Commodity Chemicals,Chemicals & Petrochemicals,430.4,430.4,618.64,-47.23,Export NA,38.88,25.22,,42.23,39.75,0.17,Export NA,3.64,7.92,1.65,65.72,6.18,4.79,-9.11,-271.14,-1.82,13.61,12.96,-1.33,9.15,8.15,2,Chemicals & Petrochemicals,Commodity Chemicals,2025-12-31,2026-05-13
Chemplast Sanmar Ltd.,CHEMPLASTS,543336,CHEMPLASTS,INE488A01050,Specialty Chemicals,Chemicals & Petrochemicals,235.03,235.03,3716.05,-12.87,Export NA,,,,42.23,47.85,0.06,Export NA,3.64,2.93,2.03,,6.18,7.62,-18.26,-230.5,-99.65,13.61,14.82,-1.69,9.15,10.12,3,Chemicals & Petrochemicals,Specialty Chemicals,2025-12-31,2026-02-07
Chennai Petroleum Corporation Ltd.,CHENNPETRO,500110,CHENNPETRO,INE178A01016,Refineries/Petro-Products,Oil & Gas,1009.7,1009.7,15035.58,4.85,Export NA,28.22,15.71,42.54,18.34,21.22,0,Export NA,1.36,1.29,1.53,67.87,1.85,2.01,208.35,1349.44,27.92,10.19,9.71,15.48,4.37,3.93,7,Oil & Gas,Refineries/Petro-Products,2026-03-31,2026-04-24
Chetana Education Ltd.,CHETANA,,CHETANA,INE0U1T01012,Publishing,Commercial Services & Supplies,52.7,52.7,107.51,7.93,Export NA,,,,31.83,11.36,,Export NA,2.32,2.31,1.22,,5.75,2.26,6.64,,17.14,13.46,21.92,11.51,6.61,16.27,4,Commercial Services & Supplies,Publishing,2025-03-31,2025-11-11
Cheviot Company Ltd.,CHEVIOT,526817,CHEVIOT,INE974B01016,Jute & Jute Products,Forest Materials,1214.2,1214.2,709.32,10.13,Export NA,11.12,9.59,56.22,57.43,46.38,0.96,Export NA,6.14,0.54,0.99,39.78,5.86,1.13,119.91,10.55,8.87,9.16,7.69,8.09,5.7,7.88,6,Forest Materials,Jute & Jute Products,2025-12-31,2026-02-14
Choice Gold ETF,CHOICEGOLD,544601,CHOICEGOLD,INF2KCX01012,Others,Others,149.47,149.47,,,Export NA,,,,,,,Export NA,,,,,,,,,,,,,,,,Others,Others,,
Choice International Ltd.,CHOICEIN,531358,CHOICEIN,INE102B01014,Capital Markets,Banking and Finance,661.15,661.15,14728.87,63.94,Export NA,87.3,19.89,84.11,22.6,49.83,1.54,Export NA,2.78,1.85,12.5,84.35,6.23,18.07,10.34,41.57,13.02,16.76,28.37,6.1,4.85,12.93,4,Banking and Finance,Capital Markets,2026-03-31,2026-04-23
Cholamandalam Financial Holdings Ltd.,CHOLAHLDNG,504973,CHOLAHLDNG,INE149A01033,Holding Companies,Diversified,1715.6,1715.6,32215.11,13.2,Export NA,15.76,14.28,43.57,24.34,28.32,1.07,Export NA,1.86,1.91,2.14,74.88,2.7,2.66,130.01,12.31,15.79,11.19,11.42,0.9,3.16,3.21,4,Diversified,Holding Companies,2026-03-31,2026-05-08
Cholamandalam Investment & Finance Company Ltd.,CHOLAFIN,511243,CHOLAFIN,INE121A01024,Finance (including NBFCs),Banking and Finance,1561,1561,131506.49,25.13,Export NA,32.17,31.9,50.48,22.6,26.34,1.1,Export NA,2.78,2.13,4.83,57.86,6.23,3.86,62.11,22.75,17.17,16.76,13.65,2.13,4.85,6.73,3,Banking and Finance,Finance (including NBFCs),2026-03-31,2026-04-30
Cigniti Technologies Ltd.,CIGNITITEC,534758,CIGNITITEC,INE675C01017,IT Consulting & Software,Software & Services,1313.9,1313.9,3619.4,11.99,Export NA,22.47,19.3,28.08,22.39,21.42,0.13,Export NA,10.02,10.72,2.99,9.41,6.84,6.86,109.61,95.87,20.78,28.07,30.42,16.15,17.17,18.42,5,Software & Services,IT Consulting & Software,2025-12-31,2026-05-05
Cineline India Ltd.,CINELINE,532807,CINELINE,INE704H01022,Movies & Entertainment,Media,84.85,84.85,290.75,-6.08,Export NA,,216.32,,25.23,33.17,0.02,Export NA,2.2,3.06,1.92,51.5,13.87,25.15,-13.95,-309.36,-42.34,20.32,45.72,-19.29,15.35,32.15,6,Media,Movies & Entertainment,2025-12-31,2026-05-15
Cinevista Ltd.,CINEVISTA,532324,CINEVISTA,INE039B01026,Movies & Entertainment,Media,15,15,86.15,14.13,Export NA,392.22,392.22,,25.23,33.17,0.12,Export NA,2.2,3.06,1.55,74.81,13.87,25.15,1.06,119.29,10.77,20.32,45.72,4.4,15.35,32.15,7,Media,Movies & Entertainment,2026-03-31,2026-05-06
Cipla Ltd.,CIPLA,500087,CIPLA,INE059A01026,Pharmaceuticals,Pharmaceuticals & Biotechnology,1292.3,1292.3,104389.75,22.96,Export NA,25.74,29.5,7.82,42.18,42.23,-2.58,Export NA,2.39,2.39,3.11,12.87,7.57,7.72,56.28,-8.88,16.9,17.72,18.15,14.1,11.9,12.17,4,Pharmaceuticals & Biotechnology,Pharmaceuticals,2025-12-31,2026-05-13
Citius TransNet Investment Trust,CITIUSINVT,544753,CITIUSINVT,INE2Q7823014,REITs-InvITs,Realty,104.17,104.17,6354.37,,Export NA,,,,37.63,46.38,,Export NA,1.72,3.82,3.26,,3.69,1.66,,,0,10.17,6.22,-4.99,4.54,1.93,2,Realty,REITs-InvITs,2025-03-31,
City Union Bank Ltd.,CUB,532210,CUB,INE491A01021,Banks,Banking and Finance,244.45,244.45,18164.84,13.7,Export NA,13.67,13.41,34.38,22.6,13.77,0.76,Export NA,2.78,1.95,1.77,28.88,6.23,1.84,17.85,18.03,12.55,16.76,13.01,1.36,4.85,1.37,4,Banking and Finance,Banks,2026-03-31,2026-04-27
Classic Electrodes (India) Ltd.,CLASSICEIL,,CLASSICEIL,INE0UQ601012,Other Industrial Goods,General Industrials,55.4,55.4,99.53,8.57,Export NA,,,,58.9,41.26,,Export NA,5.74,2.07,1.13,,14.56,13.23,6.47,,25.69,19.77,30.81,10.08,10.29,18.64,4,General Industrials,Other Industrial Goods,2025-03-31,2025-11-12
Clean Max Enviro Energy Solutions Ltd.,CLEANMAX,544717,CLEANMAX,INE647U01026,Green & Renewable Energy,Utilities,1221.6,1221.6,14302.4,,Export NA,,,,24.91,30.52,,Export NA,27.85,5.83,5.32,100,5.52,10.28,,,1.08,14.21,10.31,0.2,5.38,3.49,6,Utilities,Green & Renewable Energy,2025-12-31,2026-05-12
Clean Science & Technology Ltd.,CLEAN,543318,CLEAN,INE227W01023,Specialty Chemicals,Chemicals & Petrochemicals,808.9,808.9,8596.77,35.02,Export NA,51.52,,7.56,42.23,47.85,-6.04,Export NA,3.64,2.93,5.56,2.35,6.18,7.62,23.1,-5.8,18.66,13.61,14.82,16.44,9.15,10.12,5,Chemicals & Petrochemicals,Specialty Chemicals,2025-12-31,2026-05-14
Clear Secured Services Ltd.,CSSL,,CSSL,INE1EF801010,Special Consumer Services,Diversified Consumer Services,95.5,95.5,229.65,23.15,Export NA,,,,33.62,39.07,,Export NA,3.59,4.51,1.65,,10.95,11.75,4.13,,10.19,22.55,25.9,4.36,11.12,3.02,3,Diversified Consumer Services,Special Consumer Services,2025-03-31,2025-12-24
Coal India Ltd.,COALINDIA,533278,COALINDIA,INE522F01014,Coal & Mining,Metals & Mining,463.05,463.05,285365.13,9.18,Export NA,7.65,7.33,57.07,23.8,13.83,-0.76,Export NA,1.11,3.11,2.54,16.09,5.3,4.81,50.46,-12.06,26.1,19.76,23.55,10.88,9.83,10.77,6,Metals & Mining,Coal & Mining,2026-03-31,2026-04-27
Coastal Corporation Ltd.,COASTCORP,501831,COASTCORP,INE377E01024,Other Food & Beverages,"Food, Beverages & Tobacco",58.2,58.2,389.81,25.18,Export NA,67.33,50.13,72.04,28.35,46.65,0.01,Export NA,1.73,2.98,1.4,62.16,8.04,15.04,2.31,2400.15,1.7,26.28,15.61,0.59,19.55,11.14,6,"Food, Beverages & Tobacco",Other Food & Beverages,2025-12-31,2026-02-12
Cochin Shipyard Ltd.,COCHINSHIP,540678,COCHINSHIP,INE704P01025,Marine Port & Services,Transportation,1616.1,1616.1,42516.49,58.46,Export NA,55.03,41.48,92.35,36.05,34.26,-6.51,Export NA,4.72,5.55,7.28,80.63,8.05,5.76,27.64,-8.99,14.82,25.06,13.38,6.17,7.11,6.85,5,Transportation,Marine Port & Services,2025-12-31,2026-05-15
Coffee Day Enterprises Ltd.,COFFEEDAY,539436,COFFEEDAY,INE335K01011,Restaurants,Hotels Restaurants & Tourism,24.76,24.76,523.06,13.76,Export NA,,,20.17,44.23,62.18,0.12,Export NA,3.41,5.91,0.2,14.36,8.2,11,1.8,111.6,-2.24,12.41,13.17,-1.17,7.26,5.68,4,Hotels Restaurants & Tourism,Restaurants,2025-12-31,2026-05-27
Coforge Ltd.,COFORGE,532541,COFORGE,INE591G01025,IT Consulting & Software,Software & Services,1320.4,1320.4,56730.6,36.47,Export NA,78.12,68.12,58.19,22.39,21.42,0.4,Export NA,10.02,10.72,7.87,67.87,6.84,6.86,36.21,91.57,16.31,28.07,30.42,10.45,17.17,18.42,5,Software & Services,IT Consulting & Software,2026-03-31,2026-05-05
Cohance Lifesciences Ltd.,COHANCE,543064,COHANCE,INE03QK01018,Pharmaceuticals,Pharmaceuticals & Biotechnology,484.65,484.65,18541.11,91.93,Export NA,116.52,82.47,79.66,42.18,42.23,-3.31,Export NA,2.39,2.39,4.86,3.07,7.57,7.72,5.27,-27.77,15.78,17.72,18.15,8.83,11.9,12.17,3,Pharmaceuticals & Biotechnology,Pharmaceuticals,2025-12-31,2026-05-12
Colgate-Palmolive (India) Ltd.,COLPAL,500830,COLPAL,INE259A01022,Personal Products,FMCG,2125.2,2125.2,57802.38,43.56,Export NA,51.4,48.99,34.65,49.72,42.44,-4.73,Export NA,14.09,18.07,30.32,57.6,20.61,13.33,48.79,-9.21,86.32,37.93,33.56,47.59,19.27,18.98,6,FMCG,Personal Products,2025-12-31,2026-05-22
Comfort Intech Ltd.,,531216,COMFINTE,INE819A01049,Finance (including NBFCs),Banking and Finance,7.96,7.96,254.67,-77.48,Export NA,22.33,21.46,,22.6,26.34,0.67,Export NA,2.78,2.13,1.32,85.92,6.23,3.86,-0.1,-116.25,6.31,16.76,13.65,4.9,4.85,6.73,7,Banking and Finance,Finance (including NBFCs),2025-12-31,2026-05-14
Commercial Syn Bags Ltd.,COMSYN,539986,COMSYN,INE073V01015,Containers & Packaging,Commercial Services & Supplies,153.01,153.01,611.31,21.79,Export NA,34.45,34.54,8.14,31.83,23.27,0.17,Export NA,2.32,5.49,3.63,77.37,5.75,2.74,7.02,128.68,11.41,13.46,10.99,5.56,6.61,7.3,8,Commercial Services & Supplies,Containers & Packaging,2025-12-31,2026-02-05
Committed Cargo Care Ltd.,COMMITTED,,COMMITTED,INE597Z01014,Warehousing & Logistics,Transportation,272,272,314.83,40.35,Export NA,,,100,36.05,32.42,,Export NA,4.72,1.7,4.18,100,8.05,4.18,6.74,,10.22,25.06,8.62,8.75,7.11,5.64,3,Transportation,Warehousing & Logistics,2025-03-31,2025-11-12
Compuage Infocom Ltd.,COMPINFO,532456,COMPINFO,INE070C01037,Electronic Components,Commercial Services & Supplies,1.35,1.35,11.58,,Export NA,,5.54,,31.83,88.21,,Export NA,2.32,15.22,0.04,,5.75,18.3,,,0,13.46,12.44,-1.11,6.61,7.37,2,Commercial Services & Supplies,Electronic Components,2025-03-31,2023-11-02
Compucom Software Ltd.,COMPUSOFT,532339,COMPUSOFT,INE453B01029,IT Training Services,Software & Services,13.57,13.57,107.37,40.65,Export NA,69.85,48.18,68.3,22.39,25.14,0.18,Export NA,10.02,0.2,0.76,41.58,6.84,2.16,0.33,226.75,1.05,28.07,8.88,0.77,17.17,6.62,6,Software & Services,IT Training Services,2025-12-31,2026-02-07
Computer Age Management Services Ltd.,CAMS,543232,CAMS,INE596I01020,Data Processing Services,Software & Services,784.65,784.65,19458.1,40.88,Export NA,47.97,45.07,40.78,22.39,39.89,33.07,Export NA,10.02,26.2,14.5,15.48,6.84,12.24,19.19,1.24,36.03,28.07,29.81,26.29,17.17,21.97,5,Software & Services,Data Processing Services,2026-03-31,2026-05-04
Concord Biotech Ltd.,CONCORDBIO,543960,CONCORDBIO,INE338H01029,Biotechnology,Pharmaceuticals & Biotechnology,1127.2,1127.2,11792.34,37.74,Export NA,51.09,,4.89,42.18,136.9,-8.94,Export NA,2.39,1.32,6.23,3.41,7.57,3.06,29.87,-4.22,20.5,17.72,4.74,18.26,11.9,3.91,6,Pharmaceuticals & Biotechnology,Biotechnology,2025-12-31,2026-02-11
Concord Enviro Systems Ltd.,CEWATER,544315,CEWATER,INE037Z01029,Waste Management,Utilities,282.9,282.9,585.5,12.31,Export NA,,,5.33,24.91,21.35,0.26,Export NA,27.85,23.64,1.08,4.73,5.52,3.27,22.98,46.71,9.64,14.21,16.23,6.06,5.38,11.16,6,Utilities,Waste Management,2025-12-31,2026-02-12
Confidence Petroleum India Ltd.,CONFIPET,526829,CONFIPET,INE552D01024,Oil Marketing & Distribution,Oil & Gas,56.86,56.86,1889.12,22.4,Export NA,21.38,24.38,37.39,18.34,9.53,1.49,Export NA,1.36,1.05,1.35,34.19,1.85,1.9,2.54,15.01,6.54,10.19,12.36,3.37,4.37,6.44,4,Oil & Gas,Oil Marketing & Distribution,2025-12-31,2026-02-14
Connplex Cinemas Ltd.,CONNPLEX,,CONNPLEX,INE0EAS01014,Movies & Entertainment,Media,271.85,271.85,519.23,27.36,Export NA,,,100,25.23,33.17,,Export NA,2.2,3.06,4.28,,13.87,25.15,9.93,,76.98,20.32,45.72,30.98,15.35,32.15,6,Media,Movies & Entertainment,2025-03-31,2025-11-10
Consolidated Construction Consortium Ltd.,CCCL,532902,CCCL,INE429I01024,Construction & Engineering,Cement and Construction,15.53,15.53,693.82,8.78,Export NA,-0.55,-0.42,86.09,35.74,31.41,-0.89,Export NA,3.26,5.1,2.47,39.76,4.05,4.95,1.77,-9.83,28.34,11.25,12.93,15.95,4.61,4.29,5,Cement and Construction,Construction & Engineering,2026-03-31,2026-04-28
Consolidated Finvest & Holdings Ltd.,CONSOFINVT,500226,CONSOFINVT,INE025A01027,Finance (including NBFCs),Banking and Finance,224,224,724.11,11.45,Export NA,9.98,180.33,46.11,22.6,26.34,-0.3,Export NA,2.78,2.13,0.69,67.45,6.23,3.86,19.57,-37.77,10.53,16.76,13.65,9.63,4.85,6.73,8,Banking and Finance,Finance (including NBFCs),2025-12-31,2026-02-13
Container Corporation of India Ltd.,CONCOR,531344,CONCOR,INE111A01025,Warehousing & Logistics,Transportation,516,516,39299.48,30.76,Export NA,37.12,38.08,18.32,36.05,32.42,-13.64,Export NA,4.72,1.7,3,34.86,8.05,4.18,16.78,-2.25,10.4,25.06,8.62,8.9,7.11,5.64,5,Transportation,Warehousing & Logistics,2025-12-31,2026-05-25
Continental Seeds and Chemicals Ltd.,CONTI,,CONTI,INE340Z01019,Other Agricultural Products,"Food, Beverages & Tobacco",13.3,13.3,18.54,10.16,Export NA,326.14,260.12,1.58,28.35,21.91,,Export NA,1.73,1.77,0.61,23.3,8.04,3.56,1.31,,6.43,26.28,16.12,4.98,19.55,8.43,4,"Food, Beverages & Tobacco",Other Agricultural Products,2025-03-31,2025-11-14
Control Print Ltd.,CONTROLPR,522295,CONTROLPR,INE663B01015,Computer Hardware,Hardware Technology & Equipment,636.45,636.45,1017.95,10.28,Export NA,16.83,18.73,5.03,29.02,32.67,0.09,Export NA,0.51,0.5,2.24,17.37,14.15,6,61.93,115.88,26.56,28.88,17.87,19.69,10.48,10.14,7,Hardware Technology & Equipment,Computer Hardware,2025-12-31,2026-01-29
Cool Caps Industries Ltd.,COOLCAPS,,COOLCAPS,INE0HS001028,Plastic Products,General Industrials,24.25,24.25,285.24,23.83,Export NA,,,11.1,58.9,35.79,,Export NA,5.74,3.64,4.72,18,14.56,7.73,1.02,,21.83,19.77,14.6,4.76,10.29,10.46,5,General Industrials,Plastic Products,2025-03-31,2025-11-11
Coral India Finance and Housing Ltd.,CORALFINAC,531556,CORALFINAC,INE558D01021,Housing Finance,Banking and Finance,33.16,33.16,133.64,9.25,Export NA,9.43,9.19,45.37,22.6,18.02,-0.27,Export NA,2.78,0.99,0.61,27.12,6.23,2.32,3.58,-34.43,7.92,16.76,13.46,7.47,4.85,3.64,6,Banking and Finance,Housing Finance,2025-12-31,2026-02-12
Cords Cable Industries Ltd.,CORDSCABLE,532941,CORDSCABLE,INE792I01017,Wires & Cables,Consumer Durables,205.97,205.97,266.27,15.8,Export NA,20.67,18.54,57.48,49.58,48.28,0.62,Export NA,1.45,1.47,1.37,88.35,9.42,9.83,13.04,25.68,8.03,20.69,19.16,3.48,10.95,11.73,5,Consumer Durables,Wires & Cables,2025-12-31,2026-02-13
Coromandel International Ltd.,COROMANDEL,506395,COROMANDEL,INE169A01031,Fertilizers,Fertilizers,1872.7,1872.7,55247.38,28.24,Export NA,30.81,24.02,87.64,20.68,20.68,-5.29,Export NA,7.54,7.54,4.36,50.67,16.07,16.07,66.31,-5.34,1557.7,478.71,478.71,798.31,243.93,243.93,5,Fertilizers,Fertilizers,2026-03-31,2026-05-07
Corona Remedies Ltd.,CORONA,544644,CORONA,INE02ZQ01018,Pharmaceuticals,Pharmaceuticals & Biotechnology,1631.2,1631.2,9976.44,53.89,Export NA,,,,42.18,42.23,,Export NA,2.39,2.39,14.23,15.31,7.57,7.72,30.27,,24.78,17.72,18.15,15.36,11.9,12.17,4,Pharmaceuticals & Biotechnology,Pharmaceuticals,2026-03-31,2026-05-11
Cosmo First Ltd.,COSMOFIRST,508814,COSMOFIRST,INE757A01017,Containers & Packaging,Commercial Services & Supplies,762.85,762.85,2002.46,13.7,Export NA,23.52,15.13,80.03,31.83,23.27,0.68,Export NA,2.32,5.49,1.28,54.63,5.75,2.74,55.68,20.16,9.09,13.46,10.99,3.23,6.61,7.3,7,Commercial Services & Supplies,Containers & Packaging,2025-12-31,2026-02-11
Country Club Hospitality & Holidays Ltd.,CCHHL,526550,CCHHL,INE652F01027,Hotels,Hotels Restaurants & Tourism,13.62,13.62,222.64,27.27,Export NA,59.16,33.34,55.38,44.23,40.73,0.06,Export NA,3.41,2.69,0.71,79.98,8.2,7.29,0.5,463.8,1.4,12.41,12.19,0.73,7.26,7.71,4,Hotels Restaurants & Tourism,Hotels,2025-12-31,2026-02-13
Country Condo's Ltd.,COUNCODOS,531624,COUNCODOS,INE695B01025,Realty,Realty,5.1,5.1,39.57,78.58,Export NA,58.08,43.9,91.66,37.63,37.32,-8.35,Export NA,1.72,1.77,1.55,55.4,3.69,4.38,0.06,-9.41,2.38,10.17,11.27,1.6,4.54,5.37,4,Realty,Realty,2025-12-31,2026-02-13
Craftsman Automation Ltd.,CRAFTSMAN,543276,CRAFTSMAN,INE00LO01017,Auto Parts & Equipment,Automobiles & Auto Components,8688,8688,20725.75,53.97,Export NA,59.05,50.62,78.33,32.11,41.7,0.55,Export NA,5.07,3.31,6.61,83.77,6.96,6.81,160.96,97.35,11.76,19.05,15.01,4.27,9.43,7.82,7,Automobiles & Auto Components,Auto Parts & Equipment,2026-03-31,2026-05-07
Crayons Advertising Ltd.,CRAYONS,,CRAYONS,INE0OFK01019,Advertising & Media,Media,33,33,80.62,7.37,Export NA,,,,25.23,29.21,,Export NA,2.2,3.19,0.67,,13.87,5.97,4.48,,9.36,20.32,16.93,5.12,15.35,7.63,3,Media,Advertising & Media,2025-03-31,2025-11-11
Creative Eye Ltd.,CREATIVEYE,532392,CREATIVEYE,INE230B01021,Broadcasting & Cable TV,Media,6.8,6.8,13.64,-2.83,Export NA,,,,25.23,18.11,0.01,Export NA,2.2,0.97,0.91,99.15,13.87,1.42,-2.4,-223.45,-3.59,20.32,9.89,-2.6,15.35,8.83,4,Media,Broadcasting & Cable TV,2025-12-31,2026-02-17
Creative Graphics Solutions India Ltd.,CGRAPHICS,,CGRAPHICS,INE0R7401011,Commodity Printing/Stationery,Commercial Services & Supplies,156.55,156.55,380.2,18.31,Export NA,,,8.3,31.83,53.23,,Export NA,2.32,4.71,3.2,0.87,5.75,9.52,8.55,,19.45,13.46,17.49,9.54,6.61,11.86,4,Commercial Services & Supplies,Commodity Printing/Stationery,2025-03-31,2025-11-14
Creative Newtech Ltd.,CNL,544631,CNL,INE985W01018,Internet & Catalogue Retail,Retailing,653.65,653.65,981.57,14.82,Export NA,22.05,29.14,13.85,78.39,42.45,1.36,Export NA,6.4,1.62,2.84,17.73,19.94,27.18,44.11,10.86,15.71,10.74,2.98,8.68,6.91,1.72,4,Retailing,Internet & Catalogue Retail,2025-12-31,2026-05-14
CreditAccess Grameen Ltd.,CREDITACC,541770,CREDITACC,INE741K01010,Microfinance Institutions,Banking and Finance,1390.8,1390.8,22281.01,28.65,Export NA,25.44,30.16,42.51,22.6,26.38,0.62,Export NA,2.78,0.95,3,36.69,6.23,3.09,48.54,46.34,9.91,16.76,10.44,2.43,4.85,1.32,5,Banking and Finance,Microfinance Institutions,2026-03-31,2026-05-08
Credo Brands Marketing Ltd.,MUFTI,544058,MUFTI,INE220Q01020,Specialty Retail,Retailing,77.02,77.02,503.48,10.94,Export NA,14.88,,6.13,78.39,54.96,-0.43,Export NA,6.4,18.36,1.19,19.76,19.94,7.79,7.04,-25.3,16.67,10.74,13.46,8.89,6.91,6.43,6,Retailing,Specialty Retail,2025-12-31,2026-02-09
Crest Ventures Ltd.,CREST,511413,CREST,INE559D01011,Finance (including NBFCs),Banking and Finance,364.4,364.4,1036.71,21.65,Export NA,17.49,19.61,84.77,22.6,26.34,-0.62,Export NA,2.78,2.13,0.81,54.8,6.23,3.86,16.83,-35.12,7.4,16.76,13.65,6.22,4.85,6.73,6,Banking and Finance,Finance (including NBFCs),2025-12-31,2026-02-13
Crisil Ltd.,CRISIL,500092,CRISIL,INE007A01025,Other Financial Services,Banking and Finance,4031,4031,29478.7,35.12,Export NA,50.96,49.79,13.72,22.6,36.93,1.86,Export NA,2.78,3.57,12.19,26.63,6.23,99.98,114.79,18.87,25.25,16.76,19.97,16.53,4.85,11.89,5,Banking and Finance,Other Financial Services,2026-03-31,2026-04-16
Crizac Ltd.,CRIZAC,544439,CRIZAC,INE0S4R01014,Education,Diversified Consumer Services,205.97,205.97,3604.11,18.58,Export NA,,,6.8,33.62,20.12,,Export NA,3.59,2.38,5.54,,10.95,20.81,11.09,,30.38,22.55,17.9,17.42,11.12,11.62,4,Diversified Consumer Services,Education,2025-12-31,2026-01-28
Crompton Greaves Consumer Electricals Ltd.,CROMPTON,539876,CROMPTON,INE299U01018,Household Appliances,Consumer Durables,282.05,282.05,18161.62,39.37,Export NA,45,42.59,43.03,49.58,47.95,-3.25,Export NA,1.45,3.33,5.19,6.31,9.42,5.18,7.16,-12.11,16.39,20.69,13.31,8.78,10.95,7.54,7,Consumer Durables,Household Appliances,2025-12-31,2026-05-13
Crop Life Science Ltd.,CLSL,,CLSL,INE00NH01017,Agrochemicals,Chemicals & Petrochemicals,43.9,43.9,75.24,12.77,Export NA,,,22.03,42.23,30.4,,Export NA,3.64,3.17,0.93,12.29,6.18,3.87,3.44,,7.6,13.61,11.71,3.24,9.15,7.88,3,Chemicals & Petrochemicals,Agrochemicals,2025-03-31,2025-11-12
Crown Lifters Ltd.,CROWN,,CROWN,INE491V01019,Transport Related Services,Transportation,131.91,131.91,152.88,15.4,Export NA,27.99,19.6,61.05,36.05,36.41,-0.35,Export NA,4.72,0.2,2.03,25.71,8.05,5.81,8.57,-43.61,30.7,25.06,15.81,10.59,7.11,10.03,5,Transportation,Transport Related Services,2025-12-31,2026-02-12
Cube Highways Trust,CUBEINVIT,543899,CUBEINVIT,INE0NR623014,REITs-InvITs,Utilities,148,148,19892.23,18.37,Export NA,,,97.45,24.91,46.38,,Export NA,27.85,3.82,1.39,69.95,5.52,1.66,8.06,,7.38,14.21,6.22,3.49,5.38,1.93,4,Utilities,REITs-InvITs,2025-12-31,2023-08-10
Cubex Tubings Ltd.,CUBEXTUB,526027,CUBEXTUB,INE144D01012,Copper,Metals & Mining,95.38,95.38,136.57,16.28,Export NA,28.07,25.72,5.25,23.8,81.72,0.29,Export NA,1.11,1.26,1.67,83.32,5.3,17.03,5.86,56.21,8.77,19.76,18.15,4.75,9.83,13.4,4,Metals & Mining,Copper,2025-12-31,2026-05-15
Cummins India Ltd.,CUMMINSIND,500480,CUMMINSIND,INE298A01020,Industrial Machinery,General Industrials,5160,5160,143035.2,63.8,Export NA,55.31,48.24,94.71,58.9,58.76,5.47,Export NA,5.74,4.45,17.18,98.22,14.56,20.55,80.87,11.66,26.44,19.77,24.18,19.66,10.29,13.59,8,General Industrials,Industrial Machinery,2025-12-31,2026-05-27
Cupid Ltd.,CUPID,530843,CUPID,INE509F01029,Personal Products,FMCG,119.62,119.62,16084.83,192.67,Export NA,179.68,81.2,97.86,49.72,42.44,,Export NA,14.09,18.07,38.85,99.42,20.61,13.33,0.62,,11.94,37.93,33.56,10.99,19.27,18.98,3,FMCG,Personal Products,2025-12-31,2026-05-15
Cura Technologies Ltd.,CURAA,532332,CURAA,INE117B01020,IT Software Products,Software & Services,97.5,97.5,3.32,-12.79,Export NA,52.65,52.65,,22.39,42.73,-0.16,Export NA,10.02,3.5,-1.95,,6.84,6.05,-7.62,80.79,-9.31,28.07,12.16,-3.51,17.17,7.28,1,Software & Services,IT Software Products,2025-12-31,2026-01-31
Curis Lifesciences Ltd.,CURIS,,CURIS,INE1BZN01016,Pharmaceuticals,Pharmaceuticals & Biotechnology,132,132,106.71,17.48,Export NA,,,,42.18,42.23,,Export NA,2.39,2.39,5.02,,7.57,7.72,7.55,,37.62,17.72,18.15,14.35,11.9,12.17,4,Pharmaceuticals & Biotechnology,Pharmaceuticals,2025-03-31,2025-12-04
Current Infraprojects Ltd.,CURRENT,,CURRENT,INE1CRQ01014,Green & Renewable Energy,Utilities,116.05,116.05,222.21,23.51,Export NA,,,100,24.91,30.52,,Export NA,27.85,5.83,3.2,,5.52,10.28,4.94,,39.84,14.21,10.31,11.88,5.38,3.49,1,Utilities,Green & Renewable Energy,2025-03-31,2025-11-07
Cyber Media (India) Ltd.,CYBERMEDIA,532640,CYBERMEDIA,INE278G01037,Publishing,Commercial Services & Supplies,17.41,17.41,36.12,10.2,Export NA,11.88,14.15,25.89,31.83,11.36,0.07,Export NA,2.32,2.31,-3.93,,5.75,2.26,1.71,136.34,-51.25,13.46,21.92,8.63,6.61,16.27,5,Commercial Services & Supplies,Publishing,2026-03-31,2026-05-06
Cyber Media Research & Services Ltd.,CMRSL,,CMRSL,INE075Z01011,Advertising & Media,Media,81.05,81.05,23.73,6.82,Export NA,9.77,,5.68,25.23,29.21,0.13,Export NA,2.2,3.19,1.23,8.17,13.87,5.97,11.89,51.3,17.14,20.32,16.93,6.84,15.35,7.63,7,Media,Advertising & Media,2026-03-31,2026-05-06
Cybertech Systems & Software Ltd.,CYBERTECH,532173,CYBERTECH,INE214A01019,IT Consulting & Software,Software & Services,136.38,136.38,424.56,12.88,Export NA,19.44,19.89,18.25,22.39,21.42,7.51,Export NA,10.02,10.72,2.13,43.02,6.84,6.86,10.59,1.72,14.1,28.07,30.42,11.43,17.17,18.42,6,Software & Services,IT Consulting & Software,2025-12-31,2026-05-13
Cyient DLM Ltd.,CYIENTDLM,543933,CYIENTDLM,INE055S01018,Electronic Components,Commercial Services & Supplies,417.25,417.25,3311.48,45.19,Export NA,,,35.77,31.83,88.21,53.48,Export NA,2.32,15.22,3.32,12.82,5.75,18.3,9.23,0.84,7.24,13.46,12.44,4.46,6.61,7.37,6,Commercial Services & Supplies,Electronic Components,2026-03-31,2026-04-21
Cyient Ltd.,CYIENT,532175,CYIENT,INE136B01020,IT Consulting & Software,Software & Services,903.45,903.45,10036.47,23.46,Export NA,24.89,26.02,75.96,22.39,21.42,-0.77,Export NA,10.02,10.72,1.77,7.51,6.84,6.86,38.52,-30.5,7.53,28.07,30.42,5.14,17.17,18.42,4,Software & Services,IT Consulting & Software,2026-03-31,2026-04-23
D P Abhushan Ltd.,DPABHUSHAN,544161,DPABHUSHAN,INE266Y01019,Gems & Jewellery,Textiles Apparels & Accessories,953.5,953.5,2176.64,11.68,Export NA,40.16,31.65,9.93,53.79,63.43,0.15,Export NA,2.24,1.24,3.75,20.36,15.41,20.78,81.65,79.67,27.88,22.86,28.31,13.45,8.26,8.05,5,Textiles Apparels & Accessories,Gems & Jewellery,2025-12-31,2026-01-23
D P Wires Ltd.,DPWIRES,543962,DPWIRES,INE864X01013,Iron & Steel Products,Metals & Mining,173.03,173.03,268.2,21.94,Export NA,15.64,16.82,95.91,23.8,30.63,-0.39,Export NA,1.11,1.79,1.05,13.79,5.3,6.46,7.89,-56.33,8.93,19.76,18.83,7.43,9.83,10.86,5,Metals & Mining,Iron & Steel Products,2025-12-31,2026-02-14
D-Link (India) Ltd.,DLINKINDIA,533146,DLINKINDIA,INE250K01012,IT Networking Equipment,Hardware Technology & Equipment,464,464,1647.42,15.83,Export NA,17.38,15.08,80.11,29.02,109.84,-81.43,Export NA,0.51,0.71,3.3,77.58,14.15,16.43,29.31,-0.19,20.57,28.88,31.95,12.82,10.48,10.56,5,Hardware Technology & Equipment,IT Networking Equipment,2026-03-31,2026-05-09
D.K. Enterprises Global Ltd.,DKEGL,,DKEGL,INE0GN101014,Containers & Packaging,Commercial Services & Supplies,77.95,77.95,58.52,10.31,Export NA,10.54,,63.2,31.83,23.27,,Export NA,2.32,5.49,1.96,72.84,5.75,2.74,7.56,,19.96,13.46,10.99,9.97,6.61,7.3,5,Commercial Services & Supplies,Containers & Packaging,2025-03-31,2025-11-14
DAM Capital Advisors Ltd.,DAMCAPITAL,544316,DAMCAPITAL,INE284H01025,Capital Markets,Banking and Finance,156.32,156.32,1104.96,13.65,Export NA,,,37.28,22.6,49.83,-0.37,Export NA,2.78,1.85,3.35,26.63,6.23,18.07,11.45,-36.92,39.31,16.76,28.37,25.9,4.85,12.93,4,Banking and Finance,Capital Markets,2025-12-31,2026-02-03
DB (International) Stock Brokers Ltd.,DBSTOCKBRO,530393,DBSTOCKBRO,INE921B01025,Capital Markets,Banking and Finance,27.17,27.17,95.1,30.54,Export NA,17.59,15.69,85.35,22.6,49.83,-0.66,Export NA,2.78,1.85,1.27,49.32,6.23,18.07,0.89,-46.2,4.11,16.76,28.37,2.68,4.85,12.93,4,Banking and Finance,Capital Markets,2026-03-31,2026-04-21
DB Corp Ltd.,DBCORP,533151,DBCORP,INE950I01011,Publishing,Commercial Services & Supplies,217.09,217.09,3869.54,11.66,Export NA,12.26,15.26,31.35,31.83,11.36,-1.11,Export NA,2.32,2.31,1.61,34.67,5.75,2.26,18.63,-10.51,13.66,13.46,21.92,10.38,6.61,16.27,5,Commercial Services & Supplies,Publishing,2026-03-31,2026-05-11
DC Infotech and Communication Ltd.,DCI,543636,DCI,INE0A1101019,IT Networking Equipment,Hardware Technology & Equipment,267.35,267.35,379.1,19.69,Export NA,31.77,28.8,8.47,29.02,109.84,0.69,Export NA,0.51,0.71,4.06,24.91,14.15,16.43,13.58,28.37,20.07,28.88,31.95,5.88,10.48,10.56,4,Hardware Technology & Equipment,IT Networking Equipment,2025-12-31,2026-02-12
DCB Bank Ltd.,DCBBANK,532772,DCBBANK,INE503A01015,Banks,Banking and Finance,174.15,174.15,5605.92,7.66,Export NA,7.71,8.77,21.21,22.6,13.77,0.41,Export NA,2.78,1.95,0.91,35.89,6.23,1.84,22.73,18.89,11.19,16.76,13.01,0.83,4.85,1.37,6,Banking and Finance,Banks,2026-03-31,2026-04-24
DCG Cables & Wires Ltd.,DCG,,DCG,INE0S8401018,Other Electrical Equipment/Products,Consumer Durables,66.3,66.3,120.33,14.85,Export NA,,,25,49.58,41.19,,Export NA,1.45,1.34,1.42,,9.42,8.51,4.46,,10.23,20.69,21.67,6.69,10.95,11.03,3,Consumer Durables,Other Electrical Equipment/Products,2025-03-31,2025-11-13
DCM Financial Services Ltd.,DCMFINSERV,511611,DCMFINSERV,INE891B01012,Finance (including NBFCs),Banking and Finance,4.8,4.8,10.62,-6.2,Export NA,,35.23,,22.6,26.34,0.04,Export NA,2.78,2.13,-0.21,,6.23,3.86,-0.77,-158.6,0,16.76,13.65,-5.52,4.85,6.73,1,Banking and Finance,Finance (including NBFCs),2025-12-31,2026-05-19
DCM Ltd.,DCM,502820,DCM,INE498A01018,Other Industrial Products,General Industrials,80.98,80.98,151.25,28.38,Export NA,20.18,26.26,79.2,58.9,44.01,-0.35,Export NA,5.74,4.34,3.29,61.39,14.56,20.86,2.85,-80.65,51.06,19.77,22.24,17.51,10.29,12.05,5,General Industrials,Other Industrial Products,2025-12-31,2026-02-12
DCM Nouvelle Ltd.,DCMNVL,542729,DCMNVL,INE08KP01019,Textiles,Textiles Apparels & Accessories,152.55,152.55,284.93,60.49,Export NA,32.04,29.81,92.62,53.79,32.96,-1.43,Export NA,2.24,6.53,0.88,20.2,15.41,3.67,2.52,-42.39,2.74,22.86,11.51,1.19,8.26,7.43,7,Textiles Apparels & Accessories,Textiles,2025-12-31,2026-05-15
DCM Shriram Fine Chemicals Ltd.,DSFCL,544703,DSFCL,INE0OFM01015,Commodity Chemicals,Chemicals & Petrochemicals,27.31,27.31,237.58,,Export NA,,,,42.23,39.75,,Export NA,3.64,7.92,1.11,66.67,6.18,4.79,,,8.92,13.61,12.96,6.22,9.15,8.15,5,Chemicals & Petrochemicals,Commodity Chemicals,2025-12-31,2026-03-02
DCM Shriram Industries Ltd.,DCMSRIND,523369,DCMSRIND,INE843D01027,Sugar,"Food, Beverages & Tobacco",42.35,42.35,368.41,6.57,Export NA,12.65,13.63,42.02,28.35,27.86,-0.13,Export NA,1.73,1.26,0.4,11.16,8.04,2.67,6.45,-51.21,11.39,26.28,9.03,4.4,19.55,4.86,6,"Food, Beverages & Tobacco",Sugar,2025-12-31,2026-02-14
DCM Shriram International Ltd.,DCMSIL,544702,DCMSIL,INE0OU201013,Aerospace & Defence,General Industrials,66.06,66.06,574.67,,Export NA,,,,58.9,50.58,,Export NA,5.74,8.98,1.47,44.44,14.56,11.27,,,16.25,19.77,23.04,10.15,10.29,9.53,4,General Industrials,Aerospace & Defence,2025-12-31,2026-03-06
DCM Shriram Ltd.,DCMSHRIRAM,523367,DCMSHRIRAM,INE499A01024,Diversified,Diversified,1193.4,1193.4,18610.15,28.09,Export NA,33.53,24.52,86.45,24.34,34.23,1.28,Export NA,1.86,1.37,2.5,65.48,2.7,3.08,42.48,21.96,8.62,11.19,9.07,4.74,3.16,2.66,8,Diversified,Diversified,2025-12-31,2026-05-13
DCW Ltd.,DCW,500117,DCW,INE500A01029,Commodity Chemicals,Chemicals & Petrochemicals,46.99,46.99,1386.93,28.79,Export NA,101.88,57.36,42.41,42.23,39.75,0.49,Export NA,3.64,7.92,1.31,58.01,6.18,4.79,1.63,59.07,4.48,13.61,12.96,2.3,9.15,8.15,8,Chemicals & Petrochemicals,Commodity Chemicals,2026-03-31,2026-05-05
DCX Systems Ltd.,DCXINDIA,543650,DCXINDIA,INE0KL801015,Aerospace & Defence,General Industrials,196.91,196.91,2193.31,164.99,Export NA,57.43,,98.61,58.9,50.58,-2.23,Export NA,5.74,8.98,1.51,8.89,14.56,11.27,1.19,-74,2.82,19.77,23.04,2.04,10.29,9.53,6,General Industrials,Aerospace & Defence,2025-12-31,2026-02-12
DEE Development Engineers Ltd.,DEEDEV,544198,DEEDEV,INE841L01016,Construction & Engineering,Cement and Construction,490.45,490.45,3397.02,42.01,Export NA,,,43.75,35.74,31.41,0.18,Export NA,3.26,5.1,3.97,88.58,4.05,4.95,11.67,237.02,5.45,11.25,12.93,2.73,4.61,4.29,5,Cement and Construction,Construction & Engineering,2025-12-31,2026-02-03
DIC India Ltd.,DICIND,500089,DICIND,INE303A01010,Specialty Chemicals,Chemicals & Petrochemicals,532,532,488.32,28.1,Export NA,28.18,20.49,67.86,42.23,47.85,-2.54,Export NA,3.64,2.93,1.14,41.73,6.18,7.62,18.93,-11.07,4.05,13.61,14.82,2.75,9.15,10.12,6,Chemicals & Petrochemicals,Specialty Chemicals,2025-12-31,2026-05-13
DJ Mediaprint & Logistics Ltd.,DJML,543193,DJML,INE0B1K01014,Warehousing & Logistics,Transportation,93.23,93.23,320.51,43.18,Export NA,,,32.16,36.05,32.42,18.59,Export NA,4.72,1.7,4.3,32.26,8.05,4.18,2.16,2.32,16.42,25.06,8.62,6.48,7.11,5.64,3,Transportation,Warehousing & Logistics,2025-12-31,2026-01-31
DLF Ltd.,DLF,532868,DLF,INE271C01023,Realty,Realty,569.2,569.2,140894.74,31.82,Export NA,56.25,61.23,22,37.63,37.32,3.02,Export NA,1.72,1.77,3.22,76.74,3.69,4.38,17.89,10.54,10.26,10.17,11.27,6.28,4.54,5.37,7,Realty,Realty,2025-12-31,2026-05-13
DMCC Speciality Chemicals Ltd.,DMCC,506405,DMCC,INE505A01010,Commodity Chemicals,Chemicals & Petrochemicals,306.4,306.4,764.16,29.23,Export NA,48.57,60.84,45.55,42.23,39.75,1.14,Export NA,3.64,7.92,3.18,31.26,6.18,4.79,10.48,25.53,9.45,13.61,12.96,5.66,9.15,8.15,8,Chemicals & Petrochemicals,Commodity Chemicals,2025-12-31,2026-05-15
DOMS Industries Ltd.,DOMS,544045,DOMS,INE321T01012,Commodity Printing/Stationery,Commercial Services & Supplies,2261.4,2261.4,13724.05,61.85,Export NA,,,8.12,31.83,53.23,5.4,Export NA,2.32,4.71,11.83,17.77,5.75,9.52,36.56,11.46,20.17,13.46,17.49,13.31,6.61,11.86,3,Commercial Services & Supplies,Commodity Printing/Stationery,2025-12-31,2026-01-30
DRC Systems India Ltd.,DRCSYSTEMS,543268,DRCSYSTEMS,INE03RS01027,Internet Software & Services,Software & Services,15.01,15.01,216.27,11.68,Export NA,259.22,,12.18,22.39,32.02,0.44,Export NA,10.02,2.7,2.65,5.84,6.84,6.82,1.28,26.59,23.33,28.07,8.54,15.14,17.17,6.62,6,Software & Services,Internet Software & Services,2025-12-31,2026-05-18
DRS Cargo Movers Ltd.,DRSCARGO,,DRSCARGO,INE0QZM01018,Warehousing & Logistics,Transportation,21.8,21.8,16.42,,Export NA,,,,36.05,32.42,,Export NA,4.72,1.7,0.72,35.71,8.05,4.18,,,0.51,25.06,8.62,0.19,7.11,5.64,6,Transportation,Warehousing & Logistics,2025-03-31,2025-11-14
DRS Dilip Roadlines Ltd.,DRSDILIP,,DRSDILIP,INE02CV01017,Warehousing & Logistics,Transportation,113.55,113.55,171.03,28.46,Export NA,45.16,46.13,13.74,36.05,32.42,,Export NA,4.72,1.7,4.42,66.35,8.05,4.18,3.99,,17.71,25.06,8.62,7.74,7.11,5.64,6,Transportation,Warehousing & Logistics,2025-03-31,2025-11-14
DSJ Keep Learning Ltd.,KEEPLEARN,526677,KEEPLEARN,INE055C01020,Education,Diversified Consumer Services,1.94,1.94,30.21,-122.55,Export NA,163.76,,,33.62,20.12,0.79,Export NA,3.59,2.38,4.35,13.86,10.95,20.81,-0.02,-154.84,4.6,22.55,17.9,2.91,11.12,11.62,4,Diversified Consumer Services,Education,2025-12-31,2026-02-13
DSP BSE Liquid Rate ETF,LIQUIDADD,544159,LIQUIDADD,INF740KA1UM0,Others,Others,1126,1126,,,Export NA,,,,,,,Export NA,,,,,,,,,,,,,,,,Others,Others,,
DSP BSE SENSEX Next 30 ETF,NEXT30ADD,544352,NEXT30ADD,INF740KA1VE5,Others,Others,41.74,41.74,,,Export NA,,,,,,,Export NA,,,,,,,,,,,,,,,,Others,Others,,
DSP BSE Sensex ETF,SENSEXADD,543947,SENSEXADD,INF740KA1SZ6,Others,Others,76.54,76.54,,,Export NA,,,,,,,Export NA,,,,,,,,,,,,,,,,Others,Others,,
DSP BSE Top 10 Banks ETF,BANK10ADD,544725,BANK10ADD,INF740KA1YH2,Others,Others,15.85,15.85,,,Export NA,,,,,,,Export NA,,,,,,,,,,,,,,,,Others,Others,,
DSP Gold ETF,GOLDADD,543903,GOLDADD,INF740KA1SW3,Others,Others,146.38,146.38,,,Export NA,,,,,,,Export NA,,,,,,,,,,,,,,,,Others,Others,,
DSP MSCI India ETF,MSCIADD,544620,MSCIADD,INF740KA1WV7,Others,Others,28.34,28.34,,,Export NA,,,,,,,Export NA,,,,,,,,,,,,,,,,Others,Others,,
DSP Nifty 1D Rate Liquid ETF,LIQUIDETF,541097,LIQUIDETF,INF740KA1EU7,Others,Others,999.99,999.99,,,Export NA,,,,,,,Export NA,,,,,,,,,,,,,,,,Others,Others,,
DSP Nifty 50 ETF,NIFTYADD,543440,NIFTYADD,INF740KA1CL0,Others,Others,245.08,245.08,,,Export NA,,,,,,,Export NA,,,,,,,,,,,,,,,,Others,Others,,
DSP Nifty 50 Equal Weight ETF,EQUAL50ADD,543388,EQUAL50ADD,INF740KA1QK2,Others,Others,330.72,330.72,,,Export NA,,,,,,,Export NA,,,,,,,,,,,,,,,,Others,Others,,
DSP Nifty Bank ETF,BANKADD,543738,BANKADD,INF740KA1RX3,Others,Others,54.69,54.69,,,Export NA,,,,,,,Export NA,,,,,,,,,,,,,,,,Others,Others,,
DSP Nifty Healthcare ETF,HEALTHADD,544109,HEALTHADD,INF740KA1UF4,Others,Others,154.02,154.02,,,Export NA,,,,,,,Export NA,,,,,,,,,,,,,,,,Others,Others,,
DSP Nifty IT ETF,ITADD,543935,ITADD,INF740KA1SX1,Others,Others,29.82,29.82,,,Export NA,,,,,,,Export NA,,,,,,,,,,,,,,,,Others,Others,,
DSP Nifty Midcap 150 ETF,MIDCAPADD,544655,MIDCAPADD,INF740KA1WW5,Others,Others,22.02,22.02,,,Export NA,,,,,,,Export NA,,,,,,,,,,,,,,,,Others,Others,,
DSP Nifty Midcap 150 Quality 50 ETF,MIDQ50ADD,543438,MIDQ50ADD,INF740KA1QL0,Others,Others,238.66,238.66,,,Export NA,,,,,,,Export NA,,,,,,,,,,,,,,,,Others,Others,,
DSP Nifty Next 50 ETF,NEXT50ADD,544674,NEXT50ADD,INF740KA1XU7,Others,Others,69.4,69.4,,,Export NA,,,,,,,Export NA,,,,,,,,,,,,,,,,Others,Others,,
DSP Nifty PSU Bank ETF,PSUBANKADD,543948,PSUBANKADD,INF740KA1SY9,Others,Others,81.15,81.15,,,Export NA,,,,,,,Export NA,,,,,,,,,,,,,,,,Others,Others,,
DSP Nifty Private Bank ETF,PVTBANKADD,543949,PVTBANKADD,INF740KA1TA7,Others,Others,26.38,26.38,,,Export NA,,,,,,,Export NA,,,,,,,,,,,,,,,,Others,Others,,
DSP Nifty Smallcap 250 ETF,SMALLADD,544654,SMALLADD,INF740KA1WX3,Others,Others,16.78,16.78,,,Export NA,,,,,,,Export NA,,,,,,,,,,,,,,,,Others,Others,,
DSP Nifty Top 10 Equal Weight ETF,TOP10ADD,544247,TOP10ADD,INF740KA1UR9,Others,Others,85.63,85.63,,,Export NA,,,,,,,Export NA,,,,,,,,,,,,,,,,Others,Others,,
DSP Nifty500 Flexicap Quality 30 ETF,FLEXIADD,544581,FLEXIADD,INF740KA1WU9,Others,Others,9.57,9.57,,,Export NA,,,,,,,Export NA,,,,,,,,,,,,,,,,Others,Others,,
DSP Silver ETF,SILVERADD,543572,SILVERADD,INF740KA1RE3,Others,Others,254.02,254.02,,,Export NA,,,,,,,Export NA,,,,,,,,,,,,,,,,Others,Others,,
DU Digital Global Ltd.,DUGLOBAL,,DUGLOBAL,INE0HPK01020,Travel Support Services,Diversified Consumer Services,44.5,44.5,320.14,93.26,Export NA,345.21,,17.98,33.62,32.03,,Export NA,3.59,3.35,3.26,10.31,10.95,8.05,0.48,,3.96,22.55,27.51,3.44,11.12,14.18,4,Diversified Consumer Services,Travel Support Services,2025-03-31,2025-11-12
DVR - Jain Irrigation Systems,JISLDVREQS,570004,JISLDVREQS,IN9175A01010,Plastic Products,General Industrials,22.77,22.77,,,Export NA,,,,58.9,35.79,,Export NA,5.74,3.64,,,14.56,7.73,,,,19.77,14.6,,10.29,10.46,,General Industrials,Plastic Products,,
Dabur India Ltd.,DABUR,500096,DABUR,INE016A01026,Personal Products,FMCG,473.25,473.25,83939.89,44.29,Export NA,51.62,53.9,24.24,49.72,42.44,6.15,Export NA,14.09,18.07,7.29,0.68,20.61,13.33,10.68,7.21,16.59,37.93,33.56,10.84,19.27,18.98,6,FMCG,Personal Products,2026-03-31,2026-05-07
Dai Ichi Karkaria Ltd.,,526821,DAICHI,INE928C01010,Specialty Chemicals,Chemicals & Petrochemicals,256.2,256.2,190.9,-257.97,Export NA,26.14,22.76,,42.23,47.85,2.38,Export NA,3.64,2.93,1.04,6.07,6.18,7.62,-0.99,-108.2,-0.4,13.61,14.82,-0.33,9.15,10.12,4,Chemicals & Petrochemicals,Specialty Chemicals,2026-03-31,2026-05-08
Dalmia Bharat Ltd.,DALBHARAT,542216,DALBHARAT,INE00R701025,Cement & Cement Products,Cement and Construction,1781.2,1781.2,33409.26,29.36,Export NA,48.76,41,18.79,35.74,39.23,0.44,Export NA,3.26,1.71,1.88,25.94,4.05,3.41,60.67,66.62,6.33,11.25,8.66,3.41,4.61,4.59,6,Cement and Construction,Cement & Cement Products,2026-03-31,2026-04-28
Dalmia Bharat Sugar and Industries Ltd.,DALMIASUG,500097,DALMIASUG,INE495A01022,Sugar,"Food, Beverages & Tobacco",371.1,371.1,3003.66,1268.93,Export NA,126.79,70.96,99.61,28.35,27.86,-12.77,Export NA,1.73,1.26,0.99,50.16,8.04,2.67,0.29,-99.38,7.3,26.28,9.03,4.28,19.55,4.86,4,"Food, Beverages & Tobacco",Sugar,2026-03-31,2026-05-05
Damodar Industries Ltd.,DAMODARIND,521220,DAMODARIND,INE497D01022,Textiles,Textiles Apparels & Accessories,29.94,29.94,69.76,9.1,Export NA,18.39,45.6,28.81,53.79,32.96,0.09,Export NA,2.24,6.53,0.47,17.63,15.41,3.67,3.29,97.07,3.75,22.86,11.51,1.53,8.26,7.43,8,Textiles Apparels & Accessories,Textiles,2025-12-31,2026-05-15
Dangee Dums Ltd.,DANGEE,,DANGEE,INE688Y01022,Other Food & Beverages,"Food, Beverages & Tobacco",3.45,3.45,53.12,-106.61,Export NA,42.24,42.24,,28.35,46.65,-1.76,Export NA,1.73,2.98,3.43,21.83,8.04,15.04,-0.03,60.53,-3.3,26.28,15.61,-1.41,19.55,11.14,5,"Food, Beverages & Tobacco",Other Food & Beverages,2025-12-31,2026-02-13
Danish Power Ltd.,DANISH,,DANISH,INE0YU901016,Heavy Electrical Equipment,General Industrials,877.2,877.2,1727.35,25.04,Export NA,,,5.71,58.9,71.23,,Export NA,5.74,3.65,4.99,53.06,14.56,15.26,35.03,,14.95,19.77,17.01,11.96,10.29,8.7,3,General Industrials,Heavy Electrical Equipment,2026-03-31,2026-05-09
Dar Credit & Capital Ltd.,DCCL,,DCCL,INE04Q901010,Microfinance Institutions,Banking and Finance,41.9,41.9,59.82,8.49,Export NA,,,28.94,22.6,26.38,0.17,Export NA,2.78,0.95,0.58,18.72,6.23,3.09,4.93,51.42,9.58,16.76,10.44,3.16,4.85,1.32,7,Banking and Finance,Microfinance Institutions,2025-12-31,2026-02-11
Data Patterns (India) Ltd.,DATAPATTNS,543428,DATAPATTNS,INE0IX101010,Aerospace & Defence,General Industrials,4062.5,4062.5,22743.5,92.05,Export NA,74.15,,91.51,58.9,50.58,2.41,Export NA,5.74,8.98,14.25,96.03,14.56,11.27,44.13,38.16,14.7,19.77,23.04,12.06,10.29,9.53,6,General Industrials,Aerospace & Defence,2025-12-31,2026-05-14
Datamatics Global Services Ltd.,DATAMATICS,532528,DATAMATICS,INE365B01017,IT Consulting & Software,Software & Services,748.55,748.55,4424.41,22.71,Export NA,20.25,17.51,96.69,22.39,21.42,-2.71,Export NA,10.02,10.72,2.97,81.9,6.84,6.86,32.97,-8.38,15.02,28.07,30.42,9.96,17.17,18.42,5,Software & Services,IT Consulting & Software,2025-12-31,2026-01-28
Davangere Sugar Company Ltd.,DAVANGERE,543267,DAVANGERE,INE179G01029,Sugar,"Food, Beverages & Tobacco",3.56,3.56,509.08,59.89,Export NA,63.98,,67.98,28.35,27.86,-1.61,Export NA,1.73,1.26,1.01,35.14,8.04,2.67,0.06,-37.26,5.6,26.28,9.03,1.47,19.55,4.86,2,"Food, Beverages & Tobacco",Sugar,2025-12-31,2026-02-10
Ddev Plastiks Industries Ltd.,DDEVPLSTIK,543547,DDEVPLSTIK,INE0HR601026,Plastic Products,General Industrials,233.9,233.9,2420.4,12.16,Export NA,17.23,,16.17,58.9,35.79,6.36,Export NA,5.74,3.64,2.51,18.47,14.56,7.73,19.23,1.91,22.22,19.77,14.6,16.06,10.29,10.46,5,General Industrials,Plastic Products,2025-12-31,2026-02-10
De Neers Tools Ltd.,DENEERS,,DENEERS,INE0JWV01011,Iron & Steel Products,Metals & Mining,205.75,205.75,593.51,37.63,Export NA,,,100,23.8,30.63,,Export NA,1.11,1.79,6.66,100,5.3,6.46,5.47,,25.91,19.76,18.83,9.71,9.83,10.86,3,Metals & Mining,Iron & Steel Products,2025-03-31,2025-11-14
De Nora India Ltd.,DENORA,590031,DENORA,INE244A01016,Electrodes & Refractories,General Industrials,715.05,715.05,379.59,41.92,Export NA,135.83,85.95,63.8,58.9,42.36,0.1,Export NA,5.74,5.21,2.92,46.96,14.56,4.18,17.06,434.91,7,19.77,9.89,5.66,10.29,7.94,8,General Industrials,Electrodes & Refractories,2026-03-31,2026-05-04
Debock Industries Ltd.,DIL,,DIL,INE411Y01011,Hotels,Hotels Restaurants & Tourism,0.99,0.99,16.11,-0.69,Export NA,7.79,14.12,,44.23,40.73,0,Export NA,3.41,2.69,0.08,,8.2,7.29,-1.44,-704.08,-10.91,12.41,12.19,-9.54,7.26,7.71,2,Hotels Restaurants & Tourism,Hotels,2025-06-30,2025-05-30
Deccan Cements Ltd.,DECCANCE,502137,DECCANCE,INE583C01021,Cement & Cement Products,Cement and Construction,621.7,621.7,870.85,27.38,Export NA,92.58,53.08,7.17,35.74,39.23,0,Export NA,3.26,1.71,1.17,1.69,4.05,3.41,22.71,7459.9,1.04,11.25,8.66,0.46,4.61,4.59,3,Cement and Construction,Cement & Cement Products,2025-12-31,2026-02-12
Deccan Gold Mines Ltd.,,512068,DECNGOLD,INE945F01025,Coal & Mining,Metals & Mining,116.45,116.45,2293.5,-50.1,Export NA,-160.75,-122.56,,23.8,13.83,-0.83,Export NA,1.11,3.11,12.2,98.39,5.3,4.81,-2.32,60.31,-13.07,19.76,23.55,-8.17,9.83,10.77,1,Metals & Mining,Coal & Mining,2025-12-31,2026-05-14
Deccan Transcon Leasing Ltd.,DECCANTRAN,,DECCANTRAN,INE0S7C01019,Warehousing & Logistics,Transportation,20.5,20.5,46.58,7.53,Export NA,,,,36.05,32.42,,Export NA,4.72,1.7,0.5,,8.05,4.18,2.72,,6.92,25.06,8.62,4.09,7.11,5.64,3,Transportation,Warehousing & Logistics,2025-03-31,2025-11-11
Deem Roll-Tech Ltd.,DEEM,,DEEM,INE586O01011,Iron & Steel Products,Metals & Mining,34,34,28.35,9.78,Export NA,,,3.76,23.8,30.63,,Export NA,1.11,1.79,0.33,,5.3,6.46,3.48,,3.86,19.76,18.83,2.19,9.83,10.86,1,Metals & Mining,Iron & Steel Products,2025-03-31,2025-11-12
Deep Industries Ltd.,DEEPINDS,543288,DEEPINDS,INE0FHS01024,Oil Equipment & Services,Oil & Gas,459.35,459.35,2939.84,-197.61,Export NA,22.57,,,18.34,28.04,1.8,Export NA,1.36,1.25,1.47,70.56,1.85,2.73,-2.32,-109.59,-4.95,10.19,15.61,-3.76,4.37,9.98,5,Oil & Gas,Oil Equipment & Services,2025-12-31,2026-05-14
Deepak Builders & Engineers India Ltd.,DBEIL,544276,DBEIL,INE0OPA01019,Construction & Engineering,Cement and Construction,78.18,78.18,364.17,10.02,Export NA,,,52.77,35.74,31.41,-0.18,Export NA,3.26,5.1,0.84,7.65,4.05,4.95,7.8,-54.22,13.74,11.25,12.93,6.82,4.61,4.29,4,Cement and Construction,Construction & Engineering,2025-12-31,2026-02-13
Deepak Fertilisers & Petrochemicals Corporation Ltd.,DEEPAKFERT,500645,DEEPAKFERT,INE501A01019,Commodity Chemicals,Chemicals & Petrochemicals,1231.9,1231.9,15551.23,17.77,Export NA,22.51,16.36,75.67,42.23,39.75,39.09,Export NA,3.64,7.92,2.34,83.91,6.18,4.79,69.32,0.45,14.96,13.61,12.96,7.1,9.15,8.15,7,Chemicals & Petrochemicals,Commodity Chemicals,2025-12-31,2026-01-29
Deepak Nitrite Ltd.,DEEPAKNTR,506401,DEEPAKNTR,INE288B01029,Commodity Chemicals,Chemicals & Petrochemicals,1848.3,1848.3,25209.52,47.28,Export NA,38.31,34.19,92.61,42.23,39.75,-1.64,Export NA,3.64,7.92,4.49,46.02,6.18,4.79,39.09,-28.79,12.93,13.61,12.96,9.03,9.15,8.15,3,Chemicals & Petrochemicals,Commodity Chemicals,2025-12-31,2026-05-15
Delhivery Ltd.,DELHIVERY,543529,DELHIVERY,INE148O01028,Warehousing & Logistics,Transportation,464.7,464.7,34792.9,227.65,Export NA,,,59.29,36.05,32.42,0.36,Export NA,4.72,1.7,3.64,73.93,8.05,4.18,2.04,624.92,1.71,25.06,8.62,1.34,7.11,5.64,7,Transportation,Warehousing & Logistics,2025-12-31,2026-05-16
Delphi World Money Ltd.,DELPHIFX,533452,DELPHIFX,INE726L01027,Other Financial Services,Banking and Finance,11.85,11.85,290.64,28.3,Export NA,217.18,139.13,68.59,22.6,36.93,0.04,Export NA,2.78,3.57,0.9,5.12,6.23,99.98,0.42,672.6,0.87,16.76,19.97,0.63,4.85,11.89,3,Banking and Finance,Other Financial Services,2025-12-31,2026-02-21
Delta Autocorp Ltd.,DELTIC,,DELTIC,INE0XRN01019,2/3 Wheelers,Automobiles & Auto Components,42.7,42.7,65.29,7.77,Export NA,,,,32.11,35.79,,Export NA,5.07,1.03,0.85,,6.96,10.2,5.49,,11.49,19.05,25.81,9.89,9.43,13.18,3,Automobiles & Auto Components,2/3 Wheelers,2025-03-31,2025-11-14
Delta Corp Ltd.,DELTACORP,532848,DELTACORP,INE124G01033,Other Leisure Facilities,Diversified Consumer Services,72.14,72.14,1931.7,22.65,Export NA,11.18,30.91,36.71,33.62,84.27,-0.34,Export NA,3.59,0,0.84,5.46,10.95,1.71,3.19,-65.74,3.78,22.55,5.58,3.31,11.12,4.46,6,Diversified Consumer Services,Other Leisure Facilities,2026-03-31,2026-04-22
Delta Manufacturing Ltd.,DELTAMAGNT,504286,DELTAMAGNT,INE393A01011,Other Industrial Products,General Industrials,60.7,60.7,65.87,-6.48,Export NA,,4.67,,58.9,44.01,-0.21,Export NA,5.74,4.34,11.83,96.47,14.56,20.86,-9.37,30.58,-169.84,19.77,22.24,-17.89,10.29,12.05,2,General Industrials,Other Industrial Products,2025-12-31,2026-02-12
Den Networks Ltd.,DEN,533137,DEN,INE947J01015,Broadcasting & Cable TV,Media,26.18,26.18,1249.37,7.54,Export NA,9.1,9.15,12.05,25.23,18.11,-0.44,Export NA,2.2,0.97,0.33,0.2,13.87,1.42,3.47,-17.14,4.37,20.32,9.89,3.87,15.35,8.83,4,Media,Broadcasting & Cable TV,2026-03-31,2026-04-14
Denta Water and Infra Solutions Ltd.,DENTA,544345,DENTA,INE0R4L01018,Utilities:Non-Electrical,Utilities,267.85,267.85,715.16,10.92,Export NA,,,37.14,24.91,15.47,-10.41,Export NA,27.85,426.35,1.59,5.4,5.52,5.02,24.54,-1.05,12.93,14.21,14.06,12.31,5.38,8.44,3,Utilities,Utilities:Non-Electrical,2025-12-31,2026-02-12
Destiny Logistics & Infra Ltd.,DESTINY,,DESTINY,INE0IGO01011,Transport Related Services,Transportation,105.9,105.9,237.46,91.81,Export NA,28.19,,100,36.05,36.41,,Export NA,4.72,0.2,4.88,85.65,8.05,5.81,1.15,,8.3,25.06,15.81,4.04,7.11,10.03,4,Transportation,Transport Related Services,2025-03-31,2025-11-14
Dev Accelerator Ltd.,DEVX,544513,DEVX,INE0VOV01021,Special Consumer Services,Diversified Consumer Services,40.99,40.99,369.68,292.83,Export NA,,,83.54,33.62,39.07,,Export NA,3.59,4.51,2.08,,10.95,11.75,0.14,,2.92,22.55,25.9,0.28,11.12,3.02,5,Diversified Consumer Services,Special Consumer Services,2025-12-31,2026-01-31
Dev Information Technology Ltd.,DEVIT,543462,DEVIT,INE060X01034,IT Consulting & Software,Software & Services,28.56,28.56,160.97,2.37,Export NA,23.33,325.34,4.27,22.39,21.42,0.01,Export NA,10.02,10.72,1.33,16.43,6.84,6.86,12.05,281.8,21.67,28.07,30.42,12.18,17.17,18.42,3,Software & Services,IT Consulting & Software,2025-12-31,2026-02-10
Devyani International Ltd.,DEVYANI,543330,DEVYANI,INE872J01023,Restaurants,Hotels Restaurants & Tourism,114.08,114.08,14065.38,-324.64,Export NA,860.72,,,44.23,62.18,1.1,Export NA,3.41,5.91,9.12,,8.2,11,-0.35,-295.46,0.83,12.41,13.17,0.17,7.26,5.68,5,Hotels Restaurants & Tourism,Restaurants,2025-12-31,2026-05-15
Dhampur Bio Organics Ltd.,DBOL,543593,DBOL,INE0I3401014,Sugar,"Food, Beverages & Tobacco",112.03,112.03,743.74,31.37,Export NA,28.64,,73.86,28.35,27.86,0.2,Export NA,1.73,1.26,0.76,35.09,8.04,2.67,3.57,154.95,1.45,26.28,9.03,0.61,19.55,4.86,5,"Food, Beverages & Tobacco",Sugar,2025-12-31,2026-01-21
Dhampur Sugar Mills Ltd.,DHAMPURSUG,500119,DHAMPURSUG,INE041A01016,Sugar,"Food, Beverages & Tobacco",151.68,151.68,991.8,14.53,Export NA,13.28,11.81,84.89,28.35,27.86,0.61,Export NA,1.73,1.26,0.86,35.04,8.04,2.67,10.44,24,4.53,26.28,9.03,2.18,19.55,4.86,7,"Food, Beverages & Tobacco",Sugar,2025-12-31,2026-02-02
Dhanlaxmi Bank Ltd.,DHANBANK,532180,DHANBANK,INE680A01011,Banks,Banking and Finance,31.24,31.24,1233.04,12,Export NA,18.02,16.82,49.5,22.6,13.77,0.22,Export NA,2.78,1.95,0.86,75.07,6.23,1.84,2.6,54.19,6.97,16.76,13.01,0.48,4.85,1.37,7,Banking and Finance,Banks,2026-03-31,2026-04-28
Dhanlaxmi Crop Science Ltd.,DHANLAXMI,,DHANLAXMI,INE0V9V01010,Other Agricultural Products,"Food, Beverages & Tobacco",31.95,31.95,52.17,6.01,Export NA,,,,28.35,21.91,,Export NA,1.73,1.77,1.03,,8.04,3.56,5.32,,18.89,26.28,16.12,10.46,19.55,8.43,3,"Food, Beverages & Tobacco",Other Agricultural Products,2025-03-31,2025-11-13
Dhanuka Agritech Ltd.,DHANUKA,507717,DHANUKA,INE435G01025,Agrochemicals,Chemicals & Petrochemicals,1065,1065,4800.84,18.12,Export NA,24.06,20.12,34.86,42.23,30.4,-3.28,Export NA,3.64,3.17,3.03,15.19,6.18,3.87,58.78,-5.53,21.17,13.61,11.71,16.49,9.15,7.88,6,Chemicals & Petrochemicals,Agrochemicals,2025-12-31,2026-02-05
Dhanuka Infra Realty Ltd.,DIRL,,DIRL,INE704V01015,Realty,Realty,12.9,12.9,9.98,4.88,Export NA,23.91,23.91,,37.63,37.32,,Export NA,1.72,1.77,0.72,12,3.69,4.38,2.64,,18.53,10.17,11.27,9.64,4.54,5.37,6,Realty,Realty,2025-03-31,2025-11-13
Dhara Rail Projects Ltd.,DHARARAIL,,DHARARAIL,INE2HJL01019,Commercial Vehicles,Automobiles & Auto Components,132.25,132.25,199.49,30.56,Export NA,,,,32.11,34.76,,Export NA,5.07,1.94,8.32,,6.96,9.25,4.33,,50.66,19.05,20.77,14.11,9.43,7.69,4,Automobiles & Auto Components,Commercial Vehicles,2025-03-31,
Dharan Infra-Epc Ltd.,DHARAN,541161,DHARAN,INE278R01034,Realty,Realty,0.13,0.13,67.97,-1.94,Export NA,,1691.35,,37.63,37.32,-0.06,Export NA,1.72,1.77,0.07,,3.69,4.38,-0.07,30.5,-13.06,10.17,11.27,-3.62,4.54,5.37,3,Realty,Realty,2025-09-30,2025-11-14
Dhariwalcorp Ltd.,DHARIWAL,,DHARIWAL,INE0YRN01025,Petrochemicals,Chemicals & Petrochemicals,36.15,36.15,339.86,95.6,Export NA,,,100,42.23,34.32,,Export NA,3.64,0.5,6.81,99.14,6.18,3.98,0.38,,10.26,13.61,10.55,5.25,9.15,6.82,3,Chemicals & Petrochemicals,Petrochemicals,2025-03-31,2025-11-14
Dharmaj Crop Guard Ltd.,DHARMAJ,543687,DHARMAJ,INE00OQ01016,Agrochemicals,Chemicals & Petrochemicals,262.3,262.3,886.5,18.38,Export NA,26.22,,38.15,42.23,30.4,0.43,Export NA,3.64,3.17,1.99,11.31,6.18,3.87,14.27,42.28,8.82,13.61,11.71,4.74,9.15,7.88,6,Chemicals & Petrochemicals,Agrochemicals,2025-12-31,2026-02-10
Dhruv Consultancy Services Ltd.,DHRUV,541302,DHRUV,INE506Z01015,Consulting Services,Commercial Services & Supplies,30,30,56.9,-2.15,Export NA,25.59,,,31.83,18.83,0,Export NA,2.32,3.97,0.76,9.2,5.75,5.68,-13.93,-594.34,6.71,13.46,23.36,4.88,6.61,14.6,5,Commercial Services & Supplies,Consulting Services,2025-12-31,2026-02-13
Dhunseri Investments Ltd.,DHUNINV,533336,DHUNINV,INE320L01011,Other Financial Services,Banking and Finance,894.2,894.2,545.21,-15.47,Export NA,14.66,8.61,,22.6,36.93,0.12,Export NA,2.78,3.57,0.2,33,6.23,99.98,-57.81,-126.15,3.38,16.76,19.97,2.05,4.85,11.89,7,Banking and Finance,Other Financial Services,2025-12-31,2026-02-11
Dhunseri Tea & Industries Ltd.,DTIL,538902,DTIL,INE341R01014,Tea & Coffee,"Food, Beverages & Tobacco",140.44,140.44,147.57,-10.75,Export NA,,,,28.35,34.78,-0.14,Export NA,1.73,3.66,0.27,33.04,8.04,6.07,-13.07,77.64,-3.85,26.28,8.14,-2.09,19.55,5.04,2,"Food, Beverages & Tobacco",Tea & Coffee,2025-12-31,2026-02-10
Dhunseri Ventures Ltd.,DVL,523736,DVL,INE477B01010,Other Financial Services,Banking and Finance,245.16,245.16,858.67,-42.06,Export NA,8.09,5.17,,22.6,36.93,0.39,Export NA,2.78,3.57,0.27,22.64,6.23,99.98,-5.83,-107.99,4.51,16.76,19.97,3.45,4.85,11.89,5,Banking and Finance,Other Financial Services,2025-12-31,2026-02-11
DiGiSPICE Technologies Ltd.,DIGISPICE,517214,DIGISPICE,INE927C01020,IT Software Products,Software & Services,20.05,20.05,470.11,119.65,Export NA,52.8,84.87,80.35,22.39,42.73,-1.91,Export NA,10.02,3.5,1.98,63.29,6.84,6.05,0.17,-62.51,-18.41,28.07,12.16,-5.49,17.17,7.28,5,Software & Services,IT Software Products,2025-12-31,2026-05-13
Diamines & Chemicals Ltd.,DIAMINESQ,500120,DIAMINESQ,INE591D01014,Specialty Chemicals,Chemicals & Petrochemicals,265.8,265.8,267.22,-29.36,Export NA,76.21,51.88,,42.23,47.85,0.09,Export NA,3.64,2.93,1.77,28.39,6.18,7.62,-9.05,-345.03,1.69,13.61,14.82,1.53,9.15,10.12,4,Chemicals & Petrochemicals,Specialty Chemicals,2025-12-31,2026-05-18
Diamond Power Infrastructure Ltd.,DIACABS,522163,DIACABS,INE989C01038,Other Electrical Equipment/Products,Consumer Durables,169.77,169.77,8946.39,85.03,Export NA,203.71,203.71,54.5,49.58,41.19,0.55,Export NA,1.45,1.34,-13.46,,9.42,8.51,2,155.08,-3.92,20.69,21.67,1.93,10.95,11.03,5,Consumer Durables,Other Electrical Equipment/Products,2025-12-31,2026-02-14
Diensten Tech Ltd.,DTL,,DTL,INE0JRD01019,IT Consulting & Software,Software & Services,126,126,104.08,-49.08,Export NA,,,,22.39,21.42,,Export NA,10.02,10.72,5.83,22.11,6.84,6.86,-2.57,,-11.15,28.07,30.42,-3.62,17.17,18.42,3,Software & Services,IT Consulting & Software,2025-12-31,2026-02-06
Diffusion Engineers Ltd.,DIFFNKG,544264,DIFFNKG,INE184O01015,Other Industrial Goods,General Industrials,303.85,303.85,1137.2,24.01,Export NA,,,36.16,58.9,41.26,0.5,Export NA,5.74,2.07,2.87,16.71,14.56,13.23,12.65,47.73,9.73,19.77,30.81,8.07,10.29,18.64,5,General Industrials,Other Industrial Goods,2025-12-31,2026-02-06
Digicontent Ltd.,DGCONTENT,542685,DGCONTENT,INE03JI01017,Advertising & Media,Media,28.8,28.8,167.58,27.34,Export NA,23.87,-1.16,65.23,25.23,29.21,-0.37,Export NA,2.2,3.19,5.39,29.53,13.87,5.97,1.05,-74.62,88.94,20.32,16.93,10.74,15.35,7.63,7,Media,Advertising & Media,2025-12-31,2026-01-28
Digidrive Distributors Ltd.,DIGIDRIVE,544079,DIGIDRIVE,INE0PSC01024,Commodity Trading  & Distribution,Commercial Services & Supplies,22.18,22.18,85.53,6.87,Export NA,,,6.14,31.83,33.18,0.08,Export NA,2.32,1.21,0.29,3.64,5.75,5.32,3.23,83.36,2.87,13.46,12.19,2.51,6.61,4.31,4,Commercial Services & Supplies,Commodity Trading  & Distribution,2025-12-31,2026-02-06
Digikore Studios Ltd.,DIGIKORE,,DIGIKORE,INE0QJ901011,Movies & Entertainment,Media,73.3,73.3,92.84,7.35,Export NA,,,10.69,25.23,33.17,,Export NA,2.2,3.06,2.67,8.54,13.87,25.15,9.98,,26.5,20.32,45.72,10.88,15.35,32.15,5,Media,Movies & Entertainment,2026-03-31,2026-05-05
Digitide Solutions Ltd.,DIGITIDE,544413,DIGITIDE,INE0U4701011,IT Consulting & Software,Software & Services,97.17,97.17,1447.95,-111.85,Export NA,,,,22.39,21.42,1.01,Export NA,10.02,10.72,1.72,15.93,6.84,6.86,-0.87,-110.59,13.89,28.07,30.42,6.71,17.17,18.42,4,Software & Services,IT Consulting & Software,2025-12-31,2026-05-18
Digjam Ltd.,DIGJAMLMTD,539979,DIGJAMLMTD,INE731U01028,Textiles,Textiles Apparels & Accessories,45.49,45.49,90.98,26.89,Export NA,,129.8,41.46,53.79,32.96,0.23,Export NA,2.24,6.53,17.74,93.85,15.41,3.67,1.69,118.9,-196.53,22.86,11.51,-13.11,8.26,7.43,4,Textiles Apparels & Accessories,Textiles,2025-12-31,2026-02-05
Diligent Media Corporation Ltd.,DNAMEDIA,540789,DNAMEDIA,INE016M01021,Advertising & Media,Media,2.9,2.9,34.14,30.22,Export NA,2.14,0.23,94.88,25.23,29.21,-0.3,Export NA,2.2,3.19,-0.14,,13.87,5.97,0.1,-99.17,-5.58,20.32,16.93,5.81,15.35,7.63,6,Media,Advertising & Media,2025-12-31,2026-02-11
Dilip Buildcon Ltd.,DBL,540047,DBL,INE917M01012,Roads & Highways,Cement and Construction,469.35,469.35,7624.35,5.4,Export NA,24.85,378.2,3.14,35.74,6.99,0.03,Export NA,3.26,0.03,1.16,18.79,4.05,1.13,86.87,196.87,12.65,11.25,24.35,3.25,4.61,8.72,5,Cement and Construction,Roads & Highways,2025-12-31,2026-05-14
Disa India Ltd.,,500068,DISAQ,INE131C01011,Industrial Machinery,General Industrials,12160,12160,1768.31,33.26,Export NA,46.41,45.4,53.39,58.9,58.76,7.36,Export NA,5.74,4.45,6.05,52.14,14.56,20.55,365.56,4.52,18.9,19.77,24.18,11.54,10.29,13.59,7,General Industrials,Industrial Machinery,2025-12-31,2026-02-05
Dish TV India Ltd.,DISHTV,532839,DISHTV,INE836F01026,Broadcasting & Cable TV,Media,3.6,3.6,662.85,-0.73,Export NA,,,,25.23,18.11,-0.01,Export NA,2.2,0.97,-0.18,,13.87,1.42,-4.92,56.36,0,20.32,9.89,-21.16,15.35,8.83,4,Media,Broadcasting & Cable TV,2025-12-31,2026-02-06
Dishman Carbogen Amcis Ltd.,DCAL,540701,DCAL,INE385W01011,Pharmaceuticals,Pharmaceuticals & Biotechnology,174.83,174.83,2741.04,23.07,Export NA,1126.4,405.74,46.28,42.18,42.23,0.11,Export NA,2.39,2.39,0.43,35.15,7.57,7.72,7.58,208.23,0.05,17.72,18.15,0.03,11.9,12.17,8,Pharmaceuticals & Biotechnology,Pharmaceuticals,2025-12-31,2026-02-03
Divgi Torqtransfer Systems Ltd.,DIVGIITTS,543812,DIVGIITTS,INE753U01022,Auto Parts & Equipment,Automobiles & Auto Components,718.65,718.65,2197.84,59.73,Export NA,64.5,,59.28,32.11,41.7,1.97,Export NA,5.07,3.31,3.55,50.45,6.96,6.81,12.03,30.27,4.08,19.05,15.01,3.69,9.43,7.82,7,Automobiles & Auto Components,Auto Parts & Equipment,2025-12-31,2026-02-12
Divi's Laboratories Ltd.,DIVISLAB,532488,DIVISLAB,INE361B01024,Pharmaceuticals,Pharmaceuticals & Biotechnology,6644,6644,176377.34,71.15,Export NA,81.07,62.03,76.86,42.18,42.23,3.57,Export NA,2.39,2.39,11.03,75.15,7.57,7.72,93.38,19.93,14.63,17.72,18.15,12.93,11.9,12.17,7,Pharmaceuticals & Biotechnology,Pharmaceuticals,2025-12-31,2026-02-11
Divine Hira Jewellers Ltd.,DIVINEHIRA,,DIVINEHIRA,INE0NA501011,Gems & Jewellery,Textiles Apparels & Accessories,338.1,338.1,441.12,61.91,Export NA,,,100,53.79,63.43,,Export NA,2.24,1.24,9.48,100,15.41,20.78,5.46,,14.09,22.86,28.31,8.68,8.26,8.05,3,Textiles Apparels & Accessories,Gems & Jewellery,2026-03-31,2026-05-08
Divine Power Energy Ltd.,DPEL,523810,DPEL,INE0SCO01019,Other Electrical Equipment/Products,Consumer Durables,525.05,525.05,1127.13,123.14,Export NA,-8.3,-8.3,100,49.58,41.19,,Export NA,1.45,1.34,10.88,100,9.42,8.51,4.26,,10.63,20.69,21.67,4.96,10.95,11.03,2,Consumer Durables,Other Electrical Equipment/Products,2025-03-31,2025-11-12
Divyadhan Recycling Industries Ltd.,DIVYADHAN,,DIVYADHAN,INE0QYI01019,Textiles,Textiles Apparels & Accessories,32.8,32.8,46.93,30.55,Export NA,,,,53.79,32.96,,Export NA,2.24,6.53,1.34,,15.41,3.67,1.07,,4.39,22.86,11.51,3.65,8.26,7.43,3,Textiles Apparels & Accessories,Textiles,2025-03-31,2025-11-13
Dixon Technologies (India) Ltd.,DIXON,540699,DIXON,INE935N01020,Consumer Electronics,Consumer Durables,10138,10138,61640.97,42.85,Export NA,144.7,133.24,36.98,49.58,57.15,1.37,Export NA,1.45,1.69,14.08,38.34,9.42,10.85,236.61,31.32,36.39,20.69,24.42,6.53,10.95,9.83,4,Consumer Durables,Consumer Electronics,2026-03-31,2026-05-12
DocMode Health Technologies Ltd.,DHTL,,DHTL,INE0OGG01015,Education,Diversified Consumer Services,46.3,46.3,14.55,-7.18,Export NA,,,,33.62,20.12,,Export NA,3.59,2.38,1.76,11.21,10.95,20.81,-6.45,,-24.27,22.55,17.9,-5.15,11.12,11.62,2,Diversified Consumer Services,Education,2025-03-31,2025-12-03
Dodla Dairy Ltd.,DODLA,543306,DODLA,INE021O01019,Packaged Foods,FMCG,1101.2,1101.2,6643.3,25.05,Export NA,34.24,,23.98,49.72,67.64,2.26,Export NA,14.09,6.77,4.15,27.17,20.61,37.36,43.97,11.07,18.48,37.93,51.25,15.01,19.27,22.23,8,FMCG,Packaged Foods,2025-12-31,2026-05-16
Dolat Algotech Ltd.,DOLATALGO,505526,DOLATALGO,INE966A01022,Capital Markets,Banking and Finance,76.46,76.46,1345.7,11.04,Export NA,10.31,9.13,56.24,22.6,49.83,-0.22,Export NA,2.78,1.85,1.24,3.11,6.23,18.07,6.92,-50.02,21.47,16.76,28.37,18.9,4.85,12.93,6,Banking and Finance,Capital Markets,2025-12-31,2026-01-28
Dollar Industries Ltd.,DOLLAR,541403,DOLLAR,INE325C01035,Other Apparels & Accessories,Textiles Apparels & Accessories,275.8,275.8,1564.23,15.03,Export NA,26.44,28.87,17.28,53.79,43.2,1.55,Export NA,2.24,2.85,1.71,7.11,15.41,13.14,18.35,9.72,10.63,22.86,20.14,6.16,8.26,9.64,5,Textiles Apparels & Accessories,Other Apparels & Accessories,2025-12-31,2026-02-11
Dollex Agrotech Ltd.,DOLLEX,,DOLLEX,INE0JHH01011,Sugar,"Food, Beverages & Tobacco",30.65,30.65,122.44,14.79,Export NA,,,49.68,28.35,27.86,,Export NA,1.73,1.26,1.03,0.16,8.04,2.67,2.07,,12.52,26.28,9.03,2.92,19.55,4.86,4,"Food, Beverages & Tobacco",Sugar,2025-12-31,2026-02-13
Dolphin Offshore Enterprises (India) Ltd.,DOLPHIN,522261,DOLPHIN,INE920A01037,Oil Equipment & Services,Oil & Gas,409.4,409.4,1637.79,23.9,Export NA,202.25,161.21,73.37,18.34,28.04,0.5,Export NA,1.36,1.25,5.19,78.45,1.85,2.73,17.13,47.46,19.39,10.19,15.61,11.27,4.37,9.98,7,Oil & Gas,Oil Equipment & Services,2026-03-31,2026-05-05
Donear Industries Ltd.,DONEAR,512519,DONEAR,INE668D01028,Textiles,Textiles Apparels & Accessories,90.21,90.21,469.09,11.76,Export NA,16.12,15.26,12.25,53.79,32.96,-0.87,Export NA,2.24,6.53,1.72,,15.41,3.67,7.67,-13.56,13.57,22.86,11.51,4.04,8.26,7.43,3,Textiles Apparels & Accessories,Textiles,2025-12-31,2026-02-09
Dr. Agarwal's Eye Hospital Ltd.,,526783,DRAGARWQ,INE934C01018,Healthcare Facilities,Healthcare,5050,5050,2373.5,33.98,Export NA,42.34,33.29,66.16,64.81,71.3,0.95,Export NA,6.11,6.58,7.16,67.96,9.5,9.54,148.62,35.76,26.07,14.74,13.76,8.91,8.39,7.2,4,Healthcare,Healthcare Facilities,2025-12-31,2026-02-03
Dr. Agarwals Health Care Ltd.,AGARWALEYE,544350,AGARWALEYE,INE943P01029,Healthcare Facilities,Healthcare,450.2,450.2,14269.44,113.2,Export NA,,,14.19,64.81,71.3,2.79,Export NA,6.11,6.58,7.23,39.35,9.5,9.54,3.98,40.59,4.47,14.74,13.76,2.27,8.39,7.2,5,Healthcare,Healthcare Facilities,2025-12-31,2026-02-03
Dr. Lal Pathlabs Ltd.,LALPATHLAB,539524,LALPATHLAB,INE600L01024,Healthcare Services,Healthcare,1587,1587,26604.12,52.7,Export NA,58.65,63.28,41.12,64.81,49.79,14.5,Export NA,6.11,5.33,10.38,14.95,9.5,10.34,30.11,3.63,20.12,14.74,19.47,16.04,8.39,13.06,6,Healthcare,Healthcare Services,2026-03-31,2026-04-30
Dr. Reddy's Laboratories Ltd.,DRREDDY,500124,DRREDDY,INE089A01031,Pharmaceuticals,Pharmaceuticals & Biotechnology,1270,1270,106001.44,25.26,Export NA,18.7,22.61,17.1,42.18,42.23,-0.98,Export NA,2.39,2.39,2.85,6.9,7.57,7.72,50.27,-25.8,11.07,17.72,18.15,7.21,11.9,12.17,4,Pharmaceuticals & Biotechnology,Pharmaceuticals,2026-03-31,2026-05-12
Dreamfolks Services Ltd.,DREAMFOLKS,543591,DREAMFOLKS,INE0JS101016,Travel Support Services,Diversified Consumer Services,78.12,78.12,416.14,10.51,Export NA,21.96,,14.16,33.62,32.03,-0.25,Export NA,3.59,3.35,1.28,1.43,10.95,8.05,7.43,-42.22,21.74,22.55,27.51,13.11,11.12,14.18,5,Diversified Consumer Services,Travel Support Services,2025-12-31,2026-02-09
Dredging Corporation Of India Ltd.,DREDGECORP,523618,DREDGECORP,INE506A01018,Shipping,Transportation,889.85,889.85,2491.58,-41.02,Export NA,65.84,126.53,,36.05,15.93,-2.56,Export NA,4.72,0.19,2.2,95.83,8.05,10.04,-21.69,16.02,-2.24,25.06,18.78,-1.03,7.11,14.46,4,Transportation,Shipping,2025-12-31,2026-05-19
Drone Destination Ltd.,DRONE,,DRONE,INE0P7201019,Special Consumer Services,Diversified Consumer Services,46,46,112.24,-16.47,Export NA,,,,33.62,39.07,,Export NA,3.59,4.51,1.84,,10.95,11.75,-2.79,,-11.45,22.55,25.9,-8.6,11.12,3.02,0,Diversified Consumer Services,Special Consumer Services,2025-03-31,2025-11-14
Ducol Organics & Colours Ltd.,DUCOL,,DUCOL,INE0LZO01015,Dyes & Pigments,Chemicals & Petrochemicals,111.35,111.35,181.43,39.23,Export NA,,,26.71,42.23,13.7,,Export NA,3.64,0.6,1.97,,6.18,1.59,2.84,,5.12,13.61,5,3.4,9.15,3.15,4,Chemicals & Petrochemicals,Dyes & Pigments,2025-03-31,2025-11-12
Ducon Infratechnologies Ltd.,DUCON,534674,DUCON,INE741L01018,Heavy Electrical Equipment,General Industrials,3.27,3.27,106.25,8.34,Export NA,21.43,49.98,5.32,58.9,71.23,-3.5,Export NA,5.74,3.65,0.6,1.27,14.56,15.26,0.39,-2.38,8.08,19.77,17.01,4.49,10.29,8.7,6,General Industrials,Heavy Electrical Equipment,2025-12-31,2026-02-12
Durlax Top Surface Ltd.,DURLAX,,DURLAX,INE0OUW01013,Furniture-Furnishing,Diversified Consumer Services,50,50,144.66,19.3,Export NA,,,90.56,33.62,45.68,,Export NA,3.59,0.32,1.31,40.56,10.95,4.56,2.59,,12.99,22.55,10.88,6.53,11.12,7.56,5,Diversified Consumer Services,Furniture-Furnishing,2025-03-31,2026-05-09
Dwarikesh Sugar Industries Ltd.,DWARKESH,532610,DWARKESH,INE366A01041,Sugar,"Food, Beverages & Tobacco",46.91,46.91,869.25,43.99,Export NA,24.18,19.24,97.36,28.35,27.86,0,Export NA,1.73,1.26,1.13,39.05,8.04,2.67,1.07,19171.91,2.89,26.28,9.03,1.59,19.55,4.86,6,"Food, Beverages & Tobacco",Sugar,2025-12-31,2026-05-14
Dynacons Systems & Solutions Ltd.,DSSL,532365,DSSL,INE417B01040,IT Consulting & Software,Software & Services,1354.1,1354.1,1724.73,20.54,Export NA,23.59,23.98,80.92,22.39,21.42,0.9,Export NA,10.02,10.72,5.83,71.61,6.84,6.86,65.92,22.75,31.34,28.07,30.42,9.31,17.17,18.42,5,Software & Services,IT Consulting & Software,2025-12-31,2026-02-14
Dynamatic Technologies Ltd.,DYNAMATECH,505242,DYNAMATECH,INE221B01012,Industrial Machinery,General Industrials,10754,10754,7303.47,203.21,Export NA,87.1,86.47,94.08,58.9,58.76,-3.55,Export NA,5.74,4.45,9.48,95.36,14.56,20.55,52.92,-57.24,5.99,19.77,24.18,2.6,10.29,13.59,5,General Industrials,Industrial Machinery,2025-12-31,2026-05-19
Dynamic Cables Ltd.,DYCL,540795,DYCL,INE600Y01019,Wires & Cables,Consumer Durables,328.7,328.7,1592.83,18.86,Export NA,34.3,8.57,41.39,49.58,48.28,0.62,Export NA,1.45,1.47,3.68,68.53,9.42,9.83,17.42,30.26,17.33,20.69,19.16,10.99,10.95,11.73,4,Consumer Durables,Wires & Cables,2026-03-31,2026-05-12
Dynamic Services & Security Ltd.,DYNAMIC,,DYNAMIC,INE0DZ701010,Misc. Commercial Services,Commercial Services & Supplies,115,115,256.66,15.23,Export NA,,,46.7,31.83,27.25,,Export NA,2.32,0.82,1.32,44.05,5.75,5.02,7.55,,9.08,13.46,17.32,4.33,6.61,12.13,4,Commercial Services & Supplies,Misc. Commercial Services,2025-03-31,2025-11-14
Dynemic Products Ltd.,DYNPRO,532707,DYNPRO,INE256H01015,Specialty Chemicals,Chemicals & Petrochemicals,225.11,225.11,279.78,15.72,Export NA,69.91,50.52,25.83,42.23,47.85,0.89,Export NA,3.64,2.93,1.18,2.83,6.18,7.62,14.32,17.69,6.68,13.61,14.82,3.6,9.15,10.12,7,Chemicals & Petrochemicals,Specialty Chemicals,2025-12-31,2026-02-13
E Factor Experiences Ltd.,EFACTOR,,EFACTOR,INE0KFF01017,Misc. Commercial Services,Commercial Services & Supplies,207.2,207.2,272.08,13.49,Export NA,,,28.82,31.83,27.25,,Export NA,2.32,0.82,3.57,9.61,5.75,5.02,15.36,,28.49,13.46,17.32,13.35,6.61,12.13,1,Commercial Services & Supplies,Misc. Commercial Services,2025-03-31,2025-11-13
E to E Transportation Infrastructure Ltd.,E2ERAIL,,E2ERAIL,INE1CEJ01017,Heavy Electrical Equipment,General Industrials,286.45,286.45,494.34,34.39,Export NA,,,,58.9,71.23,,Export NA,5.74,3.65,3.72,,14.56,15.26,8.33,,12.38,19.77,17.01,4.86,10.29,8.7,5,General Industrials,Heavy Electrical Equipment,2025-03-31,
E2E Networks Ltd.,E2E,,E2E,INE255Z01019,Internet Software & Services,Software & Services,3425.1,3425.1,7040.81,-452.33,Export NA,172.02,73.86,,22.39,32.02,3.41,Export NA,10.02,2.7,4.48,42.94,6.84,6.82,-7.57,-132.77,-0.92,28.07,8.54,-0.66,17.17,6.62,1,Software & Services,Internet Software & Services,2026-03-31,2026-04-20
EFC (I) Ltd.,EFCIL,512008,EFCIL,INE886D01026,Realty,Realty,180.05,180.05,2663.77,15.39,Export NA,82.76,145.4,19.56,37.63,37.32,0.27,Export NA,1.72,1.77,3.13,15.21,3.69,4.38,11.7,57.44,60.53,10.17,11.27,6.63,4.54,5.37,4,Realty,Realty,2025-12-31,2026-02-14
EID Parry (India) Ltd.,EIDPARRY,500125,EIDPARRY,INE126A01031,Other Food & Beverages,"Food, Beverages & Tobacco",804.15,804.15,14307.92,12.03,Export NA,17.65,14.06,44.06,28.35,46.65,0.26,Export NA,1.73,2.98,1.58,88.67,8.04,15.04,66.85,46.45,11.06,26.28,15.61,3.6,19.55,11.14,5,"Food, Beverages & Tobacco",Other Food & Beverages,2025-12-31,2026-02-12
EIH Associated Hotels Ltd.,EIHAHOTELS,523127,EIHAHOTELS,INE276C01014,Hotels,Hotels Restaurants & Tourism,317.55,317.55,1935.03,20.2,Export NA,26.76,43.27,11.91,44.23,40.73,1.24,Export NA,3.41,2.69,3.43,42.11,8.2,7.29,15.72,16.3,17.11,12.41,12.19,14.11,7.26,7.71,7,Hotels Restaurants & Tourism,Hotels,2025-12-31,2026-02-09
EIH Ltd.,EIHOTEL,500840,EIHOTEL,INE230A01023,Hotels,Hotels Restaurants & Tourism,317.9,317.9,19880.33,30.89,Export NA,34.78,39.79,9.5,44.23,40.73,-3.33,Export NA,3.41,2.69,4.02,77.13,8.2,7.29,10.29,-9.28,16.03,12.41,12.19,12.66,7.26,7.71,7,Hotels Restaurants & Tourism,Hotels,2025-12-31,2026-02-10
EMA Partners India Ltd.,EMAPARTNER,,EMAPARTNER,INE0ZOL01023,Misc. Commercial Services,Commercial Services & Supplies,88.8,88.8,206.43,16.78,Export NA,,,11.02,31.83,27.25,,Export NA,2.32,0.82,1.41,9.45,5.75,5.02,5.29,,8,13.46,17.32,7.21,6.61,12.13,3,Commercial Services & Supplies,Misc. Commercial Services,2026-03-31,2026-04-23
EMS Ltd.,EMSLIMITED,543983,EMSLIMITED,INE0OV601013,Waste Management,Utilities,332.4,332.4,1845.84,14.03,Export NA,19.89,,11.81,24.91,21.35,-0.49,Export NA,27.85,23.64,1.74,4.45,5.52,3.27,23.69,-28.76,18.81,14.21,16.23,15.75,5.38,11.16,6,Utilities,Waste Management,2025-12-31,2026-02-13
EPACK Durables Ltd.,EPACK,544095,EPACK,INE0G5901015,Consumer Electronics,Consumer Durables,243.8,243.8,2346.05,57.29,Export NA,,,28.19,49.58,57.15,-6.03,Export NA,1.45,1.69,2.44,8.33,9.42,10.85,4.26,-9.51,5.79,20.69,24.42,2.73,10.95,9.83,6,Consumer Durables,Consumer Electronics,2025-12-31,2026-01-20
EPL Ltd.,EPL,500135,EPL,INE255A01020,Containers & Packaging,Commercial Services & Supplies,228.31,228.31,7311.63,18.27,Export NA,26.52,26.3,26.32,31.83,23.27,0.37,Export NA,2.32,5.49,2.7,18.98,5.75,2.74,12.5,49.93,15.24,13.46,10.99,8.96,6.61,7.3,7,Commercial Services & Supplies,Containers & Packaging,2025-12-31,2026-05-14
EPW India Ltd.,EPWINDIA,,EPWINDIA,INE1KEC01023,Computer Hardware,Hardware Technology & Equipment,142,142,163.01,40.3,Export NA,,,100,29.02,32.67,,Export NA,0.51,0.5,16.04,100,14.15,6,3.52,,80.81,28.88,17.87,15.62,10.48,10.14,4,Hardware Technology & Equipment,Computer Hardware,2025-06-30,
EPack Prefab Technologies Ltd.,EPACKPEB,544540,EPACKPEB,INE0MLS01022,Construction & Engineering,Cement and Construction,191.58,191.58,1927.85,23.41,Export NA,,,33.78,35.74,31.41,,Export NA,3.26,5.1,2.73,,4.05,4.95,8.19,,16.82,11.25,12.93,6.37,4.61,4.29,5,Cement and Construction,Construction & Engineering,2025-12-31,2026-01-21
ESAF Small Finance Bank Ltd.,ESAFSFB,544020,ESAFSFB,INE818W01011,Microfinance Institutions,Banking and Finance,28.61,28.61,1475.35,-8.87,Export NA,4.44,,,22.6,26.38,-0.13,Export NA,2.78,0.95,0.84,51.46,6.23,3.09,-3.23,68.09,-9.31,16.76,10.44,-0.53,4.85,1.32,1,Banking and Finance,Microfinance Institutions,2026-03-31,2026-04-30
Eastern Silk Industries Ltd.,EASTSILK,590022,EASTSILK,INE962C01035,Textiles,Textiles Apparels & Accessories,59.65,59.65,29.82,8.87,Export NA,7.86,7.86,70.03,53.79,32.96,0.03,Export NA,2.24,6.53,0.47,,15.41,3.67,6.73,332.75,6.36,22.86,11.51,2.63,8.26,7.43,4,Textiles Apparels & Accessories,Textiles,2025-12-31,2026-02-14
Easy Trip Planners Ltd.,EASEMYTRIP,543272,EASEMYTRIP,INE07O001026,Travel Support Services,Diversified Consumer Services,7.35,7.35,2673.09,-263.06,Export NA,45.87,58.9,,33.62,32.03,2.32,Export NA,3.59,3.35,3.08,0.31,10.95,8.05,-0.03,-113.33,14.9,22.55,27.51,9.3,11.12,14.18,4,Diversified Consumer Services,Travel Support Services,2025-12-31,2026-02-14
Ecoline Exim Ltd.,ECOLINE,,ECOLINE,INE0VBS01016,Textiles,Textiles Apparels & Accessories,127.2,127.2,260.96,12.93,Export NA,,,88.24,53.79,32.96,,Export NA,2.24,6.53,1.66,88.24,15.41,3.67,9.84,,12.3,22.86,11.51,8.16,8.26,7.43,3,Textiles Apparels & Accessories,Textiles,2026-03-31,2026-05-09
Ecos (India) Mobility & Hospitality Ltd.,ECOSMOBLTY,544239,ECOSMOBLTY,INE06HJ01020,Transport Related Services,Transportation,136.99,136.99,821.94,13.72,Export NA,,,6.25,36.05,36.41,-85.31,Export NA,4.72,0.2,3.3,2.64,8.05,5.81,9.98,-0.16,27.1,25.06,15.81,17.6,7.11,10.03,6,Transportation,Transport Related Services,2025-12-31,2026-05-25
Edelweiss BSE Capital Markets & Insurance ETF,ECAPINSURE,544326,ECAPINSURE,INF754K01TX4,Others,Others,24.14,24.14,,,Export NA,,,,,,,Export NA,,,,,,,,,,,,,,,,Others,Others,,
Edelweiss BSE Sensex ETF,ESENSEX,544618,ESENSEX,INF754K01VY8,Others,Others,74.67,74.67,,,Export NA,,,,,,,Export NA,,,,,,,,,,,,,,,,Others,Others,,
Edelweiss Bharat Bond ETF - April 2030,EBBETF0430,542909,EBBETF0430,INF754K01KO2,Others,Others,1573.02,1573.02,,,Export NA,,,,,,,Export NA,,,,,,,,,,,,,,,,Others,Others,,
Edelweiss Bharat Bond ETF - April 2031,EBBETF0431,543216,EBBETF0431,INF754K01LE1,Others,Others,1401.06,1401.06,,,Export NA,,,,,,,Export NA,,,,,,,,,,,,,,,,Others,Others,,
Edelweiss Bharat Bond ETF - April 2032,BBETF0432,543418,BBETF0432,INF754K01OB1,Others,Others,1317.41,1317.41,,,Export NA,,,,,,,Export NA,,,,,,,,,,,,,,,,Others,Others,,
Edelweiss Bharat Bond ETF - April 2033,EBBETF0433,543699,EBBETF0433,INF754K01QX0,Others,Others,1274.73,1274.73,,,Export NA,,,,,,,Export NA,,,,,,,,,,,,,,,,Others,Others,,
Edelweiss Financial Services Ltd.,EDELWEISS,532922,EDELWEISS,INE532F01054,Other Financial Services,Banking and Finance,118.8,118.8,11244.8,20.57,Export NA,23.39,23.58,61.59,22.6,36.93,0.56,Export NA,2.78,3.57,2.4,83.58,6.23,99.98,5.78,37.06,11.82,16.76,19.97,1.24,4.85,11.89,7,Banking and Finance,Other Financial Services,2026-03-31,2026-04-30
Edelweiss Gold ETF,EGOLD,140518539,EGOLD,INF754K01SE6,Others,Others,150.2,150.2,,,Export NA,,,,,,,Export NA,,,,,,,,,,,,,,,,Others,Others,,
Edelweiss Nifty 1D Rate Liquid ETF - Growth,ELIQUID,544573,ELIQUID,INF754K01VW2,Others,Others,1030.33,1030.33,,,Export NA,,,,,,,Export NA,,,,,,,,,,,,,,,,Others,Others,,
Edelweiss Nifty 50 ETF,ENIFTY,,ENIFTY,INF754K01VX0,Others,Others,23.43,23.43,,,Export NA,,,,,,,Export NA,,,,,,,,,,,,,,,,Others,Others,,
Edelweiss Nifty Bank ETF,EBANKNIFTY,,EBANKNIFTY,INF754K01TE4,Others,Others,53.93,53.93,,,Export NA,,,,,,,Export NA,,,,,,,,,,,,,,,,Others,Others,,
Edelweiss Nifty LargeMidcap 250 ETF,ELM250,,ELM250,INF754K01VV4,Others,Others,15.97,15.97,,,Export NA,,,,,,,Export NA,,,,,,,,,,,,,,,,Others,Others,,
Edelweiss Nifty500 Multicap Momentum Quality 50 ETF,EMULTIMQ,,EMULTIMQ,INF754K01TF1,Others,Others,41.86,41.86,,,Export NA,,,,,,,Export NA,,,,,,,,,,,,,,,,Others,Others,,
Edelweiss Silver ETF,ESILVER,140518548,ESILVER,INF754K01SF3,Others,Others,262.27,262.27,,,Export NA,,,,,,,Export NA,,,,,,,,,,,,,,,,Others,Others,,
Educomp Solutions Ltd.,EDUCOMP,532696,EDUCOMP,INE216H01027,Education,Diversified Consumer Services,0.99,0.99,12.12,-0.38,Export NA,-0.73,-0.53,,33.62,20.12,-0.08,Export NA,3.59,2.38,0,,10.95,20.81,-2.62,4.93,0,22.55,17.9,-15.19,11.12,11.62,1,Diversified Consumer Services,Education,2025-03-31,2018-02-02
Effwa Infra & Research Ltd.,EFFWA,,EFFWA,INE0U9101019,Construction & Engineering,Cement and Construction,252.9,252.9,585.39,29.11,Export NA,,,99.13,35.74,31.41,,Export NA,3.26,5.1,5.57,40.87,4.05,4.95,8.69,,21.19,11.25,12.93,13.43,4.61,4.29,2,Cement and Construction,Construction & Engineering,2025-03-31,2026-05-12
Eicher Motors Ltd.,EICHERMOT,505200,EICHERMOT,INE066A01021,2/3 Wheelers,Automobiles & Auto Components,7126,7126,195472.88,36.49,Export NA,35.61,38.99,38.32,32.11,35.79,1.77,Export NA,5.07,1.03,8.38,56.76,6.96,10.2,195.31,20.59,22.23,19.05,25.81,17.42,9.43,13.18,5,Automobiles & Auto Components,2/3 Wheelers,2025-12-31,2026-02-10
Eimco Elecon (India) Ltd.,EIMCOELECO,523708,EIMCOELECO,INE158B01016,Industrial Machinery,General Industrials,1561.7,1561.7,900.85,23.27,Export NA,28.28,28.33,74.73,58.9,58.76,-1.12,Export NA,5.74,4.45,1.95,78.42,14.56,20.55,67.11,-20.84,8.28,19.77,24.18,7.38,10.29,13.59,4,General Industrials,Industrial Machinery,2026-03-31,2026-04-14
Elantas Beck India Ltd.,,500123,ELANTAS,INE280B01018,Specialty Chemicals,Chemicals & Petrochemicals,9593.8,9593.8,7605.68,51.47,Export NA,59.2,54.44,80.68,42.23,47.85,8.74,Export NA,3.64,2.93,7.54,64.37,6.18,7.62,186.41,5.89,14.65,13.61,14.82,12.67,9.15,10.12,6,Chemicals & Petrochemicals,Specialty Chemicals,2025-12-31,2026-05-12
Elcid Investments Ltd.,,503681,ELCIDIN,INE927X01018,Misc. Commercial Services,Commercial Services & Supplies,119000,119000,2380,18.28,Export NA,17.64,17.13,68.88,31.83,27.25,-0.59,Export NA,2.32,0.82,0.25,56.5,5.75,5.02,6510.06,-30.91,1.66,13.46,17.32,1.44,6.61,12.13,6,Commercial Services & Supplies,Misc. Commercial Services,2025-12-31,2026-01-28
Eldeco Housing & Industries Ltd.,ELDEHSG,523329,ELDEHSG,INE668G01021,Realty,Realty,814.1,814.1,800.5,35.31,Export NA,32.24,9.78,91.6,37.63,37.32,-1.45,Export NA,1.72,1.77,1.98,60.56,3.69,4.38,23.06,-24.34,5.59,10.17,11.27,2.61,4.54,5.37,2,Realty,Realty,2025-12-31,2026-02-10
Elecon Engineering Company Ltd.,ELECON,505700,ELECON,INE205B01031,Industrial Machinery,General Industrials,502,502,11264.87,33.02,Export NA,32.56,32.21,76.87,58.9,58.76,-1.85,Export NA,5.74,4.45,4.86,83.17,14.56,20.55,15.2,-17.81,14.79,19.77,24.18,10.54,10.29,13.59,4,General Industrials,Industrial Machinery,2026-03-31,2026-04-15
Electro Force (India) Ltd.,EFORCE,,EFORCE,INE0Q1W01012,Electronic Components,Commercial Services & Supplies,25.2,25.2,58.97,46.06,Export NA,,,50.44,31.83,88.21,,Export NA,2.32,15.22,0.82,,5.75,18.3,0.55,,1.79,13.46,12.44,1.67,6.61,7.37,6,Commercial Services & Supplies,Electronic Components,2025-03-31,2025-11-13
Electronics Mart India Ltd.,EMIL,543626,EMIL,INE02YR01019,Specialty Retail,Retailing,113.53,113.53,4368.05,44.18,Export NA,34.44,,72.48,78.39,54.96,-1.06,Export NA,6.4,18.36,2.75,12.8,19.94,7.79,2.57,-41.54,10.45,10.74,13.46,4.32,6.91,6.43,4,Retailing,Specialty Retail,2025-12-31,2026-02-09
Electrosteel Castings Ltd.,ELECTCAST,500128,ELECTCAST,INE086A01029,Iron & Steel/Interm.Products,Metals & Mining,85.01,85.01,5255.19,16.75,Export NA,10.81,11.7,85.96,23.8,32.33,-0.28,Export NA,1.11,0.78,0.89,81.22,5.3,3.24,5.08,-59.16,12.27,19.76,6.78,7.31,9.83,3.42,5,Metals & Mining,Iron & Steel/Interm.Products,2025-12-31,2026-05-18
Electrotherm (India) Ltd.,ELECTHERM,526608,ELECTHERM,INE822G01016,Iron & Steel Products,Metals & Mining,722.05,722.05,920.09,5.89,Export NA,3.09,3.09,97.05,23.8,30.63,-0.1,Export NA,1.11,1.79,-4.85,,5.3,6.46,122.59,-56.69,-278.46,19.76,18.83,23.04,9.83,10.86,4,Metals & Mining,Iron & Steel Products,2025-12-31,2026-02-11
Eleganz Interiors Ltd.,ELGNZ,,ELGNZ,INE0R9101015,Furniture-Furnishing,Diversified Consumer Services,75.7,75.7,171.08,8.26,Export NA,,,,33.62,45.68,,Export NA,3.59,0.32,1.11,,10.95,4.56,9.16,,13.58,22.55,10.88,9.02,11.12,7.56,6,Diversified Consumer Services,Furniture-Furnishing,2025-03-31,2025-11-03
Elgi Equipments Ltd.,ELGIEQUIP,522074,ELGIEQUIP,INE285A01027,Compressors & Pumps,General Industrials,522.95,522.95,16572.76,41,Export NA,53.49,56.82,18.61,58.9,41.93,1.67,Export NA,5.74,12.75,7.89,61.28,14.56,9.18,12.75,24.6,18.77,19.77,25.94,11.51,10.29,15.1,6,General Industrials,Compressors & Pumps,2025-12-31,2026-02-11
Elgi Rubber Company Ltd.,ELGIRUBCO,590023,ELGIRUBCO,INE819L01012,Auto Tyres & Rubber Products,Automobiles & Auto Components,49.98,49.98,250.15,-4.7,Export NA,30.57,32.58,,32.11,25.9,0.01,Export NA,5.07,0.9,1.81,92.25,6.96,2.87,-10.63,-585.62,-2.43,19.05,10.97,-0.83,9.43,6.34,4,Automobiles & Auto Components,Auto Tyres & Rubber Products,2025-12-31,2026-02-12
Elin Electronics Ltd.,ELIN,543725,ELIN,INE050401020,Household Appliances,Consumer Durables,118.27,118.27,587.91,14.49,Export NA,46.88,,3.01,49.58,47.95,0.09,Export NA,1.45,3.33,1.05,1.44,9.42,5.18,8.16,159.46,5.48,20.69,13.31,4.02,10.95,7.54,6,Consumer Durables,Household Appliances,2025-12-31,2026-02-06
Elitecon International Ltd.,,539533,ELITECON,INE669R01026,Commodity Trading  & Distribution,Commercial Services & Supplies,33.59,33.59,5369.36,16.75,Export NA,359.05,359.05,,31.83,33.18,,Export NA,2.32,1.21,8.48,37.13,5.75,5.32,2.01,,43.46,13.46,12.19,27.75,6.61,4.31,1,Commercial Services & Supplies,Commodity Trading  & Distribution,2025-12-31,2026-03-07
Ellenbarrie Industrial Gases Ltd.,ELLEN,544421,ELLEN,INE236E01022,Industrial Gases,General Industrials,287.7,287.7,4054.72,40.64,Export NA,,,42.45,58.9,32.76,,Export NA,5.74,3.26,4.28,,14.56,14.66,7.08,,17.71,19.77,12.37,9.84,10.29,8.89,3,General Industrials,Industrial Gases,2025-12-31,2026-01-31
Elpro International Ltd.,,504000,ELPROINTL,INE579B01039,Realty,Realty,165.05,165.05,2797.25,32.01,Export NA,21.27,17.66,67.97,37.63,37.32,1,Export NA,1.72,1.77,1.32,54.78,3.69,4.38,5.16,32.16,4.3,10.17,11.27,2.41,4.54,5.37,6,Realty,Realty,2026-03-31,2026-04-28
Emami Ltd.,EMAMILTD,531162,EMAMILTD,INE548C01032,Personal Products,FMCG,432.4,432.4,18874.26,23.76,Export NA,33.78,30.71,6.52,49.72,42.44,176.16,Export NA,14.09,18.07,5.81,8.74,20.61,13.33,18.2,0.13,29.92,37.93,33.56,22.82,19.27,18.98,7,FMCG,Personal Products,2025-12-31,2026-05-21
Emami Paper Mills Ltd.,EMAMIPAP,533208,EMAMIPAP,INE830C01026,Paper & Paper Products,Commercial Services & Supplies,78.81,78.81,476.79,14.11,Export NA,14.93,12.31,39.59,31.83,22.88,-0.45,Export NA,2.32,0.52,0.8,9.53,5.75,4.07,5.59,-31.41,5.08,13.46,8.09,1.43,6.61,4.93,6,Commercial Services & Supplies,Paper & Paper Products,2025-12-31,2026-02-12
Emami Realty Ltd.,EMAMIREAL,533218,EMAMIREAL,INE778K01012,Realty,Realty,101.14,101.14,526.27,-2.59,Export NA,,31.08,,37.63,37.32,0.04,Export NA,1.72,1.77,-2.92,,3.69,4.38,-39.07,-73.85,0,10.17,11.27,-5.8,4.54,5.37,1,Realty,Realty,2025-12-31,2026-02-11
Embassy Developments Ltd.,EMBDL,532832,EMBDL,INE069I01010,Realty,Realty,68.04,68.04,9461.87,-22.41,Export NA,81.83,81.83,,37.63,37.32,0.46,Export NA,1.72,1.77,0.94,36,3.69,4.38,-3.04,-48.41,2.14,10.17,11.27,0.97,4.54,5.37,5,Realty,Realty,2025-12-31,2026-02-09
Embassy Office Parks REIT,EMBASSY,542602,EMBASSY,INE041025011,REITs-InvITs,Realty,422.35,422.35,40034.29,,Export NA,30.17,39.51,,37.63,46.38,,Export NA,1.72,3.82,1.67,91.63,3.69,1.66,,,1.62,10.17,6.22,0.67,4.54,1.93,5,Realty,REITs-InvITs,2026-03-31,2024-07-25
Emcure Pharmaceuticals Ltd.,EMCURE,544210,EMCURE,INE168P01015,Pharmaceuticals,Pharmaceuticals & Biotechnology,1657.5,1657.5,31424.46,34,Export NA,,,31.72,42.18,42.23,0.95,Export NA,2.39,2.39,6.32,53.08,7.57,7.72,48.76,35.67,18.67,17.72,18.15,9.61,11.9,12.17,6,Pharmaceuticals & Biotechnology,Pharmaceuticals,2026-03-31,2026-05-05
Emerald Tyre Manufacturers Ltd.,ETML,,ETML,INE0RHD01013,Auto Tyres & Rubber Products,Automobiles & Auto Components,86.9,86.9,169.25,16.22,Export NA,,,,32.11,25.9,,Export NA,5.07,0.9,1.5,,6.96,2.87,5.36,,9.54,19.05,10.97,4.4,9.43,6.34,4,Automobiles & Auto Components,Auto Tyres & Rubber Products,2025-03-31,2025-11-10
Emkay Global Financial Services Ltd.,EMKAY,532737,EMKAY,INE296H01011,Capital Markets,Banking and Finance,210.1,210.1,561.28,31.13,Export NA,14.78,13.67,84.44,22.6,49.83,-0.45,Export NA,2.78,1.85,1.83,73.91,6.23,18.07,6.75,-69.4,18.74,16.76,28.37,4.6,4.85,12.93,4,Banking and Finance,Capital Markets,2025-12-31,2026-05-15
Emkay Taps and Cutting Tools Ltd.,EMKAYTOOLS,,EMKAYTOOLS,INE332S01011,Industrial Machinery,General Industrials,107.65,107.65,114.88,4.28,Export NA,10.79,10.56,,58.9,58.76,,Export NA,5.74,4.45,0.4,,14.56,20.55,25.13,,9.32,19.77,24.18,8.97,10.29,13.59,3,General Industrials,Industrial Machinery,2025-03-31,2025-11-14
Emkay Tools Ltd.,ETL,,ETL,INE0PXC01024,Industrial Machinery,General Industrials,1022,1022,1090.61,,Export NA,,,,58.9,58.76,,Export NA,5.74,4.45,10.36,3.51,14.56,20.55,,,53.24,19.77,24.18,40.27,10.29,13.59,4,General Industrials,Industrial Machinery,2025-03-31,2025-11-14
Emmbi Industries Ltd.,EMMBI,533161,EMMBI,INE753K01015,Containers & Packaging,Commercial Services & Supplies,80.36,80.36,154.61,22.31,Export NA,26.83,21.36,5.46,31.83,23.27,0.49,Export NA,2.32,5.49,0.78,4.62,5.75,2.74,3.6,45.51,3.34,13.46,10.99,1.51,6.61,7.3,3,Commercial Services & Supplies,Containers & Packaging,2025-12-31,2026-02-14
Emmvee Photovoltaic Power Ltd.,EMMVEE,544608,EMMVEE,INE1C6T01020,Other Electrical Equipment/Products,Consumer Durables,264.25,264.25,18295.22,16.92,Export NA,,,60.68,49.58,41.19,0.09,Export NA,1.45,1.34,14.75,100,9.42,8.51,15.62,193.1,29.27,20.69,21.67,18.73,10.95,11.03,7,Consumer Durables,Other Electrical Equipment/Products,2026-03-31,2026-04-28
Empower India Ltd.,,504351,EMPOWER,INE507F01023,IT Consulting & Software,Software & Services,2.7,2.7,314.23,79.02,Export NA,36.12,717.22,65.39,22.39,21.42,-1.61,Export NA,10.02,10.72,1.02,97.55,6.84,6.86,0.03,-49.06,1.71,28.07,30.42,1.42,17.17,18.42,5,Software & Services,IT Consulting & Software,2025-12-31,2026-02-13
Encompass Design India Ltd.,ENCOMPAS,,ENCOMPAS,INE433T01015,Other Apparels & Accessories,Textiles Apparels & Accessories,239.75,239.75,340.05,31.5,Export NA,,,,53.79,43.2,,Export NA,2.24,2.85,8.22,,15.41,13.14,7.61,,33.13,22.86,20.14,20.19,8.26,9.64,4,Textiles Apparels & Accessories,Other Apparels & Accessories,2025-03-31,
Endurance Technologies Ltd.,ENDURANCE,540153,ENDURANCE,INE913H01037,Auto Parts & Equipment,Automobiles & Auto Components,2578.8,2578.8,36274.12,39.41,Export NA,44.5,44.79,43.85,32.11,41.7,2.65,Export NA,5.07,3.31,5.6,40.09,6.96,6.81,65.43,14.85,14.62,19.05,15.01,9.15,9.43,7.82,7,Automobiles & Auto Components,Auto Parts & Equipment,2025-12-31,2026-05-14
Energy Development Company Ltd.,ENERGYDEV,532219,ENERGYDEV,INE306C01019,Power - Electric Utilities,Utilities,16.86,16.86,80.08,-5.95,Export NA,,16.46,,24.91,29.95,-0.07,Export NA,27.85,1.43,4.59,89.89,5.52,4.23,-2.83,82.16,-2451.07,14.21,16.2,-50.77,5.38,5.79,4,Utilities,Power - Electric Utilities,2025-12-31,2026-02-13
Energy-Mission Machineries (India) Ltd.,EMMIL,,EMMIL,INE0S1L01013,Industrial Machinery,General Industrials,146.25,146.25,165.65,13.97,Export NA,,,,58.9,58.76,,Export NA,5.74,4.45,1.83,,14.56,20.55,10.47,,14.08,19.77,24.18,8.53,10.29,13.59,3,General Industrials,Industrial Machinery,2025-03-31,2025-11-12
Enfuse Solutions Ltd.,ENFUSE,,ENFUSE,INE0S3X01014,Data Processing Services,Software & Services,191,191,168.99,52.1,Export NA,,,,22.39,39.89,,Export NA,10.02,26.2,4.82,,6.84,12.24,3.67,,9.25,28.07,29.81,4.76,17.17,21.97,1,Software & Services,Data Processing Services,2025-03-31,2024-11-14
Engineers India Ltd.,ENGINERSIN,532178,ENGINERSIN,INE510A01028,Consulting Services,Commercial Services & Supplies,236.95,236.95,13317.59,17.16,Export NA,22.94,24.63,26.06,31.83,18.83,0.2,Export NA,2.32,3.97,4.42,85.49,5.75,5.68,13.8,86.74,21.72,13.46,23.36,11.01,6.61,14.6,7,Commercial Services & Supplies,Consulting Services,2025-12-31,2026-05-21
Enser Communications Ltd.,ENSER,,ENSER,INE0R9I01021,BPO/KPO,Software & Services,16,16,139.46,16.16,Export NA,,,11.3,22.39,25.25,,Export NA,10.02,1.31,3.56,1.74,6.84,4.33,0.99,,25.02,28.07,18.24,11.32,17.17,10.87,1,Software & Services,BPO/KPO,2025-03-31,2025-11-14
Entero Healthcare Solutions Ltd.,ENTERO,544122,ENTERO,INE010601016,Healthcare Services,Healthcare,1210.3,1210.3,5266.12,46.72,Export NA,,,19.06,64.81,49.79,1.86,Export NA,6.11,5.33,2.93,32.3,9.5,10.34,25.91,25.1,5.49,14.74,19.47,3.5,8.39,13.06,4,Healthcare,Healthcare Services,2025-12-31,2026-02-12
Entertainment Network (India) Ltd.,ENIL,532700,ENIL,INE265F01028,Broadcasting & Cable TV,Media,120.47,120.47,574.29,-149.22,Export NA,41.16,41.16,,25.23,18.11,1.01,Export NA,2.2,0.97,0.76,8.98,13.87,1.42,-0.81,-147.13,1.48,20.32,9.89,0.96,15.35,8.83,6,Media,Broadcasting & Cable TV,2025-12-31,2026-05-15
Enviro Infra Engineers Ltd.,EIEL,544290,EIEL,INE0LLY01014,Utilities:Non-Electrical,Utilities,203.03,203.03,3563.79,17.45,Export NA,,,19.05,24.91,15.47,0.68,Export NA,27.85,426.35,3.02,10.92,5.52,5.02,11.64,25.52,17.72,14.21,14.06,11.76,5.38,8.44,5,Utilities,Utilities:Non-Electrical,2025-12-31,2026-02-09
Envirotech Systems Ltd.,ENVIRO,,ENVIRO,INE0SUH01015,Other Industrial Products,General Industrials,107.25,107.25,201.52,14.34,Export NA,,,23.48,58.9,44.01,,Export NA,5.74,4.34,2.88,,14.56,20.86,7.48,,21.99,19.77,22.24,17.36,10.29,12.05,3,General Industrials,Other Industrial Products,2025-03-31,2025-11-11
Epigral Ltd.,EPIGRAL,543332,EPIGRAL,INE071N01016,Specialty Chemicals,Chemicals & Petrochemicals,1246.8,1246.8,5378.86,16.2,Export NA,27.98,,31.17,42.23,47.85,-2.25,Export NA,3.64,2.93,2.51,4.7,6.18,7.62,76.95,-7.19,14.94,13.61,14.82,9.47,9.15,10.12,5,Chemicals & Petrochemicals,Specialty Chemicals,2026-03-31,2026-05-02
Eppeltone Engineers Ltd.,EEPL,,EEPL,INE11HF01010,Other Electrical Equipment/Products,Consumer Durables,110.15,110.15,142.75,13.03,Export NA,,,,49.58,41.19,,Export NA,1.45,1.34,1.69,,9.42,8.51,8.46,,27.39,20.69,21.67,8.85,10.95,11.03,1,Consumer Durables,Other Electrical Equipment/Products,2025-03-31,2025-11-13
Equippp Social Impact Technologies Ltd.,EQUIPPP,590057,EQUIPPP,INE217G01035,IT Consulting & Software,Software & Services,15.4,15.4,158.77,90.07,Export NA,338.4,750.66,36.6,22.39,21.42,0.11,Export NA,10.02,10.72,17.48,16.07,6.84,6.86,0.17,807.91,6.71,28.07,30.42,2.16,17.17,18.42,5,Software & Services,IT Consulting & Software,2025-12-31,2026-02-12
Equitas Small Finance Bank Ltd.,EQUITASBNK,543243,EQUITASBNK,INE063P01018,Microfinance Institutions,Banking and Finance,67.91,67.91,7752.42,75.21,Export NA,31.43,25.73,99.5,22.6,26.38,-2.52,Export NA,2.78,0.95,1.3,29.09,6.23,3.09,0.9,-29.9,1.68,16.76,10.44,0.17,4.85,1.32,1,Banking and Finance,Microfinance Institutions,2026-03-31,2026-04-30
Eris Lifesciences Ltd.,ERIS,540596,ERIS,INE406M01024,Pharmaceuticals,Pharmaceuticals & Biotechnology,1357.6,1357.6,18808.58,43.56,Export NA,51.95,39.28,82.73,42.18,42.23,1.4,Export NA,2.39,2.39,5.88,41.23,7.57,7.72,31.16,31.08,12.32,17.72,18.15,5,11.9,12.17,5,Pharmaceuticals & Biotechnology,Pharmaceuticals,2025-12-31,2026-02-13
Esab India Ltd.,ESABINDIA,500133,ESABINDIA,INE284A01012,Other Industrial Goods,General Industrials,6721,6721,10345.64,49.13,Export NA,50.22,55.3,66.26,58.9,41.26,2.21,Export NA,5.74,2.07,22.51,75.03,14.56,13.23,136.8,22.25,48.55,19.77,30.81,27.1,10.29,18.64,6,General Industrials,Other Industrial Goods,2025-12-31,2026-05-27
Esconet Technologies Ltd.,ESCONET,,ESCONET,INE0RQZ01017,Internet Software & Services,Software & Services,136.5,136.5,178.73,22.35,Export NA,,,,22.39,32.02,,Export NA,10.02,2.7,2.43,,6.84,6.82,6.11,,11.4,28.07,8.54,6.84,17.17,6.62,4,Software & Services,Internet Software & Services,2025-03-31,2025-11-14
Escorts Kubota Ltd.,ESCORTS,500495,ESCORTS,INE042A01014,Commercial Vehicles,Automobiles & Auto Components,2960.7,2960.7,33123.66,13.84,Export NA,33.81,35.91,2.72,32.11,34.76,0.15,Export NA,5.07,1.94,2.71,22.68,6.96,9.25,213.99,90.55,19.34,19.05,20.77,15.15,9.43,7.69,7,Automobiles & Auto Components,Commercial Vehicles,2026-03-31,2026-05-07
Esprit Stones Ltd.,ESPRIT,,ESPRIT,INE0SBP01018,Furniture-Furnishing,Diversified Consumer Services,74.5,74.5,163.49,10.44,Export NA,,,,33.62,45.68,,Export NA,3.59,0.32,1.24,,10.95,4.56,7.14,,11.74,22.55,10.88,5.05,11.12,7.56,6,Diversified Consumer Services,Furniture-Furnishing,2025-03-31,2025-11-14
Essar Shipping Ltd.,ESSARSHPNG,533704,ESSARSHPNG,INE122M01019,Shipping,Transportation,24.03,24.03,497.36,-7.81,Export NA,0.88,0.35,,36.05,15.93,0.07,Export NA,4.72,0.19,-0.2,,8.05,10.04,-3.08,-110.93,-27.73,25.06,18.78,220.34,7.11,14.46,4,Transportation,Shipping,2025-12-31,2026-02-13
Essen Speciality Films Ltd.,ESFL,,ESFL,INE0ITO01014,Furniture-Furnishing,Diversified Consumer Services,125,125,310.49,-76.9,Export NA,61.73,,,33.62,45.68,0.57,Export NA,3.59,0.32,2,1.56,10.95,4.56,-1.63,-134.48,-2.75,22.55,10.88,-1.94,11.12,7.56,2,Diversified Consumer Services,Furniture-Furnishing,2026-03-31,2026-04-25
Ester Industries Ltd.,ESTER,500136,ESTER,INE778B01029,Containers & Packaging,Commercial Services & Supplies,94.42,94.42,921.41,-27.6,Export NA,78.47,27.5,,31.83,23.27,0.15,Export NA,2.32,5.49,1.18,42.17,5.75,2.74,-3.42,-178.54,1.77,13.46,10.99,0.87,6.61,7.3,7,Commercial Services & Supplies,Containers & Packaging,2025-12-31,2026-05-13
Eternal Ltd.,ETERNAL,543320,ETERNAL,INE758T01015,Internet & Catalogue Retail,Retailing,239.98,239.98,231589.11,632.76,Export NA,-21.86,,60.81,78.39,42.45,-20.71,Export NA,6.4,1.62,7.48,61.14,19.94,27.18,0.38,-30.55,1.18,10.74,2.98,0.89,6.91,1.72,5,Retailing,Internet & Catalogue Retail,2026-03-31,2026-04-28
Ethos Ltd.,ETHOSLTD,543532,ETHOSLTD,INE04TZ01018,Specialty Retail,Retailing,2361.3,2361.3,6318.3,66.67,Export NA,79.85,,45.56,78.39,54.96,-42.16,Export NA,6.4,18.36,4.31,,19.94,7.79,35.42,-1.58,9.8,10.74,13.46,6.83,6.91,6.43,2,Retailing,Specialty Retail,2026-03-31,2026-05-12
Eureka Forbes Ltd.,EUREKAFORB,543482,EUREKAFORB,INE0KCE01017,Consumer Electronics,Consumer Durables,499.5,499.5,9664.92,60,Export NA,209.83,,5.36,49.58,57.15,3.3,Export NA,1.45,1.69,2.13,20.53,9.42,10.85,8.33,18.2,3.72,20.69,24.42,2.59,10.95,9.83,7,Consumer Durables,Consumer Electronics,2025-12-31,2026-02-04
Euro India Fresh Foods Ltd.,EIFFL,,EIFFL,INE546V01010,Packaged Foods,FMCG,246.29,246.29,610.8,230.49,Export NA,147.79,315.13,70.11,49.72,67.64,-30.07,Export NA,14.09,6.77,8.39,94.8,20.61,37.36,1.07,-7.67,7.73,37.93,51.25,4.34,19.27,22.23,8,FMCG,Packaged Foods,2025-12-31,2026-02-12
Euro Panel Products Ltd.,EUROBOND,544461,EUROBOND,INE505V01016,Aluminium and Aluminium Products,Metals & Mining,180.81,180.81,442.98,17.98,Export NA,30.16,,20.75,23.8,12.17,,Export NA,1.11,0.85,2.92,19.03,5.3,2.67,10.05,,13.83,19.76,21.32,5.94,9.83,9.07,5,Metals & Mining,Aluminium and Aluminium Products,2025-12-31,2026-02-12
Euro Pratik Sales Ltd.,EUROPRATIK,544519,EUROPRATIK,INE198501012,Furniture-Furnishing,Diversified Consumer Services,270.3,270.3,2762.47,40.63,Export NA,,,59.09,33.62,45.68,,Export NA,3.59,0.32,9.5,2.6,10.95,4.56,6.65,,32.77,22.55,10.88,28.01,11.12,7.56,2,Diversified Consumer Services,Furniture-Furnishing,2025-12-31,2026-05-12
Eurotex Industries & Exports Ltd.,EUROTEXIND,521014,EUROTEXIND,INE022C01012,Textiles,Textiles Apparels & Accessories,15.42,15.42,13.49,7.5,Export NA,,,90.1,53.79,32.96,0.05,Export NA,2.24,6.53,-0.47,,15.41,3.67,2.06,141.29,0,22.86,11.51,-5.39,8.26,7.43,3,Textiles Apparels & Accessories,Textiles,2025-12-31,2026-02-09
Eveready Industries India Ltd.,EVEREADY,531508,EVEREADY,INE128A01029,Household Products,Consumer Durables,317,317,2304.19,13.43,Export NA,34.84,52.64,29.92,49.58,22.2,0.12,Export NA,1.45,0.4,4.8,39.17,9.42,4.27,23.6,108.07,27.53,20.69,21,14.13,10.95,9.27,6,Consumer Durables,Household Products,2026-03-31,2026-04-30
Everest Industries Ltd.,EVERESTIND,508906,EVERESTIND,INE295A01018,Cement & Cement Products,Cement and Construction,380.5,380.5,603.31,-12.87,Export NA,63.42,48.4,,35.74,39.23,0.02,Export NA,3.26,1.71,1.12,21.96,4.05,3.41,-29.56,-707.68,-0.6,11.25,8.66,-0.27,4.61,4.59,1,Cement and Construction,Cement & Cement Products,2025-12-31,2026-02-06
Everest Kanto Cylinder Ltd.,EKC,532684,EKC,INE184H01027,Other Industrial Products,General Industrials,115.72,115.72,1298.47,11.36,Export NA,16.38,14.16,49.89,58.9,44.01,0.74,Export NA,5.74,4.34,0.98,43.05,14.56,20.86,10.18,15.31,8.11,19.77,22.24,6.06,10.29,12.05,5,General Industrials,Other Industrial Products,2025-12-31,2026-02-12
Excel Industries Ltd.,EXCELINDUS,500650,EXCELINDUS,INE369A01029,Specialty Chemicals,Chemicals & Petrochemicals,957.7,957.7,1203.9,15.88,Export NA,52.33,32.52,54.23,42.23,47.85,-3.34,Export NA,3.64,2.93,0.66,0.03,6.18,7.62,60.29,-4.76,5.36,13.61,14.82,4.44,9.15,10.12,7,Chemicals & Petrochemicals,Specialty Chemicals,2025-12-31,2026-05-22
Excellent Wires & Packaging Ltd.,EXCELLENT,,EXCELLENT,INE0Y4801011,Iron & Steel Products,Metals & Mining,138,138,61.69,40.84,Export NA,,,100,23.8,30.63,,Export NA,1.11,1.79,3.15,100,5.3,6.46,3.38,,7.32,19.76,18.83,6.31,9.83,10.86,3,Metals & Mining,Iron & Steel Products,2026-03-31,2026-05-12
Excelsoft Technologies Ltd.,EXCELSOFT,544617,EXCELSOFT,INE606N01019,IT Consulting & Software,Software & Services,84.69,84.69,974.65,20.63,Export NA,,,58.56,22.39,21.42,,Export NA,10.02,10.72,2.36,57.66,6.84,6.86,4.11,,9.34,28.07,30.42,7.37,17.17,18.42,7,Software & Services,IT Consulting & Software,2025-12-31,2026-02-06
Exicom Tele-Systems Ltd.,EXICOM,544133,EXICOM,INE777F01014,Power - Electric Utilities,Utilities,113.99,113.99,1585.37,-5.62,Export NA,,,,24.91,29.95,0,Export NA,27.85,1.43,2.35,29.93,5.52,4.23,-20.28,-1289.79,-17.95,14.21,16.2,-6.59,5.38,5.79,0,Utilities,Power - Electric Utilities,2025-12-31,2026-02-13
Exide Industries Ltd.,EXIDEIND,500086,EXIDEIND,INE302A01020,Auto Parts & Equipment,Automobiles & Auto Components,346.3,346.3,29435.5,34.46,Export NA,41.38,28.64,67.95,32.11,41.7,4.63,Export NA,5.07,3.31,1.97,16.63,6.96,6.81,10.05,7.44,6.14,19.05,15.01,4.02,9.43,7.82,7,Automobiles & Auto Components,Auto Parts & Equipment,2026-03-31,2026-05-04
Exim Routes Ltd.,EXIMROUTES,,EXIMROUTES,INE19I001020,Commodity Trading  & Distribution,Commercial Services & Supplies,131.85,131.85,247.25,36.62,Export NA,,,68.09,31.83,33.18,,Export NA,2.32,1.21,9.86,46.81,5.75,5.32,3.6,,31.69,13.46,12.19,14.17,6.61,4.31,3,Commercial Services & Supplies,Commodity Trading  & Distribution,2025-09-30,2026-01-30
Expleo Solutions Ltd.,EXPLEOSOL,533121,EXPLEOSOL,INE201K01015,IT Consulting & Software,Software & Services,885.75,885.75,1374.66,12.92,Export NA,17.94,24.08,21.14,22.39,21.42,1.06,Export NA,10.02,10.72,1.89,4.37,6.84,6.86,68.55,12.15,16.23,28.07,30.42,12.42,17.17,18.42,7,Software & Services,IT Consulting & Software,2025-12-31,2026-05-13
Exxaro Tiles Ltd.,EXXARO,543327,EXXARO,INE0GFE01026,Ceramics,Consumer Durables,6.72,6.72,300.66,106.19,Export NA,164.55,,81.41,49.58,39.85,0.04,Export NA,1.45,0.57,1.08,11.81,9.42,5.24,0.06,2428.12,1.01,20.69,13.28,0.58,10.95,9.81,8,Consumer Durables,Ceramics,2026-03-31,2026-05-05
FCS Software Solutions Ltd.,FCSSOFT,532666,FCSSOFT,INE512B01022,IT Consulting & Software,Software & Services,1.63,1.63,278.66,-100.56,Export NA,99.21,-1807.65,,22.39,21.42,0.49,Export NA,10.02,10.72,0.65,52.59,6.84,6.86,-0.02,-206.88,1.2,28.07,30.42,0.77,17.17,18.42,6,Software & Services,IT Consulting & Software,2025-12-31,2026-02-09
FDC Ltd.,FDC,531599,FDC,INE258B01022,Pharmaceuticals,Pharmaceuticals & Biotechnology,375.7,375.7,6116.78,28.23,Export NA,25.86,25.68,89.77,42.18,42.23,-1.34,Export NA,2.39,2.39,2.49,18.4,7.57,7.72,13.31,-21.03,11.69,17.72,18.15,9.83,11.9,12.17,6,Pharmaceuticals & Biotechnology,Pharmaceuticals,2025-12-31,2026-02-05
FIEM Industries Ltd.,FIEMIND,532768,FIEMIND,INE737H01014,Auto Parts & Equipment,Automobiles & Auto Components,2196,2196,5779.81,23.75,Export NA,24.25,21.93,87.14,32.11,41.7,0.89,Export NA,5.07,3.31,5.05,91.8,6.96,6.81,92.48,26.58,19.73,19.05,15.01,14.39,9.43,7.82,9,Automobiles & Auto Components,Auto Parts & Equipment,2025-12-31,2026-02-11
FSN E-Commerce Ventures Ltd.,NYKAA,543384,NYKAA,INE388Y01029,Internet & Catalogue Retail,Retailing,260.65,260.65,74637.33,528.07,Export NA,1287.58,1542.05,8.7,78.39,42.45,3.14,Export NA,6.4,1.62,51.27,84.13,19.94,27.18,0.49,168.04,5.07,10.74,2.98,1.66,6.91,1.72,7,Retailing,Internet & Catalogue Retail,2025-12-31,2026-02-05
Fabtech Technologies Ltd.,FABTECH,544558,FABTECH,INE0HF201011,Misc. Commercial Services,Commercial Services & Supplies,162.8,162.8,723.66,18.87,Export NA,,,53.1,31.83,27.25,-1.08,Export NA,2.32,0.82,3.59,61.38,5.75,5.02,8.63,-17.43,26.83,13.46,17.32,10.89,6.61,12.13,3,Commercial Services & Supplies,Misc. Commercial Services,2026-03-31,2026-04-27
Fairchem Organics Ltd.,FAIRCHEMOR,543252,FAIRCHEMOR,INE0DNW01011,Commodity Chemicals,Chemicals & Petrochemicals,590.4,590.4,768.75,138.75,Export NA,45.98,39.38,91.44,42.23,39.75,-1.86,Export NA,3.64,7.92,2.62,3.85,6.18,4.79,4.26,-74.79,2.1,13.61,12.96,1.41,9.15,8.15,5,Chemicals & Petrochemicals,Commodity Chemicals,2026-03-31,2026-05-06
Falcon Technoprojects India Ltd.,FALCONTECH,,FALCONTECH,INE0PQK01013,Consulting Services,Commercial Services & Supplies,14.1,14.1,37.77,32.38,Export NA,,,91.11,31.83,18.83,,Export NA,2.32,3.97,0.85,63.89,5.75,5.68,0.44,,5.13,13.46,23.36,2.94,6.61,14.6,4,Commercial Services & Supplies,Consulting Services,2025-03-31,2025-10-13
Faze Three Ltd.,FAZE3Q,530079,FAZE3Q,INE963C01033,Textiles,Textiles Apparels & Accessories,449.85,449.85,1093.99,34.84,Export NA,26.34,21.14,83.19,53.79,32.96,-14.93,Export NA,2.24,6.53,2.53,52.23,15.41,3.67,12.91,-2.33,11.03,22.86,11.51,5.92,8.26,7.43,5,Textiles Apparels & Accessories,Textiles,2025-12-31,2026-02-12
Fedbank Financial Services Ltd.,FEDFINA,544027,FEDFINA,INE007N01010,Finance (including NBFCs),Banking and Finance,149.51,149.51,5596.5,16.29,Export NA,21.17,,33.22,22.6,26.34,0.31,Export NA,2.78,2.13,2,53.55,6.23,3.86,9.18,52.58,11.74,16.76,13.65,2.03,4.85,6.73,4,Banking and Finance,Finance (including NBFCs),2026-03-31,2026-04-28
Fedders Holding Ltd.,,511628,FEDDERSHOL,INE417D01020,Finance (including NBFCs),Banking and Finance,33.99,33.99,684.61,9.23,Export NA,21.47,100.44,25.23,22.6,26.34,0.13,Export NA,2.78,2.13,0.98,82.61,6.23,3.86,3.68,71.31,5.99,16.76,13.65,5.02,4.85,6.73,2,Banking and Finance,Finance (including NBFCs),2025-12-31,2026-02-13
Federal Bank Ltd.,FEDERALBNK,500469,FEDERALBNK,INE171A01029,Banks,Banking and Finance,284.8,284.8,70213.77,16.16,Export NA,12.88,12.82,94.34,22.6,13.77,3.6,Export NA,2.78,1.95,1.88,90.2,6.23,1.84,17.63,4.48,10.85,16.76,13.01,1.08,4.85,1.37,5,Banking and Finance,Banks,2026-03-31,2026-04-29
Federal-Mogul Goetze (India) Ltd.,FMGOETZE,505744,FMGOETZE,INE529A01010,Auto Parts & Equipment,Automobiles & Auto Components,443.4,443.4,2466.73,13.63,Export NA,16.62,20.52,6.06,32.11,41.7,0.51,Export NA,5.07,3.31,1.77,13.87,6.96,6.81,32.52,26.54,12.77,19.05,15.01,9.19,9.43,7.82,8,Automobiles & Auto Components,Auto Parts & Equipment,2025-12-31,2026-02-10
Felix Industries Ltd.,FELIX,,FELIX,INE901X01013,Other Industrial Products,General Industrials,214.7,214.7,369.42,40.54,Export NA,53.14,53.14,44.28,58.9,44.01,,Export NA,5.74,4.34,2.5,6.76,14.56,20.86,5.3,,10.18,19.77,22.24,6.13,10.29,12.05,3,General Industrials,Other Industrial Products,2025-12-31,2026-02-13
Fermenta Biotech Ltd.,,506414,FERMENTA,INE225B01021,Pharmaceuticals,Pharmaceuticals & Biotechnology,286.1,286.1,842.02,9.59,Export NA,12.19,32.76,22.45,42.18,42.23,0.06,Export NA,2.39,2.39,2.09,58.85,7.57,7.72,29.83,148.48,21.19,17.72,18.15,12.5,11.9,12.17,8,Pharmaceuticals & Biotechnology,Pharmaceuticals,2025-12-31,2026-02-09
Fiberweb (India) Ltd.,FIBERWEB,507910,FIBERWEB,INE296C01020,Textiles,Textiles Apparels & Accessories,37.01,37.01,106.56,6.44,Export NA,12.88,11.03,19.28,53.79,32.96,0.29,Export NA,2.24,6.53,0.57,15.91,15.41,3.67,5.75,22.47,8.5,22.86,11.51,7.8,8.26,7.43,6,Textiles Apparels & Accessories,Textiles,2025-12-31,2026-05-14
Fidel Softech Ltd.,FIDEL,,FIDEL,INE0LQQ01019,IT Consulting & Software,Software & Services,193,193,265.39,19.22,Export NA,29.27,,12.6,22.39,21.42,,Export NA,10.02,10.72,5.43,73.23,6.84,6.86,10.04,,24.67,28.07,30.42,11.58,17.17,18.42,3,Software & Services,IT Consulting & Software,2026-03-31,2026-04-27
Filatex Fashions Ltd.,FILATFASH,532022,FILATFASH,INE185E01021,Textiles,Textiles Apparels & Accessories,0.25,0.25,208.35,49.12,Export NA,86.89,6068.28,46.06,53.79,32.96,-0.84,Export NA,2.24,6.53,0.09,28.91,15.41,3.67,0.01,-58.67,0.4,22.86,11.51,0.38,8.26,7.43,6,Textiles Apparels & Accessories,Textiles,2025-12-31,2026-02-14
Filatex India Ltd.,FILATEX,526227,FILATEX,INE816B01035,Textiles,Textiles Apparels & Accessories,42.37,42.37,1881.48,10.27,Export NA,19.4,17.4,9.23,53.79,32.96,0.28,Export NA,2.24,6.53,1.29,57.17,15.41,3.67,4.13,36.92,12.17,22.86,11.51,7.41,8.26,7.43,7,Textiles Apparels & Accessories,Textiles,2026-03-31,2026-05-01
Finbud Financial Services Ltd.,FINBUD,,FINBUD,INE0EDU01014,Other Financial Services,Banking and Finance,121.55,121.55,231.55,27.25,Export NA,,,,22.6,36.93,,Export NA,2.78,3.57,5.22,,6.23,99.98,4.46,,23.61,16.76,19.97,12.32,4.85,11.89,3,Banking and Finance,Other Financial Services,2025-03-31,
Fine Organic Industries Ltd.,FINEORG,541557,FINEORG,INE686Y01026,Specialty Chemicals,Chemicals & Petrochemicals,4577,4577,14033.08,35.37,Export NA,34.6,38.88,47.79,42.23,47.85,-4.85,Export NA,3.64,2.93,5.5,0.77,6.18,7.62,129.39,-7.3,17.88,13.61,14.82,16.35,9.15,10.12,4,Chemicals & Petrochemicals,Specialty Chemicals,2025-12-31,2026-05-19
Fineotex Chemical Ltd.,FCL,533333,FCL,INE045J01034,Specialty Chemicals,Chemicals & Petrochemicals,27.12,27.12,3158.13,32.52,Export NA,29.89,38.64,70.71,42.23,47.85,-1.81,Export NA,3.64,2.93,3.5,45.64,6.18,7.62,0.83,-17.94,14.79,13.61,14.82,13.28,9.15,10.12,4,Chemicals & Petrochemicals,Specialty Chemicals,2025-12-31,2026-05-15
Finkurve Financial Services Ltd.,FINKURVE,508954,FINKURVE,INE734I01027,Finance (including NBFCs),Banking and Finance,67.1,67.1,939.74,42.9,Export NA,79.49,82.39,11.11,22.6,26.34,2.24,Export NA,2.78,2.13,2.8,0.16,6.23,3.86,1.56,19.15,8.43,16.76,13.65,3.64,4.85,6.73,4,Banking and Finance,Finance (including NBFCs),2025-12-31,2026-02-06
Fino Payments Bank Ltd.,FINOPB,543386,FINOPB,INE02NC01014,Microfinance Institutions,Banking and Finance,125.88,125.88,1047.55,19.97,Export NA,26.6,34.04,4.13,22.6,26.38,-0.46,Export NA,2.78,0.95,1.37,0.81,6.23,3.09,6.3,-43.3,6.51,16.76,10.44,0.98,4.85,1.32,3,Banking and Finance,Microfinance Institutions,2026-03-31,2026-04-29
Finolex Cables Ltd.,FINCABLES,500144,FINCABLES,INE235A01022,Wires & Cables,Consumer Durables,1073.5,1073.5,16418.03,24.11,Export NA,23.53,22.28,73.63,49.58,48.28,-11.84,Export NA,1.45,1.47,2.81,52.69,9.42,9.83,44.53,-2.04,12.75,20.69,19.16,11.14,10.95,11.73,4,Consumer Durables,Wires & Cables,2025-12-31,2026-02-10
Finolex Industries Ltd.,FINPIPE,500940,FINPIPE,INE183A01024,Plastic Products,General Industrials,168.13,168.13,10432.08,20.77,Export NA,24.53,27.06,57.65,58.9,35.79,-0.56,Export NA,5.74,3.64,1.73,12.36,14.56,7.73,8.1,-37.23,13.12,19.77,14.6,10.83,10.29,10.46,7,General Industrials,Plastic Products,2025-12-31,2026-01-31
Firstsource Solutions Ltd.,FSL,532809,FSL,INE684F01012,BPO/KPO,Software & Services,249.09,249.09,17361.34,25.74,Export NA,38.9,28.69,76.95,22.39,25.25,1.91,Export NA,10.02,1.31,3.87,77.19,6.84,4.33,9.68,13.45,15.38,28.07,18.24,7.23,17.17,10.87,6,Software & Services,BPO/KPO,2026-03-31,2026-05-06
Fischer Medical Ventures Ltd.,FISCHER,524743,FISCHER,INE771F01041,Commodity Chemicals,Chemicals & Petrochemicals,35.3,35.3,2289.26,58.03,Export NA,4257.12,3801.76,1.99,42.23,39.75,0.04,Export NA,3.64,7.92,6.04,33.47,6.18,4.79,0.61,1498.76,0.35,13.61,12.96,0.26,9.15,8.15,2,Chemicals & Petrochemicals,Commodity Chemicals,2025-12-31,2026-01-30
Five-Star Business Finance Ltd.,FIVESTAR,543663,FIVESTAR,INE128S01021,Finance (including NBFCs),Banking and Finance,469.45,469.45,13857,12.61,Export NA,20.77,,6.4,22.6,26.34,5.15,Export NA,2.78,2.13,1.96,3.72,6.23,3.86,37.22,2.45,14.88,16.76,13.65,6.95,4.85,6.73,3,Banking and Finance,Finance (including NBFCs),2026-03-31,2026-04-28
Flair Writing Industries Ltd,FLAIR,544030,FLAIR,INE00Y201027,Commodity Printing/Stationery,Commercial Services & Supplies,327,327,3446.43,25.56,Export NA,,,51.89,31.83,53.23,2.68,Export NA,2.32,4.71,3.1,25.33,5.75,9.52,12.79,9.56,11.74,13.46,17.49,9.81,6.61,11.86,5,Commercial Services & Supplies,Commodity Printing/Stationery,2025-12-31,2026-05-21
Flexituff Ventures International Ltd.,FLEXITUFF,533638,FLEXITUFF,INE060J01017,Textiles,Textiles Apparels & Accessories,7.02,7.02,23.04,-0.3,Export NA,0.29,0.29,,53.79,32.96,0,Export NA,2.24,6.53,-0.44,,15.41,3.67,-23.53,-141.58,1616.95,22.86,11.51,50.78,8.26,7.43,3,Textiles Apparels & Accessories,Textiles,2025-12-31,2026-02-14
FlySBS Aviation Ltd.,FLYSBS,,FLYSBS,INE0VCK01011,Airlines,Transportation,427.75,427.75,740.17,26.06,Export NA,,,52.94,36.05,51.46,,Export NA,4.72,0.54,2.82,,8.05,17.96,16.42,,18.88,25.06,76.91,14.8,7.11,6.33,4,Transportation,Airlines,2025-03-31,2025-11-14
Flywings Simulator Training Centre Ltd.,FWSTC,,FWSTC,INE0SQZ01015,Education,Diversified Consumer Services,168,168,170.98,15.66,Export NA,,,88.66,33.62,20.12,,Export NA,3.59,2.38,3.98,77.32,10.95,20.81,10.73,,27.97,22.55,17.9,16.88,11.12,11.62,2,Diversified Consumer Services,Education,2025-09-30,2026-01-02
Foce India Ltd.,FOCE,,FOCE,INE0I7D01019,Other Apparels & Accessories,Textiles Apparels & Accessories,556,556,652.91,45.33,Export NA,36.97,,66.41,53.79,43.2,,Export NA,2.24,2.85,7.72,58.08,15.41,13.14,12.26,,18.27,22.86,20.14,9.64,8.26,9.64,4,Textiles Apparels & Accessories,Other Apparels & Accessories,2025-03-31,2025-11-14
Focus Lighting and Fixtures Ltd.,FOCUS,,FOCUS,INE593W01028,Other Electrical Equipment/Products,Consumer Durables,83.89,83.89,566.84,155.63,Export NA,30.41,30.39,94.25,49.58,41.19,-1.83,Export NA,1.45,1.34,3.95,55.11,9.42,8.51,0.54,-85.27,10.83,20.69,21.67,7.53,10.95,11.03,4,Consumer Durables,Other Electrical Equipment/Products,2025-12-31,2026-02-09
Fonebox Retail Ltd.,FONEBOX,,FONEBOX,INE0Q4701019,Specialty Retail,Retailing,65.85,65.85,67.56,14.86,Export NA,,,,78.39,54.96,,Export NA,6.4,18.36,1.84,,19.94,7.79,4.43,,13.17,10.74,13.46,5.37,6.91,6.43,4,Retailing,Specialty Retail,2025-03-31,2025-11-14
Foods & Inns Ltd.,FOODSIN,507552,FOODSIN,INE976E01023,Other Food & Beverages,"Food, Beverages & Tobacco",57.75,57.75,424.64,3.24,Export NA,14.56,25.32,12.75,28.35,46.65,0.01,Export NA,1.73,2.98,0.78,18.45,8.04,15.04,17.83,441.44,7.77,26.28,15.61,3.24,19.55,11.14,5,"Food, Beverages & Tobacco",Other Food & Beverages,2025-12-31,2026-02-12
Forcas Studio Ltd.,FORCAS,,FORCAS,INE0U2501017,Textiles,Textiles Apparels & Accessories,102.85,102.85,180.81,20.95,Export NA,,,33.81,53.79,32.96,,Export NA,2.24,6.53,2.6,7.91,15.41,3.67,4.91,,13.55,22.86,11.51,9.48,8.26,7.43,5,Textiles Apparels & Accessories,Textiles,2025-03-31,2025-11-14
Force Motors Ltd.,FORCEMOT,500033,FORCEMOT,INE451A01017,Cars & Utility Vehicles,Automobiles & Auto Components,19861,19861,26169.45,21.6,Export NA,26.87,28.11,59.12,32.11,23.81,0.42,Export NA,5.07,10.39,6.69,91.64,6.96,4.59,919.55,51.31,28.88,19.05,18.7,18.53,9.43,9,8,Automobiles & Auto Components,Cars & Utility Vehicles,2026-03-31,2026-04-29
Forge Auto International Ltd.,FORGEAUTO,,FORGEAUTO,INE0YKW01013,Other Industrial Products,General Industrials,94,94,102.65,10.77,Export NA,,,42.98,58.9,44.01,,Export NA,5.74,4.34,1.62,26.32,14.56,20.86,8.73,,16.36,19.77,22.24,7.05,10.29,12.05,4,General Industrials,Other Industrial Products,2025-03-31,2025-11-14
Fortis Healthcare Ltd.,FORTIS,532843,FORTIS,INE061F01013,Healthcare Facilities,Healthcare,951.15,951.15,71807.84,74.81,Export NA,78.21,59.91,79.54,64.81,71.3,3.02,Export NA,6.11,6.58,7.26,94.67,9.5,9.54,12.71,24.81,8.68,14.74,13.76,5.65,8.39,7.2,7,Healthcare,Healthcare Facilities,2025-12-31,2026-02-13
Foseco India Ltd.,FOSECOIND,500150,FOSECOIND,INE519A01011,Commodity Chemicals,Chemicals & Petrochemicals,4803.8,4803.8,3067.95,40.79,Export NA,38.29,37.23,85.11,42.23,39.75,13.6,Export NA,3.64,7.92,9.49,89.58,6.18,4.79,117.78,3,7.23,13.61,12.96,6.25,9.15,8.15,5,Chemicals & Petrochemicals,Commodity Chemicals,2025-12-31,2026-05-12
Fractal Analytics Ltd.,FRACTAL,544700,FRACTAL,INE212S01015,Internet Software & Services,Software & Services,1033.95,1033.95,17780.33,60.85,Export NA,,,90.91,22.39,32.02,,Export NA,10.02,2.7,8.49,100,6.84,6.82,16.99,,9.17,28.07,8.54,6.63,17.17,6.62,5,Software & Services,Internet Software & Services,2026-03-31,2026-05-11
Freshara Agro Exports Ltd.,FRESHARA,,FRESHARA,INE0SFW01015,Other Food & Beverages,"Food, Beverages & Tobacco",207.9,207.9,488.55,16.97,Export NA,,,99.13,28.35,46.65,,Export NA,1.73,2.98,3.43,61.74,8.04,15.04,12.25,,22.54,26.28,15.61,11.54,19.55,11.14,5,"Food, Beverages & Tobacco",Other Food & Beverages,2025-03-31,2025-11-12
Frog Innovations Ltd.,FROG,,FROG,INE385O01018,Telecom Equipment,Telecommunications Equipment,201.5,201.5,313.42,13.31,Export NA,21.79,,1.3,62.37,54.53,0.26,Export NA,3.45,8.41,1.96,21.9,10.31,13.61,15.14,51.75,14.72,6.95,9.86,10.7,3.76,6.93,5,Telecommunications Equipment,Telecom Equipment,2025-03-31,2025-11-13
Frontier Springs Ltd.,,522195,FRONTSP,INE572D01014,Auto Parts & Equipment,Automobiles & Auto Components,1635.95,1635.95,1932.96,34.28,Export NA,51.62,41.44,79.19,32.11,41.7,0.34,Export NA,5.07,3.31,11.4,93.24,6.96,6.81,47.73,101.02,27.96,19.05,15.01,20.46,9.43,7.82,7,Automobiles & Auto Components,Auto Parts & Equipment,2025-12-31,2026-05-28
Fujiyama Power Systems Ltd.,UTLSOLAR,544613,UTLSOLAR,INE12UR01024,Other Electrical Equipment/Products,Consumer Durables,273.6,273.6,8396.83,,Export NA,,,,49.58,41.19,,Export NA,1.45,1.34,14.05,23.48,9.42,8.51,,,39.39,20.69,21.67,15.41,10.95,11.03,6,Consumer Durables,Other Electrical Equipment/Products,2025-12-31,2026-05-14
Fusion Finance Ltd.,FUSION,543652,FUSION,INE139R01012,Microfinance Institutions,Banking and Finance,202.75,202.75,3273.06,-12.36,Export NA,7.32,,,22.6,26.38,-0.17,Export NA,2.78,0.95,1.67,56.13,6.23,3.09,-16.41,71.43,-74.51,16.76,10.44,-14.76,4.85,1.32,4,Banking and Finance,Microfinance Institutions,2025-12-31,2026-05-15
Future Consumer Ltd.,FCONSUMER,533400,FCONSUMER,INE220J01025,Packaged Foods,FMCG,0.35,0.35,69.9,-1.41,Export NA,-1.64,-189.78,,49.72,67.64,-0.26,Export NA,14.09,6.77,-0.22,,20.61,37.36,-0.25,5.34,0,37.93,51.25,-7.97,19.27,22.23,4,FMCG,Packaged Foods,2025-12-31,2026-02-13
Future Enterprises Ltd.,FEL,523574,FEL,INE623B01027,Specialty Retail,Retailing,0.45,0.45,20.47,-0.03,Export NA,,,,78.39,54.96,0,Export NA,6.4,18.36,-0.05,,19.94,7.79,-14.9,70.83,-928.08,10.74,13.46,-29.06,6.91,6.43,2,Retailing,Specialty Retail,2023-03-31,2022-02-14
Future Lifestyle Fashions Ltd.,FLFL,536507,FLFL,INE452O01016,Department Stores,Retailing,1.8,1.8,36.32,-0.02,Export NA,,,,78.39,89.12,0,Export NA,6.4,7.99,-0.02,,19.94,14.37,-105.81,-142.65,0,10.74,15.61,-57.1,6.91,10.77,3,Retailing,Department Stores,2022-09-30,2022-12-30
Future Market Networks Ltd.,FMNL,533296,FMNL,INE360L01017,Misc. Commercial Services,Commercial Services & Supplies,9.67,9.67,61.54,-2.64,Export NA,1.13,1.13,,31.83,27.25,0.02,Export NA,2.32,0.82,0.56,26.23,5.75,5.02,-3.67,-126.13,65.9,13.46,17.32,18.86,6.61,12.13,6,Commercial Services & Supplies,Misc. Commercial Services,2025-12-31,2026-02-10
Future Retail Limited(DVR),FELDVR,570002,FELDVR,IN9623B01058,Department Stores,Retailing,2.9,2.9,,,Export NA,,,,78.39,89.12,,Export NA,6.4,7.99,,,19.94,14.37,,,,10.74,15.61,,6.91,10.77,,Retailing,Department Stores,,
G M Breweries Ltd.,GMBREW,507488,GMBREW,INE075D01018,Breweries & Distilleries,"Food, Beverages & Tobacco",915.4,915.4,2091.41,13.34,Export NA,13.33,12.45,63.37,28.35,66.59,0.62,Export NA,1.73,1.7,2.04,52.41,8.04,10.34,68.64,21.54,14.54,26.28,16.79,12.79,19.55,10.27,7,"Food, Beverages & Tobacco",Breweries & Distilleries,2026-03-31,2026-04-09
G R Infraprojects Ltd.,GRINFRA,543317,GRINFRA,INE201P01022,Roads & Highways,Cement and Construction,936.2,936.2,9058.72,10.03,Export NA,10.69,,48.37,35.74,6.99,-0.91,Export NA,3.26,0.03,0.99,1.26,4.05,1.13,93.31,-11.02,9.62,11.25,24.35,5.62,4.61,8.72,4,Cement and Construction,Roads & Highways,2026-03-31,2026-05-11
G-Tec Jainx Education Ltd.,GTECJAINX,,GTECJAINX,INE586X01012,IT Training Services,Software & Services,19.36,19.36,19.73,-22.58,Export NA,,39.3,,22.39,25.14,-0.31,Export NA,10.02,0.2,16.23,77.56,6.84,2.16,-0.86,72.18,-247.66,28.07,8.88,-75.9,17.17,6.62,2,Software & Services,IT Training Services,2025-12-31,2026-02-06
GACM Technologies Ltd-DVR,GATECHDVR,570005,GATECHDVR,INE224E01036,Investment Companies,Others,0.5,0.5,,,Export NA,,,,34.07,34.07,,Export NA,0.96,0.96,,,1.03,1.03,,,,3.6,3.6,,3.2,3.2,,Others,Investment Companies,,
GACM Technologies Ltd.,GATECH,531723,GATECH,INE224E01028,Other Financial Services,Banking and Finance,0.56,0.56,61.75,7.11,Export NA,62.67,62.67,16.63,22.6,36.93,0.03,Export NA,2.78,3.57,0.71,8.38,6.23,99.98,0.08,221.39,8.3,16.76,19.97,6.21,4.85,11.89,5,Banking and Finance,Other Financial Services,2025-12-31,2026-02-11
GAIL (India) Ltd.,GAIL,532155,GAIL,INE129A01019,Utilities:Non-Electrical,Utilities,160.35,160.35,105431.72,12.27,Export NA,11.24,10.77,72.76,24.91,15.47,-0.4,Export NA,27.85,426.35,1.18,28.3,5.52,5.02,13.06,-30.88,14.64,14.21,14.06,9.35,5.38,8.44,6,Utilities,Utilities:Non-Electrical,2025-12-31,2026-05-21
GE Power India Ltd.,GVPIL,532309,GVPIL,INE878A01011,Heavy Electrical Equipment,General Industrials,671.3,671.3,4512.98,17.87,Export NA,11.42,11.42,26.26,58.9,71.23,0.73,Export NA,5.74,3.65,9.85,89.99,14.56,15.26,37.58,24.44,64.1,19.77,17.01,10.08,10.29,8.7,6,General Industrials,Heavy Electrical Equipment,2026-03-31,2026-05-11
GE Vernova T&D India Ltd.,GVT&D,522275,GVT&D,INE200A01026,Industrial Machinery,General Industrials,4282.4,4282.4,109649.35,102.67,Export NA,159.89,159.89,62.9,58.9,58.76,0.86,Export NA,5.74,4.45,46.13,97.71,14.56,20.55,41.71,118.79,34.3,19.77,24.18,13.05,10.29,13.59,9,General Industrials,Industrial Machinery,2025-12-31,2026-05-18
GFL Ltd.,GFLLIMITED,500173,GFLLIMITED,INE538A01037,Holding Companies,Diversified,47.33,47.33,519.92,440.61,Export NA,,0.35,98.73,24.34,28.32,4.34,Export NA,1.86,1.91,0.21,6.21,2.7,2.66,0.11,101.52,-2.99,11.19,11.42,-2.81,3.16,3.21,5,Diversified,Holding Companies,2025-12-31,2026-02-12
GHCL Ltd.,GHCL,500171,GHCL,INE539A01019,Commodity Chemicals,Chemicals & Petrochemicals,469.65,469.65,4326.92,9.16,Export NA,7.85,7.15,66.86,42.23,39.75,-0.38,Export NA,3.64,7.92,1.16,21.62,6.18,4.79,51.28,-24.3,13.3,13.61,12.96,10.98,9.15,8.15,5,Chemicals & Petrochemicals,Commodity Chemicals,2026-03-31,2026-05-05
GHCL Textiles Ltd.,GHCLTEXTIL,543918,GHCLTEXTIL,INE0PA801013,Textiles,Textiles Apparels & Accessories,85.83,85.83,820.41,11.66,Export NA,,,0.29,53.79,32.96,0.45,Export NA,2.24,6.53,0.56,42.4,15.41,3.67,7.36,25.73,4.68,22.86,11.51,3.76,8.26,7.43,7,Textiles Apparels & Accessories,Textiles,2026-03-31,2026-04-30
GIC Housing Finance Ltd.,GICHSGFIN,511676,GICHSGFIN,INE289B01019,Housing Finance,Banking and Finance,148.51,148.51,799.74,5.87,Export NA,6.69,5.8,46.55,22.6,18.02,-0.25,Export NA,2.78,0.99,0.39,1.01,6.23,2.32,25.32,-23.79,8.16,16.76,13.46,1.48,4.85,3.64,5,Banking and Finance,Housing Finance,2025-12-31,2026-05-15
GK Energy Ltd.,GKENERGY,544525,GKENERGY,INE1AG301022,Compressors & Pumps,General Industrials,121.27,121.27,2459.57,13.06,Export NA,,,34.75,58.9,41.93,,Export NA,5.74,12.75,2.92,,14.56,9.18,9.29,,63.7,19.77,25.94,22.82,10.29,15.1,4,General Industrials,Compressors & Pumps,2025-12-31,2026-05-13
GKW Ltd.,GKWLIMITED,504704,GKWLIMITED,INE528A01020,Other Financial Services,Banking and Finance,1675.6,1675.6,999.75,140.6,Export NA,93.26,73.21,89.15,22.6,36.93,1.11,Export NA,2.78,3.57,0.38,,6.23,99.98,11.92,127.19,-5.21,16.76,19.97,-0.57,4.85,11.89,4,Banking and Finance,Other Financial Services,2025-12-31,2026-02-11
GMM Pfaudler Ltd.,GMMPFAUDLR,505255,GMMPFAUDLR,INE541A01023,Industrial Machinery,General Industrials,862.2,862.2,3876.21,219.74,Export NA,59.68,61.68,97.09,58.9,58.76,-2.6,Export NA,5.74,4.45,3.32,9.34,14.56,20.55,3.92,-84.67,5.17,19.77,24.18,1.7,10.29,13.59,7,General Industrials,Industrial Machinery,2025-12-31,2026-05-21
GMR Airports Ltd.,GMRAIRPORT,532754,GMRAIRPORT,INE776C01039,Construction & Engineering,Cement and Construction,94.69,94.69,99982.94,-274.34,Export NA,,,,35.74,31.41,8.59,Export NA,3.26,5.1,-38.74,,4.05,4.95,-0.35,-31.93,0,11.25,12.93,-0.8,4.61,4.29,4,Cement and Construction,Construction & Engineering,2025-12-31,2026-02-13
GMR Power and Urban Infra Ltd.,GMRP&UI,543490,GMRP&UI,INE0CU601026,Power - Electric Utilities,Utilities,104.89,104.89,8192.09,10.84,Export NA,6.23,,87.54,24.91,29.95,-0.21,Export NA,27.85,1.43,6.91,,5.52,4.23,9.68,-50.8,273.06,14.21,16.2,8.34,5.38,5.79,7,Utilities,Power - Electric Utilities,2025-12-31,2026-02-06
GNA Axles Ltd.,GNA,540124,GNA,INE934S01014,Auto Parts & Equipment,Automobiles & Auto Components,384.75,384.75,1651.76,14.12,Export NA,15.32,15.27,43.49,32.11,41.7,1.53,Export NA,5.07,3.31,1.7,32.72,6.96,6.81,27.24,9.2,11.64,19.05,15.01,7.69,9.43,7.82,6,Automobiles & Auto Components,Auto Parts & Equipment,2026-03-31,2026-05-08
GNG Electronics Ltd.,EBGNG,544455,EBGNG,INE18JU01028,Computer Hardware,Hardware Technology & Equipment,431.3,431.3,4917.32,37.25,Export NA,,,11.52,29.02,32.67,0.21,Export NA,0.51,0.5,6.95,2.62,14.15,6,11.58,173.46,17.42,28.88,17.87,10.52,10.48,10.14,5,Hardware Technology & Equipment,Computer Hardware,2026-03-31,2026-05-05
GOCL Corporation Ltd.,GOCLCORP,506480,GOCLCORP,INE077F01035,Oil Marketing & Distribution,Oil & Gas,306.35,306.35,1518.65,1.03,Export NA,24.86,17.29,2.49,18.34,9.53,0,Export NA,1.36,1.05,0.5,,1.85,1.9,296.53,957.27,9.97,10.19,12.36,5.05,4.37,6.44,5,Oil & Gas,Oil Marketing & Distribution,2025-12-31,2026-02-11
GP Eco Solutions India Ltd.,GPECO,,GPECO,INE0S7E01015,Other Electrical Equipment/Products,Consumer Durables,353.9,353.9,418.69,40.4,Export NA,,,40.11,49.58,41.19,,Export NA,1.45,1.34,7.64,28.02,9.42,8.51,8.76,,15.97,20.69,21.67,6.38,10.95,11.03,4,Consumer Durables,Other Electrical Equipment/Products,2025-03-31,2025-11-06
GP Petroleums Ltd.,GULFPETRO,532543,GULFPETRO,INE586G01017,Oil Marketing & Distribution,Oil & Gas,33.46,33.46,170.59,6.62,Export NA,9.48,10.45,7,18.34,9.53,1.7,Export NA,1.36,1.05,0.49,0.92,1.85,1.9,5.05,3.9,8,10.19,12.36,6.49,4.37,6.44,3,Oil & Gas,Oil Marketing & Distribution,2025-12-31,2026-02-14
GPT Healthcare Ltd.,GPTHEALTH,544131,GPTHEALTH,INE486R01017,Healthcare Facilities,Healthcare,141.85,141.85,1163.95,28.71,Export NA,,,73.43,64.81,71.3,-1.54,Export NA,6.11,6.58,4.42,9.59,9.5,9.54,4.94,-18.66,20.14,14.74,13.76,12.99,8.39,7.2,5,Healthcare,Healthcare Facilities,2025-12-31,2026-05-18
GPT Infraprojects Ltd.,GPTINFRA,533761,GPTINFRA,INE390G01014,Construction & Engineering,Cement and Construction,112.81,112.81,1425.52,15.9,Export NA,24.34,21.21,63.28,35.74,31.41,0.56,Export NA,3.26,5.1,2.51,77.69,4.05,4.95,7.1,28.23,15.29,11.25,12.93,8.48,4.61,4.29,8,Cement and Construction,Construction & Engineering,2025-12-31,2026-01-28
GRM Overseas Ltd.,GRMOVER,531449,GRMOVER,INE192H01020,Other Agricultural Products,"Food, Beverages & Tobacco",158.12,158.12,3276.4,44.59,Export NA,35.49,10.59,99.23,28.35,21.91,2.39,Export NA,1.73,1.77,6.25,87.28,8.04,3.56,3.55,18.65,14.3,26.28,16.12,6.65,19.55,8.43,5,"Food, Beverages & Tobacco",Other Agricultural Products,2025-12-31,2026-02-04
GRP Ltd.,GRPLTD,509152,GRPLTD,INE137I01015,Auto Tyres & Rubber Products,Automobiles & Auto Components,1794.7,1794.7,957.17,39.87,Export NA,53.02,47.92,66.86,32.11,25.9,8.49,Export NA,5.07,0.9,5.26,90.18,6.96,2.87,45.01,4.7,16.02,19.05,10.97,7.45,9.43,6.34,6,Automobiles & Auto Components,Auto Tyres & Rubber Products,2025-12-31,2026-02-10
GSM Foils Ltd.,GSMFOILS,,GSMFOILS,INE0SQY01018,Containers & Packaging,Commercial Services & Supplies,198.65,198.65,279.95,14.11,Export NA,,,0.62,31.83,23.27,0.13,Export NA,2.32,5.49,4.14,9.15,5.75,2.74,14.08,105.54,26.64,13.46,10.99,12.01,6.61,7.3,3,Commercial Services & Supplies,Containers & Packaging,2026-03-31,2026-04-17
GSP Crop Science Ltd.,GSPCROP,544733,GSPCROP,INE713R01022,Agrochemicals,Chemicals & Petrochemicals,420.8,420.8,1957.51,,Export NA,,,,42.23,30.4,,Export NA,3.64,3.17,3.64,76.67,6.18,3.87,,,18.25,13.61,11.71,6.68,9.15,7.88,6,Chemicals & Petrochemicals,Agrochemicals,2025-12-31,2026-04-11
GSS Infotech Ltd.,GSS,532951,GSS,INE871H01011,IT Consulting & Software,Software & Services,13.51,13.51,35.34,-20.2,Export NA,18.1,22.1,,22.39,21.42,0.16,Export NA,10.02,10.72,0.1,2.56,6.84,6.86,-0.67,-128.28,-0.39,28.07,30.42,-0.25,17.17,18.42,2,Software & Services,IT Consulting & Software,2025-12-31,2026-02-12
GTL Infrastructure Ltd.,GTLINFRA,532775,GTLINFRA,INE221H01019,Telecom Equipment,Telecommunications Equipment,1.28,1.28,1639.57,2.1,Export NA,-1.41,-1.06,,62.37,54.53,0.01,Export NA,3.45,8.41,-0.26,,10.31,13.61,0.61,189.04,0,6.95,9.86,-21.25,3.76,6.93,4,Telecommunications Equipment,Telecom Equipment,2026-03-31,2026-05-12
GTL Ltd.,GTL,500160,GTL,INE043A01012,Other Telecom Services,Telecom Services,7.6,7.6,119.55,-7.82,Export NA,0.76,1.05,,32.83,29.56,0.07,Export NA,1.4,1.02,-0.02,,7.97,7.59,-0.97,-113.11,0,22.38,22.4,-7.96,6.78,7.98,4,Telecom Services,Other Telecom Services,2025-12-31,2026-05-14
GTPL Hathway Ltd.,GTPL,540602,GTPL,INE869I01013,Broadcasting & Cable TV,Media,67,67,753.5,47.82,Export NA,21.21,16.63,96.15,25.23,18.11,-0.71,Export NA,2.2,0.97,0.65,2.14,13.87,1.42,1.4,-67.1,1.37,20.32,9.89,0.48,15.35,8.83,5,Media,Broadcasting & Cable TV,2026-03-31,2026-04-15
GVK Power & Infrastructure Ltd.,GVKPIL,532708,GVKPIL,INE251H01024,Construction & Engineering,Cement and Construction,3.38,3.38,533.77,-0.55,Export NA,25.65,4.96,,35.74,31.41,0,Export NA,3.26,5.1,-0.37,,4.05,4.95,-6.13,-262.47,-91.54,11.25,12.93,10.93,4.61,4.29,5,Cement and Construction,Construction & Engineering,2025-12-31,2026-02-13
GVP Infotech Ltd Partly Paidup,GVPTECHPP,,GVPTECHPP,IN9382T01012,Others,Others,2.57,2.57,,,Export NA,,,,,,,Export NA,,,,,,,,,,,,,,,,Others,Others,,
GVP Infotech Ltd.,GVPTECH,,GVPTECH,INE382T01030,IT Consulting & Software,Software & Services,6.71,6.71,116.38,-1.27,Export NA,61.82,49.34,,22.39,21.42,0,Export NA,10.02,10.72,1.39,90.92,6.84,6.86,-5.28,-3651.24,-1.59,28.07,30.42,-1.22,17.17,18.42,2,Software & Services,IT Consulting & Software,2025-12-31,2026-02-10
Gabriel India Ltd.,GABRIEL,505714,GABRIEL,INE524A01029,Auto Parts & Equipment,Automobiles & Auto Components,1098.7,1098.7,15782.16,63.12,Export NA,46.89,37.55,86.04,32.11,41.7,7.12,Export NA,5.07,3.31,11.85,71.05,6.96,6.81,17.41,8.87,20.7,19.05,15.01,12.1,9.43,7.82,7,Automobiles & Auto Components,Auto Parts & Equipment,2025-12-31,2026-05-27
Gajanand International Ltd.,GAJANAND,,GAJANAND,INE0QTE01018,Commodity Trading  & Distribution,Commercial Services & Supplies,8.3,8.3,15.63,43.95,Export NA,,,,31.83,33.18,,Export NA,2.32,1.21,0.42,,5.75,5.32,0.19,,0.96,13.46,12.19,0.76,6.61,4.31,3,Commercial Services & Supplies,Commodity Trading  & Distribution,2025-03-31,2025-11-13
Gala Precision Engineering Ltd.,GALAPREC,544244,GALAPREC,INE0RE001014,Other Industrial Goods,General Industrials,819.7,819.7,1049.02,31.56,Export NA,,,24.21,58.9,41.26,0.78,Export NA,5.74,2.07,3.74,20.34,14.56,13.23,25.97,40.36,10.46,19.77,30.81,8.39,10.29,18.64,4,General Industrials,Other Industrial Goods,2025-12-31,2026-05-14
Galaxy Medicare Ltd.,GML,,GML,INE09A801015,Medical Equipment,Healthcare,18.05,18.05,27.39,8.13,Export NA,,,,64.81,22.92,,Export NA,6.11,1.94,1.26,,9.5,3.26,2.22,,18.35,14.74,12.92,10.7,8.39,7.59,6,Healthcare,Medical Equipment,2025-03-31,2025-11-13
Galaxy Surfactants Ltd.,GALAXYSURF,540935,GALAXYSURF,INE600K01018,Specialty Chemicals,Chemicals & Petrochemicals,1871.3,1871.3,6634.66,23.63,Export NA,28.03,29.58,17.87,42.23,47.85,-2.82,Export NA,3.64,2.93,2.56,0.59,6.18,7.62,79.21,-8.39,12.9,13.61,14.82,8.8,9.15,10.12,5,Chemicals & Petrochemicals,Specialty Chemicals,2025-12-31,2026-05-14
Gallantt Ispat Ltd.,GALLANTT,532726,GALLANTT,INE297H01019,Iron & Steel/Interm.Products,Metals & Mining,817.1,817.1,19715.06,40.57,Export NA,34.64,25.31,98.42,23.8,32.33,1.91,Export NA,1.11,0.78,6.15,98.92,5.3,3.24,20.14,21.27,14.6,19.76,6.78,11.34,9.83,3.42,7,Metals & Mining,Iron & Steel/Interm.Products,2026-03-31,2026-05-05
Gandhar Oil Refinery (India) Ltd.,GANDHAR,544029,GANDHAR,INE717W01049,Refineries/Petro-Products,Oil & Gas,141.13,141.13,1381.37,12.99,Export NA,,,18.69,18.34,21.22,0.35,Export NA,1.36,1.29,1.04,5.45,1.85,2.01,10.87,37.23,6.47,10.19,9.71,4.08,4.37,3.93,5,Oil & Gas,Refineries/Petro-Products,2025-12-31,2026-01-23
Gandhi Special Tubes Ltd.,GANDHITUBE,513108,GANDHITUBE,INE524B01027,Iron & Steel Products,Metals & Mining,889,889,1080.31,15.23,Export NA,16.56,16.12,46.3,23.8,30.63,0.84,Export NA,1.11,1.79,3.52,72.58,5.3,6.46,58.38,18.08,22.07,19.76,18.83,20.51,9.83,10.86,6,Metals & Mining,Iron & Steel Products,2025-12-31,2026-02-10
Ganesh Benzoplast Ltd.,GANESHBE,500153,GANESHBE,INE388A01029,Commodity Chemicals,Chemicals & Petrochemicals,89.73,89.73,645.96,14.4,Export NA,17.32,21.36,39.76,42.23,39.75,-0.46,Export NA,3.64,7.92,1.08,4.03,6.18,4.79,6.23,-31.6,7.07,13.61,12.96,5.26,9.15,8.15,7,Chemicals & Petrochemicals,Commodity Chemicals,2025-12-31,2026-02-13
Ganesh Consumer Products Ltd.,GANESHCP,544528,GANESHCP,INE652V01016,Packaged Foods,FMCG,195.77,195.77,791.16,21.14,Export NA,,,30.67,49.72,67.64,,Export NA,14.09,6.77,2.08,,20.61,37.36,9.26,,15.61,37.93,51.25,10.36,19.27,22.23,6,FMCG,Packaged Foods,2025-12-31,2026-02-04
Ganesh Green Bharat Ltd.,GGBL,,GGBL,INE0R8C01018,Power - Electric Utilities,Utilities,320.55,320.55,795,26.3,Export NA,,,0.6,24.91,29.95,,Export NA,27.85,1.43,3.34,,5.52,4.23,12.19,,14.73,14.21,16.2,8.91,5.38,5.79,3,Utilities,Power - Electric Utilities,2025-03-31,2025-11-13
Ganesh Housing Ltd.,GANESHHOU,526367,GANESHHOU,INE460C01014,Realty,Realty,662.6,662.6,5525.23,13.16,Export NA,14.91,26.33,63.89,37.63,37.32,-0.57,Export NA,1.72,1.77,2.43,66.13,3.69,4.38,50.34,-23.11,32.57,10.17,11.27,25.57,4.54,5.37,5,Realty,Realty,2025-12-31,2026-02-06
Ganesh Infraworld Ltd.,GANESHIN,,GANESHIN,INE0TVT01024,Construction & Engineering,Cement and Construction,76.2,76.2,325.54,8.13,Export NA,,,4.83,35.74,31.41,0.08,Export NA,3.26,5.1,1.41,,4.05,4.95,9.37,95.73,22.3,11.25,12.93,15.12,4.61,4.29,6,Cement and Construction,Construction & Engineering,2025-12-31,2026-01-30
Ganesha Ecosphere Ltd.,GANECOS,514167,GANECOS,INE845D01014,Textiles,Textiles Apparels & Accessories,1001.5,1001.5,2683.62,69.24,Export NA,68.12,52.24,89.8,53.79,32.96,-1.12,Export NA,2.24,6.53,2.12,20.53,15.41,3.67,14.46,-61.61,8.96,22.86,11.51,5.33,8.26,7.43,5,Textiles Apparels & Accessories,Textiles,2025-12-31,2026-02-07
Ganga Bath Fittings Ltd.,GANGABATH,,GANGABATH,INE0ZI101018,Household Appliances,Consumer Durables,23.75,23.75,52.74,14.74,Export NA,,,36.53,49.58,47.95,,Export NA,1.45,3.33,0.96,,9.42,5.18,1.61,,16.38,20.69,13.31,7.64,10.95,7.54,4,Consumer Durables,Household Appliances,2025-03-31,2025-10-30
Ganga Forging Ltd.,GANGAFORGE,,GANGAFORGE,INE691Z01023,Castings & Forgings,General Industrials,2.5,2.5,33.7,-10.07,Export NA,129.94,99.37,,58.9,64.29,0.02,Export NA,5.74,4.12,1.16,11.03,14.56,7.72,-0.25,-563.07,1.9,19.77,12.53,1.04,10.29,7.9,3,General Industrials,Castings & Forgings,2025-12-31,2026-02-13
Ganges Securities Ltd.,GANGESSECU,540647,GANGESSECU,INE335W01016,Tea & Coffee,"Food, Beverages & Tobacco",126.94,126.94,126.99,75.38,Export NA,36.73,25.34,94.89,28.35,34.78,-1.1,Export NA,1.73,3.66,0.19,21.67,8.04,6.07,1.68,-68.69,0.74,26.28,8.14,0.69,19.55,5.04,6,"Food, Beverages & Tobacco",Tea & Coffee,2025-12-31,2026-05-14
Garden Reach Shipbuilders & Engineers Ltd.,GRSE,542011,GRSE,INE382Z01011,Aerospace & Defence,General Industrials,2791.3,2791.3,31974.9,42.75,Export NA,52.39,40.99,78.03,58.9,50.58,1.02,Export NA,5.74,8.98,12.96,85.61,14.56,11.27,65.29,41.81,28.48,19.77,23.04,7.03,10.29,9.53,7,General Industrials,Aerospace & Defence,2026-03-31,2026-04-28
Garuda Construction and Engineering Ltd.,GARUDA,544271,GARUDA,INE0JVO01026,Construction & Engineering,Cement and Construction,172.68,172.68,1606.64,15.15,Export NA,,,13.25,35.74,31.41,0.06,Export NA,3.26,5.1,3.83,13.25,4.05,4.95,11.4,233.91,15,11.25,12.93,12.22,4.61,4.29,2,Cement and Construction,Construction & Engineering,2025-12-31,2026-05-11
Garware Hi-Tech Films Ltd.,GRWRHITECH,500655,GRWRHITECH,INE291A01017,Containers & Packaging,Commercial Services & Supplies,4948.1,4948.1,11495.62,33.99,Export NA,31.17,22.51,95.98,31.83,23.27,16.06,Export NA,2.32,5.49,4.49,96.49,5.75,2.74,145.59,2.12,12.73,13.46,10.99,11.23,6.61,7.3,5,Commercial Services & Supplies,Containers & Packaging,2026-03-31,2026-05-06
Garware Technical Fibres Ltd.,GARFIBRES,509557,GARFIBRES,INE276A01018,Textiles,Textiles Apparels & Accessories,625.25,625.25,6206.59,29.23,Export NA,34.84,36.13,25.09,53.79,32.96,-3.82,Export NA,2.24,6.53,4.58,44.4,15.41,3.67,21.39,-7.66,18.64,22.86,11.51,13.18,8.26,7.43,5,Textiles Apparels & Accessories,Textiles,2025-12-31,2026-02-11
Gateway Distriparks Ltd.,GATEWAY,543489,GATEWAY,INE079J01017,Warehousing & Logistics,Transportation,56.68,56.68,2831.98,11.08,Export NA,13.01,,24.39,36.05,32.42,-0.36,Export NA,4.72,1.7,1.21,0.88,8.05,4.18,5.12,-31.06,11.15,25.06,8.62,7.25,7.11,5.64,6,Transportation,Warehousing & Logistics,2026-03-31,2026-05-07
Gaudium IVF And Women Health Ltd.,GAUDIUMIVF,544709,GAUDIUMIVF,INE0P8B01020,Misc. Commercial Services,Commercial Services & Supplies,110.75,110.75,806.11,,Export NA,,,,31.83,27.25,,Export NA,2.32,0.82,12.49,54.35,5.75,5.02,,,41.31,13.46,17.32,21.6,6.61,12.13,5,Commercial Services & Supplies,Misc. Commercial Services,2025-12-31,2026-03-18
Gayatri Highways Ltd.,GAYAHWS,541546,GAYAHWS,INE287Z01012,Roads & Highways,Cement and Construction,2.35,2.35,56.32,0.04,Export NA,-0.11,-0.08,45.34,35.74,6.99,0,Export NA,3.26,0.03,-0.09,,4.05,1.13,55.88,446.39,-180.36,11.25,24.35,112.87,4.61,8.72,5,Cement and Construction,Roads & Highways,2025-12-31,2026-05-25
Gayatri Projects Ltd.,GAYAPROJ,532767,GAYAPROJ,INE336H01023,Construction & Engineering,Cement and Construction,18.61,18.61,864.06,0.37,Export NA,6.35,6.35,5.37,35.74,31.41,0,Export NA,3.26,5.1,1.12,44.82,4.05,4.95,49.79,4264.41,-8.62,11.25,12.93,3.6,4.61,4.29,6,Cement and Construction,Construction & Engineering,2025-12-31,2026-05-14
Gayatri Rubbers and Chemicals Ltd.,GRCL,,GRCL,INE0LVM01018,Auto Tyres & Rubber Products,Automobiles & Auto Components,559.95,559.95,321.3,57.5,Export NA,,,37.9,32.11,25.9,,Export NA,5.07,0.9,19.18,86.62,6.96,2.87,9.74,,28.35,19.05,10.97,17.52,9.43,6.34,3,Automobiles & Auto Components,Auto Tyres & Rubber Products,2026-03-31,2026-04-30
GeeCee Ventures Ltd.,GEECEE,532764,GEECEE,INE916G01016,Realty,Realty,296.4,296.4,619.82,27.67,Export NA,18.29,22.02,80.91,37.63,37.32,-0.44,Export NA,1.72,1.77,0.74,60.59,3.69,4.38,10.71,-63.14,5.99,10.17,11.27,3.92,4.54,5.37,6,Realty,Realty,2025-12-31,2026-02-10
Geekay Wires Ltd.,GEEKAYWIRE,,GEEKAYWIRE,INE669X01032,Iron & Steel Products,Metals & Mining,26.45,26.45,276.46,9,Export NA,11.15,11.61,27.28,23.8,30.63,-0.44,Export NA,1.11,1.79,1.64,23.63,5.3,6.46,2.94,-20.64,25.85,19.76,18.83,12.56,9.83,10.86,5,Metals & Mining,Iron & Steel Products,2025-12-31,2026-02-02
Gem Aromatics Ltd.,GEMAROMA,544491,GEMAROMA,INE06XZ01023,Specialty Chemicals,Chemicals & Petrochemicals,155.79,155.79,813.8,27.56,Export NA,,,64.74,42.23,47.85,,Export NA,3.64,2.93,1.81,,6.18,7.62,5.65,,18.79,13.61,14.82,9.98,9.15,10.12,1,Chemicals & Petrochemicals,Specialty Chemicals,2025-12-31,2026-01-27
General Insurance Corporation of India,GICRE,540755,GICRE,INE481Y01014,General Insurance,Banking and Finance,382.4,382.4,67088.26,6.97,Export NA,9.64,8.9,24.33,22.6,29.34,0.25,Export NA,2.78,1.74,0.97,44.94,6.23,3.73,54.88,28.15,12.08,16.76,12.11,3.81,4.85,3.04,6,Banking and Finance,General Insurance,2025-12-31,2026-02-07
Generic Engineering Construction and Projects Ltd.,GENCON,539407,GENCON,INE854S01022,Realty,Realty,39.64,39.64,225.89,17.62,Export NA,,17.04,0.83,37.63,37.32,,Export NA,1.72,1.77,0.78,18.29,3.69,4.38,2.25,,4.26,10.17,11.27,2.65,4.54,5.37,6,Realty,Realty,2025-12-31,2026-02-14
Genesys International Corporation Ltd.,GENESYS,506109,GENESYS,INE727B01026,IT Consulting & Software,Software & Services,218.25,218.25,912.08,23.29,Export NA,85.83,102.86,21.89,22.39,21.42,-0.94,Export NA,10.02,10.72,1.33,36.77,6.84,6.86,9.37,-24.87,10.12,28.07,30.42,7.22,17.17,18.42,4,Software & Services,IT Consulting & Software,2025-12-31,2026-02-12
Gensol Engineering Ltd.,GENSOL,542851,GENSOL,INE06H201014,Construction & Engineering,Cement and Construction,20.9,20.9,79.43,0.77,Export NA,28.88,56.93,,35.74,31.41,0.01,Export NA,3.26,5.1,0.13,,4.05,4.95,26.99,109.39,18.28,11.25,12.93,2.55,4.61,4.29,3,Cement and Construction,Construction & Engineering,2024-12-31,2025-02-11
Genus Paper & Boards Ltd.,GENUSPAPER,538961,GENUSPAPER,INE949P01018,Paper & Paper Products,Commercial Services & Supplies,12.62,12.62,324.49,34.42,Export NA,151.23,86.14,38.23,31.83,22.88,0.2,Export NA,2.32,0.52,0.65,41.1,5.75,4.07,0.37,175.89,0.59,13.46,8.09,0.26,6.61,4.93,7,Commercial Services & Supplies,Paper & Paper Products,2025-12-31,2026-02-13
Genus Power Infrastructures Ltd.,GENUSPOWER,530343,GENUSPOWER,INE955D01029,Other Electrical Equipment/Products,Consumer Durables,307.7,307.7,9360.78,17.21,Export NA,75.21,101.08,27.94,49.58,41.19,0.11,Export NA,1.45,1.34,4.6,77.77,9.42,8.51,17.88,156.03,16.67,20.69,21.67,7.16,10.95,11.03,5,Consumer Durables,Other Electrical Equipment/Products,2025-12-31,2026-05-16
Geojit Financial Services Ltd.,GEOJITFSL,532285,GEOJITFSL,INE007B01023,Capital Markets,Banking and Finance,69.74,69.74,1945.92,24.2,Export NA,16.99,15.06,78.72,22.6,49.83,-0.47,Export NA,2.78,1.85,1.65,32.57,6.23,18.07,2.88,-52,6.69,16.76,28.37,3.76,4.85,12.93,4,Banking and Finance,Capital Markets,2026-03-31,2026-04-29
Gillanders Arbuthnot & Company Ltd.,GILLANDERS,532716,GILLANDERS,INE047B01011,Tea & Coffee,"Food, Beverages & Tobacco",98.84,98.84,210.95,22.29,Export NA,8.89,11.13,75.27,28.35,34.78,-0.35,Export NA,1.73,3.66,0.81,81.77,8.04,6.07,4.44,-64.58,3.66,26.28,8.14,1.71,19.55,5.04,5,"Food, Beverages & Tobacco",Tea & Coffee,2026-03-31,2026-05-11
Gillette India Ltd.,GILLETTE,507815,GILLETTE,INE322A01010,Personal Products,FMCG,7882.5,7882.5,25685.28,41.4,Export NA,59.84,58.27,0.55,49.72,42.44,1.34,Export NA,14.09,18.07,19.24,18.95,20.61,13.33,190.42,30.89,40.82,37.93,33.56,21.77,19.27,18.98,6,FMCG,Personal Products,2025-12-31,2026-05-27
Ginni Filaments Ltd.,GINNIFILA,590025,GINNIFILA,INE424C01010,Textiles,Textiles Apparels & Accessories,41.74,41.74,357.5,9.65,Export NA,75.8,24.39,36.33,53.79,32.96,0.01,Export NA,2.24,6.53,1.56,82.34,15.41,3.67,4.32,782.84,15.72,22.86,11.51,11.26,8.26,7.43,9,Textiles Apparels & Accessories,Textiles,2026-03-31,2026-05-05
Giriraj Civil Developers Ltd.,GIRIRAJ,,GIRIRAJ,INE614Z01017,Construction & Engineering,Cement and Construction,188,188,449.71,25.15,Export NA,56.3,,10.3,35.74,31.41,,Export NA,3.26,5.1,3.26,13.29,4.05,4.95,7.48,,13.63,11.25,12.93,5.87,4.61,4.29,5,Cement and Construction,Construction & Engineering,2025-03-31,2025-11-14
Gland Pharma Ltd.,GLAND,543245,GLAND,INE068V01023,Pharmaceuticals,Pharmaceuticals & Biotechnology,1872.1,1872.1,30844.05,36.41,Export NA,39.79,35.42,35.56,42.18,42.23,1.8,Export NA,2.39,2.39,3.14,22.3,7.57,7.72,51.42,20.27,7.63,17.72,18.15,6.22,11.9,12.17,6,Pharmaceuticals & Biotechnology,Pharmaceuticals,2025-12-31,2026-05-15
GlaxoSmithKline Pharmaceuticals Ltd.,GLAXO,500660,GLAXO,INE159A01016,Pharmaceuticals,Pharmaceuticals & Biotechnology,2448.8,2448.8,41484.14,40.63,Export NA,59.84,45.07,24.4,42.18,42.23,2.16,Export NA,2.39,2.39,20.71,83.37,7.57,7.72,60.27,18.83,47.67,17.72,18.15,22.64,11.9,12.17,7,Pharmaceuticals & Biotechnology,Pharmaceuticals,2025-12-31,2026-05-13
Glenmark Pharmaceuticals Ltd.,GLENMARK,532296,GLENMARK,INE935A01035,Pharmaceuticals,Pharmaceuticals & Biotechnology,2257.1,2257.1,63695.54,59.8,Export NA,51.52,64.59,91.1,42.18,42.23,0.08,Export NA,2.39,2.39,6.38,74.02,7.57,7.72,37.74,705.73,11.83,17.72,18.15,6.52,11.9,12.17,5,Pharmaceuticals & Biotechnology,Pharmaceuticals,2025-12-31,2026-01-30
Global Education Ltd.,GLOBAL,,GLOBAL,INE291W01037,Education,Diversified Consumer Services,107.31,107.31,546.22,24.23,Export NA,12.43,14.93,91.05,33.62,20.12,-1.06,Export NA,3.59,2.38,4.35,55.51,10.95,20.81,4.43,-22.88,25.62,22.55,17.9,24.22,11.12,11.62,5,Diversified Consumer Services,Education,2025-12-31,2026-02-11
Global Health Ltd.,MEDANTA,543654,MEDANTA,INE474Q01031,Healthcare Facilities,Healthcare,1193.1,1193.1,32076.72,62.42,Export NA,66.96,,58.98,64.81,71.3,49.08,Export NA,6.11,6.58,8.44,27.81,9.5,9.54,19.11,1.27,14.21,14.74,13.76,10.1,8.39,7.2,6,Healthcare,Healthcare Facilities,2025-12-31,2026-05-14
Global Pet Industries Ltd.,GLOBALPET,,GLOBALPET,INE0PS501019,Industrial Machinery,General Industrials,135,135,159.13,37.22,Export NA,,,42.96,58.9,58.76,,Export NA,5.74,4.45,3.15,23.94,14.56,20.55,3.63,,8.46,19.77,24.18,6.99,10.29,13.59,5,General Industrials,Industrial Machinery,2025-03-31,2025-11-13
Global Surfaces Ltd.,GSLSU,543829,GSLSU,INE0JSX01015,Furniture-Furnishing,Diversified Consumer Services,55.84,55.84,236.66,-12.72,Export NA,32.14,,,33.62,45.68,0.09,Export NA,3.59,0.32,0.81,2.07,10.95,4.56,-4.39,-147.62,-9.43,22.55,10.88,-5.11,11.12,7.56,1,Diversified Consumer Services,Furniture-Furnishing,2025-12-31,2026-02-03
Global Vectra Helicorp Ltd.,GLOBALVECT,532773,GLOBALVECT,INE792H01019,Airlines,Transportation,167.29,167.29,234.21,-16.64,Export NA,264.97,264.97,,36.05,51.46,0.18,Export NA,4.72,0.54,-35.45,,8.05,17.96,-10.05,-94.23,-3.05,25.06,76.91,-0.08,7.11,6.33,4,Transportation,Airlines,2025-12-31,2026-02-13
Globale Tessile Ltd.,GLOBALE,544234,GLOBALE,INE0URU01010,Textiles,Textiles Apparels & Accessories,13.89,13.89,14.75,-11.79,Export NA,,,,53.79,32.96,0.02,Export NA,2.24,6.53,1.48,53.08,15.41,3.67,-1.18,-534.65,-6.98,22.86,11.51,-3.26,8.26,7.43,4,Textiles Apparels & Accessories,Textiles,2025-12-31,2026-02-11
Globe Civil Projects Ltd.,GLOBECIVIL,544424,GLOBECIVIL,INE0V3U01015,Construction & Engineering,Cement and Construction,44.55,44.55,266.05,11.18,Export NA,,,30.91,35.74,31.41,,Export NA,3.26,5.1,1.15,,4.05,4.95,3.99,,22.63,11.25,12.93,6.55,4.61,4.29,3,Cement and Construction,Construction & Engineering,2025-12-31,2026-02-14
Globe Enterprises (India) Ltd.,GLOBE,,GLOBE,INE581X01021,Textiles,Textiles Apparels & Accessories,2.49,2.49,112.15,14.12,Export NA,18.11,44.08,63.16,53.79,32.96,-0.51,Export NA,2.24,6.53,0.73,23.59,15.41,3.67,0.18,-27.44,6.54,22.86,11.51,2.46,8.26,7.43,4,Textiles Apparels & Accessories,Textiles,2025-12-31,2026-02-07
Globe International Carriers Ltd.,GICL,,GICL,INE947T01022,Surface Transportation,Transportation,39.26,39.26,439.53,91.55,Export NA,49.18,48.03,82.52,36.05,15.85,,Export NA,4.72,1.33,7.1,99.63,8.05,4.1,0.43,,8.16,25.06,17.94,5.05,7.11,13.67,5,Transportation,Surface Transportation,2025-12-31,2026-02-14
Globesecure Technologies Ltd.,GSTL,,GSTL,INE00WS01056,IT Software Products,Software & Services,22.15,22.15,35.31,-12.3,Export NA,,,,22.39,42.73,,Export NA,10.02,3.5,0.79,26.38,6.84,6.05,-1.8,,-6.29,28.07,12.16,-4.69,17.17,7.28,2,Software & Services,IT Software Products,2025-03-31,2025-11-14
Globus Spirits Ltd.,GLOBUSSPR,533104,GLOBUSSPR,INE615I01010,Breweries & Distilleries,"Food, Beverages & Tobacco",940,940,2715.5,29.58,Export NA,75.23,55.51,64.68,28.35,66.59,0.1,Export NA,1.73,1.7,2.56,67.87,8.04,10.34,31.77,293.35,8.41,26.28,16.79,4.08,19.55,10.27,6,"Food, Beverages & Tobacco",Breweries & Distilleries,2026-03-31,2026-05-07
Gloster Ltd.,GLOSTERLTD,542351,GLOSTERLTD,INE350Z01018,Jute & Jute Products,Forest Materials,651.15,651.15,712.57,93.65,Export NA,25.94,20.24,95.48,57.43,46.38,0.29,Export NA,6.14,0.54,0.66,67.09,5.86,1.13,6.95,327.18,-1.23,9.16,7.69,-0.66,5.7,7.88,2,Forest Materials,Jute & Jute Products,2025-12-31,2026-02-04
Glottis Ltd.,GLOTTIS,544557,GLOTTIS,INE0TQE01026,Warehousing & Logistics,Transportation,58.46,58.46,540.19,14.08,Export NA,,,92.41,36.05,32.42,,Export NA,4.72,1.7,2.67,,8.05,4.18,4.15,,56.98,25.06,8.62,35.96,7.11,5.64,4,Transportation,Warehousing & Logistics,2025-12-31,2026-02-13
Go Digit General Insurance Ltd.,GODIGIT,544179,GODIGIT,INE03JT01014,General Insurance,Banking and Finance,309.2,309.2,28515.8,50.25,Export NA,,,0.62,22.6,29.34,1.5,Export NA,2.78,1.74,6.03,0.21,6.23,3.73,6.15,33.54,13.54,16.76,12.11,2.53,4.85,3.04,6,Banking and Finance,General Insurance,2026-03-31,2026-04-28
Go Fashion (India) Ltd.,GOCOLORS,543401,GOCOLORS,INE0BJS01011,Other Apparels & Accessories,Textiles Apparels & Accessories,272,272,1469.04,24.82,Export NA,51.13,,5.13,53.79,43.2,-0.68,Export NA,2.24,2.85,1.96,0.27,15.41,13.14,10.96,-36.71,8.57,22.86,20.14,4.56,8.26,9.64,5,Textiles Apparels & Accessories,Other Apparels & Accessories,2026-03-31,2026-04-30
Goa Carbon Ltd.,GOACARBON,509567,GOACARBON,INE426D01013,Refineries/Petro-Products,Oil & Gas,404.7,404.7,370.35,-7.68,Export NA,6.08,7.53,,18.34,21.22,0.06,Export NA,1.36,1.29,2.25,40.85,1.85,2.01,-52.71,-118.99,-28.6,10.19,9.71,-13.03,4.37,3.93,5,Oil & Gas,Refineries/Petro-Products,2026-03-31,2026-05-07
Godavari Biorefineries Ltd.,GODAVARIB,544279,GODAVARIB,INE497S01012,Specialty Chemicals,Chemicals & Petrochemicals,294.55,294.55,1507.39,66.78,Export NA,,,27.98,42.23,47.85,0.38,Export NA,3.64,2.93,2.06,77.45,6.18,7.62,4.41,174.8,-2.99,13.61,14.82,-1.19,9.15,10.12,6,Chemicals & Petrochemicals,Specialty Chemicals,2025-12-31,2026-02-13
Godawari Power & Ispat Ltd.,GPIL,532734,GPIL,INE177H01039,Iron & Steel/Interm.Products,Metals & Mining,282.3,282.3,18991.05,25.6,Export NA,16.83,11.8,97.41,23.8,32.33,-3.1,Export NA,1.11,0.78,3.5,99.11,5.3,3.24,11.03,-8.26,16.54,19.76,6.78,13.18,9.83,3.42,4,Metals & Mining,Iron & Steel/Interm.Products,2025-12-31,2026-05-19
Godfrey Phillips India Ltd.,GODFRYPHLP,500163,GODFRYPHLP,INE260B01028,Cigarettes-Tobacco Products,"Food, Beverages & Tobacco",2341.3,2341.3,36520.02,28.44,Export NA,35.12,26.08,79.06,28.35,12.57,1.03,Export NA,1.73,0.47,5.97,91.4,8.04,5.12,82.31,27.51,20.44,26.28,46.72,15.38,19.55,37.05,6,"Food, Beverages & Tobacco",Cigarettes-Tobacco Products,2025-12-31,2026-05-15
Godrej Agrovet Ltd.,GODREJAGRO,540743,GODREJAGRO,INE850D01014,Other Agricultural Products,"Food, Beverages & Tobacco",572.85,572.85,11019.34,23.31,Export NA,33.85,30.59,5.28,28.35,21.91,2.33,Export NA,1.73,1.77,5.76,80.28,8.04,3.56,24.58,10.02,23.26,26.28,16.12,7.66,19.55,8.43,4,"Food, Beverages & Tobacco",Other Agricultural Products,2026-03-31,2026-04-30
Godrej Consumer Products Ltd.,GODREJCP,532424,GODREJCP,INE102D01028,Personal Products,FMCG,1030.2,1030.2,105414.66,56.63,Export NA,65.28,63.7,71.92,49.72,42.44,113.27,Export NA,14.09,18.07,8.33,30.69,20.61,13.33,18.19,0.5,14.71,37.93,33.56,8.72,19.27,18.98,4,FMCG,Personal Products,2026-03-31,2026-05-06
Godrej Industries Ltd.,GODREJIND,500164,GODREJIND,INE233A01035,Diversified,Diversified,1091.15,1091.15,36750.46,37.53,Export NA,282.45,155.34,53.36,24.34,34.23,0.37,Export NA,1.86,1.37,3.45,76.31,2.7,3.08,29.08,101.3,9.66,11.19,9.07,1.11,3.16,2.66,4,Diversified,Diversified,2025-12-31,2026-05-15
Godrej Properties Ltd.,GODREJPROP,533150,GODREJPROP,INE484J01027,Realty,Realty,1712.4,1712.4,51578.81,27.88,Export NA,76.42,88.93,8.43,37.63,37.32,0.87,Export NA,1.72,1.77,2.79,10.31,3.69,4.38,61.43,32.17,9.65,10.17,11.27,2.25,4.54,5.37,2,Realty,Realty,2026-03-31,2026-05-04
Gokaldas Exports Ltd.,GOKEX,532630,GOKEX,INE887G01027,Textiles,Textiles Apparels & Accessories,689.3,689.3,5050.75,43.16,Export NA,43.74,35.22,82.7,53.79,32.96,-1.97,Export NA,2.24,6.53,2.33,55.34,15.41,3.67,15.97,-21.96,7.61,22.86,11.51,4.48,8.26,7.43,6,Textiles Apparels & Accessories,Textiles,2025-12-31,2026-01-31
Gokul Agro Resources Ltd.,GOKULAGRO,539725,GOKULAGRO,INE314T01033,Edible Oils,FMCG,235.08,235.08,6936.9,23.19,Export NA,23.01,17.96,94.04,49.72,28.58,0.96,Export NA,14.09,1.07,5.37,96.31,20.61,3.55,10.14,24.08,23.7,37.93,10.93,6.01,19.27,6.19,8,FMCG,Edible Oils,2025-12-31,2026-05-15
Gokul Refoils & Solvent Ltd.,GOKUL,532980,GOKUL,INE020J01029,Edible Oils,FMCG,39.3,39.3,389.05,20.19,Export NA,142.67,80.13,64.23,49.72,28.58,0.22,Export NA,14.09,1.07,1.09,63.4,20.61,3.55,1.95,90.28,4.29,37.93,10.93,1.92,19.27,6.19,8,FMCG,Edible Oils,2025-12-31,2026-02-13
Golden Tobacco Ltd.,GOLDENTOBC,500151,GOLDENTOBC,INE973A01010,Realty,Realty,26.68,26.68,46.98,6.8,Export NA,,,5.51,37.63,37.32,0.03,Export NA,1.72,1.77,-0.23,,3.69,4.38,3.93,230.78,-3.74,10.17,11.27,5.13,4.54,5.37,6,Realty,Realty,2021-12-31,2022-02-14
Goldiam International Ltd.,GOLDIAM,526729,GOLDIAM,INE025B01025,Gems & Jewellery,Textiles Apparels & Accessories,383.35,383.35,4328.7,27.65,Export NA,36.34,27.15,87.2,53.79,63.43,0.69,Export NA,2.24,1.24,3.97,82.55,15.41,20.78,13.87,40.2,15.81,22.86,28.31,13.09,8.26,8.05,4,Textiles Apparels & Accessories,Gems & Jewellery,2025-12-31,2026-02-07
Goldkart Jewels Ltd.,GOLDKART,,GOLDKART,INE06MH01016,Gems & Jewellery,Textiles Apparels & Accessories,179.95,179.95,302.05,85.05,Export NA,246.37,241.66,17.43,53.79,63.43,,Export NA,2.24,1.24,4.31,57.24,15.41,20.78,2.12,,6.55,22.86,28.31,4.05,8.26,8.05,3,Textiles Apparels & Accessories,Gems & Jewellery,2026-03-31,2026-04-29
Goldman Sachs CPSE ETF - Growth Option,CPSEETF,538057,CPSEETF,INF457M01133,Others,Others,105,105,,,Export NA,,,,,,,Export NA,,,,,,,,,,,,,,,,Others,Others,,
Goldstar Power Ltd.,GOLDSTAR,,GOLDSTAR,INE405Y01021,Auto Parts & Equipment,Automobiles & Auto Components,6.85,6.85,196.05,85.98,Export NA,96.32,94.7,63.62,32.11,41.7,,Export NA,5.07,3.31,2.43,22.62,6.96,6.81,0.08,,7.48,19.05,15.01,4.43,9.43,7.82,5,Automobiles & Auto Components,Auto Parts & Equipment,2025-12-31,2026-02-07
Goodluck India Ltd.,GOODLUCK,530655,GOODLUCK,INE127I01024,Iron & Steel Products,Metals & Mining,1305,1305,4337.62,25.85,Export NA,22.49,22.2,94.67,23.8,30.63,5.13,Export NA,1.11,1.79,3,90.95,5.3,6.46,50.49,5.04,12.7,19.76,18.83,6.54,9.83,10.86,4,Metals & Mining,Iron & Steel Products,2025-12-31,2026-02-13
Goodyear India Ltd.,,500168,GOODYEAR,INE533A01012,Auto Tyres & Rubber Products,Automobiles & Auto Components,764.8,764.8,1764.13,31.12,Export NA,32,27.89,79.3,32.11,25.9,1.35,Export NA,5.07,0.9,2.94,49.5,6.96,2.87,24.57,23.11,9.18,19.05,10.97,4.43,9.43,6.34,8,Automobiles & Auto Components,Auto Tyres & Rubber Products,2025-12-31,2026-02-05
Gopal Snacks Ltd.,GOPAL,544140,GOPAL,INE0L9R01028,Packaged Foods,FMCG,314.05,314.05,3914.58,933.15,Export NA,,,98.8,49.72,67.64,-9.82,Export NA,14.09,6.77,8.71,9.4,20.61,37.36,0.34,-95.04,4.69,37.93,51.25,3.54,19.27,22.23,4,FMCG,Packaged Foods,2025-12-31,2026-05-12
Goyal Aluminiums Ltd.,GOYALALUM,541152,GOYALALUM,INE705X01026,Commodity Trading  & Distribution,Commercial Services & Supplies,6.88,6.88,98.2,38.63,Export NA,181.26,171.01,13.61,31.83,33.18,-6.27,Export NA,2.32,1.21,3.94,35.53,5.75,5.32,0.18,-6.16,10.26,13.46,12.19,9.36,6.61,4.31,8,Commercial Services & Supplies,Commodity Trading  & Distribution,2025-12-31,2026-02-13
Goyal Salt Ltd.,GOYALSALT,,GOYALSALT,INE0QFE01017,Other Food & Beverages,"Food, Beverages & Tobacco",120,120,214.8,16.22,Export NA,,,,28.35,46.65,,Export NA,1.73,2.98,3.47,,8.04,15.04,7.4,,23.86,26.28,15.61,16.32,19.55,11.14,2,"Food, Beverages & Tobacco",Other Food & Beverages,2025-03-31,2025-11-10
Grand Continent Hotels Ltd.,GCHOTELS,,GCHOTELS,INE12E301017,Hotels,Hotels Restaurants & Tourism,94.95,94.95,236.61,22.24,Export NA,,,,44.23,40.73,,Export NA,3.41,2.69,2.17,,8.2,7.29,4.27,,9.96,12.41,12.19,7.64,7.26,7.71,6,Hotels Restaurants & Tourism,Hotels,2025-03-31,2025-11-19
Grand Foundry Ltd.,GFSTEELS,513343,GFSTEELS,INE534A01028,Iron & Steel Products,Metals & Mining,12.97,12.97,39.47,217.69,Export NA,207.45,207.45,100,23.8,30.63,1.72,Export NA,1.11,1.79,-6.22,,5.3,6.46,0.06,126.64,-3.32,19.76,18.83,1.35,9.83,10.86,4,Metals & Mining,Iron & Steel Products,2026-03-31,2026-05-07
Grand Oak Canyons Distillery Ltd.,,523862,GRANDOAK,INE926B01016,Finance (including NBFCs),Banking and Finance,28.52,28.52,1479.86,309.03,Export NA,,,56.6,22.6,26.34,,Export NA,2.78,2.13,1.7,51.36,6.23,3.86,0.09,,-0.58,16.76,13.65,-0.14,4.85,6.73,1,Banking and Finance,Finance (including NBFCs),2025-12-31,2026-02-03
Granules India Ltd.,GRANULES,532482,GRANULES,INE101D01020,Pharmaceuticals,Pharmaceuticals & Biotechnology,729.05,729.05,18065.63,30.36,Export NA,29.55,23.72,97.09,42.18,42.23,1.63,Export NA,2.39,2.39,4.37,77.41,7.57,7.72,24.01,18.64,11.7,17.72,18.15,7.7,11.9,12.17,7,Pharmaceuticals & Biotechnology,Pharmaceuticals,2026-03-31,2026-04-29
Graphisads Ltd.,GRAPHISAD,,GRAPHISAD,INE0POU01017,Advertising & Media,Media,35.1,35.1,64.15,7.65,Export NA,,,3.24,25.23,29.21,,Export NA,2.2,3.19,0.61,2.16,13.87,5.97,4.59,,8.24,20.32,16.93,4.6,15.35,7.63,4,Media,Advertising & Media,2025-03-31,2025-11-14
Graphite India Ltd.,GRAPHITE,509488,GRAPHITE,INE371A01025,Electrodes & Refractories,General Industrials,717,717,14008.43,42.71,Export NA,18.99,24.53,81.1,58.9,42.36,-1.83,Export NA,5.74,5.21,2.35,77.57,14.56,4.18,16.79,-23.36,7.87,19.77,9.89,6.39,10.29,7.94,5,General Industrials,Electrodes & Refractories,2025-12-31,2026-02-09
Grasim Industries Ltd.,GRASIM,500300,GRASIM,INE047A01021,Cement & Cement Products,Cement and Construction,2903,2903,197555.3,43.86,Export NA,39.32,28.33,91.7,35.74,39.23,2.66,Export NA,3.26,1.71,1.94,90.95,4.05,3.41,66.19,16.5,3.8,11.25,8.66,0.74,4.61,4.59,2,Cement and Construction,Cement & Cement Products,2025-12-31,2026-05-20
Grauer & Weil (India) Ltd.,,505710,GRAUWEIL,INE266D01021,Commodity Chemicals,Chemicals & Petrochemicals,68.02,68.02,3084.11,21.99,Export NA,26.62,25.54,63.57,42.23,39.75,-1.73,Export NA,3.64,7.92,2.99,53.75,6.18,4.79,3.09,-12.68,16.73,13.61,12.96,12.22,9.15,8.15,4,Chemicals & Petrochemicals,Commodity Chemicals,2025-12-31,2026-02-13
Graviss Hospitality Ltd.,,509546,GRAVISSHO,INE214F01026,Hotels,Hotels Restaurants & Tourism,27.47,27.47,193.72,-257.4,Export NA,69.18,2.42,,44.23,40.73,2.4,Export NA,3.41,2.69,1.01,73.02,8.2,7.29,-0.11,-107.08,4.87,12.41,12.19,4.09,7.26,7.71,5,Hotels Restaurants & Tourism,Hotels,2025-12-31,2026-05-14
Gravita India Ltd.,GRAVITA,533282,GRAVITA,INE024L01027,Other Non-Ferrous Metals,Metals & Mining,1685.3,1685.3,12438.95,32.84,Export NA,47.36,36.19,77.91,23.8,22.49,1.54,Export NA,1.11,0.62,5.28,56.91,5.3,14.36,51.32,21.26,15.45,19.76,56.36,11.08,9.83,29.99,5,Metals & Mining,Other Non-Ferrous Metals,2026-03-31,2026-05-07
Great Eastern Shipping Company Ltd.,GESHIP,500620,GESHIP,INE017A01032,Shipping,Transportation,1510.5,1510.5,21564.99,9.54,Export NA,6.41,7.32,75.56,36.05,15.93,-0.44,Export NA,4.72,0.19,1.34,92.52,8.05,10.04,158.41,-21.65,16.44,25.06,18.78,13.27,7.11,14.46,6,Transportation,Shipping,2025-12-31,2026-05-14
Greaves Cotton Ltd.,GREAVESCOT,501455,GREAVESCOT,INE224A01026,Auto Parts & Equipment,Automobiles & Auto Components,168.15,168.15,3917.08,36.56,Export NA,73.3,57.66,45.62,32.11,41.7,0.44,Export NA,5.07,3.31,2.84,22.26,6.96,6.81,4.6,83.46,7.48,19.05,15.01,3.7,9.43,7.82,6,Automobiles & Auto Components,Auto Parts & Equipment,2026-03-31,2026-05-06
Greenchef Appliances Ltd,GREENCHEF,,GREENCHEF,INE0O7P01015,Household Appliances,Consumer Durables,53.15,53.15,123.69,20.79,Export NA,,,14.69,49.58,47.95,,Export NA,1.45,3.33,1.08,,9.42,5.18,2.56,,4.93,20.69,13.31,1.94,10.95,7.54,5,Consumer Durables,Household Appliances,2025-03-31,2025-05-30
Greenlam Industries Ltd.,GREENLAM,538979,GREENLAM,INE544R01021,Furniture-Furnishing,Diversified Consumer Services,218.23,218.23,5568.09,294.92,Export NA,70.03,58.28,97.46,33.62,45.68,-3.57,Export NA,3.59,0.32,4.9,24.21,10.95,4.56,0.74,-82.61,6.18,22.55,10.88,2.39,11.12,7.56,3,Diversified Consumer Services,Furniture-Furnishing,2025-12-31,2026-01-29
Greenleaf Envirotech Ltd.,GREENLEAF,,GREENLEAF,INE0PLX01017,Utilities:Non-Electrical,Utilities,84.5,84.5,50.1,10.67,Export NA,,,,24.91,15.47,,Export NA,27.85,426.35,2.98,,5.52,5.02,7.92,,37.84,14.21,14.06,18.5,5.38,8.44,6,Utilities,Utilities:Non-Electrical,2025-03-31,2025-11-13
Greenpanel Industries Ltd.,GREENPANEL,542857,GREENPANEL,INE08ZM01014,Forest Products,Forest Materials,214.35,214.35,2628.52,-1856.65,Export NA,36.05,27.63,,57.43,59.25,18.21,Export NA,6.14,6.55,1.94,20.74,5.86,6.15,-0.12,-101.95,5.2,9.16,9.21,3.37,5.7,5.64,4,Forest Materials,Forest Products,2025-12-31,2026-05-15
Greenply Industries Ltd.,GREENPLY,526797,GREENPLY,INE461C01038,Forest Products,Forest Materials,257.5,257.5,3216.23,35.93,Export NA,46.75,35.75,56.86,57.43,59.25,-15.99,Export NA,6.14,6.55,3.7,28.85,5.86,6.15,7.17,-2.25,10,9.16,9.21,4.56,5.7,5.64,7,Forest Materials,Forest Products,2026-03-31,2026-04-28
Gretex Corporate Services Ltd.,GCSL,543324,GCSL,INE199P01028,Other Financial Services,Banking and Finance,380.4,380.4,861.21,45.64,Export NA,18.16,,69.73,22.6,36.93,0.03,Export NA,2.78,3.57,5.95,76.8,6.23,99.98,8.34,1336.16,7.65,16.76,19.97,5.48,4.85,11.89,4,Banking and Finance,Other Financial Services,2026-03-31,2026-05-07
Gretex Industries Ltd.,GRETEX,,GRETEX,INE985P01012,Distributors,Commercial Services & Supplies,274.55,274.55,425.72,304.96,Export NA,46.93,46.93,94.16,31.83,22.9,-26.13,Export NA,2.32,24.39,7.99,56.23,5.75,5.17,0.9,-11.67,2.68,13.46,16.43,2.11,6.61,8.69,5,Commercial Services & Supplies,Distributors,2026-03-31,2026-05-04
Grill Splendour Services Ltd.,BIRDYS,,BIRDYS,INE0PC901019,Restaurants,Hotels Restaurants & Tourism,125,125,78.85,-16.6,Export NA,,,,44.23,62.18,,Export NA,3.41,5.91,4.62,50.45,8.2,11,-7.53,,-20.56,12.41,13.17,-16.15,7.26,5.68,2,Hotels Restaurants & Tourism,Restaurants,2025-03-31,2025-11-10
Grindwell Norton Ltd.,GRINDWELL,506076,GRINDWELL,INE536A01023,Abrasives & Bearings,General Industrials,1786.7,1786.7,19782.34,47.64,Export NA,55.41,61.63,61.18,58.9,57.14,3.86,Export NA,5.74,4.1,8.32,64.05,14.56,22.89,37.5,12.34,16.39,19.77,15.42,12.09,10.29,12.49,6,General Industrials,Abrasives & Bearings,2026-03-31,2026-05-08
Grover Jewells Ltd.,GJL,,GJL,INE1TY801010,Gems & Jewellery,Textiles Apparels & Accessories,140.1,140.1,203.25,26.66,Export NA,,,,53.79,63.43,,Export NA,2.24,1.24,6.56,,15.41,20.78,5.25,,45.66,22.86,28.31,25.54,8.26,8.05,5,Textiles Apparels & Accessories,Gems & Jewellery,2025-03-31,
Groww BSE Hospitals ETF,GROWWHOSPI,544721,GROWWHOSPI,INF666M01OD9,Others,Others,50.14,50.14,,,Export NA,,,,,,,Export NA,,,,,,,,,,,,,,,,Others,Others,,
Groww BSE Power ETF,GROWWPOWER,544473,GROWWPOWER,INF666M01LM6,Others,Others,11.89,11.89,,,Export NA,,,,,,,Export NA,,,,,,,,,,,,,,,,Others,Others,,
Groww Gold ETF,GROWWGOLD,,GROWWGOLD,INF666M01OE7,Others,Others,14.7,14.7,,,Export NA,,,,,,,Export NA,,,,,,,,,,,,,,,,Others,Others,,
Groww Nifty 1D Rate Liquid ETF,GROWWLIQID,,GROWWLIQID,INF666M01IP5,Others,Others,109.02,109.02,,,Export NA,,,,,,,Export NA,,,,,,,,,,,,,,,,Others,Others,,
Groww Nifty 200 ETF,GROWWN200,,GROWWN200,INF666M01JV1,Others,Others,10.86,10.86,,,Export NA,,,,,,,Export NA,,,,,,,,,,,,,,,,Others,Others,,
Groww Nifty 50 ETF,GROWWNIFTY,,GROWWNIFTY,INF666M01LL8,Others,Others,9.41,9.41,,,Export NA,,,,,,,Export NA,,,,,,,,,,,,,,,,Others,Others,,
Groww Nifty 500 Low Volatility 50 ETF,GROWWLOVOL,,GROWWLOVOL,INF666M01LB9,Others,Others,10.22,10.22,,,Export NA,,,,,,,Export NA,,,,,,,,,,,,,,,,Others,Others,,
Groww Nifty 500 Momentum 50 ETF,GROWWMOM50,,GROWWMOM50,INF666M01KJ4,Others,Others,10.39,10.39,,,Export NA,,,,,,,Export NA,,,,,,,,,,,,,,,,Others,Others,,
Groww Nifty Capital Markets ETF,GROWWCAPM,,GROWWCAPM,INF666M01MM4,Others,Others,11.27,11.27,,,Export NA,,,,,,,Export NA,,,,,,,,,,,,,,,,Others,Others,,
Groww Nifty Chemicals ETF,GROWWCHEM,,GROWWCHEM,INF666M01NP5,Others,Others,28.68,28.68,,,Export NA,,,,,,,Export NA,,,,,,,,,,,,,,,,Others,Others,,
Groww Nifty EV & New Age Automotive ETF,GROWWEV,140518861,GROWWEV,INF666M01IH2,Others,Others,29.94,29.94,,,Export NA,,,,,,,Export NA,,,,,,,,,,,,,,,,Others,Others,,
Groww Nifty India Defence ETF,GROWWDEFNC,,GROWWDEFNC,INF666M01IO8,Others,Others,89.27,89.27,,,Export NA,,,,,,,Export NA,,,,,,,,,,,,,,,,Others,Others,,
Groww Nifty India Internet ETF,GROWWNET,,GROWWNET,INF666M01LI4,Others,Others,8.8,8.8,,,Export NA,,,,,,,Export NA,,,,,,,,,,,,,,,,Others,Others,,
Groww Nifty India Railways PSU ETF,GROWWRAIL,,GROWWRAIL,INF666M01JJ6,Others,Others,31.74,31.74,,,Export NA,,,,,,,Export NA,,,,,,,,,,,,,,,,Others,Others,,
Groww Nifty Metal ETF,GROWWMETAL,,GROWWMETAL,INF666M01NI0,Others,Others,12.21,12.21,,,Export NA,,,,,,,Export NA,,,,,,,,,,,,,,,,Others,Others,,
Groww Nifty Midcap 150 ETF,GROWWMC150,,GROWWMC150,INF666M01MV5,Others,Others,219.27,219.27,,,Export NA,,,,,,,Export NA,,,,,,,,,,,,,,,,Others,Others,,
Groww Nifty Next 50 ETF,GROWWNXT50,,GROWWNXT50,INF666M01LZ8,Others,Others,68.89,68.89,,,Export NA,,,,,,,Export NA,,,,,,,,,,,,,,,,Others,Others,,
Groww Nifty PSE ETF,GROWWPSE,,GROWWPSE,INF666M01NQ3,Others,Others,105.11,105.11,,,Export NA,,,,,,,Export NA,,,,,,,,,,,,,,,,Others,Others,,
Groww Nifty PSU Bank ETF,GROWWPSUBK,,GROWWPSUBK,INF666M01OG2,Others,Others,80.75,80.75,,,Export NA,,,,,,,Export NA,,,,,,,,,,,,,,,,Others,Others,,
Groww Nifty Realty ETF,GROWWRLTY,,GROWWRLTY,INF666M01MN2,Others,Others,8.59,8.59,,,Export NA,,,,,,,Export NA,,,,,,,,,,,,,,,,Others,Others,,
Groww Nifty Smallcap 250 ETF,GROWWSC250,,GROWWSC250,INF666M01MO0,Others,Others,9.67,9.67,,,Export NA,,,,,,,Export NA,,,,,,,,,,,,,,,,Others,Others,,
Groww Silver ETF,GROWWSLVR,,GROWWSLVR,INF666M01OF4,Others,Others,25.8,25.8,,,Export NA,,,,,,,Export NA,,,,,,,,,,,,,,,,Others,Others,,
Gufic BioSciences Ltd.,GUFICBIO,509079,GUFICBIO,INE742B01025,Pharmaceuticals,Pharmaceuticals & Biotechnology,296.45,296.45,2972.87,59.41,Export NA,46.84,37.96,88.59,42.18,42.23,-1.52,Export NA,2.39,2.39,4.62,0.41,7.57,7.72,4.99,-38.96,11.58,17.72,18.15,5.95,11.9,12.17,4,Pharmaceuticals & Biotechnology,Pharmaceuticals,2025-12-31,2026-02-13
Gujarat Alkalies & Chemicals Ltd.,GUJALKALI,530001,GUJALKALI,INE186A01019,Commodity Chemicals,Chemicals & Petrochemicals,679.2,679.2,4987.83,-582.01,Export NA,,11.64,,42.23,39.75,-6.27,Export NA,3.64,7.92,0.9,57.81,6.18,4.79,-1.17,92.87,-1.14,13.61,12.96,-0.81,9.15,8.15,5,Chemicals & Petrochemicals,Commodity Chemicals,2025-12-31,2026-02-06
Gujarat Ambuja Exports Ltd.,GAEL,524226,GAEL,INE036B01030,Other Agricultural Products,"Food, Beverages & Tobacco",166.42,166.42,7633.2,25.09,Export NA,19.8,18.59,73.79,28.35,21.91,1.14,Export NA,1.73,1.77,2.42,61.34,8.04,3.56,6.63,22.04,9.23,26.28,16.12,7.31,19.55,8.43,5,"Food, Beverages & Tobacco",Other Agricultural Products,2026-03-31,2026-05-09
Gujarat Apollo Industries Ltd.,GUJAPOLLO,522217,GUJAPOLLO,INE826C01016,Industrial Machinery,General Industrials,410.45,410.45,532.35,-114.83,Export NA,137.44,83.71,,58.9,58.76,0.77,Export NA,5.74,4.45,1.08,97.54,14.56,20.55,-3.57,-149.91,0.47,19.77,24.18,0.42,10.29,13.59,1,General Industrials,Industrial Machinery,2025-12-31,2026-02-14
Gujarat Fluorochemicals Ltd.,FLUOROCHEM,542812,FLUOROCHEM,INE09N301011,Specialty Chemicals,Chemicals & Petrochemicals,3644.9,3644.9,40039.23,60.94,Export NA,82.08,59.2,72.94,42.23,47.85,1.38,Export NA,3.64,2.93,5.19,31.97,6.18,7.62,59.81,44.09,7.52,13.61,14.82,5.14,9.15,10.12,7,Chemicals & Petrochemicals,Specialty Chemicals,2025-12-31,2026-02-12
Gujarat Gas Ltd.,GUJGASLTD,539336,GUJGASLTD,INE844O01030,Utilities:Non-Electrical,Utilities,368.25,368.25,25349.97,21.81,Export NA,28.72,26.36,24.23,24.91,15.47,-2.55,Export NA,27.85,426.35,2.83,2.93,5.52,5.02,16.88,-8.56,13.52,14.21,14.06,9.07,5.38,8.44,6,Utilities,Utilities:Non-Electrical,2025-12-31,2026-01-20
Gujarat Industries Power Company Ltd.,GIPCL,517300,GIPCL,INE162A01010,Power - Electric Utilities,Utilities,146.17,146.17,2268.79,15.62,Export NA,14.45,12.08,92.21,24.91,29.95,-0.52,Export NA,27.85,1.43,0.64,49.21,5.52,4.23,9.36,-30.11,6,14.21,16.2,2.79,5.38,5.79,4,Utilities,Power - Electric Utilities,2025-12-31,2026-02-12
Gujarat Kidney and Super Speciality Ltd.,GKSL,544666,GKSL,INE0V0W01025,Healthcare Facilities,Healthcare,142.24,142.24,1121.47,,Export NA,,,,64.81,71.3,,Export NA,6.11,6.58,31.87,100,9.5,9.54,,,36.29,14.74,13.76,17,8.39,7.2,7,Healthcare,Healthcare Facilities,2025-12-31,2026-02-14
Gujarat Lease Financing Ltd.,GLFL,500174,GLFL,INE540A01017,Finance (including NBFCs),Banking and Finance,7,7,18.99,403.23,Export NA,256.74,193.09,97.18,22.6,26.34,-20.55,Export NA,2.78,2.13,-4.63,,6.23,3.86,0.02,-19.62,-1.16,16.76,13.65,0.73,4.85,6.73,5,Banking and Finance,Finance (including NBFCs),2026-03-31,2026-04-30
Gujarat Mineral Development Corporation Ltd.,GMDCLTD,532181,GMDCLTD,INE131A01031,Coal & Mining,Metals & Mining,643.1,643.1,20450.58,20.68,Export NA,20.77,15.47,81.63,23.8,13.83,0.43,Export NA,1.11,3.11,2.98,98.63,5.3,4.81,31.09,48.31,10.69,19.76,23.55,8.84,9.83,10.77,6,Metals & Mining,Coal & Mining,2025-12-31,2026-05-14
Gujarat Narmada Valley Fertilizers & Chemicals Ltd.,GNFC,500670,GNFC,INE113A01013,Fertilizers,Fertilizers,470.15,470.15,6908.42,11.09,Export NA,15.2,10.7,66.96,20.68,20.68,0.53,Export NA,7.54,7.54,0.79,29.5,16.07,16.07,42.4,20.74,6.97,478.71,478.71,5.43,243.93,243.93,9,Fertilizers,Fertilizers,2025-12-31,2026-05-18
Gujarat Natural Resources Ltd.,,513536,GNRL,INE207H01018,Exploration & Production,Oil & Gas,95.99,95.99,1472.51,202.9,Export NA,,,59.83,18.34,10.05,0.83,Export NA,1.36,31.57,7.88,93.69,1.85,1.06,0.47,244.54,-2.45,10.19,11.02,-2.16,4.37,5.08,4,Oil & Gas,Exploration & Production,2025-12-31,2026-02-14
Gujarat Pipavav Port Ltd.,GPPL,533248,GPPL,INE517F01014,Marine Port & Services,Transportation,152.85,152.85,7389.38,15.23,Export NA,23.32,22.53,11.43,36.05,34.26,0.4,Export NA,4.72,5.55,2.96,57.49,8.05,5.76,10.04,38.52,16.98,25.06,13.38,13.52,7.11,6.85,8,Transportation,Marine Port & Services,2025-12-31,2026-05-28
Gujarat Raffia Industries Ltd.,GUJRAFFIA,523836,GUJRAFFIA,INE610B01024,Containers & Packaging,Commercial Services & Supplies,38.04,38.04,20.56,28.09,Export NA,48.73,33.45,62.29,31.83,23.27,0.84,Export NA,2.32,5.49,0.94,45.64,5.75,2.74,1.35,33.25,2.46,13.46,10.99,2.05,6.61,7.3,7,Commercial Services & Supplies,Containers & Packaging,2025-12-31,2026-02-13
Gujarat State Fertilizer & Chemicals Ltd.,GSFC,500690,GSFC,INE026A01025,Fertilizers,Fertilizers,167.12,167.12,6659.36,9.62,Export NA,13.9,10.14,42.81,20.68,20.68,0.35,Export NA,7.54,7.54,0.53,30.11,16.07,16.07,17.38,27.25,4.86,478.71,478.71,4.11,243.93,243.93,7,Fertilizers,Fertilizers,2025-12-31,2026-05-19
Gujarat State Petronet Ltd.,GSPL,532702,GSPL,INE246F01010,Utilities:Non-Electrical,Utilities,268.35,268.35,15140.61,14.39,Export NA,13.64,11.63,86.74,24.91,15.47,-0.63,Export NA,27.85,426.35,1.23,3.14,5.52,5.02,18.65,-22.94,9.54,14.21,14.06,5.33,5.38,8.44,6,Utilities,Utilities:Non-Electrical,2025-12-31,2026-01-22
Gujarat Themis Biosyn Ltd.,GUJTHEM,506879,GUJTHEM,INE942C01045,Pharmaceuticals,Pharmaceuticals & Biotechnology,362.3,362.3,3947.81,82.61,Export NA,53.93,39.94,94.67,42.18,42.23,-8.93,Export NA,2.39,2.39,14.26,84.3,7.57,7.72,4.39,-9.25,19.63,17.72,18.15,16.18,11.9,12.17,4,Pharmaceuticals & Biotechnology,Pharmaceuticals,2025-12-31,2026-02-05
Gulf Oil Lubricants India Ltd.,GULFOILLUB,538567,GULFOILLUB,INE635Q01029,Oil Marketing & Distribution,Oil & Gas,947.65,947.65,4691.62,13.4,Export NA,17.19,15.9,30.11,18.34,9.53,-12.43,Export NA,1.36,1.05,2.72,38.52,1.85,1.9,70.71,-1.08,24.61,10.19,12.36,13.04,4.37,6.44,5,Oil & Gas,Oil Marketing & Distribution,2025-12-31,2026-02-09
Gulshan Polyols Ltd.,GULPOLY,532457,GULPOLY,INE255D01024,Commodity Chemicals,Chemicals & Petrochemicals,186.1,186.1,1160.72,15.15,Export NA,54.34,46.39,51.9,42.23,39.75,0.07,Export NA,3.64,7.92,1.7,57.95,6.18,4.79,12.29,217.5,4.04,13.61,12.96,1.87,9.15,8.15,8,Chemicals & Petrochemicals,Commodity Chemicals,2025-12-31,2026-02-10
Gurunanak Agriculture India Ltd.,GURUNANAK,,GURUNANAK,INE1CCX01012,Industrial Machinery,General Industrials,40.3,40.3,48.36,7.99,Export NA,,,,58.9,58.76,,Export NA,5.74,4.45,1.12,,14.56,20.55,5.05,,49.33,19.77,24.18,30.03,10.29,13.59,5,General Industrials,Industrial Machinery,2025-03-31,2025-11-14
HB Estate Developers Ltd.,,532334,HBESD,INE640B01021,Realty,Realty,77.15,77.15,150.13,11.79,Export NA,-0.72,-1.19,3.49,37.63,37.32,0.63,Export NA,1.72,1.77,0.82,70.65,3.69,4.38,6.55,18.72,6.18,10.17,11.27,2.17,4.54,5.37,6,Realty,Realty,2025-12-31,2026-02-13
HB Stockholdings Ltd.,HBSL,532216,HBSL,INE550B01022,Finance (including NBFCs),Banking and Finance,63.09,63.09,45.03,-5.6,Export NA,1.79,2.22,,22.6,26.34,0,Export NA,2.78,2.13,0.51,57.1,6.23,3.86,-11.27,-1467.05,-13.34,16.76,13.65,-11.28,4.85,6.73,2,Banking and Finance,Finance (including NBFCs),2025-12-31,2026-02-10
HBL Engineering Ltd.,HBLENGINE,517271,HBLENGINE,INE292B01021,Other Electrical Equipment/Products,Consumer Durables,782.25,782.25,21683.57,27.24,Export NA,64.66,59.97,16.65,49.58,41.19,0.18,Export NA,1.45,1.34,9.84,79.31,9.42,8.51,28.72,154.01,18.67,20.69,21.67,13.98,10.95,11.03,5,Consumer Durables,Other Electrical Equipment/Products,2025-12-31,2026-05-23
HCL Infosystems Ltd.,HCL-INSYS,500179,HCL-INSYS,INE236A01020,Computer Hardware,Hardware Technology & Equipment,11.51,11.51,378.92,-16.02,Export NA,,-1.58,,29.02,32.67,4.05,Export NA,0.51,0.5,-1.22,,14.15,6,-0.72,-3.96,0,28.88,17.87,-4.87,10.48,10.14,2,Hardware Technology & Equipment,Computer Hardware,2025-12-31,2026-02-13
HCL Technologies Ltd.,HCLTECH,532281,HCLTECH,INE860A01027,IT Consulting & Software,Software & Services,1145.8,1145.8,310931.75,18.68,Export NA,26.27,24.31,42.67,22.39,21.42,-4.34,Export NA,10.02,10.72,4.13,34.62,6.84,6.86,61.33,-4.3,22.14,28.07,30.42,14.31,17.17,18.42,7,Software & Services,IT Consulting & Software,2026-03-31,2026-04-21
HDB Financial Services Ltd.,HDBFS,544429,HDBFS,INE756I01012,Finance (including NBFCs),Banking and Finance,674.15,674.15,55977.22,22.01,Export NA,,,9.48,22.6,26.34,1.3,Export NA,2.78,2.13,2.8,7.58,6.23,3.86,30.63,16.9,12.31,16.76,13.65,2.05,4.85,6.73,4,Banking and Finance,Finance (including NBFCs),2026-03-31,2026-04-15
HDFC Asset Management Company Ltd.,HDFCAMC,541729,HDFCAMC,INE127D01025,Asset Management Cos.,Banking and Finance,2632.8,2632.8,112807.13,39.47,Export NA,44.89,40.21,37.23,22.6,43.19,2.44,Export NA,2.78,3.05,13.09,73.25,6.23,20.44,66.7,16.17,30.96,16.76,49.38,28.6,4.85,42.32,6,Banking and Finance,Asset Management Cos.,2026-03-31,2026-04-16
HDFC BSE 500 ETF,HDFCBSE500,543774,HDFCBSE500,INF179KC1EZ4,Others,Others,35.81,35.81,,,Export NA,,,,,,,Export NA,,,,,,,,,,,,,,,,Others,Others,,
HDFC BSE Sensex ETF,HDFCSENSEX,539517,HDFCSENSEX,INF179KC1HX2,Others,Others,84.14,84.14,,,Export NA,,,,,,,Export NA,,,,,,,,,,,,,,,,Others,Others,,
HDFC Bank Ltd.,HDFCBANK,500180,HDFCBANK,INE040A01034,Banks,Banking and Finance,750.45,750.45,1155357.99,15.2,Export NA,20.2,24.16,3.31,22.6,13.77,2.06,Export NA,2.78,1.95,2.06,6.69,6.23,1.84,49.38,7.39,12.97,16.76,13.01,1.54,4.85,1.37,5,Banking and Finance,Banks,2026-03-31,2026-04-18
HDFC Gold ETF,HDFCGOLD,533230,HDFCGOLD,INF179KC1981,Others,Others,128.63,128.63,,,Export NA,,,,,,,Export NA,,,,,,,,,,,,,,,,Others,Others,,
HDFC Life Insurance Company Ltd.,HDFCLIFE,540777,HDFCLIFE,INE795G01014,Life Insurance,Banking and Finance,601.8,601.8,129857.58,67.91,Export NA,87.64,91.01,3.37,22.6,37.15,12.11,Export NA,2.78,8.98,7.47,7.05,6.23,5.97,8.86,5.61,10.77,16.76,24.95,0.48,4.85,0.65,4,Banking and Finance,Life Insurance,2026-03-31,2026-04-16
HDFC NIFTY 1D Rate Liquid ETF - Growth,HDFCLIQUID,543973,HDFCLIQUID,INF179KC1JG3,Others,Others,1060.09,1060.09,,,Export NA,,,,,,,Export NA,,,,,,,,,,,,,,,,Others,Others,,
HDFC NIFTY Growth Sectors 15 ETF,HDFCGROWTH,543607,HDFCGROWTH,INF179KC1DJ0,Others,Others,113.02,113.02,,,Export NA,,,,,,,Export NA,,,,,,,,,,,,,,,,Others,Others,,
HDFC NIFTY Midcap 150 ETF,HDFCMID150,543776,HDFCMID150,INF179KC1HT0,Others,Others,22.25,22.25,,,Export NA,,,,,,,Export NA,,,,,,,,,,,,,,,,Others,Others,,
HDFC NIFTY Private Bank ETF,HDFCPVTBAN,543666,HDFCPVTBAN,INF179KC1HZ7,Others,Others,26.33,26.33,,,Export NA,,,,,,,Export NA,,,,,,,,,,,,,,,,Others,Others,,
HDFC NIFTY Smallcap 250 ETF,HDFCSML250,543775,HDFCSML250,INF179KC1FB2,Others,Others,168.24,168.24,,,Export NA,,,,,,,Export NA,,,,,,,,,,,,,,,,Others,Others,,
HDFC NIFTY100 Quality 30 ETF,HDFCQUAL,543605,HDFCQUAL,INF179KC1DL6,Others,Others,57.03,57.03,,,Export NA,,,,,,,Export NA,,,,,,,,,,,,,,,,Others,Others,,
HDFC NIFTY50 Value 20 ETF,HDFCVALUE,543608,HDFCVALUE,INF179KC1DK8,Others,Others,125.48,125.48,,,Export NA,,,,,,,Export NA,,,,,,,,,,,,,,,,Others,Others,,
HDFC Nifty 100 ETF,HDFCNIF100,543569,HDFCNIF100,INF179KC1HR4,Others,Others,25.07,25.07,,,Export NA,,,,,,,Export NA,,,,,,,,,,,,,,,,Others,Others,,
HDFC Nifty 50 ETF,HDFCNIFTY,539516,HDFCNIFTY,INF179KC1965,Others,Others,262.12,262.12,,,Export NA,,,,,,,Export NA,,,,,,,,,,,,,,,,Others,Others,,
HDFC Nifty Bank ETF,HDFCNIFBAN,543224,HDFCNIFBAN,INF179KC1HY0,Others,Others,54.9,54.9,,,Export NA,,,,,,,Export NA,,,,,,,,,,,,,,,,Others,Others,,
HDFC Nifty IT ETF,HDFCNIFIT,543665,HDFCNIFIT,INF179KC1IA8,Others,Others,30.05,30.05,,,Export NA,,,,,,,Export NA,,,,,,,,,,,,,,,,Others,Others,,
HDFC Nifty Next 50 ETF,HDFCNEXT50,543570,HDFCNEXT50,INF179KC1HS2,Others,Others,70.04,70.04,,,Export NA,,,,,,,Export NA,,,,,,,,,,,,,,,,Others,Others,,
HDFC Nifty PSU Bank ETF,HDFCPSUBK,544110,HDFCPSUBK,INF179KC1HW4,Others,Others,81.35,81.35,,,Export NA,,,,,,,Export NA,,,,,,,,,,,,,,,,Others,Others,,
HDFC Nifty100 Low Volatility 30 ETF,HDFCLOWVOL,543627,HDFCLOWVOL,INF179KC1HU8,Others,Others,19.8,19.8,,,Export NA,,,,,,,Export NA,,,,,,,,,,,,,,,,Others,Others,,
HDFC Nifty200 Momentum 30 ETF,HDFCMOMENT,543628,HDFCMOMENT,INF179KC1HV6,Others,Others,30.15,30.15,,,Export NA,,,,,,,Export NA,,,,,,,,,,,,,,,,Others,Others,,
HDFC Silver ETF,HDFCSILVER,543592,HDFCSILVER,INF179KC1DI2,Others,Others,252.23,252.23,,,Export NA,,,,,,,Export NA,,,,,,,,,,,,,,,,Others,Others,,
HEC Infra Projects Ltd.,HECPROJECT,,HECPROJECT,INE558R01013,Construction & Engineering,Cement and Construction,114.74,114.74,124.36,10.23,Export NA,19.71,,4.76,35.74,31.41,0.05,Export NA,3.26,5.1,2.09,47.8,4.05,4.95,11.21,224.03,17.39,11.25,12.93,8.7,4.61,4.29,5,Cement and Construction,Construction & Engineering,2025-12-31,2026-02-07
HEG Ltd.,HEG,509631,HEG,INE545A01024,Electrodes & Refractories,General Industrials,581.9,581.9,11229.36,32.9,Export NA,56.08,33.98,73.08,58.9,42.36,0.17,Export NA,5.74,5.21,2.34,79.03,14.56,4.18,17.69,196.71,7.17,19.77,9.89,5.53,10.29,7.94,7,General Industrials,Electrodes & Refractories,2026-03-31,2026-04-29
HFCL Ltd.,HFCL,500183,HFCL,INE548A01028,Telecom Cables,Telecommunications Equipment,147.78,147.78,22619.24,72.56,Export NA,58.58,47.88,91.53,62.37,64.46,0.96,Export NA,3.45,1.61,5.33,97.44,10.31,6.8,2.04,75.72,6.37,6.95,6.11,3.51,3.76,2.97,6,Telecommunications Equipment,Telecom Cables,2026-03-31,2026-04-30
HG Infra Engineering Ltd.,HGINFRA,541019,HGINFRA,INE926X01010,Construction & Engineering,Cement and Construction,634.85,634.85,4137.39,10.55,Export NA,13.91,12.59,36.82,35.74,31.41,-0.37,Export NA,3.26,5.1,1.3,1.58,4.05,4.95,60.19,-28.49,17.13,11.25,12.93,5.76,4.61,4.29,2,Cement and Construction,Construction & Engineering,2025-12-31,2026-02-12
HLE Glascoat Ltd.,HLEGLAS,522215,HLEGLAS,INE461D01028,Industrial Machinery,General Industrials,327.05,327.05,2271.52,45.5,Export NA,72.82,71.21,15.53,58.9,58.76,1.02,Export NA,5.74,4.45,4.44,18.18,14.56,20.55,7.19,44.61,10.46,19.77,24.18,3.61,10.29,13.59,5,General Industrials,Industrial Machinery,2025-12-31,2026-05-18
HLV Ltd.,HLVLTD,500193,HLVLTD,INE102A01024,Hotels,Hotels Restaurants & Tourism,7.99,7.99,526.75,253.25,Export NA,41.32,84.65,100,44.23,40.73,-2.75,Export NA,3.41,2.69,1.14,14.28,8.2,7.29,0.03,-92.04,0.44,12.41,12.19,0.32,7.26,7.71,5,Hotels Restaurants & Tourism,Hotels,2026-03-31,2026-05-12
HMA Agro Industries Ltd.,HMAAGRO,543929,HMAAGRO,INE0ECP01024,Other Food & Beverages,"Food, Beverages & Tobacco",23.89,23.89,1196.34,7.04,Export NA,20.49,,6.22,28.35,46.65,0.05,Export NA,1.73,2.98,1.28,14.57,8.04,15.04,3.4,128.26,11,26.28,15.61,5.07,19.55,11.14,6,"Food, Beverages & Tobacco",Other Food & Beverages,2025-12-31,2026-02-12
HMT Ltd.,HMT,500191,HMT,INE262A01018,Heavy Electrical Equipment,General Industrials,57.49,57.49,6922.32,-53.31,Export NA,2.91,5.36,,58.9,71.23,0.51,Export NA,5.74,3.65,-6.05,,14.56,15.26,-1.08,-105.12,0,19.77,17.01,-27.2,10.29,8.7,3,General Industrials,Heavy Electrical Equipment,2025-12-31,2026-02-09
HOAC Foods India Ltd.,HOACFOODS,,HOACFOODS,INE0S6S01017,Packaged Foods,FMCG,489.4,489.4,212.42,85.4,Export NA,,,100,49.72,67.64,,Export NA,14.09,6.77,9.11,55.45,20.61,37.36,5.73,,21.85,37.93,51.25,12.29,19.27,22.23,2,FMCG,Packaged Foods,2025-03-31,2025-11-06
HP Adhesives Ltd.,HPAL,543433,HPAL,INE0GSL01024,Specialty Chemicals,Chemicals & Petrochemicals,41.03,41.03,376.96,27.71,Export NA,30.15,,57.5,42.23,47.85,-0.91,Export NA,3.64,2.93,1.98,13.06,6.18,7.62,1.48,-30.58,9.89,13.61,14.82,7.99,9.15,10.12,4,Chemicals & Petrochemicals,Specialty Chemicals,2025-12-31,2026-05-12
HP Telecom India Ltd.,HPTL,,HPTL,INE0VA601019,Specialty Retail,Retailing,263,263,313.36,24.91,Export NA,,,99.12,78.39,54.96,,Export NA,6.4,18.36,3.76,97.37,19.94,7.79,10.56,,16.66,10.74,13.46,4.63,6.91,6.43,5,Retailing,Specialty Retail,2025-03-31,2025-11-13
HPL Electric & Power Ltd.,HPL,540136,HPL,INE495S01016,Consumer Electronics,Consumer Durables,348.1,348.1,2238.3,23.01,Export NA,50.26,52.41,43.04,49.58,57.15,0.6,Export NA,1.45,1.69,2.3,77.21,9.42,10.85,15.13,38.18,10.27,20.69,24.42,4.48,10.95,9.83,8,Consumer Durables,Consumer Electronics,2025-12-31,2026-02-05
HRH Next Services Ltd.,HRHNEXT,,HRHNEXT,INE0R3501012,BPO/KPO,Software & Services,28.55,28.55,37.7,12.01,Export NA,,,,22.39,25.25,,Export NA,10.02,1.31,0.98,,6.84,4.33,2.38,,8.58,28.07,18.24,5.75,17.17,10.87,4,Software & Services,BPO/KPO,2025-03-31,2025-11-14
HSBC Gold ETF,HSBCGOLD,544736,HSBCGOLD,INF336L01RX2,Others,Others,130.82,130.82,,,Export NA,,,,,,,Export NA,,,,,,,,,,,,,,,,Others,Others,,
HT Media Ltd.,HTMEDIA,532662,HTMEDIA,INE501G01024,Publishing,Commercial Services & Supplies,21.57,21.57,502.04,1619.37,Export NA,270.1,94.82,97.07,31.83,11.36,16.06,Export NA,2.32,2.31,0.31,47.12,5.75,2.26,0.01,100.82,0.11,13.46,21.92,0.04,6.61,16.27,9,Commercial Services & Supplies,Publishing,2025-12-31,2026-01-28
HVAX Technologies Ltd.,HVAX,,HVAX,INE0TO501019,Misc. Commercial Services,Commercial Services & Supplies,779,779,216.32,19.59,Export NA,,,31.53,31.83,27.25,,Export NA,2.32,0.82,2.81,26.13,5.75,5.02,39.77,,15.33,13.46,17.32,9.08,6.61,12.13,3,Commercial Services & Supplies,Misc. Commercial Services,2025-03-31,2025-11-13
Halder Venture Ltd.,HALDER,539854,HALDER,INE115S01010,Other Food & Beverages,"Food, Beverages & Tobacco",230.97,230.97,287.28,34.29,Export NA,19.16,39.24,78.61,28.35,46.65,-0.43,Export NA,1.73,2.98,1.69,84.72,8.04,15.04,6.74,-78.95,13.75,26.28,15.61,3.55,19.55,11.14,5,"Food, Beverages & Tobacco",Other Food & Beverages,2025-12-31,2026-02-13
Haldyn Glass Ltd.,,515147,HALDYNGL,INE506D01020,Containers & Packaging,Commercial Services & Supplies,108.25,108.25,581.86,26.49,Export NA,29.94,27.08,59,31.83,23.27,6.24,Export NA,2.32,5.49,2.57,78.25,5.75,2.74,4.09,4.24,8.73,13.46,10.99,3.84,6.61,7.3,6,Commercial Services & Supplies,Containers & Packaging,2025-12-31,2026-05-21
Haleos Labs Ltd.,HALEOSLABS,540679,HALEOSLABS,INE320X01016,Pharmaceuticals,Pharmaceuticals & Biotechnology,1690.1,1690.1,510.97,25.74,Export NA,27.36,19.43,83.03,42.18,42.23,-1.86,Export NA,2.39,2.39,2.4,98.8,7.57,7.72,65.65,-13.85,10.23,17.72,18.15,5.15,11.9,12.17,7,Pharmaceuticals & Biotechnology,Pharmaceuticals,2025-12-31,2026-02-11
HandsOn Global Management (HGM) Ltd.,HGM,532761,HGM,INE596H01014,BPO/KPO,Software & Services,58.08,58.08,73.15,173.43,Export NA,24.97,24.07,96.11,22.39,25.25,-1.96,Export NA,10.02,1.31,3.55,81.05,6.84,4.33,0.33,-88.61,17.52,28.07,18.24,10.66,17.17,10.87,5,Software & Services,BPO/KPO,2025-12-31,2026-02-14
Happiest Minds Technologies Ltd.,HAPPSTMNDS,543227,HAPPSTMNDS,INE419U01012,IT Consulting & Software,Software & Services,359.95,359.95,5481.13,29.56,Export NA,44.54,56.07,0.79,22.39,21.42,-1.77,Export NA,10.02,10.72,3.28,0.29,6.84,6.86,12.18,-16.7,11.72,28.07,30.42,5.49,17.17,18.42,3,Software & Services,IT Consulting & Software,2025-12-31,2026-02-09
Happy Forgings Ltd.,HAPPYFORGE,544057,HAPPYFORGE,INE330T01021,Castings & Forgings,General Industrials,1417.1,1417.1,13370.41,46.8,Export NA,,,95.17,58.9,64.29,6.15,Export NA,5.74,4.12,6.56,60.65,14.56,7.72,30.28,7.61,14.45,19.77,12.53,12.07,10.29,7.9,5,General Industrials,Castings & Forgings,2025-12-31,2026-05-21
Happy Square Outsourcing Services Ltd.,WHITEFORCE,,WHITEFORCE,INE0TLP01015,Misc. Commercial Services,Commercial Services & Supplies,50.8,50.8,58.93,9.98,Export NA,,,3.64,31.83,27.25,,Export NA,2.32,0.82,1.56,,5.75,5.02,5.09,,47.31,13.46,17.32,14.89,6.61,12.13,3,Commercial Services & Supplies,Misc. Commercial Services,2025-03-31,2025-11-13
Hardwyn India Ltd.,HARDWYN,541276,HARDWYN,INE626Z01029,Household Products,Consumer Durables,23.07,23.07,1126.82,100.33,Export NA,345.01,,61.37,49.58,22.2,-11.97,Export NA,1.45,0.4,2.8,84.76,9.42,4.27,0.23,-8.38,2.85,20.69,21,2.41,10.95,9.27,7,Consumer Durables,Household Products,2025-12-31,2026-02-14
Hariom Pipe Industries Ltd.,HARIOMPIPE,543517,HARIOMPIPE,INE00EV01017,Iron & Steel Products,Metals & Mining,313.55,313.55,970.98,15.45,Export NA,,,18.18,23.8,30.63,,Export NA,1.11,1.79,1.58,1.56,5.3,6.46,20.3,,10.79,19.76,18.83,5.15,9.83,10.86,5,Metals & Mining,Iron & Steel Products,2025-12-31,2026-02-07
Harrisons Malayalam Ltd.,HARRMALAYA,500467,HARRMALAYA,INE544A01019,Auto Tyres & Rubber Products,Automobiles & Auto Components,213.16,213.16,393.4,15.61,Export NA,24.14,18.92,65.64,32.11,25.9,0,Export NA,5.07,0.9,2.28,74.83,6.96,2.87,13.66,17502.79,9.65,19.05,10.97,3.15,9.43,6.34,7,Automobiles & Auto Components,Auto Tyres & Rubber Products,2025-12-31,2026-02-09
Harsha Engineers International Ltd.,HARSHA,543600,HARSHA,INE0JUS01029,Construction & Engineering,Cement and Construction,412.25,412.25,3753.29,24.18,Export NA,38.6,,0.11,35.74,31.41,0.33,Export NA,3.26,5.1,2.78,9.7,4.05,4.95,17.05,73.78,11.07,11.25,12.93,7.5,4.61,4.29,6,Cement and Construction,Construction & Engineering,2026-03-31,2026-05-07
Hathway Cable & Datacom Ltd.,HATHWAY,533162,HATHWAY,INE982F01036,Broadcasting & Cable TV,Media,10.55,10.55,1867.46,22.69,Export NA,29.61,32.89,24.63,25.23,18.11,-2.06,Export NA,2.2,0.97,0.42,0.85,13.87,1.42,0.47,-11.02,1.84,20.32,9.89,1.58,15.35,8.83,7,Media,Broadcasting & Cable TV,2026-03-31,2026-04-17
Hatsun Agro Products Ltd.,HATSUN,531531,HATSUN,INE473B01035,Packaged Foods,FMCG,930.55,930.55,20727.84,59.51,Export NA,75.42,104.22,2.51,49.72,67.64,2.84,Export NA,14.09,6.77,10.97,,20.61,37.36,15.64,20.97,16.23,37.93,51.25,5.73,19.27,22.23,7,FMCG,Packaged Foods,2025-12-31,2026-05-19
Havells India Ltd.,HAVELLS,517354,HAVELLS,INE176B01034,Other Electrical Equipment/Products,Consumer Durables,1190.9,1190.9,74662.49,44.16,Export NA,72.82,72.01,2.1,49.58,41.19,2.98,Export NA,1.45,1.34,8.33,12.26,9.42,8.51,26.97,14.83,17.87,20.69,21.67,11.46,10.95,11.03,4,Consumer Durables,Other Electrical Equipment/Products,2026-03-31,2026-04-22
Hawkins Cookers Ltd.,,508486,HAWKINCOOK,INE979B01015,Houseware,Consumer Durables,7331.55,7331.55,3876.78,30.82,Export NA,38.12,37.72,13.46,49.58,32.11,3.12,Export NA,1.45,3.2,9.56,,9.42,5.53,237.85,9.88,29.92,20.69,17.23,19.64,10.95,12.51,5,Consumer Durables,Houseware,2025-12-31,2026-05-28
Heads UP Ventures Ltd.,HEADSUP,540210,HEADSUP,INE759V01019,Specialty Retail,Retailing,7.57,7.57,16.72,3.99,Export NA,14.99,14.99,9.18,78.39,54.96,0.01,Export NA,6.4,18.36,0.91,27.52,19.94,7.79,1.9,351.48,9.08,10.74,13.46,7.63,6.91,6.43,7,Retailing,Specialty Retail,2025-12-31,2026-02-14
Health X Platform Ltd.,HEALTHX,533259,HEALTHX,INE019J01013,Healthcare Services,Healthcare,283.05,283.05,900.4,34.61,Export NA,105.86,37.33,86.05,64.81,49.79,0.27,Export NA,6.11,5.33,1.32,55.98,9.5,10.34,8.18,129.31,-13.6,14.74,19.47,-9.35,8.39,13.06,2,Healthcare,Healthcare Services,2025-12-31,2026-02-06
Healthcare Global Enterprises Ltd.,HCG,539787,HCG,INE075I01017,Healthcare Facilities,Healthcare,606.35,606.35,9052.94,477.22,Export NA,171.43,148.55,100,64.81,71.3,-7.07,Export NA,6.11,6.58,6.73,83.12,9.5,9.54,1.27,-67.47,4.81,14.74,13.76,1.25,8.39,7.2,4,Healthcare,Healthcare Facilities,2025-12-31,2026-05-19
Heidelberg Cement India Ltd.,HEIDELBERG,500292,HEIDELBERG,INE578A01017,Cement & Cement Products,Cement and Construction,154.06,154.06,3491.2,25.08,Export NA,34.6,32.49,41.94,35.74,39.23,0.75,Export NA,3.26,1.71,2.63,21.86,4.05,3.41,6.14,33.27,7.65,11.25,8.66,4.19,4.61,4.59,6,Cement and Construction,Cement & Cement Products,2025-12-31,2026-02-06
Hemisphere Properties India Ltd.,HEMIPROP,543242,HEMIPROP,INE0AJG01018,Realty,Realty,149.09,149.09,4249.06,-402.67,Export NA,-447.86,,,37.63,37.32,-159.9,Export NA,1.72,1.77,9.73,29.36,3.69,4.38,-0.37,2.52,-2.15,10.17,11.27,-0.68,4.54,5.37,3,Realty,Realty,2025-12-31,2026-05-20
Heranba Industries Ltd.,HERANBA,543266,HERANBA,INE694N01015,Agrochemicals,Chemicals & Petrochemicals,208.76,208.76,835.32,-13.9,Export NA,205.91,111.59,,42.23,30.4,0.06,Export NA,3.64,3.17,1.02,7.52,6.18,3.87,-15.02,-235.92,0.36,13.61,11.71,0.16,9.15,7.88,4,Chemicals & Petrochemicals,Agrochemicals,2025-12-31,2026-02-11
Hercules Investments Ltd.,,505720,HERCULES,INE688E01024,Industrial Machinery,General Industrials,127.85,127.85,409.12,52.43,Export NA,28.24,31.11,81.75,58.9,58.76,-0.68,Export NA,5.74,4.45,0.47,1.36,14.56,20.55,2.44,-77.48,0.65,19.77,24.18,0.59,10.29,13.59,6,General Industrials,Industrial Machinery,2025-12-31,2026-02-10
Heritage Foods Ltd.,HERITGFOOD,519552,HERITGFOOD,INE978A01027,Packaged Foods,FMCG,350.8,350.8,3255.28,21.69,Export NA,31.05,32.24,27.68,49.72,67.64,-1.07,Export NA,14.09,6.77,3.02,34,20.61,37.36,16.17,-20.29,13.6,37.93,51.25,7.7,19.27,22.23,4,FMCG,Packaged Foods,2026-03-31,2026-05-11
Hero MotoCorp Ltd.,HEROMOTOCO,500182,HEROMOTOCO,INE158A01026,2/3 Wheelers,Automobiles & Auto Components,5082.5,5082.5,101697.22,17.71,Export NA,24.16,23.85,24.11,32.11,35.79,0.57,Export NA,5.07,1.03,4.55,43.67,6.96,10.2,286.95,31.14,26.56,19.05,25.81,17.16,9.43,13.18,8,Automobiles & Auto Components,2/3 Wheelers,2026-03-31,2026-05-05
Hester Biosciences Ltd.,HESTERBIO,524669,HESTERBIO,INE782E01017,Pharmaceuticals,Pharmaceuticals & Biotechnology,1695,1695,1441.92,35.21,Export NA,74.21,61.49,14.63,42.18,42.23,1.12,Export NA,2.39,2.39,4.17,4.34,7.57,7.72,48.13,31.46,8.74,17.72,18.15,4.2,11.9,12.17,8,Pharmaceuticals & Biotechnology,Pharmaceuticals,2025-12-31,2026-05-15
Hexa Tradex Ltd.,HEXATRADEX,534328,HEXATRADEX,INE750M01017,Other Financial Services,Banking and Finance,163,163,900.49,-103.27,Export NA,11.93,11.93,,22.6,36.93,-1.59,Export NA,2.78,3.57,0.19,3.93,6.23,99.98,-1.58,65.05,-0.18,16.76,19.97,-0.16,4.85,11.89,3,Banking and Finance,Other Financial Services,2026-03-31,2026-05-11
Hexaware Technologies Ltd.,HEXT,544362,HEXT,INE093A01041,IT Consulting & Software,Software & Services,494.75,494.75,30130.62,21.62,Export NA,,,14.72,22.39,21.42,1.56,Export NA,10.02,10.72,5.71,23.08,6.84,6.86,22.88,13.86,21.67,28.07,30.42,12.55,17.17,18.42,4,Software & Services,IT Consulting & Software,2026-03-31,2026-05-06
Hi-Green Carbon Ltd.,HIGREEN,,HIGREEN,INE0PIC01017,Waste Management,Utilities,150.85,150.85,376.97,33.87,Export NA,,,,24.91,21.35,,Export NA,27.85,23.64,4.13,,5.52,3.27,4.45,,12.84,14.21,16.23,7.87,5.38,11.16,3,Utilities,Waste Management,2025-03-31,2025-11-14
Hi-Tech Pipes Ltd.,HITECH,543411,HITECH,INE106T01025,Iron & Steel Products,Metals & Mining,84.58,84.58,1717.88,22.54,Export NA,46.67,45.15,58.67,23.8,30.63,1.53,Export NA,1.11,1.79,1.31,19.86,5.3,6.46,3.75,14.69,5.8,19.76,18.83,4.15,9.83,10.86,6,Metals & Mining,Iron & Steel Products,2025-12-31,2026-02-07
Highway Infrastructure Ltd.,HILINFRA,544477,HILINFRA,INE00RL01028,Roads & Highways,Cement and Construction,50.21,50.21,360.11,10.25,Export NA,,,9.34,35.74,6.99,,Export NA,3.26,0.03,1.66,,4.05,1.13,4.9,,17.43,11.25,24.35,8.49,4.61,8.72,2,Cement and Construction,Roads & Highways,2025-12-31,2026-02-07
Hikal Ltd.,HIKAL,524735,HIKAL,INE475B01022,Pharmaceuticals,Pharmaceuticals & Biotechnology,198.68,198.68,2449.74,-188.44,Export NA,48.89,42.48,,42.18,42.23,1.6,Export NA,2.39,2.39,2.06,15.19,7.57,7.72,-1.05,-117.43,7.19,17.72,18.15,3.59,11.9,12.17,7,Pharmaceuticals & Biotechnology,Pharmaceuticals,2025-12-31,2026-02-11
Hilton Metal Forging Ltd.,HILTON,532847,HILTON,INE788H01017,Castings & Forgings,General Industrials,22.08,22.08,113.64,14.51,Export NA,46.66,252.32,33.37,58.9,64.29,0.06,Export NA,5.74,4.12,0.72,60.79,14.56,7.72,1.52,256.13,5.34,19.77,12.53,2.79,10.29,7.9,5,General Industrials,Castings & Forgings,2025-12-31,2026-02-14
Himadri Speciality Chemical Ltd.,HSCL,500184,HSCL,INE019C01026,Specialty Chemicals,Chemicals & Petrochemicals,607.7,607.7,30660.99,40.81,Export NA,49.56,64.88,64.12,42.23,47.85,1.16,Export NA,3.64,2.93,7.19,94.47,6.18,7.62,14.89,35.23,15.96,13.61,14.82,11.91,9.15,10.12,3,Chemicals & Petrochemicals,Specialty Chemicals,2026-03-31,2026-04-23
Himatsingka Seide Ltd.,HIMATSEIDE,514043,HIMATSEIDE,INE049A01027,Textiles,Textiles Apparels & Accessories,79.13,79.13,995,13.73,Export NA,18.71,14.75,41.89,53.79,32.96,-0.79,Export NA,2.24,6.53,0.47,3.14,15.41,3.67,5.77,-17.47,3.74,22.86,11.51,1.34,8.26,7.43,6,Textiles Apparels & Accessories,Textiles,2025-12-31,2026-02-11
Hind Rectifiers Ltd.,HIRECT,504036,HIRECT,INE835D01023,Electronic Components,Commercial Services & Supplies,882.8,882.8,3034.38,60.09,Export NA,67.04,68.25,55.93,31.83,88.21,1.06,Export NA,2.32,15.22,14.96,59.84,5.75,18.3,14.69,56.63,23.21,13.46,12.44,8.89,6.61,7.37,6,Commercial Services & Supplies,Electronic Components,2025-12-31,2026-02-11
Hindalco Industries Ltd.,HINDALCO,500440,HINDALCO,INE038A01020,Aluminium and Aluminium Products,Metals & Mining,1041.4,1041.4,234026.17,14.56,Export NA,12.77,10.87,70.99,23.8,12.17,0.93,Export NA,1.11,0.85,1.71,96.79,5.3,2.67,71.54,15.73,12.93,19.76,21.32,6.01,9.83,9.07,7,Metals & Mining,Aluminium and Aluminium Products,2025-12-31,2026-05-22
Hindcon Chemicals Ltd.,HINDCON,,HINDCON,INE642Y01029,Specialty Chemicals,Chemicals & Petrochemicals,24.26,24.26,124.19,42.01,Export NA,39.51,34.26,99.04,42.23,47.85,-1.02,Export NA,3.64,2.93,2.11,68.74,6.18,7.62,0.58,-41.31,7.03,13.61,14.82,5.95,9.15,10.12,4,Chemicals & Petrochemicals,Specialty Chemicals,2025-12-31,2026-05-14
Hindprakash Industries Ltd.,HPIL,543645,HPIL,INE05X901010,Dyes & Pigments,Chemicals & Petrochemicals,134.64,134.64,153.81,140.83,Export NA,99.79,58.4,90.1,42.23,13.7,-5.43,Export NA,3.64,0.6,2.94,59.64,6.18,1.59,0.96,-25.92,3.18,13.61,5,1.76,9.15,3.15,3,Chemicals & Petrochemicals,Dyes & Pigments,2025-12-31,2026-02-13
Hinduja Global Solutions Ltd.,HGS,532859,HGS,INE170I01016,BPO/KPO,Software & Services,414,414,1925.94,43.48,Export NA,22.1,14.48,97.07,22.39,25.25,-0.55,Export NA,10.02,1.31,0.24,1.2,6.84,4.33,9.52,-78.72,1.57,28.07,18.24,1.08,17.17,10.87,6,Software & Services,BPO/KPO,2025-12-31,2026-02-10
Hindustan Aeronautics Ltd.,HAL,541154,HAL,INE066F01020,Aerospace & Defence,General Industrials,4572.5,4572.5,305797.37,34.37,Export NA,36.98,28.69,74.47,58.9,50.58,14.95,Export NA,5.74,8.98,7.85,77.73,14.56,11.27,133.02,2.3,23.91,19.77,23.04,7.87,10.29,9.53,6,General Industrials,Aerospace & Defence,2025-12-31,2026-05-14
Hindustan Composites Ltd.,HINDCOMPOS,509635,HINDCOMPOS,INE310C01029,Auto Parts & Equipment,Automobiles & Auto Components,447.9,447.9,661.5,21.26,Export NA,20.16,20.39,62.46,32.11,41.7,-1.91,Export NA,5.07,3.31,0.58,53.09,6.96,6.81,21.06,-11.11,2.71,19.05,15.01,2.46,9.43,7.82,5,Automobiles & Auto Components,Auto Parts & Equipment,2026-03-31,2026-04-23
Hindustan Construction Company Ltd.,HCC,500185,HCC,INE549A01026,Construction & Engineering,Cement and Construction,21.74,21.74,5694.72,28.96,Export NA,34.98,23.35,84.86,35.74,31.41,-1.08,Export NA,3.26,5.1,4.83,79.48,4.05,4.95,0.75,-26.75,12.43,11.25,12.93,1.39,4.61,4.29,6,Cement and Construction,Construction & Engineering,2025-12-31,2026-05-14
Hindustan Copper Ltd.,HINDCOPPER,513599,HINDCOPPER,INE531E01026,Copper,Metals & Mining,564.2,564.2,54559.49,82.48,Export NA,86.59,64.89,74.53,23.8,81.72,1.28,Export NA,1.11,1.26,17.39,94.08,5.3,17.03,6.84,64.43,17.47,19.76,18.15,13.28,9.83,13.4,8,Metals & Mining,Copper,2025-12-31,2026-05-15
Hindustan Foods Ltd.,HNDFDS,519126,HNDFDS,INE254N01026,Packaged Foods,FMCG,522.2,522.2,6239.34,46.62,Export NA,63.46,86.85,8.29,49.72,67.64,1.48,Export NA,14.09,6.77,5.79,12.07,20.61,37.36,11.2,31.44,12.36,37.93,51.25,4.4,19.27,22.23,6,FMCG,Packaged Foods,2025-12-31,2026-02-10
Hindustan Media Ventures Ltd.,HMVL,533217,HMVL,INE871K01015,Publishing,Commercial Services & Supplies,63.22,63.22,465.75,6.99,Export NA,37.02,24.87,31.68,31.83,11.36,0.13,Export NA,2.32,2.31,0.3,22.16,5.75,2.26,9.04,54.48,5.06,13.46,21.92,3.4,6.61,16.27,7,Commercial Services & Supplies,Publishing,2025-12-31,2026-01-27
Hindustan Motors Ltd.,,500500,HINDMOTORS,INE253A01025,Cars & Utility Vehicles,Automobiles & Auto Components,18.36,18.36,383.1,107.61,Export NA,26.08,1646.88,92.58,32.11,23.81,-1.21,Export NA,5.07,10.39,10.63,1.24,6.96,4.59,0.17,-89.01,62.76,19.05,18.7,24.22,9.43,9,4,Automobiles & Auto Components,Cars & Utility Vehicles,2025-12-31,2026-02-11
Hindustan Oil Exploration Company Ltd.,HINDOILEXP,500186,HINDOILEXP,INE345A01011,Exploration & Production,Oil & Gas,166.11,166.11,2196.69,20.7,Export NA,13.32,34.97,67.6,18.34,10.05,-0.57,Export NA,1.36,31.57,1.6,22.4,1.85,1.06,8.03,-36.31,11.14,10.19,11.02,7.5,4.37,5.08,6,Oil & Gas,Exploration & Production,2025-12-31,2026-02-13
Hindustan Petroleum Corporation Ltd.,HINDPETRO,500104,HINDPETRO,INE094A01015,Refineries/Petro-Products,Oil & Gas,369.9,369.9,78708.15,5.11,Export NA,9.24,7.42,40.76,18.34,21.22,0.03,Export NA,1.36,1.29,1.29,48.17,1.85,2.01,72.36,155.36,13.16,10.19,9.71,3.45,4.37,3.93,6,Oil & Gas,Refineries/Petro-Products,2025-12-31,2026-05-13
Hindustan Unilever Ltd.,HINDUNILVR,500696,HINDUNILVR,INE030A01027,Personal Products,FMCG,2262,2262,531477.55,35.34,Export NA,54.03,58.03,1.24,49.72,42.44,0.86,Export NA,14.09,18.07,9.61,0.03,20.61,13.33,64.01,41.23,30.85,37.93,33.56,18.85,19.27,18.98,6,FMCG,Personal Products,2026-03-31,2026-04-30
Hindustan Zinc Ltd.,HINDZINC,500188,HINDZINC,INE267A01025,Other Non-Ferrous Metals,Metals & Mining,641.9,641.9,271223.23,19.61,Export NA,23.96,18.56,70.65,23.8,22.49,0.58,Export NA,1.11,0.62,15.4,84.81,5.3,14.36,32.74,33.6,61.12,19.76,56.36,32.64,9.83,29.99,9,Metals & Mining,Other Non-Ferrous Metals,2026-03-31,2026-04-24
Hindware Home Innovation Ltd.,HINDWAREAP,542905,HINDWAREAP,INE05AN01011,Household Appliances,Consumer Durables,215.48,215.48,1802.41,-34.93,Export NA,94.29,68.43,,49.58,47.95,0.75,Export NA,1.45,3.33,2.38,11.58,9.42,5.18,-6.17,-46.59,-8.78,20.69,13.31,-2.7,10.95,7.54,5,Consumer Durables,Household Appliances,2025-12-31,2026-02-12
Hisar Metal Industries Ltd.,HISARMETAL,590018,HISARMETAL,INE598C01011,Iron & Steel/Interm.Products,Metals & Mining,149.88,149.88,80.94,26.98,Export NA,23.57,15.58,86.83,23.8,32.33,-1.21,Export NA,1.11,0.78,1.24,14.08,5.3,3.24,5.56,-22.28,5.05,19.76,6.78,1.91,9.83,3.42,6,Metals & Mining,Iron & Steel/Interm.Products,2025-12-31,2026-02-09
Hitachi Energy India Ltd.,POWERINDIA,543187,POWERINDIA,INE07Y701011,Heavy Electrical Equipment,General Industrials,32265,32265,143812.85,170.95,Export NA,278.03,218.01,64.03,58.9,71.23,1.02,Export NA,5.74,3.65,29.69,81.42,14.56,15.26,188.74,168.13,9.11,19.77,17.01,4.45,10.29,8.7,7,General Industrials,Heavy Electrical Equipment,2025-12-31,2026-02-05
Hitech Corporation Ltd.,HITECHCORP,526217,HITECHCORP,INE120D01012,Containers & Packaging,Commercial Services & Supplies,137.16,137.16,235.58,32.21,Export NA,26.33,19.53,80.65,31.83,23.27,,Export NA,2.32,5.49,0.85,6.62,5.75,2.74,4.26,,3.3,13.46,10.99,1.98,6.61,7.3,4,Commercial Services & Supplies,Containers & Packaging,2025-12-31,2026-02-10
Holmarc Opto-Mechatronics Ltd.,HOLMARC,,HOLMARC,INE0LXA01019,Other Industrial Products,General Industrials,102,102,102.51,27.45,Export NA,,,1.03,58.9,44.01,,Export NA,5.74,4.34,3.74,,14.56,20.86,3.72,,13.74,19.77,22.24,11.69,10.29,12.05,3,General Industrials,Other Industrial Products,2025-03-31,2025-11-12
Home First Finance Company India Ltd.,HOMEFIRST,543259,HOMEFIRST,INE481N01025,Housing Finance,Banking and Finance,1108.2,1108.2,11576.09,21.42,Export NA,33.3,37.23,1.23,22.6,18.02,0.52,Export NA,2.78,0.99,2.79,,6.23,2.32,51.73,41.44,12.4,16.76,13.46,3.56,4.85,3.64,4,Banking and Finance,Housing Finance,2026-03-31,2026-05-06
Homesfy Realty Ltd.,HOMESFY,,HOMESFY,INE0N7F01017,Realty,Realty,110,110,35.49,25.81,Export NA,,,,37.63,37.32,,Export NA,1.72,1.77,0.85,,3.69,4.38,4.26,,2.73,10.17,11.27,2.28,4.54,5.37,4,Realty,Realty,2025-03-31,2025-11-13
Honasa Consumer Ltd.,HONASA,544014,HONASA,INE0J5401028,Personal Products,FMCG,348.15,348.15,11327.75,72.74,Export NA,,,22.59,49.72,42.44,0.73,Export NA,14.09,18.07,8.57,84.17,20.61,13.33,4.79,99.19,6.16,37.93,33.56,4.06,19.27,18.98,5,FMCG,Personal Products,2025-12-31,2026-05-21
Honda India Power Products Ltd.,HONDAPOWER,522064,HONDAPOWER,INE634A01018,Industrial Machinery,General Industrials,2186.1,2186.1,2217.38,30.18,Export NA,32.78,29.71,72.44,58.9,58.76,1.29,Export NA,5.74,4.45,2.85,43.14,14.56,20.55,72.44,23.33,9.25,19.77,24.18,7.63,10.29,13.59,6,General Industrials,Industrial Machinery,2025-12-31,2026-02-13
Honeywell Automation India Ltd.,HONAUT,517174,HONAUT,INE671A01010,Other Electrical Equipment/Products,Consumer Durables,28455,28455,25158.49,49.8,Export NA,69.44,79.07,5.67,49.58,41.19,-9.92,Export NA,1.45,1.34,5.84,0.99,9.42,8.51,571.4,-5.02,12.96,20.69,21.67,9.34,10.95,11.03,4,Consumer Durables,Other Electrical Equipment/Products,2025-12-31,2026-05-20
Housing Development & Infrastructure Ltd.,HDIL,532873,HDIL,INE191I01012,Realty,Realty,2.02,2.02,95.75,-106.88,Export NA,,,,37.63,37.32,-1.17,Export NA,1.72,1.77,-0.04,,3.69,4.38,-0.02,91.47,,10.17,11.27,,4.54,5.37,0,Realty,Realty,2025-09-30,2026-03-13
Housing and Urban Development Corporation Ltd.,HUDCO,540530,HUDCO,INE031A01017,Financial Institutions,Banking and Finance,218.93,218.93,43827.6,15.76,Export NA,19.12,13.72,75.85,22.6,12.06,4.26,Export NA,2.78,2.38,2.34,79.22,6.23,1.75,13.89,3.7,15.07,16.76,16.02,2.1,4.85,1.89,4,Banking and Finance,Financial Institutions,2025-12-31,2026-05-14
Hubtown Ltd.,HUBTOWN,532799,HUBTOWN,INE703H01016,Realty,Realty,216.71,216.71,3079.46,23.83,Export NA,78.63,509.68,25.33,37.63,37.32,0.06,Export NA,1.72,1.77,1.17,87.26,3.69,4.38,9.09,378.05,1.93,10.17,11.27,0.84,4.54,5.37,6,Realty,Realty,2025-12-31,2026-05-14
Huhtamaki India Ltd.,HUHTAMAKI,509820,HUHTAMAKI,INE275B01026,Containers & Packaging,Commercial Services & Supplies,172.91,172.91,1305.85,11.05,Export NA,12.39,19.97,13.91,31.83,23.27,0.32,Export NA,2.32,5.49,1.11,1.84,5.75,2.74,15.65,34.32,9.13,13.46,10.99,5.89,6.61,7.3,8,Commercial Services & Supplies,Containers & Packaging,2025-12-31,2026-05-12
Hybrid Financial Services Ltd.,HYBRIDFIN,500262,HYBRIDFIN,INE965B01022,Finance (including NBFCs),Banking and Finance,18.72,18.72,55.1,32.93,Export NA,16.07,,37.69,22.6,26.34,3.65,Export NA,2.78,2.13,4.69,11.43,6.23,3.86,0.57,9.02,18.6,16.76,13.65,11.75,4.85,6.73,8,Banking and Finance,Finance (including NBFCs),2025-12-31,2026-05-21
Hyundai Motor India Ltd.,HYUNDAI,544274,HYUNDAI,INE0V6F01027,Cars & Utility Vehicles,Automobiles & Auto Components,1877.9,1877.9,152587.09,28.09,Export NA,,,51.7,32.11,23.81,-7.59,Export NA,5.07,10.39,8.12,36.81,6.96,4.59,66.85,-3.7,27.13,19.05,18.7,15.78,9.43,9,6,Automobiles & Auto Components,Cars & Utility Vehicles,2026-03-31,2026-05-08
I G Petrochemicals Ltd.,IGPL,500199,IGPL,INE204A01010,Petrochemicals,Chemicals & Petrochemicals,447.55,447.55,1378.22,-200.01,Export NA,26.45,16.97,,42.23,34.32,1.87,Export NA,3.64,0.5,1.06,19.95,6.18,3.98,-2.24,-106.98,8.11,13.61,10.55,4.91,9.15,6.82,6,Chemicals & Petrochemicals,Petrochemicals,2025-12-31,2026-02-11
IBL Finance Ltd.,IBLFL,,IBLFL,INE0O7401018,Finance (including NBFCs),Banking and Finance,62.8,62.8,155.31,63.64,Export NA,,,55.74,22.6,26.34,,Export NA,2.78,2.13,2.59,59.02,6.23,3.86,0.99,,3.99,16.76,13.65,1.87,4.85,6.73,1,Banking and Finance,Finance (including NBFCs),2026-03-31,2026-04-30
ICDS Ltd.,ICDSLTD,511194,ICDSLTD,INE613B01010,Finance (including NBFCs),Banking and Finance,46.82,46.82,60.99,25.94,Export NA,36.41,48.12,38.26,22.6,26.34,0.15,Export NA,2.78,2.13,2,49.29,6.23,3.86,1.8,169.32,4.84,16.76,13.65,4.35,4.85,6.73,6,Banking and Finance,Finance (including NBFCs),2025-12-31,2026-02-12
ICE Make Refrigeration Ltd.,ICEMAKE,,ICEMAKE,INE520Y01019,Industrial Machinery,General Industrials,767.15,767.15,1210.54,87.81,Export NA,48.83,45.11,97.13,58.9,58.76,-1.89,Export NA,5.74,4.45,9.87,67.78,14.56,20.55,8.74,-46.37,18.63,19.77,24.18,6.28,10.29,13.59,4,General Industrials,Industrial Machinery,2025-12-31,2026-02-14
ICICI Bank Ltd.,ICICIBANK,532174,ICICIBANK,INE090A01021,Banks,Banking and Finance,1240.3,1240.3,889120.69,16.4,Export NA,19.34,20.48,1.39,22.6,13.77,2.63,Export NA,2.78,1.95,2.56,50.46,6.23,1.84,75.62,6.23,14.93,16.76,13.01,1.85,4.85,1.37,5,Banking and Finance,Banks,2026-03-31,2026-04-18
ICICI Lombard General Insurance Company Ltd.,ICICIGI,540716,ICICIGI,INE765G01017,General Insurance,Banking and Finance,1782.8,1782.8,88912.3,32.08,Export NA,42.71,42.98,2.02,22.6,29.34,3.05,Export NA,2.78,1.74,5.34,1.59,6.23,3.73,55.58,10.51,16.66,16.76,12.11,3.64,4.85,3.04,5,Banking and Finance,General Insurance,2026-03-31,2026-04-15
ICICI Prudential Asset Management Company Ltd.,ICICIAMC,544658,ICICIAMC,INE346A01027,Asset Management Cos.,Banking and Finance,3183.9,3183.9,157366.96,47.71,Export NA,,,74.47,22.6,43.19,,Export NA,2.78,3.05,32.31,79.79,6.23,20.44,66.73,,79.07,16.76,49.38,65.3,4.85,42.32,6,Banking and Finance,Asset Management Cos.,2026-03-31,2026-04-13
ICICI Prudential BSE 500 ETF,BSE500IETF,541313,BSE500IETF,INF109KC1V59,Others,Others,37.67,37.67,,,Export NA,,,,,,,Export NA,,,,,,,,,,,,,,,,Others,Others,,
ICICI Prudential BSE Liquid Rate ETF - IDCW,LIQUIDIETF,541946,LIQUIDIETF,INF109KC1KT9,Others,Others,999.99,999.99,,,Export NA,,,,,,,Export NA,,,,,,,,,,,,,,,,Others,Others,,
ICICI Prudential BSE Midcap Select ETF,MIDSELIETF,539980,MIDSELIETF,INF109KC10W0,Others,Others,17.84,17.84,,,Export NA,,,,,,,Export NA,,,,,,,,,,,,,,,,Others,Others,,
ICICI Prudential BSE Sensex ETF,SENSEXIETF,555555,SENSEXIETF,INF346A01034,Others,Others,853.82,853.82,,,Export NA,,,,,,,Export NA,,,,,,,,,,,,,,,,Others,Others,,
ICICI Prudential Bharat 22 ETF,ICICIB22,540787,ICICIB22,INF109KB15Y7,Others,Others,120.1,120.1,,,Export NA,,,,,,,Export NA,,,,,,,,,,,,,,,,Others,Others,,
ICICI Prudential Gold ETF,GOLDIETF,533244,GOLDIETF,INF109KC1NT3,Others,Others,129,129,,,Export NA,,,,,,,Export NA,,,,,,,,,,,,,,,,Others,Others,,
ICICI Prudential Life Insurance Company Ltd.,ICICIPRULI,540133,ICICIPRULI,INE726G01019,Life Insurance,Banking and Finance,541.5,541.5,78524.91,48.84,Export NA,91.61,93.03,12.43,22.6,37.15,1.37,Export NA,2.78,8.98,5.99,2.23,6.23,5.97,11.09,35.63,11.79,16.76,24.95,0.5,4.85,0.65,3,Banking and Finance,Life Insurance,2026-03-31,2026-04-14
ICICI Prudential Nifty 10 yr Benchmark G-sec ETF,GSEC10IETF,543700,GSEC10IETF,INF109KC18O0,Others,Others,258.99,258.99,,,Export NA,,,,,,,Export NA,,,,,,,,,,,,,,,,Others,Others,,
ICICI Prudential Nifty 100 ETF,NIF100IETF,537008,NIF100IETF,INF109KC16V9,Others,Others,27.07,27.07,,,Export NA,,,,,,,Export NA,,,,,,,,,,,,,,,,Others,Others,,
ICICI Prudential Nifty 100 Low Volatility 30 ETF,LOWVOLIETF,540612,LOWVOLIETF,INF109KC19U5,Others,Others,21.22,21.22,,,Export NA,,,,,,,Export NA,,,,,,,,,,,,,,,,Others,Others,,
ICICI Prudential Nifty 200 Momentum 30 ETF,MOM30IETF,543568,MOM30IETF,INF109KC17C7,Others,Others,30.35,30.35,,,Export NA,,,,,,,Export NA,,,,,,,,,,,,,,,,Others,Others,,
ICICI Prudential Nifty 200 Quality 30 ETF,QUAL30IETF,543956,QUAL30IETF,INF109KC18V5,Others,Others,20.54,20.54,,,Export NA,,,,,,,Export NA,,,,,,,,,,,,,,,,Others,Others,,
ICICI Prudential Nifty 5 Yr Benchmark G-SEC ETF,GSEC5IETF,543480,GSEC5IETF,INF109KC14A8,Others,Others,64.54,64.54,,,Export NA,,,,,,,Export NA,,,,,,,,,,,,,,,,Others,Others,,
ICICI Prudential Nifty 50 ETF,NIFTYIETF,537007,NIFTYIETF,INF109K012R6,Others,Others,263.48,263.48,,,Export NA,,,,,,,Export NA,,,,,,,,,,,,,,,,Others,Others,,
ICICI Prudential Nifty Alpha Low Volatility 30 ETF,ALPL30IETF,543219,ALPL30IETF,INF109KC17V7,Others,Others,26.4,26.4,,,Export NA,,,,,,,Export NA,,,,,,,,,,,,,,,,Others,Others,,
ICICI Prudential Nifty Auto ETF,AUTOIETF,543450,AUTOIETF,INF109KC10V2,Others,Others,26.89,26.89,,,Export NA,,,,,,,Export NA,,,,,,,,,,,,,,,,Others,Others,,
ICICI Prudential Nifty Bank ETF,BANKIETF,542730,BANKIETF,INF109KC15I8,Others,Others,54.81,54.81,,,Export NA,,,,,,,Export NA,,,,,,,,,,,,,,,,Others,Others,,
ICICI Prudential Nifty Commodities ETF,COMMOIETF,543710,COMMOIETF,INF109KC19O8,Others,Others,103.05,103.05,,,Export NA,,,,,,,Export NA,,,,,,,,,,,,,,,,Others,Others,,
ICICI Prudential Nifty EV & New Age Automotive ETF,EVIETF,544394,EVIETF,INF109K1A153,Others,Others,30.01,30.01,,,Export NA,,,,,,,Export NA,,,,,,,,,,,,,,,,Others,Others,,
ICICI Prudential Nifty FMCG ETF,FMCGIETF,543326,FMCGIETF,INF109KC19V3,Others,Others,53.85,53.85,,,Export NA,,,,,,,Export NA,,,,,,,,,,,,,,,,Others,Others,,
ICICI Prudential Nifty Financial Services Ex-BaNk ETF,FINIETF,543677,FINIETF,INF109KC17L8,Others,Others,31.45,31.45,,,Export NA,,,,,,,Export NA,,,,,,,,,,,,,,,,Others,Others,,
ICICI Prudential Nifty Healthcare ETF,HEALTHIETF,543292,HEALTHIETF,INF109KC1Q72,Others,Others,156.34,156.34,,,Export NA,,,,,,,Export NA,,,,,,,,,,,,,,,,Others,Others,,
ICICI Prudential Nifty IT ETF,ITIETF,543221,ITIETF,INF109KC16I6,Others,Others,31.14,31.14,,,Export NA,,,,,,,Export NA,,,,,,,,,,,,,,,,Others,Others,,
ICICI Prudential Nifty India Consumption ETF,CONSUMIETF,543383,CONSUMIETF,INF109KC1V42,Others,Others,115.81,115.81,,,Export NA,,,,,,,Export NA,,,,,,,,,,,,,,,,Others,Others,,
ICICI Prudential Nifty Infrastructure ETF,INFRAIETF,543571,INFRAIETF,INF109KC16E5,Others,Others,93.65,93.65,,,Export NA,,,,,,,Export NA,,,,,,,,,,,,,,,,Others,Others,,
ICICI Prudential Nifty Metal ETF,METALIETF,544229,METALIETF,INF109KC19W1,Others,Others,12.97,12.97,,,Export NA,,,,,,,Export NA,,,,,,,,,,,,,,,,Others,Others,,
ICICI Prudential Nifty Midcap 150 ETF,MIDCAPIETF,542921,MIDCAPIETF,INF109KC11W8,Others,Others,22.72,22.72,,,Export NA,,,,,,,Export NA,,,,,,,,,,,,,,,,Others,Others,,
ICICI Prudential Nifty Next 50 ETF,NEXT50IETF,541809,NEXT50IETF,INF109KC1NS5,Others,Others,72.4,72.4,,,Export NA,,,,,,,Export NA,,,,,,,,,,,,,,,,Others,Others,,
ICICI Prudential Nifty Oil & Gas ETF,OILIETF,544216,OILIETF,INF109KC18W3,Others,Others,11.46,11.46,,,Export NA,,,,,,,Export NA,,,,,,,,,,,,,,,,Others,Others,,
ICICI Prudential Nifty PSU Bank ETF,PSUBNKIETF,543819,PSUBNKIETF,INF109KC10S8,Others,Others,81.73,81.73,,,Export NA,,,,,,,Export NA,,,,,,,,,,,,,,,,Others,Others,,
ICICI Prudential Nifty Private Bank ETF,PVTBANIETF,542758,PVTBANIETF,INF109KC18U7,Others,Others,26.04,26.04,,,Export NA,,,,,,,Export NA,,,,,,,,,,,,,,,,Others,Others,,
ICICI Prudential Nifty Top 15 Equal Weight ETF,TOP15IETF,544427,TOP15IETF,INF109K1A344,Others,Others,9.56,9.56,,,Export NA,,,,,,,Export NA,,,,,,,,,,,,,,,,Others,Others,,
ICICI Prudential Nifty200 Value 30 ETF,VAL30IETF,544275,VAL30IETF,INF109KC16X5,Others,Others,15.5,15.5,,,Export NA,,,,,,,Export NA,,,,,,,,,,,,,,,,Others,Others,,
ICICI Prudential Nifty50 Value 20 ETF,NV20IETF,539945,NV20IETF,INF109KC11V0,Others,Others,13.61,13.61,,,Export NA,,,,,,,Export NA,,,,,,,,,,,,,,,,Others,Others,,
ICICI Prudential Silver ETF,SILVERIETF,543452,SILVERIETF,INF109KC1Y56,Others,Others,263.22,263.22,,,Export NA,,,,,,,Export NA,,,,,,,,,,,,,,,,Others,Others,,
ICRA Ltd.,ICRA,532835,ICRA,INE725G01011,Other Financial Services,Banking and Finance,5326,5326,5140.23,27.81,Export NA,36.51,36.86,8.91,22.6,36.93,1.91,Export NA,2.78,3.57,4.56,24.97,6.23,99.98,191.48,14.55,16.14,16.76,19.97,13.13,4.85,11.89,8,Banking and Finance,Other Financial Services,2025-12-31,2026-05-21
IDBI Bank Ltd.,IDBI,500116,IDBI,INE008A01015,Banks,Banking and Finance,71.03,71.03,76374.31,8.29,Export NA,14.2,16.49,0.76,22.6,13.77,0.4,Export NA,2.78,1.95,1.09,47.12,6.23,1.84,8.57,20.7,13.43,16.76,13.01,1.97,4.85,1.37,5,Banking and Finance,Banks,2026-03-31,2026-04-30
IDFC First Bank Ltd.,IDFCFIRSTB,539437,IDFCFIRSTB,INE092T01019,Banks,Banking and Finance,67.68,67.68,58261.08,36.17,Export NA,31.73,100.41,66.9,22.6,13.77,4.48,Export NA,2.78,1.95,1.24,36.17,6.23,1.84,1.87,8.07,3.39,16.76,13.01,0.4,4.85,1.37,4,Banking and Finance,Banks,2026-03-31,2026-04-25
IDFC Nifty ETF,IDFNIFTYET,,IDFNIFTYET,INF194KA1U07,Others,Others,256.83,256.83,,,Export NA,,,,,,,Export NA,,,,,,,,,,,,,,,,Others,Others,,
IFB Agro Industries Ltd.,IFBAGRO,507438,IFBAGRO,INE076C01018,Breweries & Distilleries,"Food, Beverages & Tobacco",1071.75,1071.75,1003.92,21,Export NA,38.64,17.3,70.03,28.35,66.59,0.14,Export NA,1.73,1.7,1.52,86.59,8.04,10.34,51.04,153.23,3.66,26.28,16.79,3.11,19.55,10.27,8,"Food, Beverages & Tobacco",Breweries & Distilleries,2025-12-31,2026-05-28
IFB Industries Ltd.,IFBIND,505726,IFBIND,INE559A01017,Household Appliances,Consumer Durables,1121.6,1121.6,4544.59,37.95,Export NA,88.16,144.18,5.35,49.58,47.95,5.51,Export NA,1.45,3.33,4.79,14.43,9.42,5.18,29.56,6.89,14.12,20.69,13.31,5.04,10.95,7.54,7,Consumer Durables,Household Appliances,2025-12-31,2026-05-25
IFCI Ltd.,IFCI,500106,IFCI,INE039A01010,Financial Institutions,Banking and Finance,61.07,61.07,16454.18,90.97,Export NA,24.6,24.6,68.54,22.6,12.06,15.83,Export NA,2.78,2.38,1.85,91.19,6.23,1.75,0.67,5.75,2.02,16.76,16.02,0.68,4.85,1.89,5,Banking and Finance,Financial Institutions,2026-03-31,2026-04-28
IFGL Refractories Ltd.,IFGLEXPOR,540774,IFGLEXPOR,INE133Y01011,Electrodes & Refractories,General Industrials,172.69,172.69,1244.73,43.14,Export NA,30.48,24.25,94.62,58.9,42.36,-1.11,Export NA,5.74,5.21,1.1,46.76,14.56,4.18,4,-38.73,3.88,19.77,9.89,2.65,10.29,7.94,3,General Industrials,Electrodes & Refractories,2025-12-31,2026-02-14
IIFL Capital Services Ltd.,IIFLCAPS,542773,IIFLCAPS,INE489L01022,Capital Markets,Banking and Finance,345.35,345.35,10755.4,19.16,Export NA,14.67,12.22,98.4,22.6,49.83,-0.9,Export NA,2.78,1.85,3.59,74.85,6.23,18.07,18.02,-21.2,18.31,16.76,28.37,5.87,4.85,12.93,3,Banking and Finance,Capital Markets,2026-03-31,2026-05-04
IIFL Finance Ltd.,IIFL,532636,IIFL,INE530B01024,Other Financial Services,Banking and Finance,445.7,445.7,18955.16,11.41,Export NA,31.25,23.04,28.17,22.6,36.93,0.03,Export NA,2.78,3.57,1.41,16.76,6.23,99.98,39.05,338.48,11.93,16.76,19.97,1.86,4.85,11.89,5,Banking and Finance,Other Financial Services,2026-03-31,2026-04-29
IKIO Technologies Ltd.,IKIO,543923,IKIO,INE0LOJ01019,Consumer Electronics,Consumer Durables,161.48,161.48,1247.93,32.99,Export NA,40.96,,3.2,49.58,57.15,1.48,Export NA,1.45,1.69,2.13,8.5,9.42,10.85,4.89,22.37,6.28,20.69,24.42,4.93,10.95,9.83,7,Consumer Durables,Consumer Electronics,2026-03-31,2026-05-02
IL&FS Engineering & Construction Company Ltd.,IL&FSENGG,532907,IL&FSENGG,INE369I01014,Construction & Engineering,Cement and Construction,26.88,26.88,352.45,-246.58,Export NA,12.99,12.99,,35.74,31.41,-2.5,Export NA,3.26,5.1,-0.11,,4.05,4.95,-0.11,98.7,0,11.25,12.93,-0.28,4.61,4.29,3,Cement and Construction,Construction & Engineering,2025-12-31,2026-02-05
IL&FS Investment Managers Ltd.,IVC,511208,IVC,INE050B01023,Asset Management Cos.,Banking and Finance,7.67,7.67,240.86,17.3,Export NA,27.33,26.72,35.59,22.6,43.19,0.12,Export NA,2.78,3.05,1.21,50.46,6.23,20.44,0.44,143.12,6.4,16.76,49.38,5.49,4.85,42.32,5,Banking and Finance,Asset Management Cos.,2025-12-31,2026-02-13
IL&FS Transportation Networks Ltd.,IL&FSTRANS,533177,IL&FSTRANS,INE975G01012,Roads & Highways,Cement and Construction,2.39,2.39,78.62,,Export NA,,,,35.74,6.99,,Export NA,3.26,0.03,-0.01,,4.05,1.13,,,0,11.25,24.35,-32.49,4.61,8.72,2,Cement and Construction,Roads & Highways,2020-03-31,2020-06-04
IOL Chemicals and Pharmaceuticals Ltd.,IOLCP,524164,IOLCP,INE485C01029,Pharmaceuticals,Pharmaceuticals & Biotechnology,105.71,105.71,3102.88,26.77,Export NA,21.34,20.23,91.79,42.18,42.23,1.4,Export NA,2.39,2.39,1.75,88.66,7.57,7.72,3.95,19.15,5.98,17.72,18.15,4.24,11.9,12.17,6,Pharmaceuticals & Biotechnology,Pharmaceuticals,2025-12-31,2026-02-11
IRB Infrastructure Developers Ltd.,IRB,532947,IRB,INE821I01022,Roads & Highways,Cement and Construction,20.82,20.82,25146.4,32.71,Export NA,30.33,33.3,80.91,35.74,6.99,-0.37,Export NA,3.26,0.03,1.22,39.17,4.05,1.13,0.64,-88.09,32.68,11.25,24.35,12.02,4.61,8.72,7,Cement and Construction,Roads & Highways,2025-12-31,2026-02-13
IRB InvIT Fund,IRBINVIT,540526,IRBINVIT,INE183W23014,REITs-InvITs,Realty,60.68,60.68,7776.75,23.18,Export NA,21.56,22.84,93.92,37.63,46.38,-2.86,Export NA,1.72,3.82,0.64,20.08,3.69,1.66,2.62,-8.11,9.34,10.17,6.22,2.88,4.54,1.93,7,Realty,REITs-InvITs,2025-12-31,2025-11-13
IRIS Clothings Ltd.,IRISDOREME,,IRISDOREME,INE01GN01025,Textiles,Textiles Apparels & Accessories,36.38,36.38,692.43,42.76,Export NA,47.7,56.39,57.96,53.79,32.96,1.83,Export NA,2.24,6.53,5.12,43.45,15.41,3.67,0.85,23.4,11.42,22.86,11.51,7.94,8.26,7.43,4,Textiles Apparels & Accessories,Textiles,2026-03-31,2026-05-11
IRIS RegTech Solutions Ltd.,IRIS,540735,IRIS,INE864K01010,IT Software Products,Software & Services,235.46,235.46,484.3,37.18,Export NA,60.98,,5.07,22.39,42.73,0.05,Export NA,10.02,3.5,2.49,28.54,6.84,6.05,6.33,739.29,17.21,28.07,12.16,10.39,17.17,7.28,5,Software & Services,IT Software Products,2025-12-31,2026-05-15
IRM Energy Ltd.,IRMENERGY,544004,IRMENERGY,INE07U701015,Utilities:Non-Electrical,Utilities,291.75,291.75,1197.92,22.51,Export NA,22.54,,39.27,24.91,15.47,1.27,Export NA,27.85,426.35,1.21,19.24,5.52,5.02,12.96,17.72,5.33,14.21,14.06,4.1,5.38,8.44,8,Utilities,Utilities:Non-Electrical,2026-03-31,2026-05-08
ISGEC Heavy Engineering Ltd.,ISGEC,533033,ISGEC,INE858B01029,Industrial Machinery,General Industrials,1054,1054,7750.01,32.69,Export NA,33.22,31.96,80.36,58.9,58.76,-6.63,Export NA,5.74,4.45,2.7,52.48,14.56,20.55,32.24,-4.93,9.09,19.77,24.18,3.09,10.29,13.59,6,General Industrials,Industrial Machinery,2025-12-31,2026-02-09
ITC Hotels Ltd.,ITCHOTELS,544325,ITCHOTELS,INE379A01028,Hotels,Hotels Restaurants & Tourism,153.72,153.72,32019.51,42.25,Export NA,,,26.98,44.23,40.73,1.2,Export NA,3.41,2.69,2.84,23.49,8.2,7.29,3.64,35.3,5.93,12.41,12.19,5.08,7.26,7.71,7,Hotels Restaurants & Tourism,Hotels,2025-12-31,2026-05-15
ITC Ltd.,ITC,500875,ITC,INE154A01025,Cigarettes-Tobacco Products,"Food, Beverages & Tobacco",300.7,300.7,376761.11,10.76,Export NA,20.58,23.97,0.66,28.35,12.57,0.15,Export NA,1.73,0.47,4.96,24.31,8.04,5.12,27.96,73.93,49.61,26.28,46.72,39.44,19.55,37.05,6,"Food, Beverages & Tobacco",Cigarettes-Tobacco Products,2025-12-31,2026-05-21
ITI Ltd.,ITI,523610,ITI,INE248A01017,Telecom Equipment,Telecommunications Equipment,283,283,27193.1,-184.14,Export NA,,182.23,,62.37,54.53,-2.74,Export NA,3.45,8.41,18.39,87.65,10.31,13.61,-1.54,67.13,-13.72,6.95,9.86,-2.06,3.76,6.93,2,Telecommunications Equipment,Telecom Equipment,2025-12-31,2026-02-13
IVP Ltd.,IVP,507580,IVP,INE043C01018,Commodity Chemicals,Chemicals & Petrochemicals,161.2,161.2,166.46,12.19,Export NA,15.44,11.62,42.07,42.23,39.75,1.04,Export NA,3.64,7.92,1.12,21.62,6.18,4.79,13.22,11.7,8.11,13.61,12.96,3.25,9.15,8.15,6,Chemicals & Petrochemicals,Commodity Chemicals,2025-12-31,2026-01-29
IZMO Ltd.,IZMO,532341,IZMO,INE848A01014,IT Consulting & Software,Software & Services,663.95,663.95,993.44,26.74,Export NA,21.23,16.57,90.26,22.39,21.42,-0.98,Export NA,10.02,10.72,2.54,93.61,6.84,6.86,24.83,-27.19,13.61,28.07,30.42,11.15,17.17,18.42,7,Software & Services,IT Consulting & Software,2025-12-31,2026-02-11
Ideal Technoplast Industries Ltd.,IDEALTECHO,,IDEALTECHO,INE0T9I01011,Plastic Products,General Industrials,208.6,208.6,104.3,36.21,Export NA,,,91.24,58.9,35.79,,Export NA,5.74,3.64,4.09,57.66,14.56,7.73,5.76,,12.13,19.77,14.6,7.5,10.29,10.46,5,General Industrials,Plastic Products,2025-03-31,2025-11-14
Identical Brains Studios Ltd.,IDENTICAL,,IDENTICAL,INE0TD101011,Movies & Entertainment,Media,18.7,18.7,26.23,6.64,Export NA,,,,25.23,33.17,,Export NA,2.2,3.06,0.74,,13.87,25.15,2.82,,11.59,20.32,45.72,10.12,15.35,32.15,3,Media,Movies & Entertainment,2025-03-31,2025-11-21
Igarashi Motors India Ltd.,IGARASHI,517380,IGARASHI,INE188B01013,Auto Parts & Equipment,Automobiles & Auto Components,406.35,406.35,1278.99,93.95,Export NA,126.78,379.63,82.26,32.11,41.7,-1.95,Export NA,5.07,3.31,2.73,26.67,6.96,6.81,4.33,-48.12,5.19,19.05,15.01,3.11,9.43,7.82,7,Automobiles & Auto Components,Auto Parts & Equipment,2025-12-31,2026-02-11
Imagicaaworld Entertainment Ltd.,IMAGICAA,539056,IMAGICAA,INE172N01012,Other Leisure Facilities,Diversified Consumer Services,44.25,44.25,2503.94,156.81,Export NA,24.7,1.06,88.82,33.62,84.27,-2.05,Export NA,3.59,0,2,72.66,10.95,1.71,0.28,-76.38,6.16,22.55,5.58,4.08,11.12,4.46,4,Diversified Consumer Services,Other Leisure Facilities,2025-12-31,2026-05-15
Impex Ferro Tech Ltd.,IMPEXFERRO,532614,IMPEXFERRO,INE691G01015,Iron & Steel/Interm.Products,Metals & Mining,1.64,1.64,14.42,-1.97,Export NA,,,,23.8,32.33,-0.03,Export NA,1.11,0.78,-0.04,,5.3,3.24,-0.83,71.58,0,19.76,6.78,-4.25,9.83,3.42,1,Metals & Mining,Iron & Steel/Interm.Products,2025-12-31,2024-10-28
Incredible Industries Ltd.,INCREDIBLE,538365,INCREDIBLE,INE452L01012,Iron & Steel/Interm.Products,Metals & Mining,36.44,36.44,170.41,13.28,Export NA,23.82,26.8,4.37,23.8,32.33,0.42,Export NA,1.11,0.78,1.12,36.33,5.3,3.24,2.74,31.4,8.59,19.76,6.78,6.43,9.83,3.42,8,Metals & Mining,Iron & Steel/Interm.Products,2025-12-31,2026-02-05
Ind-Swift Laboratories Ltd.,INDSWFTLAB,532305,INDSWFTLAB,INE915B01019,Pharmaceuticals,Pharmaceuticals & Biotechnology,137.76,137.76,1196.26,4.81,Export NA,3.75,7.72,46.18,42.18,42.23,1.38,Export NA,2.39,2.39,0.9,68.27,7.57,7.72,28.63,3.5,21.32,17.72,18.15,17.41,11.9,12.17,4,Pharmaceuticals & Biotechnology,Pharmaceuticals,2025-12-31,2026-01-31
Indbank Merchant Banking Services Ltd.,INDBANK,511473,INDBANK,INE841B01017,Capital Markets,Banking and Finance,33.21,33.21,147.38,20.69,Export NA,20.28,24.87,63.3,22.6,49.83,-1.31,Export NA,2.78,1.85,1.51,58.71,6.23,18.07,1.61,-15.82,7.21,16.76,28.37,5.78,4.85,12.93,4,Banking and Finance,Capital Markets,2026-03-31,2026-04-20
Indef Manufacturing Ltd.,BAJAJINDEF,544364,BAJAJINDEF,INE0O9T01021,Industrial Machinery,General Industrials,289.4,289.4,926.08,34.38,Export NA,,,37.55,58.9,58.76,2.85,Export NA,5.74,4.45,3.53,19.41,14.56,20.55,8.42,12.08,13.5,19.77,24.18,11.33,10.29,13.59,4,General Industrials,Industrial Machinery,2025-12-31,2026-02-10
Indegene Ltd.,INDGN,544172,INDGN,INE065X01017,Healthcare Services,Healthcare,528.8,528.8,12729.08,31.74,Export NA,,,38.38,64.81,49.79,-23.05,Export NA,6.11,5.33,4.29,5.66,9.5,10.34,16.66,-1.38,12.77,14.74,19.47,8.68,8.39,13.06,4,Healthcare,Healthcare Services,2026-03-31,2026-04-29
IndiGrid Infrastructure Trust,INDIGRID,540565,INDIGRID,INE219X23014,REITs-InvITs,Realty,173.45,173.45,14926.07,45.8,Export NA,38.53,34.45,90.34,37.63,46.38,-10.88,Export NA,1.72,3.82,2.53,87.79,3.69,1.66,3.79,-4.21,7.72,10.17,6.22,1.5,4.54,1.93,7,Realty,REITs-InvITs,2025-12-31,2025-11-11
India Cements Ltd.,INDIACEM,530005,INDIACEM,INE383A01012,Cement & Cement Products,Cement and Construction,390.45,390.45,12099.94,-179.9,Export NA,,111.62,,35.74,39.23,-3.38,Export NA,3.26,1.71,1.2,79.3,4.05,3.41,-2.17,53.19,-0.66,11.25,8.66,-0.5,4.61,4.59,3,Cement and Construction,Cement & Cement Products,2026-03-31,2026-04-25
India Glycols Ltd.,INDIAGLYCO,500201,INDIAGLYCO,INE560A01023,Commodity Chemicals,Chemicals & Petrochemicals,1051.5,1051.5,7047.87,26.11,Export NA,24.36,19.04,98.4,42.23,39.75,0.9,Export NA,3.64,7.92,2.86,99.76,6.18,4.79,40.27,29.07,10.23,13.61,12.96,3.73,9.15,8.15,6,Chemicals & Petrochemicals,Commodity Chemicals,2025-12-31,2026-05-14
India Motor Parts & Accessories Ltd.,IMPAL,590065,IMPAL,INE547E01014,Commodity Trading  & Distribution,Commercial Services & Supplies,1017.3,1017.3,1269.59,13.15,Export NA,17.31,16.12,9.56,31.83,33.18,0.81,Export NA,2.32,1.21,0.49,3.41,5.75,5.32,77.36,16.17,4.18,13.46,12.19,3.8,6.61,4.31,7,Commercial Services & Supplies,Commodity Trading  & Distribution,2026-03-31,2026-05-08
India Nippon Electricals Ltd.,INDNIPPON,532240,INDNIPPON,INE092B01025,Auto Parts & Equipment,Automobiles & Auto Components,770.25,770.25,1742.41,17.71,Export NA,24.26,22.67,32.29,32.11,41.7,0.59,Export NA,5.07,3.31,2.15,49.71,6.96,6.81,43.48,29.97,11.56,19.05,15.01,8.76,9.43,7.82,7,Automobiles & Auto Components,Auto Parts & Equipment,2025-12-31,2026-02-13
India Pesticides Ltd.,IPL,543311,IPL,INE0D6701023,Agrochemicals,Chemicals & Petrochemicals,167.96,167.96,1934.29,13.26,Export NA,31.09,,5.41,42.23,30.4,0.1,Export NA,3.64,3.17,1.98,6.66,6.18,3.87,12.66,133.29,9.14,13.61,11.71,7.19,9.15,7.88,6,Chemicals & Petrochemicals,Agrochemicals,2025-12-31,2026-05-23
India Power Corporation Ltd.,DPSCLTD,,DPSCLTD,INE360C01024,Power - Electric Utilities,Utilities,9.67,9.67,941.65,138.22,Export NA,128.37,109.73,87.6,24.91,29.95,-2.36,Export NA,27.85,1.43,1.14,50.12,5.52,4.23,0.07,-58.61,2.39,14.21,16.2,0.38,5.38,5.79,5,Utilities,Power - Electric Utilities,2025-12-31,2026-02-13
India Shelter Finance Corporation Ltd.,INDIASHLTR,544044,INDIASHLTR,INE922K01024,Housing Finance,Banking and Finance,831.8,831.8,9048.74,17.98,Export NA,,,7.28,22.6,18.02,0.54,Export NA,2.78,0.99,2.98,26.9,6.23,2.32,46.25,33.15,15.73,16.76,13.46,5.23,4.85,3.64,5,Banking and Finance,Housing Finance,2026-03-31,2026-05-02
India Tourism Development Corporation Ltd.,ITDC,532189,ITDC,INE353K01014,Hotels,Hotels Restaurants & Tourism,568.1,568.1,4872.56,61.27,Export NA,70.29,157.43,26.48,44.23,40.73,5.97,Export NA,3.41,2.69,12.39,65.29,8.2,7.29,9.27,10.27,22.41,12.41,12.19,10.92,7.26,7.71,7,Hotels Restaurants & Tourism,Hotels,2025-12-31,2026-02-09
IndiaMART InterMESH Ltd.,INDIAMART,542726,INDIAMART,INE933S01016,Internet & Catalogue Retail,Retailing,2011.8,2011.8,12099.59,25.49,Export NA,35.24,43.44,8.65,78.39,42.45,-1.85,Export NA,6.4,1.62,5.16,12.85,19.94,27.18,78.93,-13.8,19.77,10.74,2.98,10.26,6.91,1.72,4,Retailing,Internet & Catalogue Retail,2026-03-31,2026-04-30
Indiabulls Ltd.,IBULLSLTD,533520,IBULLSLTD,INE126M01010,Misc. Commercial Services,Commercial Services & Supplies,20.02,20.02,4653.41,17.02,Export NA,13.6,28.05,59.34,31.83,27.25,0.03,Export NA,2.32,0.82,1.61,71.01,5.75,5.02,1.18,500.94,8.88,13.46,17.32,6.56,6.61,12.13,6,Commercial Services & Supplies,Misc. Commercial Services,2026-03-31,2026-04-29
Indian Bank,INDIANB,532814,INDIANB,INE562A01011,Banks,Banking and Finance,821.4,821.4,110639.62,9.45,Export NA,8.83,8.58,78.46,22.6,13.77,2.4,Export NA,2.78,1.95,1.38,90.3,6.23,1.84,86.89,3.93,14.62,16.76,13.01,1.18,4.85,1.37,4,Banking and Finance,Banks,2026-03-31,2026-04-29
Indian Emulsifiers Ltd.,IEML,,IEML,INE0RRU01016,Specialty Chemicals,Chemicals & Petrochemicals,74.15,74.15,135.94,10.22,Export NA,,,,42.23,47.85,,Export NA,3.64,2.93,1.04,,6.18,7.62,7.25,,16.21,13.61,14.82,11.32,9.15,10.12,3,Chemicals & Petrochemicals,Specialty Chemicals,2025-03-31,2025-11-08
Indian Energy Exchange Ltd.,IEX,540750,IEX,INE022Q01020,Capital Markets,Banking and Finance,127.21,127.21,11343.22,23.01,Export NA,37.72,40.6,2.28,22.6,49.83,1.55,Export NA,2.78,1.85,8.32,0.4,6.23,18.07,5.53,14.85,36.12,16.76,28.37,20.23,4.85,12.93,6,Banking and Finance,Capital Markets,2026-03-31,2026-04-23
Indian Hotels Company Ltd.,INDHOTEL,500850,INDHOTEL,INE053A01029,Hotels,Hotels Restaurants & Tourism,634.4,634.4,90302.54,43.32,Export NA,65.63,63.98,7.85,44.23,40.73,4.67,Export NA,3.41,2.69,7.22,79.96,8.2,7.29,14.64,9.27,15.96,12.41,12.19,10.26,7.26,7.71,6,Hotels Restaurants & Tourism,Hotels,2026-03-31,2026-05-11
Indian Hume Pipe Company Ltd.,INDIANHUME,504741,INDIANHUME,INE323C01030,Cement & Cement Products,Cement and Construction,328.85,328.85,1732.44,2.81,Export NA,14.71,16.38,1.13,35.74,39.23,0.01,Export NA,3.26,1.71,1.19,6.73,4.05,3.41,117.19,502.63,40.53,11.25,8.66,20.39,4.61,4.59,6,Cement and Construction,Cement & Cement Products,2025-12-31,2026-05-14
Indian Metals & Ferro Alloys Ltd.,IMFA,533047,IMFA,INE919H01018,Iron & Steel/Interm.Products,Metals & Mining,1450.2,1450.2,7824.42,21.24,Export NA,12.62,9.7,85.69,23.8,32.33,-1.8,Export NA,1.11,0.78,2.96,97.54,5.3,3.24,68.28,-11.8,16.12,19.76,6.78,11.91,9.83,3.42,6,Metals & Mining,Iron & Steel/Interm.Products,2025-12-31,2026-02-05
Indian Oil Corporation Ltd.,IOC,530965,IOC,INE242A01010,Oil Marketing & Distribution,Oil & Gas,137.65,137.65,194378.85,5.44,Export NA,10.7,10.41,29.23,18.34,9.53,0.02,Export NA,1.36,1.05,0.92,27.93,1.85,1.9,25.32,236.64,7.29,10.19,12.36,2.68,4.37,6.44,5,Oil & Gas,Oil Marketing & Distribution,2025-12-31,2026-05-18
Indian Overseas Bank,IOB,532388,IOB,INE565A01014,Banks,Banking and Finance,33.65,33.65,64798.42,11.95,Export NA,30.36,30.43,,22.6,13.77,0.2,Export NA,2.78,1.95,1.82,17.42,6.23,1.84,2.81,59.64,14.64,16.76,13.01,1.14,4.85,1.37,6,Banking and Finance,Banks,2026-03-31,2026-04-29
Indian Phosphate Ltd.,IPHL,,IPHL,INE0DHF01018,Fertilizers,Fertilizers,54.95,54.95,137.32,15.81,Export NA,,,31.58,20.68,20.68,,Export NA,7.54,7.54,0.78,,16.07,16.07,3.48,,5.85,478.71,478.71,2.98,243.93,243.93,5,Fertilizers,Fertilizers,2025-03-31,2025-11-14
Indian Railway Catering & Tourism Corporation Ltd.,IRCTC,542830,IRCTC,INE335Y01020,Travel Support Services,Diversified Consumer Services,534,534,42720,29.97,Export NA,41.71,60.53,4.01,33.62,32.03,2.02,Export NA,3.59,3.35,9.18,,10.95,8.05,17.82,14.86,35.89,22.55,27.51,19.33,11.12,14.18,6,Diversified Consumer Services,Travel Support Services,2025-12-31,2026-02-12
Indian Railway Finance Corporation Ltd.,IRFC,543257,IRFC,INE053F01010,Financial Institutions,Banking and Finance,99.36,99.36,129848.68,18.53,Export NA,27.93,19.44,56.24,22.6,12.06,2.58,Export NA,2.78,2.38,2.24,54.02,6.23,1.75,5.36,7.18,12.34,16.76,16.02,1.33,4.85,1.89,8,Banking and Finance,Financial Institutions,2025-12-31,2026-05-14
Indian Renewable Energy Development Agency Ltd.,IREDA,544026,IREDA,INE202E01016,Financial Institutions,Banking and Finance,124.69,124.69,35028.31,18.6,Export NA,24.23,,8.92,22.6,12.06,0.82,Export NA,2.78,2.38,2.59,,6.23,1.75,6.7,22.73,16.54,16.76,16.02,2.12,4.85,1.89,3,Banking and Finance,Financial Institutions,2025-12-31,2026-01-09
Indian Terrain Fashions Ltd.,INDTERRAIN,533329,INDTERRAIN,INE611L01021,Other Apparels & Accessories,Textiles Apparels & Accessories,30,30,152,-24.6,Export NA,,35.99,,53.79,43.2,-0.29,Export NA,2.24,2.85,0.82,18.64,15.41,13.14,-1.22,84.73,-23.33,22.86,20.14,-9.64,8.26,9.64,4,Textiles Apparels & Accessories,Other Apparels & Accessories,2025-12-31,2026-05-16
Indifra Ltd.,INDIFRA,,INDIFRA,INE0PS301014,Misc. Commercial Services,Commercial Services & Supplies,13,13,9.48,1280.79,Export NA,,,40.91,31.83,27.25,,Export NA,2.32,0.82,0.53,24.83,5.75,5.02,0.01,,0.04,13.46,17.32,0.03,6.61,12.13,5,Commercial Services & Supplies,Misc. Commercial Services,2025-03-31,2025-11-14
Indigo Paints Ltd.,INDIGOPNTS,543258,INDIGOPNTS,INE09VQ01012,Paints,Consumer Durables,939.1,939.1,4477.22,31.03,Export NA,35.71,,11.86,49.58,57.72,7.45,Export NA,1.45,1.85,4.06,5.65,9.42,10.53,30.27,4.17,13.75,20.69,18.85,10.05,10.95,12.01,6,Consumer Durables,Paints,2025-12-31,2026-05-22
Indiqube Spaces Ltd.,INDIQUBE,544454,INDIQUBE,INE06ST01018,Special Consumer Services,Diversified Consumer Services,163.58,163.58,3467.86,-30.15,Export NA,,,,33.62,39.07,,Export NA,3.59,4.51,6.5,,10.95,11.75,-5.43,,0,22.55,25.9,-2.98,11.12,3.02,2,Diversified Consumer Services,Special Consumer Services,2025-12-31,2026-02-10
Indo Amines Ltd.,INDOAMIN,524648,INDOAMIN,INE760F01028,Commodity Chemicals,Chemicals & Petrochemicals,115.4,115.4,837.66,11.85,Export NA,21.47,16.76,16.72,42.23,39.75,0.37,Export NA,3.64,7.92,2.25,24.01,6.18,4.79,9.74,32.01,17.54,13.61,12.96,7.09,9.15,8.15,5,Chemicals & Petrochemicals,Commodity Chemicals,2025-12-31,2026-02-07
Indo Borax & Chemicals Ltd.,INDOBORAX,524342,INDOBORAX,INE803D01021,Commodity Chemicals,Chemicals & Petrochemicals,281.8,281.8,904.3,19.67,Export NA,16.6,9.7,93.87,42.23,39.75,3.78,Export NA,3.64,7.92,2.44,93.91,6.18,4.79,14.33,5.2,12.67,13.61,12.96,11.91,9.15,8.15,3,Chemicals & Petrochemicals,Commodity Chemicals,2025-12-31,2026-01-16
Indo Count Industries Ltd.,ICIL,521016,ICIL,INE483B01026,Textiles,Textiles Apparels & Accessories,281.5,281.5,5575.23,49.58,Export NA,21.71,17.22,99.26,53.79,32.96,-0.76,Export NA,2.24,6.53,2.39,42.44,15.41,3.67,5.68,-65.58,10.8,22.86,11.51,5.77,8.26,7.43,4,Textiles Apparels & Accessories,Textiles,2025-12-31,2026-02-13
Indo Farm Equipment Ltd.,INDOFARM,544328,INDOFARM,INE622H01018,Commercial Vehicles,Automobiles & Auto Components,135.83,135.83,652.68,22.14,Export NA,,,11.86,32.11,34.76,,Export NA,5.07,1.94,1.19,6.04,6.96,9.25,6.14,,4.43,19.05,20.77,3.09,9.43,7.69,6,Automobiles & Auto Components,Commercial Vehicles,2025-12-31,2026-02-03
Indo National Ltd.,NIPPOBATRY,504058,NIPPOBATRY,INE567A01028,Household Products,Consumer Durables,384.6,384.6,288.45,-53.89,Export NA,22.03,32.08,,49.58,22.2,0.52,Export NA,1.45,0.4,0.74,17.44,9.42,4.27,-7.14,-104.25,28.24,20.69,21,17.15,10.95,9.27,5,Consumer Durables,Household Products,2025-12-31,2026-05-15
Indo Rama Synthetics (India) Ltd.,INDORAMA,500207,INDORAMA,INE156A01020,Textiles,Textiles Apparels & Accessories,37.81,37.81,987.27,7.2,Export NA,867.23,235.78,53.58,53.79,32.96,0.03,Export NA,2.24,6.53,2.17,55.54,15.41,3.67,5.25,252.14,0.38,22.86,11.51,0.04,8.26,7.43,8,Textiles Apparels & Accessories,Textiles,2025-12-31,2026-01-31
Indo Tech Transformers Ltd.,INDOTECH,532717,INDOTECH,INE332H01014,Heavy Electrical Equipment,General Industrials,2652.2,2652.2,2816.64,31.36,Export NA,38.88,29.9,61.01,58.9,71.23,1.01,Export NA,5.74,3.65,8.06,82.82,14.56,15.26,84.59,31.2,22.75,19.77,17.01,14.65,10.29,8.7,7,General Industrials,Heavy Electrical Equipment,2025-12-31,2026-02-04
Indo Thai Securities Ltd.,INDOTHAI,533676,INDOTHAI,INE337M01021,Capital Markets,Banking and Finance,280.85,280.85,3612.24,54.86,Export NA,235.1,137.35,71.7,22.6,49.83,0.08,Export NA,2.78,1.85,15.41,95.97,6.23,18.07,5.12,728.31,23.3,16.76,28.37,17.68,4.85,12.93,5,Banking and Finance,Capital Markets,2026-03-31,2026-05-07
Indo US Bio-Tech Ltd.,INDOUS,541304,INDOUS,INE250Z01010,Other Agricultural Products,"Food, Beverages & Tobacco",106.71,106.71,213.97,14.42,Export NA,31.68,27.28,6.61,28.35,21.91,1.09,Export NA,1.73,1.77,2.39,23.27,8.04,3.56,7.4,13.19,20.71,26.28,16.12,16.62,19.55,8.43,7,"Food, Beverages & Tobacco",Other Agricultural Products,2025-12-31,2026-01-21
Indoco Remedies Ltd.,INDOCO,532612,INDOCO,INE873D01024,Pharmaceuticals,Pharmaceuticals & Biotechnology,217.8,217.8,2010.37,-21.13,Export NA,26.56,24.37,,42.18,42.23,0.73,Export NA,2.39,2.39,2.12,6.73,7.57,7.72,-10.31,-29.07,-10.13,17.72,18.15,-3.66,11.9,12.17,3,Pharmaceuticals & Biotechnology,Pharmaceuticals,2026-03-31,2026-05-07
Indogulf Cropsciences Ltd.,IGCL,544432,IGCL,INE05J901018,Agrochemicals,Chemicals & Petrochemicals,62.64,62.64,396.04,10.36,Export NA,,,32.86,42.23,30.4,,Export NA,3.64,3.17,0.89,,6.18,3.87,6.04,,11.43,13.61,11.71,4.57,9.15,7.88,1,Chemicals & Petrochemicals,Agrochemicals,2025-12-31,2026-02-11
Indosolar Ltd.,WAAREEINDO,533257,WAAREEINDO,INE866K01023,Other Electrical Equipment/Products,Consumer Durables,403.4,403.4,1678.29,6.81,Export NA,-11.14,-7.62,37.63,49.58,41.19,0.02,Export NA,1.45,1.34,6.85,5.53,9.42,8.51,59.27,350.15,85.92,20.69,21.67,71.6,10.95,11.03,8,Consumer Durables,Other Electrical Equipment/Products,2026-03-31,2026-04-20
Indostar Capital Finance Ltd.,INDOSTAR,541336,INDOSTAR,INE896L01010,Finance (including NBFCs),Banking and Finance,200.66,200.66,3241.43,5.4,Export NA,35.68,28.11,7.07,22.6,26.34,0.01,Export NA,2.78,2.13,0.8,29.33,6.23,3.86,37.18,402.18,3.31,16.76,13.65,0.9,4.85,6.73,2,Banking and Finance,Finance (including NBFCs),2025-12-31,2026-02-09
Indowind Energy Ltd.,INDOWIND,532894,INDOWIND,INE227G01018,Power - Electric Utilities,Utilities,9.88,9.88,159.07,59.24,Export NA,131.46,949.81,47.4,24.91,29.95,-0.99,Export NA,27.85,1.43,0.5,66.19,5.52,4.23,0.17,-59.85,0.45,14.21,16.2,0.41,5.38,5.79,3,Utilities,Power - Electric Utilities,2025-12-31,2026-01-29
Indraprastha Gas Ltd.,IGL,532514,IGL,INE203G01027,Utilities:Non-Electrical,Utilities,156.81,156.81,21953.43,13.19,Export NA,15.87,17.33,4.24,24.91,15.47,-6.95,Export NA,27.85,426.35,1.9,5.95,5.52,5.02,11.89,-1.9,16.18,14.21,14.06,11.02,5.38,8.44,4,Utilities,Utilities:Non-Electrical,2025-12-31,2026-05-18
Indraprastha Medical Corporation Ltd.,INDRAMEDCO,532150,INDRAMEDCO,INE681B01017,Healthcare Facilities,Healthcare,415.85,415.85,3812.22,20.84,Export NA,26.29,20.04,77.55,64.81,71.3,0.99,Export NA,6.11,6.58,5.45,84.22,9.5,9.54,19.95,21.03,26.98,14.74,13.76,18.9,8.39,7.2,7,Healthcare,Healthcare Facilities,2025-12-31,2026-05-12
Indus Infra Trust,INDUSINVIT,544137,INDUSINVIT,INE0NHL23019,REITs-InvITs,Realty,124.98,124.98,5458.8,11.11,Export NA,,,56.74,37.63,46.38,,Export NA,1.72,3.82,1.11,100,3.69,1.66,11.24,,9.81,10.17,6.22,6.77,4.54,1.93,6,Realty,REITs-InvITs,2025-06-30,2025-07-30
Indus Towers Ltd.,INDUSTOWER,534816,INDUSTOWER,INE121J01017,Other Telecom Services,Telecom Services,400.8,400.8,105737.57,14.8,Export NA,13.31,14.61,33.23,32.83,29.56,-0.53,Export NA,1.4,1.02,2.79,22.13,7.97,7.59,27.08,-28.06,18.02,22.38,22.4,10.01,6.78,7.98,6,Telecom Services,Other Telecom Services,2026-03-31,2026-04-30
IndusInd Bank Ltd.,INDUSINDBK,532187,INDUSINDBK,INE095A01012,Banks,Banking and Finance,892.85,892.85,69562.93,78.22,Export NA,20.55,18.34,99.45,22.6,13.77,-1.19,Export NA,2.78,1.95,1.07,13.65,6.23,1.84,11.41,-65.47,1.35,16.76,13.01,0.16,4.85,1.37,4,Banking and Finance,Banks,2026-03-31,2026-04-24
Industrial & Prudential Investment Company Ltd.,,501298,INDPRUD,INE620D01011,Investment Companies,Others,6613.65,6613.65,1108.32,17.72,Export NA,18.74,14.66,83.21,34.07,34.07,1.39,Export NA,0.96,0.96,1.32,81.56,1.03,1.03,373.29,12.71,7.42,3.6,3.6,7.15,3.2,3.2,7,Others,Investment Companies,2025-12-31,2026-01-29
Industrial Investment Trust Ltd.,IITL,501295,IITL,INE886A01014,Finance (including NBFCs),Banking and Finance,161.1,161.1,363.24,65.5,Export NA,54.08,75.42,92.62,22.6,26.34,-0.77,Export NA,2.78,2.13,0.8,79.02,6.23,3.86,2.46,-84.93,0.9,16.76,13.65,0.91,4.85,6.73,3,Banking and Finance,Finance (including NBFCs),2025-12-31,2026-05-23
Infinium Pharmachem Ltd.,INFINIUM,,INFINIUM,INE0MRE01011,Pharmaceuticals,Pharmaceuticals & Biotechnology,216,216,300.59,36.9,Export NA,,,65.2,42.18,42.23,,Export NA,2.39,2.39,2.66,,7.57,7.72,5.85,,7.44,17.72,18.15,4.1,11.9,12.17,2,Pharmaceuticals & Biotechnology,Pharmaceuticals,2025-03-31,2025-11-13
Influx Healthtech Ltd.,INFLUX,,INFLUX,INE0MYZ01012,Pharmaceuticals,Pharmaceuticals & Biotechnology,280,280,648.21,48.5,Export NA,,,100,42.18,42.23,,Export NA,2.39,2.39,7.18,13.64,7.57,7.72,5.77,,36.97,17.72,18.15,19.01,11.9,12.17,3,Pharmaceuticals & Biotechnology,Pharmaceuticals,2025-03-31,2025-11-12
Info Edge (India) Ltd.,NAUKRI,532777,NAUKRI,INE663F01032,Internet & Catalogue Retail,Retailing,930.9,930.9,60361.47,44.8,Export NA,123.91,65.64,29.02,78.39,42.45,0.32,Export NA,6.4,1.62,1.23,8.57,19.94,27.18,20.78,140.98,2.75,10.74,2.98,2.24,6.91,1.72,4,Retailing,Internet & Catalogue Retail,2025-12-31,2026-05-22
InfoBeans Technologies Ltd.,INFOBEAN,543644,INFOBEAN,INE344S01016,IT Consulting & Software,Software & Services,157.32,157.32,1525.37,17.6,Export NA,39.02,33.6,29.47,22.39,21.42,0.14,Export NA,10.02,10.72,3.94,55.62,6.84,6.86,8.94,128.23,20.95,28.07,30.42,17.7,17.17,18.42,7,Software & Services,IT Consulting & Software,2026-03-31,2026-04-28
Infollion Research Services Ltd.,INFOLLION,,INFOLLION,INE0NNZ01013,Misc. Commercial Services,Commercial Services & Supplies,213.65,213.65,207.39,16.31,Export NA,,,,31.83,27.25,,Export NA,2.32,0.82,3.36,2.07,5.75,5.02,13.1,,18.88,13.46,17.32,17.92,6.61,12.13,5,Commercial Services & Supplies,Misc. Commercial Services,2026-03-31,2026-04-16
Infomedia Press Ltd.,INFOMEDIA,509069,INFOMEDIA,INE669A01022,Publishing,Commercial Services & Supplies,5.65,5.65,28.36,-9.45,Export NA,-7.3,-7.12,,31.83,11.36,-0.48,Export NA,2.32,2.31,-0.47,,5.75,2.26,-0.6,19.58,0,13.46,21.92,-30.73,6.61,16.27,2,Commercial Services & Supplies,Publishing,2026-03-31,2026-04-17
Infosys Ltd.,INFY,500209,INFY,INE009A01021,IT Consulting & Software,Software & Services,1140.3,1140.3,462466.77,15.71,Export NA,24.63,25.36,10.93,22.39,21.42,1.54,Export NA,10.02,10.72,4.21,32.6,6.84,6.86,72.59,10.21,31.7,28.07,30.42,18.87,17.17,18.42,7,Software & Services,IT Consulting & Software,2026-03-31,2026-04-23
Ingersoll-Rand (India) Ltd.,INGERRAND,500210,INGERRAND,INE177A01018,Compressors & Pumps,General Industrials,4293.6,4293.6,13554.04,52.36,Export NA,51.17,52.17,89.07,58.9,41.93,-28.41,Export NA,5.74,12.75,18.77,83.95,14.56,9.18,82.01,-1.84,43.9,19.77,25.94,28.7,10.29,15.1,6,General Industrials,Compressors & Pumps,2025-12-31,2026-02-12
Innomet Advanced Materials Ltd.,INNOMET,,INNOMET,INE0S1D01010,Other Non-Ferrous Metals,Metals & Mining,109.65,109.65,141.89,76.07,Export NA,,,,23.8,22.49,,Export NA,1.11,0.62,3.27,,5.3,14.36,1.44,,4.51,19.76,56.36,3.05,9.83,29.99,3,Metals & Mining,Other Non-Ferrous Metals,2025-03-31,2025-11-14
Innova Captab Ltd.,INNOVACAP,544067,INNOVACAP,INE0DUT01020,Pharmaceuticals,Pharmaceuticals & Biotechnology,871.85,871.85,4989.15,35.4,Export NA,39.97,,44.79,42.18,42.23,3.59,Export NA,2.39,2.39,4.69,30.94,7.57,7.72,24.63,9.87,12.91,17.72,18.15,7.66,11.9,12.17,5,Pharmaceuticals & Biotechnology,Pharmaceuticals,2026-03-31,2026-05-07
Innovana Thinklabs Ltd.,INNOVANA,544302,INNOVANA,INE403Y01018,IT Software Products,Software & Services,375.5,375.5,775.78,16.59,Export NA,21.84,16.65,8.68,22.39,42.73,1.33,Export NA,10.02,3.5,2.89,15.01,6.84,6.05,22.64,12.47,21.48,28.07,12.16,15.86,17.17,7.28,4,Software & Services,IT Software Products,2025-12-31,2026-02-13
Innovative Tyres & Tubes Ltd.,ITTL,,ITTL,INE070Y01023,Auto Tyres & Rubber Products,Automobiles & Auto Components,90,90,90,-5.62,Export NA,10.33,10.33,,32.11,25.9,,Export NA,5.07,0.9,-3.82,,6.96,2.87,-16.02,,0,19.05,10.97,-29.04,9.43,6.34,1,Automobiles & Auto Components,Auto Tyres & Rubber Products,2025-03-31,2025-07-26
Innovision Ltd.,INNOVISION,544732,INNOVISION,INE0ADB01012,Misc. Commercial Services,Commercial Services & Supplies,313.1,313.1,745.59,,Export NA,,,,31.83,27.25,,Export NA,2.32,0.82,6.95,,5.75,5.02,,,35.82,13.46,17.32,13.31,6.61,12.13,5,Commercial Services & Supplies,Misc. Commercial Services,2025-12-31,2026-04-13
Inox Green Energy Services Ltd.,INOXGREEN,543667,INOXGREEN,INE510W01014,Green & Renewable Energy,Utilities,178.69,178.69,7174.26,89.47,Export NA,78.79,78.79,8.6,24.91,30.52,0.71,Export NA,27.85,5.83,3.72,71.33,5.52,10.28,2,125.57,1,14.21,10.31,0.79,5.38,3.49,5,Utilities,Green & Renewable Energy,2025-12-31,2026-02-13
Inox India Ltd.,INOXINDIA,544046,INOXINDIA,INE616N01034,Other Industrial Products,General Industrials,1411.4,1411.4,12810.36,51.62,Export NA,,,60.17,58.9,44.01,2.42,Export NA,5.74,4.34,12.31,23.56,14.56,20.86,27.34,21.3,25.87,19.77,22.24,13.65,10.29,12.05,5,General Industrials,Other Industrial Products,2025-12-31,2026-05-12
Inox Wind Ltd.,INOXWIND,539083,INOXWIND,INE066P01011,Heavy Electrical Equipment,General Industrials,95.35,95.35,16478.75,32.52,Export NA,52.09,52.09,61.57,58.9,71.23,0.5,Export NA,5.74,3.65,2.48,60.6,14.56,15.26,2.93,64.6,10.45,19.77,17.01,5.09,10.29,8.7,6,General Industrials,Heavy Electrical Equipment,2025-12-31,2026-02-13
Insecticides (India) Ltd.,INSECTICID,532851,INSECTICID,INE070I01018,Agrochemicals,Chemicals & Petrochemicals,701.15,701.15,2040.19,14.41,Export NA,17.58,18.89,54.93,42.23,30.4,3.28,Export NA,3.64,3.17,1.68,31.27,6.18,3.87,48.66,4.39,13.09,13.61,11.71,7.48,9.15,7.88,6,Chemicals & Petrochemicals,Agrochemicals,2025-12-31,2026-05-28
Insolation Energy Ltd,,543620,INA,INE0LGX01024,Power - Electric Utilities,Utilities,129.75,129.75,2858.95,16.14,Export NA,,,0.91,24.91,29.95,,Export NA,27.85,1.43,3.87,7.43,5.52,4.23,8.04,,20.47,14.21,16.2,14.89,5.38,5.79,4,Utilities,Power - Electric Utilities,2025-12-31,2026-02-12
Inspire Films Ltd.,INSPIRE,,INSPIRE,INE0NDX01019,Movies & Entertainment,Media,11.45,11.45,15.58,-3.05,Export NA,,,,25.23,33.17,,Export NA,2.2,3.06,0.46,,13.87,25.15,-3.75,,-17.84,20.32,45.72,-10.37,15.35,32.15,1,Media,Movies & Entertainment,2025-03-31,2025-05-29
Inspirisys Solutions Ltd.,INSPIRISYS,532774,INSPIRISYS,INE020G01017,IT Consulting & Software,Software & Services,95.07,95.07,376.64,9.2,Export NA,60.59,60.59,14.52,22.39,21.42,0.32,Export NA,10.02,10.72,4.36,26.49,6.84,6.86,10.33,29.04,40.89,28.07,30.42,11.4,17.17,18.42,6,Software & Services,IT Consulting & Software,2026-03-31,2026-05-08
Integra Essentia Ltd.,ESSENTIA,535958,ESSENTIA,INE418N01035,Other Apparels & Accessories,Textiles Apparels & Accessories,1.67,1.67,178.3,63.02,Export NA,37.63,19.64,85.52,53.79,43.2,-0.91,Export NA,2.24,2.85,1.03,14.59,15.41,13.14,0.03,-69.13,2.26,22.86,20.14,1.73,8.26,9.64,6,Textiles Apparels & Accessories,Other Apparels & Accessories,2025-12-31,2026-01-10
Integrated Personnel Services Ltd.,IPSL,,IPSL,INE02EE01019,Misc. Commercial Services,Commercial Services & Supplies,211,211,181.6,25.68,Export NA,,,58.84,31.83,27.25,,Export NA,2.32,0.82,2.97,44.22,5.75,5.02,8.22,,12.53,13.46,17.32,6.71,6.61,12.13,4,Commercial Services & Supplies,Misc. Commercial Services,2025-03-31,2025-11-14
Integrity Infrabuild Developers Ltd.,INTEGRITY,,INTEGRITY,INE0YSH01017,Roads & Highways,Cement and Construction,154.1,154.1,67.8,24.44,Export NA,,,48.17,35.74,6.99,,Export NA,3.26,0.03,3.41,,4.05,1.13,6.31,,47.22,11.25,24.35,6.37,4.61,8.72,5,Cement and Construction,Roads & Highways,2025-03-31,2025-11-14
Intellect Design Arena Ltd.,INTELLECT,538835,INTELLECT,INE306R01017,IT Software Products,Software & Services,723.55,723.55,10122.07,29.3,Export NA,39.17,34.69,32.13,22.39,42.73,7.7,Export NA,10.02,3.5,3.39,45.59,6.84,6.05,24.69,3.8,10.89,28.07,12.16,7.54,17.17,7.28,6,Software & Services,IT Software Products,2026-03-31,2026-05-08
Intense Technologies Ltd.,INTENTECH,532326,INTENTECH,INE781A01025,IT Consulting & Software,Software & Services,101.11,101.11,238.87,25.25,Export NA,17.15,14.73,90.82,22.39,21.42,-0.59,Export NA,10.02,10.72,1.63,32.67,6.84,6.86,4,-43.03,11.55,28.07,30.42,9.37,17.17,18.42,5,Software & Services,IT Consulting & Software,2025-12-31,2026-01-13
InterGlobe Aviation Ltd.,INDIGO,539448,INDIGO,INE646L01027,Airlines,Transportation,4201.7,4201.7,162461.25,50.58,Export NA,24.56,24.56,74.22,36.05,51.46,-1.07,Export NA,4.72,0.54,17.69,59.37,8.05,17.96,83.07,-47.22,77.47,25.06,76.91,6.26,7.11,6.33,5,Transportation,Airlines,2025-12-31,2026-01-22
Interarch Building Solutions Ltd.,INTERARCH,544232,INTERARCH,INE00M901018,Construction & Engineering,Cement and Construction,2026.2,2026.2,3398.32,24.88,Export NA,,,22.93,35.74,31.41,0.65,Export NA,3.26,5.1,4.06,9.22,4.05,4.95,81.45,38.2,14.35,11.25,12.93,9.67,4.61,4.29,5,Cement and Construction,Construction & Engineering,2025-12-31,2026-05-13
Interiors & More Ltd.,INM,,INM,INE0OPC01015,Household Products,Consumer Durables,170,170,237.84,19.87,Export NA,,,,49.58,22.2,,Export NA,1.45,0.4,3.38,19.07,9.42,4.27,8.56,,17.81,20.69,21,11.15,10.95,9.27,3,Consumer Durables,Household Products,2025-03-31,2025-11-12
International Conveyors Ltd.,INTLCONV,509709,INTLCONV,INE575C01027,Other Industrial Products,General Industrials,81.14,81.14,517.52,6.68,Export NA,7.15,13.72,20.09,58.9,44.01,-0.77,Export NA,5.74,4.34,1.23,11.37,14.56,20.86,12.14,-8.65,25.34,19.77,22.24,18.05,10.29,12.05,6,General Industrials,Other Industrial Products,2025-12-31,2026-02-13
International Gemological Institute Ltd.,IGIL,544311,IGIL,INE0Q9301021,Misc. Commercial Services,Commercial Services & Supplies,330.75,330.75,14293.68,26.89,Export NA,,,15.5,31.83,27.25,1.29,Export NA,2.32,0.82,10.14,24.85,5.75,5.02,12.3,20.86,37.7,13.46,17.32,30.28,6.61,12.13,6,Commercial Services & Supplies,Misc. Commercial Services,2025-12-31,2026-01-27
Intrasoft Technologies Ltd.,ISFT,533181,ISFT,INE566K01011,Internet & Catalogue Retail,Retailing,77.98,77.98,127.2,10.19,Export NA,16.96,19.78,2.63,78.39,42.45,-6.07,Export NA,6.4,1.62,0.51,3.24,19.94,27.18,7.65,-1.68,5.55,10.74,2.98,4.48,6.91,1.72,7,Retailing,Internet & Catalogue Retail,2025-12-31,2026-02-12
Inventure Growth & Securities Ltd.,INVENTURE,533506,INVENTURE,INE878H01024,Capital Markets,Banking and Finance,0.98,0.98,102.9,26.75,Export NA,38.08,30.19,58.53,22.6,49.83,0.52,Export NA,2.78,1.85,0.36,7.72,6.23,18.07,0.04,51.57,1.39,16.76,28.37,1.02,4.85,12.93,6,Banking and Finance,Capital Markets,2026-03-31,2026-05-07
Inventurus Knowledge Solutions Ltd.,IKS,544309,IKS,INE115Q01022,Healthcare Services,Healthcare,1654.4,1654.4,28385.07,42.79,Export NA,,,15.16,64.81,49.79,0.66,Export NA,6.11,5.33,11.7,,9.5,10.34,38.67,65.09,27.15,14.74,19.47,15.92,8.39,13.06,6,Healthcare,Healthcare Services,2025-12-31,2026-05-13
Invesco India Gold Exchange Traded Fund - Open Ended,IVZINGOLD,533172,IVZINGOLD,INF205KA1BP1,Others,Others,131,131,,,Export NA,,,,,,,Export NA,,,,,,,,,,,,,,,,Others,Others,,
Invesco India Nifty Exchange Traded Fund,IVZINNIFTY,,IVZINNIFTY,INF205K01DA9,Others,Others,2674.06,2674.06,,,Export NA,,,,,,,Export NA,,,,,,,,,,,,,,,,Others,Others,,
Investment & Precision Castings Ltd.,,504786,INVPRECQ,INE155E01016,Castings & Forgings,General Industrials,624.75,624.75,624.75,63.19,Export NA,65.73,240.88,59.05,58.9,64.29,0.61,Export NA,5.74,4.12,6.33,100,14.56,7.72,9.89,103.53,6.63,19.77,12.53,2.96,10.29,7.9,6,General Industrials,Castings & Forgings,2025-12-31,2026-05-19
Invicta Diagnostic Ltd.,INVICTA,,INVICTA,INE0XJ501010,Healthcare Services,Healthcare,86.1,86.1,108.24,23.26,Export NA,,,100,64.81,49.79,,Export NA,6.11,5.33,4.01,100,9.5,10.34,3.7,,27.64,14.74,19.47,21.89,8.39,13.06,6,Healthcare,Healthcare Services,2025-03-31,
Ion Exchange (India) Ltd.,IONEXCHANG,500214,IONEXCHANG,INE570A01022,Utilities:Non-Electrical,Utilities,393.1,393.1,5765.46,31.7,Export NA,37.4,33.08,72.43,24.91,15.47,-1.95,Export NA,27.85,426.35,4.39,59.11,5.52,5.02,12.4,-16.28,17.2,14.21,14.06,6.95,5.38,8.44,3,Utilities,Utilities:Non-Electrical,2025-12-31,2026-01-29
Ipca Laboratories Ltd.,IPCALAB,524494,IPCALAB,INE571A01038,Pharmaceuticals,Pharmaceuticals & Biotechnology,1509.1,1509.1,38286.5,42.08,Export NA,56.83,47.84,59.51,42.18,42.23,1.7,Export NA,2.39,2.39,4.91,70.23,7.57,7.72,35.86,24.73,10.61,17.72,18.15,6.27,11.9,12.17,9,Pharmaceuticals & Biotechnology,Pharmaceuticals,2025-12-31,2026-05-29
Ircon International Ltd.,IRCON,541956,IRCON,INE962Y01021,Construction & Engineering,Cement and Construction,143.96,143.96,13539.66,22.03,Export NA,22.33,17.44,78.83,35.74,31.41,-1.15,Export NA,3.26,5.1,2.07,66.05,4.05,4.95,6.54,-19.08,11.49,11.25,12.93,3.72,4.61,4.29,3,Cement and Construction,Construction & Engineering,2025-12-31,2026-02-11
Ishan Dyes and Chemicals Ltd.,ISHANCH,531109,ISHANCH,INE561M01018,Specialty Chemicals,Chemicals & Petrochemicals,64.33,64.33,175.65,-18.04,Export NA,704.42,280.44,,42.23,47.85,0.07,Export NA,3.64,2.93,1.29,47.53,6.18,7.62,-3.57,-264.15,1.05,13.61,14.82,0.48,9.15,10.12,5,Chemicals & Petrochemicals,Specialty Chemicals,2025-12-31,2026-05-28
Ishan International Ltd.,ISHAN,,ISHAN,INE0LCW01025,Industrial Machinery,General Industrials,0.7,0.7,15.14,70.49,Export NA,,,33.04,58.9,58.76,,Export NA,5.74,4.45,0.67,,14.56,20.55,0.01,,0.95,19.77,24.18,0.3,10.29,13.59,4,General Industrials,Industrial Machinery,2025-03-31,2025-11-14
Italian Edibles Ltd.,ITALIANE,,ITALIANE,INE0R7R01018,Packaged Foods,FMCG,38.8,38.8,57.34,18.82,Export NA,,,90.83,49.72,67.64,,Export NA,14.09,6.77,1.23,56.33,20.61,37.36,2.06,,6.94,37.93,51.25,3.83,19.27,22.23,2,FMCG,Packaged Foods,2025-03-31,2025-11-13
Ivalue Infosolutions Ltd.,IVALUE,544523,IVALUE,INE056801025,IT Consulting & Software,Software & Services,232.55,232.55,1270.43,13.57,Export NA,,,78.95,22.39,21.42,,Export NA,10.02,10.72,2.44,54.61,6.84,6.86,17.14,,18.5,28.07,30.42,7.36,17.17,18.42,6,Software & Services,IT Consulting & Software,2025-12-31,2026-02-04
Iware Supplychain Services Ltd.,IWARE,,IWARE,INE1AII01014,Warehousing & Logistics,Transportation,362.95,362.95,388.94,48.5,Export NA,,,100,36.05,32.42,,Export NA,4.72,1.7,8.26,100,8.05,4.18,7.48,,49.54,25.06,8.62,14.08,7.11,5.64,6,Transportation,Warehousing & Logistics,2025-03-31,2025-10-27
J B Chemicals & Pharmaceuticals Ltd.,JBCHEPHARM,506943,JBCHEPHARM,INE572A01036,Pharmaceuticals,Pharmaceuticals & Biotechnology,2135.3,2135.3,34284.1,48.32,Export NA,47.68,46.85,85.88,42.18,42.23,6.39,Export NA,2.39,2.39,8.56,90.03,7.57,7.72,44.19,7.56,17.05,17.72,18.15,14.27,11.9,12.17,5,Pharmaceuticals & Biotechnology,Pharmaceuticals,2026-03-31,2026-05-11
J G Chemicals Ltd.,JGCHEM,544138,JGCHEM,INE0MB501011,Specialty Chemicals,Chemicals & Petrochemicals,387.95,387.95,1520.22,24.13,Export NA,,,36.96,42.23,47.85,11.86,Export NA,3.64,2.93,2.97,25.14,6.18,7.62,16.08,2.03,13.77,13.61,14.82,12.85,9.15,10.12,6,Chemicals & Petrochemicals,Specialty Chemicals,2025-12-31,2026-05-14
J Kumar Infraprojects Ltd.,JKIL,532940,JKIL,INE576I01022,Construction & Engineering,Cement and Construction,497.35,497.35,3763.22,9.62,Export NA,11.95,10.95,6.74,35.74,31.41,2.97,Export NA,3.26,5.1,1.16,33.95,4.05,4.95,51.69,3.24,13,11.25,12.93,6.9,4.61,4.29,4,Cement and Construction,Construction & Engineering,2025-12-31,2026-05-19
JBM Auto Ltd.,JBMA,532605,JBMA,INE927D01051,Auto Parts & Equipment,Automobiles & Auto Components,657.05,657.05,15538.86,71.03,Export NA,92.53,87.75,79.72,32.11,41.7,8.5,Export NA,5.07,3.31,10.52,79.41,6.96,6.81,9.25,8.36,14.22,19.05,15.01,2.96,9.43,7.82,4,Automobiles & Auto Components,Auto Parts & Equipment,2026-03-31,2026-05-11
JFL Life Sciences Ltd.,JFLLIFE,,JFLLIFE,INE0LA901015,Pharmaceuticals,Pharmaceuticals & Biotechnology,9.2,9.2,60.71,14.6,Export NA,,,52.06,42.18,42.23,-0.88,Export NA,2.39,2.39,0.79,18.58,7.57,7.72,0.63,-16.62,10.54,17.72,18.15,5.78,11.9,12.17,5,Pharmaceuticals & Biotechnology,Pharmaceuticals,2025-12-31,2026-01-29
JHS Svendgaard Laboratories Ltd.,JHS,532771,JHS,INE544H01014,Personal Products,FMCG,8.7,8.7,74.48,-14.02,Export NA,,,,49.72,42.44,-0.23,Export NA,14.09,18.07,0.43,13.18,20.61,13.33,-0.62,60.75,-11.43,37.93,33.56,-9.81,19.27,18.98,3,FMCG,Personal Products,2025-12-31,2026-02-10
JHS Svendgaard Retail Ventures Ltd.,RETAIL,544197,RETAIL,INE03DD01011,Specialty Retail,Retailing,19.49,19.49,15.99,101.53,Export NA,,,50.89,78.39,54.96,0.41,Export NA,6.4,18.36,1.07,21.98,19.94,7.79,0.19,250.57,0.67,10.74,13.46,0.44,6.91,6.43,1,Retailing,Specialty Retail,2025-12-31,2026-02-13
JITF Infralogistics Ltd.,JITFINFRA,540311,JITFINFRA,INE863T01013,Utilities:Non-Electrical,Utilities,315.95,315.95,812.11,-30.85,Export NA,0.24,0.09,,24.91,15.47,0.25,Export NA,27.85,426.35,-1.56,,5.52,5.02,-10.24,-122.99,-10.25,14.21,14.06,1.23,5.38,8.44,6,Utilities,Utilities:Non-Electrical,2025-12-31,2026-05-12
JK Cement Ltd.,JKCEMENT,532644,JKCEMENT,INE823G01014,Cement & Cement Products,Cement and Construction,5377.5,5377.5,41551.03,40.74,Export NA,47.82,47.18,55.17,35.74,39.23,0.98,Export NA,3.26,1.71,6.24,73.8,4.05,3.41,132,41.65,14.14,11.25,8.66,5.16,4.61,4.59,6,Cement and Construction,Cement & Cement Products,2025-12-31,2026-01-17
JK Lakshmi Cement Ltd.,JKLAKSHMI,500380,JKLAKSHMI,INE786A01032,Cement & Cement Products,Cement and Construction,651.85,651.85,8092.35,17.16,Export NA,27.5,24.38,34.28,35.74,39.23,0.24,Export NA,3.26,1.71,2.15,9.35,4.05,3.41,37.98,72.9,7.79,11.25,8.66,3.27,4.61,4.59,4,Cement and Construction,Cement & Cement Products,2025-12-31,2026-02-03
JK Paper Ltd.,JKPAPER,532162,JKPAPER,INE789E01012,Paper & Paper Products,Commercial Services & Supplies,391.1,391.1,7091.38,27.32,Export NA,11.62,10.39,97.67,31.83,22.88,-0.48,Export NA,2.32,0.52,1.29,56.45,5.75,4.07,14.32,-57.39,7.66,13.46,8.09,4.29,6.61,4.93,5,Commercial Services & Supplies,Paper & Paper Products,2025-12-31,2026-05-18
JK Tyre & Industries Ltd.,JKTYRE,530007,JKTYRE,INE573A01042,Auto Tyres & Rubber Products,Automobiles & Auto Components,384.15,384.15,11074.64,16.01,Export NA,19.09,23.08,67.5,32.11,25.9,0.73,Export NA,5.07,0.9,2.03,81.46,6.96,2.87,23.99,21.89,10.2,19.05,10.97,3.4,9.43,6.34,5,Automobiles & Auto Components,Auto Tyres & Rubber Products,2025-12-31,2026-02-06
JM Financial Ltd.,JMFINANCIL,523405,JMFINANCIL,INE780C01023,Holding Companies,Diversified,135.72,135.72,12981.16,10.42,Export NA,20.87,15.95,24.21,24.34,28.32,0.05,Export NA,1.86,1.91,1.22,59.44,2.7,2.66,13.03,225.28,8.44,11.19,11.42,3.35,3.16,3.21,8,Diversified,Holding Companies,2025-12-31,2026-05-29
JNK India Ltd.,JNKINDIA,544167,JNKINDIA,INE0OAF01028,Other Industrial Products,General Industrials,351.65,351.65,1967.62,43.18,Export NA,,,16.5,58.9,44.01,1.21,Export NA,5.74,4.34,3.67,37.38,14.56,20.86,8.14,35.55,5.98,19.77,22.24,3.82,10.29,12.05,3,General Industrials,Other Industrial Products,2025-12-31,2026-02-09
JSW Cement Ltd.,JSWCEMENT,544480,JSWCEMENT,INE718I01012,Cement & Cement Products,Cement and Construction,121.41,121.41,16552.61,-15.14,Export NA,,,,35.74,39.23,,Export NA,3.26,1.71,2.67,,4.05,3.41,-8.02,,-4.84,11.25,8.66,-0.95,4.61,4.59,1,Cement and Construction,Cement & Cement Products,2025-12-31,2026-05-18
JSW Dulux Ltd.,JSWDULUX,500710,JSWDULUX,INE133A01011,Paints,Consumer Durables,2922.8,2922.8,13310.52,6.8,Export NA,34.92,34.24,1.86,49.58,57.72,0.02,Export NA,1.45,1.85,5.71,16.39,9.42,10.53,429.62,355.21,32.31,20.69,18.85,14.79,10.95,12.01,7,Consumer Durables,Paints,2025-12-31,2026-05-13
JSW Energy Ltd.,JSWENERGY,533148,JSWENERGY,INE121E01018,Power - Electric Utilities,Utilities,517.95,517.95,91018.95,40.65,Export NA,54.93,45.94,64.31,24.91,29.95,2.75,Export NA,27.85,1.43,3.07,71.76,5.52,4.23,12.74,14.78,7.28,14.21,16.2,1.8,5.38,5.79,5,Utilities,Power - Electric Utilities,2026-03-31,2026-05-11
JSW Holdings Ltd.,JSWHL,532642,JSWHL,INE824G01012,Holding Companies,Diversified,12339,12339,13695.8,95.89,Export NA,94.42,59.42,79.65,24.34,28.32,-2.75,Export NA,1.86,1.91,0.41,60.94,2.7,2.66,128.68,-34.9,0.62,11.19,11.42,0.55,3.16,3.21,5,Diversified,Holding Companies,2025-12-31,2026-01-29
JSW Infrastructure Ltd.,JSWINFRA,543994,JSWINFRA,INE880J01026,Marine Port & Services,Transportation,272.05,272.05,57130.54,37.5,Export NA,46.74,,19.84,36.05,34.26,27.87,Export NA,4.72,5.55,5.4,1.86,8.05,5.76,7.25,1.35,14,25.06,13.38,7.48,7.11,6.85,3,Transportation,Marine Port & Services,2026-03-31,2026-05-08
JSW Steel Ltd.,JSWSTEEL,500228,JSWSTEEL,INE019A01038,Iron & Steel/Interm.Products,Metals & Mining,1252.3,1252.3,306244.2,41.11,Export NA,53.12,40.38,75.25,23.8,32.33,0.33,Export NA,1.11,0.78,3.59,65.31,5.3,3.24,30.46,125.73,4.4,19.76,6.78,1.45,9.83,3.42,5,Metals & Mining,Iron & Steel/Interm.Products,2025-12-31,2026-05-14
JTEKT India Ltd.,JTEKTINDIA,520057,JTEKTINDIA,INE643A01035,Auto Parts & Equipment,Automobiles & Auto Components,135.59,135.59,3761.22,50.8,Export NA,48.44,52.32,58.32,32.11,41.7,-3.97,Export NA,5.07,3.31,3.25,10.11,6.96,6.81,2.67,-12.8,8.55,19.05,15.01,5.14,9.43,7.82,3,Automobiles & Auto Components,Auto Parts & Equipment,2025-12-31,2026-05-14
JTL Industries Ltd.,JTLIND,534600,JTLIND,INE391J01032,Iron & Steel Products,Metals & Mining,74.78,74.78,2939.46,29.85,Export NA,31.39,29.21,32.96,23.8,30.63,-84.72,Export NA,1.11,1.79,2.3,20.14,5.3,6.46,2.51,-0.35,6.62,19.76,18.83,4.93,9.83,10.86,3,Metals & Mining,Iron & Steel Products,2026-03-31,2026-05-11
Jagran Prakashan Ltd.,JAGRAN,532705,JAGRAN,INE199G01027,Publishing,Commercial Services & Supplies,65.75,65.75,1431.08,8.72,Export NA,11.1,9.77,23.42,31.83,11.36,-2.72,Export NA,2.32,2.31,0.72,11.88,5.75,2.26,7.54,-3.2,6.75,13.46,21.92,4.78,6.61,16.27,7,Commercial Services & Supplies,Publishing,2025-12-31,2026-02-12
Jagsonpal Pharmaceuticals Ltd.,JAGSNPHARM,507789,JAGSNPHARM,INE048B01035,Pharmaceuticals,Pharmaceuticals & Biotechnology,212.29,212.29,1425.3,33.08,Export NA,40.42,42.23,63.91,42.18,42.23,-1.49,Export NA,2.39,2.39,5.4,74.12,7.57,7.72,6.42,-22.18,15.59,17.72,18.15,13.6,11.9,12.17,5,Pharmaceuticals & Biotechnology,Pharmaceuticals,2026-03-31,2026-04-27
Jai Balaji Industries Ltd.,JAIBALAJI,532976,JAIBALAJI,INE091G01026,Iron & Steel/Interm.Products,Metals & Mining,82.98,82.98,7569.86,41.13,Export NA,16.83,21.32,98.81,23.8,32.33,-0.54,Export NA,1.11,0.78,3.39,44.78,5.3,3.24,2.02,-75.63,26.25,19.76,6.78,14.33,9.83,3.42,5,Metals & Mining,Iron & Steel/Interm.Products,2025-12-31,2026-02-12
Jai Corp Ltd.,JAICORPLTD,512237,JAICORPLTD,INE070D01027,Plastic Products,General Industrials,111.83,111.83,1962.67,11.43,Export NA,63.19,64.3,2.57,58.9,35.79,0.07,Export NA,5.74,3.64,1.33,29.02,14.56,7.73,9.79,157.46,5.68,19.77,14.6,4.53,10.29,10.46,6,General Industrials,Plastic Products,2025-12-31,2026-05-30
Jain Irrigation Systems Ltd.,JISLJALEQS,500219,JISLJALEQS,INE175A01038,Plastic Products,General Industrials,32.3,32.3,2308.19,141.52,Export NA,102.55,55.63,92.71,58.9,35.79,0.29,Export NA,5.74,3.64,0.4,17.34,14.56,7.73,0.23,492.07,0.59,19.77,14.6,0.29,10.29,10.46,5,General Industrials,Plastic Products,2025-12-31,2026-05-15
Jain Resource Recycling Ltd.,JAINREC,544537,JAINREC,INE0YD401026,Other Non-Ferrous Metals,Metals & Mining,541.8,541.8,18696.75,54.97,Export NA,,,96.67,23.8,22.49,,Export NA,1.11,0.62,12.52,,5.3,14.36,9.86,,30.89,19.76,56.36,12.21,9.83,29.99,2,Metals & Mining,Other Non-Ferrous Metals,2025-12-31,2026-02-09
Jainam Ferro Alloys (I) Ltd.,JAINAM,,JAINAM,INE02KC01010,Other Non-Ferrous Metals,Metals & Mining,286,286,334.94,33.48,Export NA,17.44,,99.12,23.8,22.49,,Export NA,1.11,0.62,2.2,86.28,5.3,14.36,8.54,,7.54,19.76,56.36,5.56,9.83,29.99,3,Metals & Mining,Other Non-Ferrous Metals,2025-03-31,2025-11-13
Jainik Power Cables Ltd.,JAINIK,,JAINIK,INE0XIL01012,Aluminium and Aluminium Products,Metals & Mining,144.3,144.3,207.04,22.42,Export NA,,,100,23.8,12.17,,Export NA,1.11,0.85,2.68,5.56,5.3,2.67,6.44,,37.55,19.76,21.32,12.97,9.83,9.07,3,Metals & Mining,Aluminium and Aluminium Products,2025-03-31,2025-11-14
Jaiprakash Power Ventures Ltd.,JPPOWER,532627,JPPOWER,INE351F01018,Green & Renewable Energy,Utilities,17.52,17.52,12007.26,26.65,Export NA,13.9,50.89,72.31,24.91,30.52,-0.6,Export NA,27.85,5.83,0.94,76.78,5.52,10.28,0.66,-44.61,3.53,14.21,10.31,2.5,5.38,3.49,6,Utilities,Green & Renewable Energy,2026-03-31,2026-05-04
Jalan Transolutions (India) Ltd.,JALAN,,JALAN,INE349X01015,Surface Transportation,Transportation,1.7,1.7,2.47,-1.32,Export NA,1.78,1.78,,36.05,15.85,,Export NA,4.72,1.33,-0.06,,8.05,4.1,-1.29,,0,25.06,17.94,-362.49,7.11,13.67,1,Transportation,Surface Transportation,2025-03-31,2025-11-08
Jammu & Kashmir Bank Ltd.,J&KBANK,532209,J&KBANK,INE168A01041,Banks,Banking and Finance,130.05,130.05,14320.88,6.07,Export NA,6.14,7.43,62.72,22.6,13.77,0.45,Export NA,2.78,1.95,0.92,81.63,6.23,1.84,21.43,13.34,14.3,16.76,13.01,1.24,4.85,1.37,3,Banking and Finance,Banks,2026-03-31,2026-05-05
Jamna Auto Industries Ltd.,JAMNAAUTO,520051,JAMNAAUTO,INE039C01032,Auto Parts & Equipment,Automobiles & Auto Components,120,120,4787.76,24.68,Export NA,22.78,25.76,61.45,32.11,41.7,4.93,Export NA,5.07,3.31,4.38,41.52,6.96,6.81,4.86,5.01,18.15,19.05,15.01,11.82,9.43,7.82,5,Automobiles & Auto Components,Auto Parts & Equipment,2025-12-31,2026-02-13
Jana Small Finance Bank Ltd.,JSFB,544118,JSFB,INE953L01027,Microfinance Institutions,Banking and Finance,461.95,461.95,4865.47,14.91,Export NA,9.04,,98.73,22.6,26.38,-0.43,Export NA,2.78,0.95,1.13,20.25,6.23,3.09,30.99,-34.9,7.3,16.76,10.44,0.68,4.85,1.32,3,Banking and Finance,Microfinance Institutions,2026-03-31,2026-04-29
Jaro Institute of Technology Management and Research Ltd.,JARO,544534,JARO,INE00YJ01010,Education,Diversified Consumer Services,409.55,409.55,912.08,17.24,Export NA,,,2.01,33.62,20.12,7.12,Export NA,3.59,2.38,2.46,1.34,10.95,20.81,23.76,2.42,14.68,22.55,17.9,12.34,11.12,11.62,5,Diversified Consumer Services,Education,2026-03-31,2026-05-07
Jash Engineering Ltd.,JASH,544402,JASH,INE039O01029,Iron & Steel Products,Metals & Mining,410.1,410.1,2591.57,46.59,Export NA,40.47,36.09,98.83,23.8,30.63,-1.21,Export NA,1.11,1.79,5.69,64.53,5.3,6.46,8.8,-38.55,20.25,19.76,18.83,11.72,9.83,10.86,6,Metals & Mining,Iron & Steel Products,2025-12-31,2026-02-13
Jay Bee Laminations Ltd.,JAYBEE,,JAYBEE,INE0SMY01017,Heavy Electrical Equipment,General Industrials,81.3,81.3,183.47,7.23,Export NA,,,,58.9,71.23,,Export NA,5.74,3.65,1.21,46.37,14.56,15.26,11.25,,17.19,19.77,17.01,11.09,10.29,8.7,3,General Industrials,Heavy Electrical Equipment,2025-03-31,2025-10-31
Jay Bharat Maruti Ltd.,JAYBARMARU,520066,JAYBARMARU,INE571B01036,Auto Parts & Equipment,Automobiles & Auto Components,87.39,87.39,946,11.73,Export NA,30.28,28.85,10.6,32.11,41.7,0.05,Export NA,5.07,3.31,1.53,66.86,6.96,6.81,7.45,242.02,5.84,19.05,15.01,1.96,9.43,7.82,5,Automobiles & Auto Components,Auto Parts & Equipment,2025-12-31,2026-02-06
Jay Jalaram Technologies Ltd.,KORE,,KORE,INE0J6801010,Specialty Retail,Retailing,146.95,146.95,178.18,28.48,Export NA,,,32.75,78.39,54.96,,Export NA,6.4,18.36,2.59,27.95,19.94,7.79,5.16,,9.48,10.74,13.46,3.35,6.91,6.43,4,Retailing,Specialty Retail,2025-03-31,2025-11-13
Jay Shree Tea & Industries Ltd.,JAYSREETEA,509715,JAYSREETEA,INE364A01020,Tea & Coffee,"Food, Beverages & Tobacco",90.18,90.18,260.42,6.42,Export NA,14.17,13.07,33.41,28.35,34.78,-0.13,Export NA,1.73,3.66,0.61,35.92,8.04,6.07,14.05,-49.31,30.18,26.28,8.14,12.77,19.55,5.04,5,"Food, Beverages & Tobacco",Tea & Coffee,2025-12-31,2026-05-19
Jayant Agro Organics Ltd.,JAYAGROGN,524330,JAYAGROGN,INE785A01026,Edible Oils,FMCG,208.15,208.15,624.45,14.13,Export NA,13.88,12,63.78,49.72,28.58,-0.53,Export NA,14.09,1.07,1.05,29.82,20.61,3.55,14.73,-26.7,9.51,37.93,10.93,6.31,19.27,6.19,8,FMCG,Edible Oils,2025-12-31,2026-02-06
Jayaswal Neco Industries Ltd.,JAYNECOIND,522285,JAYNECOIND,INE854B01010,Iron & Steel/Interm.Products,Metals & Mining,103.6,103.6,10059.54,21.72,Export NA,35.71,1565.01,53.09,23.8,32.33,0.07,Export NA,1.11,0.78,3.8,99.54,5.3,3.24,4.77,311,16.29,19.76,6.78,7.75,9.83,3.42,8,Metals & Mining,Iron & Steel/Interm.Products,2026-03-31,2026-04-24
Jayesh Logistics Ltd.,JAYESH,,JAYESH,INE1AE401014,Warehousing & Logistics,Transportation,168.2,168.2,146.19,20.31,Export NA,,,100,36.05,32.42,,Export NA,4.72,1.7,5.98,72.44,8.05,4.18,8.28,,41.52,25.06,8.62,12.22,7.11,5.64,5,Transportation,Warehousing & Logistics,2025-09-30,2025-11-17
Jaykay Enterprises Ltd.,JAYKAY,500306,JAYKAY,INE903A01025,Aerospace & Defence,General Industrials,161.24,161.24,1973.08,61.86,Export NA,211.89,138.76,64.24,58.9,50.58,0.57,Export NA,5.74,8.98,4.08,83.43,14.56,11.27,2.61,108.14,1.52,19.77,23.04,1.15,10.29,9.53,4,General Industrials,Aerospace & Defence,2025-12-31,2026-02-13
Jeena Sikho Lifecare Ltd.,JSLL,544476,JSLL,INE0J5801029,Pharmaceuticals,Pharmaceuticals & Biotechnology,738.05,738.05,9174.01,44.93,Export NA,,,37.36,42.18,42.23,,Export NA,2.39,2.39,21.82,86.7,7.57,7.72,16.43,,33.23,17.72,18.15,27.63,11.9,12.17,4,Pharmaceuticals & Biotechnology,Pharmaceuticals,2025-12-31,2026-02-07
Jet Freight Logistics Ltd.,JETFREIGHT,543420,JETFREIGHT,INE982V01025,Warehousing & Logistics,Transportation,19.22,19.22,89.19,21.92,Export NA,175.08,99.3,80.37,36.05,32.42,-0.66,Export NA,4.72,1.7,1.31,75.88,8.05,4.18,0.88,-33.08,5.81,25.06,8.62,2.11,7.11,5.64,6,Transportation,Warehousing & Logistics,2025-12-31,2026-05-13
Jeyyam Global Foods Ltd.,JEYYAM,,JEYYAM,INE0RXB01022,Other Agricultural Products,"Food, Beverages & Tobacco",32.65,32.65,155.08,7.02,Export NA,,,,28.35,21.91,,Export NA,1.73,1.77,0.87,,8.04,3.56,4.65,,13.19,26.28,16.12,8.67,19.55,8.43,5,"Food, Beverages & Tobacco",Other Agricultural Products,2025-03-31,2025-11-12
Jindal Drilling & Industries Ltd.,JINDRILL,511034,JINDRILL,INE742C01031,Exploration & Production,Oil & Gas,571.8,571.8,1657.14,7,Export NA,23.66,18.88,24.4,18.34,10.05,0.08,Export NA,1.36,31.57,0.94,77.12,1.85,1.06,81.73,83.21,13.59,10.19,11.02,7.63,4.37,5.08,8,Oil & Gas,Exploration & Production,2025-12-31,2026-05-22
Jindal Photo Ltd.,JINDALPHOT,532624,JINDALPHOT,INE796G01012,Photographic Products,General Industrials,1041.6,1041.6,1068.5,88.31,Export NA,4.08,2.95,90.7,58.9,87.68,-0.92,Export NA,5.74,0.03,1.01,61.13,14.56,0.98,11.8,-95.87,23.33,19.77,18.66,21.55,10.29,17.28,5,General Industrials,Photographic Products,2025-12-31,2026-02-13
Jindal Poly Films Ltd.,JINDALPOLY,500227,JINDALPOLY,INE197D01010,Containers & Packaging,Commercial Services & Supplies,711.65,711.65,3116.06,-12.37,Export NA,34.34,20.52,,31.83,23.27,0.06,Export NA,2.32,5.49,0.78,64.46,5.75,2.74,-57.54,-193.34,2.72,13.46,10.99,1,6.61,7.3,7,Commercial Services & Supplies,Containers & Packaging,2025-12-31,2026-02-13
Jindal Poly Investment & Finance Company Ltd.,JPOLYINVST,536773,JPOLYINVST,INE147P01019,Other Financial Services,Banking and Finance,1049.9,1049.9,1103.64,1.24,Export NA,3.13,12.56,26.14,22.6,36.93,0.01,Export NA,2.78,3.57,0.45,89.05,6.23,99.98,845.71,171.3,19.4,16.76,19.97,18.86,4.85,11.89,7,Banking and Finance,Other Financial Services,2025-12-31,2026-02-13
Jindal Saw Ltd.,JINDALSAW,500378,JINDALSAW,INE324A01032,Iron & Steel/Interm.Products,Metals & Mining,229.63,229.63,14685.03,15.09,Export NA,9.55,11.75,92.85,23.8,32.33,-0.34,Export NA,1.11,0.78,1.19,86.45,5.3,3.24,15.22,-44.01,7.74,19.76,6.78,4.48,9.83,3.42,5,Metals & Mining,Iron & Steel/Interm.Products,2026-03-31,2026-04-27
Jindal Stainless Ltd.,JSL,532508,JSL,INE220G01021,Iron & Steel/Interm.Products,Metals & Mining,732.1,732.1,60355.76,18.9,Export NA,22.55,19.33,50.08,23.8,32.33,0.69,Export NA,1.11,0.78,3.19,69.38,5.3,3.24,38.74,27.47,16.13,19.76,6.78,7.84,9.83,3.42,6,Metals & Mining,Iron & Steel/Interm.Products,2026-03-31,2026-05-04
Jindal Steel Ltd.,JINDALSTEL,532286,JINDALSTEL,INE749A01030,Iron & Steel/Interm.Products,Metals & Mining,1214.3,1214.3,123869.3,36.79,Export NA,27.11,20.87,83.04,23.8,32.33,1.86,Export NA,1.11,0.78,2.49,98.33,5.3,3.24,33.01,19.74,6.61,19.76,6.78,3.44,9.83,3.42,5,Metals & Mining,Iron & Steel/Interm.Products,2026-03-31,2026-05-01
Jindal Worldwide Ltd.,JINDWORLD,531543,JINDWORLD,INE247D01039,Textiles,Textiles Apparels & Accessories,29.09,29.09,2916.57,44.39,Export NA,73.21,65.44,40.14,53.79,32.96,-2.56,Export NA,2.24,6.53,3.51,48.07,15.41,3.67,0.66,-17.34,9.6,22.86,11.51,4.22,8.26,7.43,6,Textiles Apparels & Accessories,Textiles,2025-12-31,2026-02-13
Jinkushal Industries Ltd.,JKIPL,544547,JKIPL,INE1FF001016,Misc. Commercial Services,Commercial Services & Supplies,83.1,83.1,318.99,,Export NA,,,,31.83,27.25,,Export NA,2.32,0.82,1.75,100,5.75,5.02,,,21.22,13.46,17.32,10.19,6.61,12.13,2,Commercial Services & Supplies,Misc. Commercial Services,2025-12-31,2026-02-07
Jio Financial Services Ltd.,JIOFIN,543940,JIOFIN,INE758E01017,Finance (including NBFCs),Banking and Finance,230.47,230.47,152182.6,97.5,Export NA,,,16.67,22.6,26.34,-30.42,Export NA,2.78,2.13,1.13,32.2,6.23,3.86,2.36,-3.21,1.16,16.76,13.65,0.95,4.85,6.73,4,Banking and Finance,Finance (including NBFCs),2026-03-31,2026-04-17
Jiwanram Sheoduttrai Industries Ltd.,JIWANRAM,,JIWANRAM,INE0N5H01017,Other Industrial Products,General Industrials,5.85,5.85,14.48,6.34,Export NA,,,,58.9,44.01,,Export NA,5.74,4.34,0.22,,14.56,20.86,0.92,,4.72,19.77,22.24,1.67,10.29,12.05,6,General Industrials,Other Industrial Products,2025-03-31,2025-11-14
Jocil Ltd.,JOCIL,,JOCIL,INE839G01010,Commodity Chemicals,Chemicals & Petrochemicals,132.95,132.95,118.08,19.26,Export NA,114.11,68.51,58.59,42.23,39.75,0.11,Export NA,3.64,7.92,0.56,7.85,6.18,4.79,6.9,171.32,0.49,13.61,12.96,0.35,9.15,8.15,7,Chemicals & Petrochemicals,Commodity Chemicals,2025-12-31,2026-02-03
John Cockerill India Ltd.,,500147,COCKERILL,INE515A01019,Industrial Machinery,General Industrials,5154.25,5154.25,2545.07,246.76,Export NA,91.88,105.33,77.81,58.9,58.76,0.85,Export NA,5.74,4.45,12.11,93.19,14.56,20.55,20.89,291.63,4.9,19.77,24.18,1.5,10.29,13.59,9,General Industrials,Industrial Machinery,2025-12-31,2026-05-18
Jubilant Agri and Consumer Products Ltd.,JUBLCPL,544355,JUBLCPL,INE03CC01015,Other Agricultural Products,"Food, Beverages & Tobacco",1813.8,1813.8,2748.36,22.17,Export NA,,,26.82,28.35,21.91,0.69,Export NA,1.73,1.77,6.3,,8.04,3.56,81.8,32.34,26.96,26.28,16.12,11.94,19.55,8.43,8,"Food, Beverages & Tobacco",Other Agricultural Products,2025-12-31,2026-02-09
Jubilant Foodworks Ltd.,JUBLFOOD,533155,JUBLFOOD,INE797F01020,Restaurants,Hotels Restaurants & Tourism,442.15,442.15,29175.06,73.55,Export NA,145.44,117.8,23.68,44.23,62.18,10.31,Export NA,3.41,5.91,13.03,32.58,8.2,11,6.01,7.14,10.02,12.41,13.17,2.47,7.26,5.68,5,Hotels Restaurants & Tourism,Restaurants,2025-12-31,2026-05-20
Jubilant Ingrevia Ltd.,JUBLINGREA,543271,JUBLINGREA,INE0BY001018,Specialty Chemicals,Chemicals & Petrochemicals,712.15,712.15,11343.2,42.72,Export NA,50.06,35.31,67.18,42.23,47.85,1.49,Export NA,3.64,2.93,3.67,53.19,6.18,7.62,16.67,28.66,8.58,13.61,14.82,4.99,9.15,10.12,7,Chemicals & Petrochemicals,Specialty Chemicals,2025-12-31,2026-05-26
Jubilant Pharmova Ltd.,JUBLPHARMA,530019,JUBLPHARMA,INE700A01033,Pharmaceuticals,Pharmaceuticals & Biotechnology,988.1,988.1,15738.57,36.37,Export NA,101.57,59.63,86.57,42.18,42.23,-1.17,Export NA,2.39,2.39,2.37,56.03,7.57,7.72,27.17,-31.01,13.41,17.72,18.15,6.58,11.9,12.17,8,Pharmaceuticals & Biotechnology,Pharmaceuticals,2025-12-31,2026-05-22
Jullundur Motor Agency (Delhi) Ltd.,JMA,,JMA,INE412C01023,Auto Parts & Equipment,Automobiles & Auto Components,85.42,85.42,195.11,6.5,Export NA,8.27,7.52,52.69,32.11,41.7,0.35,Export NA,5.07,3.31,0.74,26.76,6.96,6.81,13.14,18.74,10.35,19.05,15.01,7.47,9.43,7.82,5,Automobiles & Auto Components,Auto Parts & Equipment,2025-12-31,2026-02-12
Juniper Hotels Ltd.,JUNIPER,544129,JUNIPER,INE696F01016,Hotels,Hotels Restaurants & Tourism,200.14,200.14,4453.16,30.46,Export NA,,,0.82,44.23,40.73,0.23,Export NA,3.41,2.69,1.58,0.37,8.2,7.29,6.57,131.72,2.61,12.41,12.19,1.62,7.26,7.71,7,Hotels Restaurants & Tourism,Hotels,2025-12-31,2026-02-11
Jupiter Life Line Hospitals Ltd.,JLHL,543980,JLHL,INE682M01012,Healthcare Facilities,Healthcare,1234.2,1234.2,8092.16,42.91,Export NA,49.58,,2.6,64.81,71.3,-15.73,Export NA,6.11,6.58,5.42,,9.5,9.54,28.77,-2.73,14.26,14.74,13.76,10.15,8.39,7.2,6,Healthcare,Healthcare Facilities,2025-12-31,2026-05-15
Jupiter Wagons Ltd.,JWL,533272,JWL,INE209L01016,Commercial Vehicles,Automobiles & Auto Components,275.05,275.05,11754.82,47.88,Export NA,49.41,64.28,45.79,32.11,34.76,-1.33,Export NA,5.07,1.94,4.11,29.91,6.96,9.25,5.74,-36.09,13.87,19.05,20.77,9.55,9.43,7.69,3,Automobiles & Auto Components,Commercial Vehicles,2025-12-31,2026-02-11
Just Dial Ltd.,JUSTDIAL,535648,JUSTDIAL,INE599M01018,Internet Software & Services,Software & Services,530.15,530.15,4508.87,9.07,Export NA,17.59,37.04,5.23,22.39,32.02,-0.61,Export NA,10.02,2.7,0.9,0.31,6.84,6.82,58.44,-14.92,9.73,28.07,8.54,8.22,17.17,6.62,6,Software & Services,Internet Software & Services,2026-03-31,2026-04-13
Jyothy Labs Ltd.,JYOTHYLAB,532926,JYOTHYLAB,INE668F01031,Personal Products,FMCG,228.65,228.65,8396.36,25.2,Export NA,37.03,42.1,5.6,49.72,42.44,-2.46,Export NA,14.09,18.07,5.53,19.77,20.61,13.33,9.07,-10.23,20.97,37.93,33.56,14.79,19.27,18.98,5,FMCG,Personal Products,2026-03-31,2026-05-04
Jyoti CNC Automation Ltd.,JYOTICNC,544081,JYOTICNC,INE980O01024,Industrial Machinery,General Industrials,726,726,16510.92,46.59,Export NA,,,1.45,58.9,58.76,2.99,Export NA,5.74,4.45,8.6,,14.56,20.55,15.58,15.56,18.74,19.77,24.18,11.31,10.29,13.59,6,General Industrials,Industrial Machinery,2025-12-31,2026-02-10
Jyoti Global Plast Ltd.,JYOTIGLOBL,,JYOTIGLOBL,INE1M3T01017,Plastic Products,General Industrials,51.3,51.3,101.68,16.72,Export NA,,,96.97,58.9,35.79,,Export NA,5.74,3.64,2.01,,14.56,7.73,3.07,,28.48,19.77,14.6,10.7,10.29,10.46,6,General Industrials,Plastic Products,2025-03-31,2025-11-07
Jyoti Structures Ltd.,JYOTISTRUC,513250,JYOTISTRUC,INE197A01024,Construction & Engineering,Cement and Construction,12.37,12.37,1470.1,26.24,Export NA,9.6,9.6,6.94,35.74,31.41,0.46,Export NA,3.26,5.1,2.8,60.87,4.05,4.95,0.47,57.55,11.8,11.25,12.93,1.91,4.61,4.29,3,Cement and Construction,Construction & Engineering,2026-03-31,2026-04-30
K P Energy Ltd.,KPEL,539686,KPEL,INE127T01021,Power - Electric Utilities,Utilities,359.2,359.2,2428.04,13.38,Export NA,36.02,30.66,24.96,24.91,29.95,0.23,Export NA,27.85,1.43,5.79,61.83,5.52,4.23,26.84,57.3,34.65,14.21,16.2,6.74,5.38,5.79,4,Utilities,Power - Electric Utilities,2026-03-31,2026-05-07
K2 Infragen Ltd.,K2INFRA,,K2INFRA,INE0DEZ01013,Construction & Engineering,Cement and Construction,54.2,54.2,68.39,5.93,Export NA,,,,35.74,31.41,,Export NA,3.26,5.1,0.82,,4.05,4.95,9.15,,15.13,11.25,12.93,6.27,4.61,4.29,2,Cement and Construction,Construction & Engineering,2025-03-31,2025-11-14
KCK Industries Ltd.,KCK,,KCK,INE0J1E01027,Other Agricultural Products,"Food, Beverages & Tobacco",14.45,14.45,91.9,126.13,Export NA,,,92.21,28.35,21.91,,Export NA,1.73,1.77,3.26,70.65,8.04,3.56,0.11,,2.59,26.28,16.12,1.54,19.55,8.43,5,"Food, Beverages & Tobacco",Other Agricultural Products,2025-03-31,2025-11-14
KCP Ltd.,KCP,590066,KCP,INE805C01028,Cement & Cement Products,Cement and Construction,161.21,161.21,2078.34,14.28,Export NA,16.06,18.43,46.11,35.74,39.23,-1.2,Export NA,3.26,1.71,1.25,36.94,4.05,3.41,11.29,-11.86,9.59,11.25,8.66,4.74,4.61,4.59,5,Cement and Construction,Cement & Cement Products,2025-12-31,2026-05-28
KCP Sugar & Industries Corporation Ltd.,KCPSUGIND,533192,KCPSUGIND,INE790B01024,Sugar,"Food, Beverages & Tobacco",25.74,25.74,291.85,71.03,Export NA,15.97,29,92.23,28.35,27.86,-0.78,Export NA,1.73,1.26,0.61,15.74,8.04,2.67,0.36,-91.52,3.19,26.28,9.03,2.32,19.55,4.86,7,"Food, Beverages & Tobacco",Sugar,2025-12-31,2026-02-11
KDDL Ltd.,KDDL,532054,KDDL,INE291D01011,Other Apparels & Accessories,Textiles Apparels & Accessories,2286,2286,2811.62,33.83,Export NA,33.43,37.1,48.3,53.79,43.2,-2.02,Export NA,2.24,2.85,2.59,43.71,15.41,13.14,67.57,-16.78,10.33,22.86,20.14,4.52,8.26,9.64,3,Textiles Apparels & Accessories,Other Apparels & Accessories,2025-12-31,2026-02-11
KEC International Ltd.,KEC,532714,KEC,INE389H01022,Heavy Electrical Equipment,General Industrials,551.7,551.7,14686.25,21.57,Export NA,50.93,56.81,47.22,58.9,71.23,0.43,Export NA,5.74,3.65,2.55,15.02,14.56,15.26,25.58,49.9,10.67,19.77,17.01,2.57,10.29,8.7,7,General Industrials,Heavy Electrical Equipment,2025-12-31,2026-05-16
KEI Industries Ltd.,KEI,517569,KEI,INE878B01027,Wires & Cables,Consumer Durables,4997.1,4997.1,47772.58,52.02,Export NA,60.24,52.51,79.03,49.58,48.28,1.63,Export NA,1.45,1.47,7.44,81.13,9.42,9.83,96.07,31.88,13.78,20.69,19.16,10.25,10.95,11.73,5,Consumer Durables,Wires & Cables,2026-03-31,2026-05-04
KFIN Technologies Ltd.,KFINTECH,543720,KFINTECH,INE138Y01010,Other Financial Services,Banking and Finance,857.35,857.35,14793.33,43.04,Export NA,61.41,,32.09,22.6,36.93,12.91,Export NA,2.78,3.57,9.51,27.16,6.23,99.98,19.92,3.33,20.54,16.76,19.97,12.39,4.85,11.89,4,Banking and Finance,Other Financial Services,2026-03-31,2026-04-29
KHFM Hospitality & Facility Management Services Ltd.,KHFM,,KHFM,INE00UG01014,Misc. Commercial Services,Commercial Services & Supplies,56.75,56.75,131.15,38.12,Export NA,30.41,26.99,31.95,31.83,27.25,,Export NA,2.32,0.82,2.11,6.8,5.75,5.02,1.49,,5.89,13.46,17.32,3.04,6.61,12.13,4,Commercial Services & Supplies,Misc. Commercial Services,2025-03-31,2025-11-13
KIOCL Ltd.,KIOCL,540680,KIOCL,INE880L01014,Iron & Steel/Interm.Products,Metals & Mining,379.6,379.6,23070.23,-313.11,Export NA,,59.88,,23.8,32.33,-4.82,Export NA,1.11,0.78,13.76,93.44,5.3,3.24,-1.21,65.02,-11.95,19.76,6.78,-8.93,9.83,3.42,3,Metals & Mining,Iron & Steel/Interm.Products,2025-12-31,2026-02-12
KKV Agro Powers Ltd.,KKVAPOW,,KKVAPOW,INE239T01016,Green & Renewable Energy,Utilities,613,613,38.23,22.66,Export NA,109.46,,28.02,24.91,30.52,,Export NA,27.85,5.83,1.46,35.8,5.52,10.28,27.05,,7.73,14.21,10.31,3.7,5.38,3.49,5,Utilities,Green & Renewable Energy,2025-03-31,2025-11-14
KM Sugar Mills Ltd.,KMSUGAR,532673,KMSUGAR,INE157H01023,Sugar,"Food, Beverages & Tobacco",29.06,29.06,267.35,4.84,Export NA,9.32,9.3,31.54,28.35,27.86,0.07,Export NA,1.73,1.26,0.7,18.71,8.04,2.67,6,71.82,10.49,26.28,9.03,4.87,19.55,4.86,7,"Food, Beverages & Tobacco",Sugar,2025-12-31,2026-05-18
KN Agri Resources Ltd.,KNAGRI,,KNAGRI,INE0KNW01016,Other Food & Beverages,"Food, Beverages & Tobacco",187.35,187.35,468.35,12.64,Export NA,12.5,,44.73,28.35,46.65,,Export NA,1.73,2.98,1.26,25.6,8.04,15.04,14.82,,10.53,26.28,15.61,8.38,19.55,11.14,5,"Food, Beverages & Tobacco",Other Food & Beverages,2025-12-31,2026-02-14
KNR Constructions Ltd.,KNRCON,532942,KNRCON,INE634I01029,Construction & Engineering,Cement and Construction,130.54,130.54,3671.24,7.81,Export NA,7.95,12.47,18.15,35.74,31.41,-0.13,Export NA,3.26,5.1,0.75,3.58,4.05,4.95,16.72,-61.34,22.06,11.25,12.93,14.04,4.61,4.29,4,Cement and Construction,Construction & Engineering,2025-12-31,2026-02-05
KPI Green Energy Ltd.,KPIGREEN,542323,KPIGREEN,INE542W01025,Green & Renewable Energy,Utilities,432.7,432.7,8538.95,17.93,Export NA,45.77,,20.62,24.91,30.52,0.37,Export NA,27.85,5.83,3.08,30.95,5.52,10.28,24.13,48.99,15.69,14.21,10.31,4.81,5.38,3.49,3,Utilities,Green & Renewable Energy,2026-03-31,2026-05-06
KPIT Technologies Ltd.,KPITTECH,542651,KPITTECH,INE04I401011,IT Consulting & Software,Software & Services,712.05,712.05,19520.41,30.63,Export NA,53.1,64.53,25.36,22.39,21.42,-1.27,Export NA,10.02,10.72,5.74,31.02,6.84,6.86,23.25,-24.09,17.99,28.07,30.42,8.78,17.17,18.42,3,Software & Services,IT Consulting & Software,2026-03-31,2026-05-06
KPR Mill Ltd.,KPRMILL,532889,KPRMILL,INE930H01031,Textiles,Textiles Apparels & Accessories,921.45,921.45,31496.45,36.35,Export NA,40.39,33.65,86.07,53.79,32.96,5.77,Export NA,2.24,6.53,5.67,68.15,15.41,3.67,25.35,6.3,15.2,22.86,11.51,12.68,8.26,7.43,6,Textiles Apparels & Accessories,Textiles,2026-03-31,2026-05-12
KRBL Ltd.,KRBL,530813,KRBL,INE001B01026,Other Agricultural Products,"Food, Beverages & Tobacco",349.55,349.55,8000.85,12.37,Export NA,14.56,14.29,40.12,28.35,21.91,0.26,Export NA,1.73,1.77,1.42,10.07,8.04,3.56,28.26,48.39,9.08,26.28,16.12,7.64,19.55,8.43,7,"Food, Beverages & Tobacco",Other Agricultural Products,2025-12-31,2026-05-14
KRM Ayurveda Ltd.,KRMAYURVED,,KRMAYURVED,INE1MTV01019,Healthcare Facilities,Diversified Consumer Services,241.15,241.15,512.7,25.48,Export NA,,,73.33,33.62,71.3,,Export NA,3.59,6.58,12.25,100,10.95,9.54,9.46,,17.54,22.55,13.76,16.45,11.12,7.2,3,Diversified Consumer Services,Healthcare Facilities,2026-03-31,2026-05-01
KRN Heat Exchanger and Refrigeration Ltd.,KRN,544263,KRN,INE0Q3J01015,Electronic Components,Commercial Services & Supplies,1212.5,1212.5,7536.49,110.87,Export NA,,,87.11,31.83,88.21,3.1,Export NA,2.32,15.22,13.68,58.08,5.75,18.3,10.94,35.79,10.6,13.46,12.44,8.88,6.61,7.37,5,Commercial Services & Supplies,Electronic Components,2025-12-31,2026-05-14
KSB Ltd.,KSB,500249,KSB,INE999A01023,Compressors & Pumps,General Industrials,853.9,853.9,14861.21,57.45,Export NA,60.81,51.91,87.91,58.9,41.93,34.81,Export NA,5.74,12.75,10.13,94.54,14.56,9.18,14.86,1.65,16.11,19.77,25.94,9.68,10.29,15.1,4,General Industrials,Compressors & Pumps,2026-03-31,2026-04-30
KSH International Ltd.,KSHINTL,544664,KSHINTL,INE987S01020,Other Industrial Products,General Industrials,610.55,610.55,4136.82,43.98,Export NA,,,88.04,58.9,44.01,,Export NA,5.74,4.34,10.91,83.7,14.56,20.86,13.88,,22.77,19.77,22.24,9.12,10.29,12.05,2,General Industrials,Other Industrial Products,2025-12-31,2026-05-25
KSR Footwear Ltd.,KSR,544615,KSR,INE1SPP01016,Footwear,Retailing,36.62,36.62,67.3,,Export NA,,,,78.39,57.67,,Export NA,6.4,2.03,0.96,,19.94,9.86,,,0,10.74,18.49,-198.43,6.91,9.08,2,Retailing,Footwear,2025-12-31,2026-02-12
Kabra Extrusion Technik Ltd.,KABRAEXTRU,524109,KABRAEXTRU,INE900B01029,Industrial Machinery,General Industrials,231,231,807.87,-563.06,Export NA,35.04,39.98,,58.9,58.76,5.44,Export NA,5.74,4.45,1.83,37.48,14.56,20.55,-0.41,-103.56,6.96,19.77,24.18,4.09,10.29,13.59,5,General Industrials,Industrial Machinery,2025-12-31,2026-01-29
Kabra Jewels Ltd.,KKJEWELS,,KKJEWELS,INE0XOW01017,Gems & Jewellery,Textiles Apparels & Accessories,106.35,106.35,111.51,9.77,Export NA,,,34.78,53.79,63.43,,Export NA,2.24,1.24,1.28,14.78,15.41,20.78,10.89,,14.22,22.86,28.31,6.02,8.26,8.05,3,Textiles Apparels & Accessories,Gems & Jewellery,2025-03-31,2025-11-11
Kajaria Ceramics Ltd.,KAJARIACER,500233,KAJARIACER,INE217B01036,Ceramics,Consumer Durables,1072.6,1072.6,17083.55,35.19,Export NA,50.94,51.77,23.46,49.58,39.85,0.54,Export NA,1.45,0.57,5.66,25.5,9.42,5.24,30.48,64.91,15.83,20.69,13.28,12.04,10.95,9.81,8,Consumer Durables,Ceramics,2026-03-31,2026-04-30
Kakatiya Cement Sugar & Industries Ltd.,KAKATCEM,500234,KAKATCEM,INE437B01014,Cement & Cement Products,Cement and Construction,124.64,124.64,96.89,-3.53,Export NA,,7.7,,35.74,39.23,0.01,Export NA,3.26,1.71,0.52,17.25,4.05,3.41,-35.36,-583.45,-6.36,11.25,8.66,-5.26,4.61,4.59,4,Cement and Construction,Cement & Cement Products,2025-12-31,2026-02-06
Kalana Ispat Ltd.,KALANA,,KALANA,INE0T0L01014,Iron & Steel/Interm.Products,Metals & Mining,22.55,22.55,29.4,24.27,Export NA,,,,23.8,32.33,,Export NA,1.11,0.78,0.68,,5.3,3.24,0.93,,2.81,19.76,6.78,2.52,9.83,3.42,4,Metals & Mining,Iron & Steel/Interm.Products,2025-03-31,2025-11-12
Kalpataru Ltd.,KALPATARU,544423,KALPATARU,INE227J01012,Realty,Realty,379.25,379.25,7809.29,-84.23,Export NA,,,,37.63,37.32,0.22,Export NA,1.72,1.77,2,5.19,3.69,4.38,-4.5,-381.26,0.87,10.17,11.27,0.13,4.54,5.37,7,Realty,Realty,2025-12-31,2026-05-12
Kalpataru Projects International Ltd.,KPIL,522287,KPIL,INE220B01022,Construction & Engineering,Cement and Construction,1232.6,1232.6,21049.42,25.32,Export NA,36.87,28.66,70.06,35.74,31.41,0.44,Export NA,3.26,5.1,2.96,83.58,4.05,4.95,48.68,58.19,8.99,11.25,12.93,2.28,4.61,4.29,6,Cement and Construction,Construction & Engineering,2025-12-31,2026-05-14
Kalyan Jewellers India Ltd.,KALYANKJIL,543278,KALYANKJIL,INE303R01014,Gems & Jewellery,Textiles Apparels & Accessories,361.8,361.8,37364.54,27.67,Export NA,81.83,,16.98,53.79,63.43,0.31,Export NA,2.24,1.24,6.49,48.42,15.41,20.78,13.08,88.92,21.4,22.86,28.31,6.51,8.26,8.05,7,Textiles Apparels & Accessories,Gems & Jewellery,2026-03-31,2026-05-08
Kalyani Forge Ltd.,KALYANIFRG,513509,KALYANIFRG,INE314G01014,Castings & Forgings,General Industrials,638.4,638.4,232.25,41,Export NA,35.83,33.32,72.02,58.9,64.29,-2.47,Export NA,5.74,4.12,2.53,90.79,14.56,7.72,15.57,-16.62,9.27,19.77,12.53,3.61,10.29,7.9,7,General Industrials,Castings & Forgings,2025-12-31,2026-02-11
Kalyani Investment Company Ltd.,KICL,533302,KICL,INE029L01018,Investment Companies,Others,4834.5,4834.5,2110.4,48.93,Export NA,31.71,24.4,97.77,34.07,34.07,-1.15,Export NA,0.96,0.96,0.23,50.22,1.03,1.03,98.81,-42.52,0.82,3.6,3.6,0.76,3.2,3.2,3,Others,Investment Companies,2025-12-31,2026-02-13
Kalyani Steels Ltd.,KSL,500235,KSL,INE907A01026,Iron & Steel/Interm.Products,Metals & Mining,808.45,808.45,3529.13,13.69,Export NA,13.41,10.76,92.69,23.8,32.33,21.72,Export NA,1.11,0.78,1.74,66.1,5.3,3.24,59.07,0.63,12.25,19.76,6.78,8.6,9.83,3.42,6,Metals & Mining,Iron & Steel/Interm.Products,2026-03-31,2026-05-08
Kama Holdings Ltd.,,532468,KAMAHOLD,INE411F01010,Holding Companies,Diversified,2633.95,2633.95,8452.5,9.37,Export NA,11.99,9.8,56.09,24.34,28.32,0.58,Export NA,1.86,1.91,1.05,91.12,2.7,2.66,280.98,16.11,8.71,11.19,11.42,2.79,3.16,3.21,7,Diversified,Holding Companies,2025-12-31,2026-02-05
Kamat Hotels (India) Ltd.,KAMATHOTEL,526668,KAMATHOTEL,INE967C01018,Hotels,Hotels Restaurants & Tourism,174.33,174.33,513.93,14.95,Export NA,15.34,11.12,67.2,44.23,40.73,-0.57,Export NA,3.41,2.69,1.71,14.86,8.2,7.29,11.66,-26.19,16.72,12.41,12.19,7.9,7.26,7.71,5,Hotels Restaurants & Tourism,Hotels,2026-03-31,2026-05-12
Kamdhenu Ltd.,KAMDHENU,532741,KAMDHENU,INE390H01020,Iron & Steel/Interm.Products,Metals & Mining,25.53,25.53,719.65,9.22,Export NA,19.57,16.74,5.55,23.8,32.33,0.32,Export NA,1.11,0.78,1.87,38.42,5.3,3.24,2.77,28.89,19.24,19.76,6.78,16.52,9.83,3.42,6,Metals & Mining,Iron & Steel/Interm.Products,2025-12-31,2026-05-18
Kamdhenu Ventures Ltd.,KAMOPAINTS,543747,KAMOPAINTS,INE0BTI01037,Paints,Consumer Durables,5.21,5.21,171.41,36.01,Export NA,,,24.64,49.58,57.72,-0.77,Export NA,1.45,1.85,1.01,23.55,9.42,10.53,0.14,-46.94,4.01,20.69,18.85,2.51,10.95,12.01,4,Consumer Durables,Paints,2025-12-31,2026-02-12
Kanani Industries Ltd.,KANANIIND,506184,KANANIIND,INE879E01037,Gems & Jewellery,Textiles Apparels & Accessories,1.6,1.6,31.66,17.73,Export NA,70.03,63.01,17.71,53.79,63.43,0.25,Export NA,2.24,1.24,0.47,3.52,15.41,20.78,0.09,69.84,1.2,22.86,28.31,0.83,8.26,8.05,7,Textiles Apparels & Accessories,Gems & Jewellery,2025-12-31,2026-02-12
Kanchi Karpooram Ltd.,,538896,KANCHI,INE081G01019,Commodity Chemicals,Chemicals & Petrochemicals,385.1,385.1,167.28,32.35,Export NA,12.55,12.76,76.61,42.23,39.75,-0.49,Export NA,3.64,7.92,0.78,13.93,6.18,4.79,11.9,-66.21,6.51,13.61,12.96,6.31,9.15,8.15,7,Chemicals & Petrochemicals,Commodity Chemicals,2025-12-31,2026-02-10
Kandarp Digi Smart BPO Ltd.,KANDARP,,KANDARP,INE0MOT01016,BPO/KPO,Software & Services,152,152,136.39,85.55,Export NA,,,100,22.39,25.25,,Export NA,10.02,1.31,6.7,100,6.84,4.33,1.78,,8.11,28.07,18.24,5.44,17.17,10.87,6,Software & Services,BPO/KPO,2025-03-31,2025-11-13
Kanoria Chemicals & Industries Ltd.,KANORICHEM,506525,KANORICHEM,INE138C01024,Commodity Chemicals,Chemicals & Petrochemicals,91.81,91.81,401.15,7.6,Export NA,,65.48,8.27,42.23,39.75,0.04,Export NA,3.64,7.92,0.75,65.48,6.18,4.79,12.08,194.35,-16.05,13.61,12.96,-5.57,9.15,8.15,4,Chemicals & Petrochemicals,Commodity Chemicals,2025-12-31,2026-02-12
Kanpur Plastipack Ltd.,KANPRPLA,507779,KANPRPLA,INE694E01014,Containers & Packaging,Commercial Services & Supplies,206.66,206.66,505.88,12.81,Export NA,190.65,11.56,13.37,31.83,23.27,0.05,Export NA,2.32,5.49,2.11,82.65,5.75,2.74,16.13,255.65,14.71,13.46,10.99,8.39,6.61,7.3,7,Commercial Services & Supplies,Containers & Packaging,2026-03-31,2026-05-02
Kansai Nerolac Paints Ltd.,KANSAINER,500165,KANSAINER,INE531A01024,Paints,Consumer Durables,213.83,213.83,17291.54,29.33,Export NA,18.06,38.08,28.18,49.58,57.72,-0.61,Export NA,1.45,1.85,2.62,2.32,9.42,10.53,7.29,-48.43,8.78,20.69,18.85,6.76,10.95,12.01,5,Consumer Durables,Paints,2026-03-31,2026-05-06
Kapston Services Ltd.,KAPSTON,,KAPSTON,INE542Z01028,Misc. Commercial Services,Commercial Services & Supplies,338.95,338.95,1031.5,38.68,Export NA,34.62,43.46,100,31.83,27.25,,Export NA,2.32,0.82,13.08,100,5.75,5.02,8.76,,20.06,13.46,17.32,5.97,6.61,12.13,2,Commercial Services & Supplies,Misc. Commercial Services,2025-12-31,2026-02-06
Karma Energy Ltd.,KARMAENG,533451,KARMAENG,INE725L01011,Green & Renewable Energy,Utilities,49.57,49.57,57.35,26.35,Export NA,332.99,17.3,54.43,24.91,30.52,0.05,Export NA,27.85,5.83,1.37,78.3,5.52,10.28,1.88,550.38,3.9,14.21,10.31,2.99,5.38,3.49,6,Utilities,Green & Renewable Energy,2025-12-31,2026-02-12
Karnataka Bank Ltd.,KTKBANK,532652,KTKBANK,INE614B01018,Banks,Banking and Finance,247.05,247.05,9342.98,8.09,Export NA,6,6.55,99.2,22.6,13.77,-0.75,Export NA,2.78,1.95,0.73,71.09,6.23,1.84,30.54,-10.78,10.98,16.76,13.01,1.05,4.85,1.37,3,Banking and Finance,Banks,2025-12-31,2026-02-10
Karnika Industries Ltd.,KARNIKA,,KARNIKA,INE0MGA01012,Other Apparels & Accessories,Textiles Apparels & Accessories,127.6,127.6,791.09,43.88,Export NA,,,67.25,53.79,43.2,,Export NA,2.24,2.85,9.34,58.95,15.41,13.14,2.91,,25.38,22.86,20.14,11.66,8.26,9.64,5,Textiles Apparels & Accessories,Other Apparels & Accessories,2025-03-31,2025-11-14
Karur Vysya Bank Ltd.,KARURVYSYA,590003,KARURVYSYA,INE036D01028,Banks,Banking and Finance,283.9,283.9,27443.09,10.93,Export NA,11.2,10.52,49.95,22.6,13.77,0.37,Export NA,2.78,1.95,2.03,99.01,6.23,1.84,25.97,29.29,17.79,16.76,13.01,1.83,4.85,1.37,4,Banking and Finance,Banks,2026-03-31,2026-05-07
Kataria Industries Ltd.,KATARIA,,KATARIA,INE0SVY01018,Iron & Steel Products,Metals & Mining,99.65,99.65,214.56,19.58,Export NA,,,8.37,23.8,30.63,,Export NA,1.11,1.79,1.89,46.51,5.3,6.46,5.09,,10.04,19.76,18.83,8.02,9.83,10.86,5,Metals & Mining,Iron & Steel Products,2025-03-31,2025-11-13
Kaushalya Infrastructure Development Corpn.Ltd.,KAUSHALYA,532925,KAUSHALYA,INE234I01028,Construction & Engineering,Cement and Construction,890.8,890.8,30.85,22.13,Export NA,4.1,13.07,83.62,35.74,31.41,-0.24,Export NA,3.26,5.1,0.4,72.03,4.05,4.95,40.25,-92.47,6.65,11.25,12.93,6.38,4.61,4.29,4,Cement and Construction,Construction & Engineering,2025-12-31,2026-02-13
Kaushalya Logistics Ltd.,KLL,,KLL,INE0Q2V01012,Warehousing & Logistics,Transportation,39.55,39.55,73.29,6.19,Export NA,,,2.96,36.05,32.42,,Export NA,4.72,1.7,1.09,32.25,8.05,4.18,6.39,,19.6,25.06,8.62,4.67,7.11,5.64,2,Transportation,Warehousing & Logistics,2025-03-31,2025-11-11
Kaveri Seed Company Ltd.,KSCL,532899,KSCL,INE455I01029,Other Agricultural Products,"Food, Beverages & Tobacco",949.5,949.5,4884.14,16.24,Export NA,18.13,15.03,68.02,28.35,21.91,-15,Export NA,1.73,1.77,2.7,21.85,8.04,3.56,58.46,-1.08,18.76,26.28,16.12,10.6,19.55,8.43,5,"Food, Beverages & Tobacco",Other Agricultural Products,2025-12-31,2026-02-09
Kavveri Defence & Wireless Technologies Ltd.,KAVDEFENCE,590041,KAVDEFENCE,INE641C01019,Telecom Equipment,Telecommunications Equipment,62.63,62.63,376.56,81.14,Export NA,66.71,26.9,100,62.37,54.53,0.78,Export NA,3.45,8.41,3.87,100,10.31,13.61,0.77,104.03,7.37,6.95,9.86,5.18,3.76,6.93,6,Telecommunications Equipment,Telecom Equipment,2025-12-31,2026-02-14
Kay Cee Energy & Infra Ltd.,KCEIL,,KCEIL,INE0RCG01017,Power - Electric Utilities,Utilities,111.65,111.65,136.48,8,Export NA,,,,24.91,29.95,,Export NA,27.85,1.43,1.46,,5.52,4.23,13.96,,27.65,14.21,16.2,9.82,5.38,5.79,1,Utilities,Power - Electric Utilities,2025-03-31,2025-10-22
Kaya Ltd.,KAYA,539276,KAYA,INE587G01015,Special Consumer Services,Diversified Consumer Services,241.85,241.85,367.31,-4.87,Export NA,6.56,6.56,,33.62,39.07,0.01,Export NA,3.59,4.51,-2.87,,10.95,11.75,-49.67,-785.3,-60,22.55,25.9,35.34,11.12,3.02,3,Diversified Consumer Services,Special Consumer Services,2025-12-31,2026-01-28
Kaynes Technology India Ltd.,KAYNES,543664,KAYNES,INE918Z01012,Other Electrical Equipment/Products,Consumer Durables,4049.3,4049.3,27144.36,69.8,Export NA,145.13,,16.41,49.58,41.19,1.39,Export NA,1.45,1.34,5.71,,9.42,8.51,58.01,50.31,10.33,20.69,21.67,6.32,10.95,11.03,3,Consumer Durables,Other Electrical Equipment/Products,2025-12-31,2026-05-13
Kaytex Fabrics Ltd.,KAYTEX,,KAYTEX,INE13ZD01013,Textiles,Textiles Apparels & Accessories,67.2,67.2,98.78,5.84,Export NA,,,,53.79,32.96,,Export NA,2.24,6.53,0.92,,15.41,3.67,11.5,,33.76,22.86,11.51,13.49,8.26,7.43,5,Textiles Apparels & Accessories,Textiles,2025-03-31,2025-11-14
Kellton Tech Solutions Ltd.,KELLTONTEC,519602,KELLTONTEC,INE164B01030,IT Consulting & Software,Software & Services,15.11,15.11,802.95,8.79,Export NA,17.97,14.7,49.41,22.39,21.42,1.08,Export NA,10.02,10.72,1.08,23.16,6.84,6.86,1.72,8.15,14.89,28.07,30.42,10.1,17.17,18.42,4,Software & Services,IT Consulting & Software,2025-12-31,2026-02-12
Ken Enterprises Ltd.,KEN,,KEN,INE15DO01012,Textiles,Textiles Apparels & Accessories,34.75,34.75,85.37,6.93,Export NA,,,,53.79,32.96,,Export NA,2.24,6.53,0.73,,15.41,3.67,5.02,,11.03,22.86,11.51,4.17,8.26,7.43,4,Textiles Apparels & Accessories,Textiles,2025-03-31,2025-11-14
Kennametal India Ltd.,,505890,KENNAMET,INE717A01029,Other Industrial Products,General Industrials,2967.55,2967.55,6522.14,47.09,Export NA,56.43,52.9,38.33,58.9,44.01,1.31,Export NA,5.74,4.34,8.6,86.59,14.56,20.86,63.02,35.92,13.76,19.77,22.24,10.64,10.29,12.05,6,General Industrials,Other Industrial Products,2026-03-31,2026-05-07
Kernex Microsystems (India) Ltd.,KERNEX,532686,KERNEX,INE202H01019,Transport Related Services,Transportation,1374,1374,2308.65,43.84,Export NA,37.23,37.23,74.85,36.05,36.41,0.05,Export NA,4.72,0.2,12.84,93.17,8.05,5.81,31.34,946.98,31.81,25.06,15.81,21.24,7.11,10.03,6,Transportation,Transport Related Services,2025-12-31,2026-02-12
Kesoram Industries Ltd.,KESORAMIND,502937,KESORAMIND,INE087A01019,Cement & Cement Products,Cement and Construction,12.97,12.97,402.93,0.07,Export NA,0.04,0.04,52.58,35.74,39.23,0,Export NA,3.26,1.71,1.14,35.63,4.05,3.41,181.75,1367.35,1232.48,11.25,8.66,684.91,4.61,4.59,5,Cement and Construction,Cement & Cement Products,2025-12-31,2026-01-16
Kewal Kiran Clothing Ltd.,KKCL,532732,KKCL,INE401H01017,Other Apparels & Accessories,Textiles Apparels & Accessories,456.1,456.1,2810.73,19.89,Export NA,23.01,27.26,30.74,53.79,43.2,-9.09,Export NA,2.24,2.85,3.05,26.78,15.41,13.14,22.93,-2.19,15.12,22.86,20.14,9.48,8.26,9.64,7,Textiles Apparels & Accessories,Other Apparels & Accessories,2026-03-31,2026-05-09
Keynote Financial Services Ltd.,KEYFINSERV,512597,KEYFINSERV,INE681C01015,Finance (including NBFCs),Banking and Finance,267.95,267.95,149.16,17.65,Export NA,8.11,6.03,94.31,22.6,26.34,-0.26,Export NA,2.78,2.13,0.96,79.78,6.23,3.86,15.18,-68.25,10.52,16.76,13.65,9.59,4.85,6.73,4,Banking and Finance,Finance (including NBFCs),2025-12-31,2026-02-12
Keystone Realtors Ltd.,RUSTOMJEE,543669,RUSTOMJEE,INE263M01029,Realty,Realty,414.85,414.85,5236.71,66.41,Export NA,56.29,,70.01,37.63,37.32,-1.23,Export NA,1.72,1.77,1.87,4.67,3.69,4.38,6.25,-54.14,6.2,10.17,11.27,2.58,4.54,5.37,2,Realty,Realty,2026-03-31,2026-05-12
Khadim India Ltd.,KHADIM,540775,KHADIM,INE834I01025,Footwear,Retailing,100.22,100.22,184.19,56.36,Export NA,90.21,70.46,45.18,78.39,57.67,-1.54,Export NA,6.4,2.03,1.11,21.39,19.94,9.86,1.78,-36.7,2.01,10.74,18.49,0.66,6.91,9.08,5,Retailing,Footwear,2025-12-31,2026-02-10
Khaitan (India) Ltd.,KHAITANLTD,590068,KHAITANLTD,INE731C01018,Other Electrical Equipment/Products,Consumer Durables,144.62,144.62,68.69,10.44,Export NA,18.49,25.1,51.01,49.58,41.19,0.54,Export NA,1.45,1.34,2.25,95.74,9.42,8.51,13.85,19.36,25.48,20.69,21.67,9.86,10.95,11.03,6,Consumer Durables,Other Electrical Equipment/Products,2025-12-31,2026-01-29
Khaitan Chemicals & Fertilizers Ltd.,KHAICHEM,507794,KHAICHEM,INE745B01028,Fertilizers,Fertilizers,55.96,55.96,542.75,8.4,Export NA,539,154.83,11.63,20.68,20.68,0,Export NA,7.54,7.54,1.9,58.18,16.07,16.07,6.66,4515.77,22.22,478.71,478.71,9.47,243.93,243.93,8,Fertilizers,Fertilizers,2026-03-31,2026-04-23
Khandwala Securities Ltd.,KHANDSE,531892,KHANDSE,INE060B01014,Capital Markets,Banking and Finance,16.98,16.98,25.9,-8.98,Export NA,218.25,232.81,,22.6,49.83,0.02,Export NA,2.78,1.85,0.92,46.26,6.23,18.07,-1.89,-416.45,-2.77,16.76,28.37,-1.84,4.85,12.93,5,Banking and Finance,Capital Markets,2025-12-31,2026-02-12
Kilburn Engineering Ltd.,,522101,KLBRENG-B,INE338F01015,Industrial Machinery,General Industrials,504.2,504.2,2394.34,26.09,Export NA,38.54,85.26,1.96,58.9,58.76,0.64,Export NA,5.74,4.45,4.12,2.34,14.56,20.55,19.32,40.98,13.2,19.77,24.18,8.53,10.29,13.59,4,General Industrials,Industrial Machinery,2025-12-31,2026-02-10
Kilitch Drugs(I) Ltd.,KILITCH,524500,KILITCH,INE729D01010,Pharmaceuticals,Pharmaceuticals & Biotechnology,147.94,147.94,517.22,19.86,Export NA,31.46,36.27,4.72,42.18,42.23,0.59,Export NA,2.39,2.39,1.92,59.38,7.57,7.72,7.45,33.49,13.19,17.72,18.15,8.53,11.9,12.17,5,Pharmaceuticals & Biotechnology,Pharmaceuticals,2025-12-31,2026-05-15
Kingfa Science & Technology (India) Ltd.,KINGFA,524019,KINGFA,INE473D01015,Plastic Products,General Industrials,5261.3,5261.3,7129.8,42.44,Export NA,33.17,37.94,50.83,58.9,35.79,2.61,Export NA,5.74,3.64,5.32,57.84,14.56,7.73,123.98,16.26,20.97,19.77,14.6,13.22,10.29,10.46,6,General Industrials,Plastic Products,2025-12-31,2026-02-07
Kiran Vyapar Ltd.,,537750,KIRANVYPAR,INE555P01013,Investment Companies,Others,189.3,189.3,516.49,409.55,Export NA,10.31,8.68,99.11,34.07,34.07,-4.16,Export NA,0.96,0.96,0.23,12.53,1.03,1.03,0.46,-98.38,2.81,3.6,3.6,2.32,3.2,3.2,3,Others,Investment Companies,2025-12-31,2026-02-03
Kiri Industries Ltd.,KIRIINDUS,532967,KIRIINDUS,INE415I01015,Dyes & Pigments,Chemicals & Petrochemicals,393.7,393.7,2565.66,0.52,Export NA,17.66,16.23,1.57,42.23,13.7,0,Export NA,3.64,0.6,0.31,,6.18,1.59,762.21,1424.72,8.15,13.61,5,5.6,9.15,3.15,3,Chemicals & Petrochemicals,Dyes & Pigments,2025-12-31,2026-02-10
Kirloskar Brothers Ltd.,KIRLOSBROS,500241,KIRLOSBROS,INE732A01036,Compressors & Pumps,General Industrials,1679,1679,13332.75,33.41,Export NA,38.03,36.4,68.62,58.9,41.93,-4.55,Export NA,5.74,12.75,5.73,82.16,14.56,9.18,50.26,-7.34,19.84,19.77,25.94,11.32,10.29,15.1,7,General Industrials,Compressors & Pumps,2025-12-31,2026-05-13
Kirloskar Electric Company Ltd.,KECL,533193,KECL,INE134B01017,Other Electrical Equipment/Products,Consumer Durables,117.12,117.12,777.84,73.04,Export NA,146.71,82.36,70.92,49.58,41.19,-4.03,Export NA,1.45,1.34,6.02,54.63,9.42,8.51,1.6,-18.14,3.25,20.69,21.67,0.62,10.95,11.03,6,Consumer Durables,Other Electrical Equipment/Products,2025-12-31,2026-02-11
Kirloskar Ferrous Industries Ltd.,,500245,KIRLFER,INE884B01025,Iron & Steel/Interm.Products,Metals & Mining,437.3,437.3,7197.16,20.11,Export NA,35.18,30.11,22.31,23.8,32.33,0.93,Export NA,1.11,0.78,1.98,22,5.3,3.24,21.74,21.7,9.63,19.76,6.78,5.45,9.83,3.42,7,Metals & Mining,Iron & Steel/Interm.Products,2026-03-31,2026-05-07
Kirloskar Industries Ltd.,KIRLOSIND,500243,KIRLOSIND,INE250A01039,Other Industrial Products,General Industrials,3187.8,3187.8,3350.19,20.6,Export NA,21.17,16.97,87.83,58.9,44.01,-16.01,Export NA,5.74,4.34,0.48,27.07,14.56,20.86,154.75,-1.29,2.36,19.77,22.24,1.27,10.29,12.05,6,General Industrials,Other Industrial Products,2025-12-31,2026-05-19
Kirloskar Oil Engines Ltd.,KIRLOSENG,533293,KIRLOSENG,INE146L01010,Industrial Machinery,General Industrials,1561.1,1561.1,22693.35,41.51,Export NA,33.61,28.06,94.11,58.9,58.76,5.24,Export NA,5.74,4.45,6.52,94.3,14.56,20.55,37.61,7.91,15.84,19.77,24.18,4.66,10.29,13.59,2,General Industrials,Industrial Machinery,2025-12-31,2026-05-14
Kirloskar Pneumatic Company Ltd.,KIRLPNU,505283,KIRLPNU,INE811A01020,Compressors & Pumps,General Industrials,1495.6,1495.6,9715.15,37.93,Export NA,48.81,43.33,55.12,58.9,41.93,1.78,Export NA,5.74,12.75,8.23,98.31,14.56,9.18,39.43,21.27,20.5,19.77,25.94,14.57,10.29,15.1,6,General Industrials,Compressors & Pumps,2026-03-31,2026-04-27
Kitex Garments Ltd.,KITEX,521248,KITEX,INE602G01020,Other Apparels & Accessories,Textiles Apparels & Accessories,156.81,156.81,3128.36,72.97,Export NA,40.7,29.2,95.66,53.79,43.2,-1.11,Export NA,2.24,2.85,3.05,65.88,15.41,13.14,2.15,-65.93,13.43,22.86,20.14,5.36,8.26,9.64,4,Textiles Apparels & Accessories,Other Apparels & Accessories,2025-12-31,2026-02-13
Knowledge Marine & Engineering Works Ltd.,KMEW,543273,KMEW,INE0CJD01029,Marine Port & Services,Transportation,2001.9,2001.9,4893.46,76.72,Export NA,32.38,,98.79,36.05,34.26,2.11,Export NA,4.72,5.55,17.85,99.89,8.05,5.76,26.09,36.35,22.81,25.06,13.38,12.43,7.11,6.85,4,Transportation,Marine Port & Services,2025-12-31,2026-02-12
Knowledge Realty Trust,KRT,544481,KRT,INE1JAR25012,REITs-InvITs,Realty,117.17,117.17,51957.86,,Export NA,,,,37.63,46.38,,Export NA,1.72,3.82,1.14,,3.69,1.66,,,10.51,10.17,6.22,0.89,4.54,1.93,4,Realty,REITs-InvITs,2025-09-30,2025-11-13
Kody Technolab Ltd.,KODYTECH,,KODYTECH,INE0Q7P01013,IT Consulting & Software,Software & Services,802.2,802.2,1146.62,68.4,Export NA,,,90.15,22.39,21.42,,Export NA,10.02,10.72,5.77,12.88,6.84,6.86,11.73,,7.78,28.07,30.42,6.29,17.17,18.42,3,Software & Services,IT Consulting & Software,2026-03-31,2026-05-06
Kohinoor Foods Ltd.,KOHINOOR,512559,KOHINOOR,INE080B01012,Other Agricultural Products,"Food, Beverages & Tobacco",24.87,24.87,92.2,0.25,Export NA,0.31,0.31,9.05,28.35,21.91,0,Export NA,1.73,1.77,-0.54,,8.04,3.56,99.44,3665.09,-113.6,26.28,16.12,174.16,19.55,8.43,5,"Food, Beverages & Tobacco",Other Agricultural Products,2025-12-31,2026-02-13
Kokuyo Camlin Ltd.,KOKUYOCMLN,523207,KOKUYOCMLN,INE760A01029,Commodity Printing/Stationery,Commercial Services & Supplies,92.46,92.46,927.41,35.27,Export NA,107.45,89.92,7.71,31.83,53.23,0.29,Export NA,2.32,4.71,2.85,24.14,5.75,9.52,2.62,121.63,1.92,13.46,17.49,1.28,6.61,11.86,7,Commercial Services & Supplies,Commodity Printing/Stationery,2025-12-31,2026-05-15
Kolte-Patil Developers Ltd.,KOLTEPATIL,532924,KOLTEPATIL,INE094I01018,Realty,Realty,364,364,3227.96,76.18,Export NA,32.98,33.77,96.57,37.63,37.32,0.38,Export NA,1.72,1.77,2.63,72.88,3.69,4.38,4.78,199.22,12.83,10.17,11.27,2,4.54,5.37,7,Realty,Realty,2025-12-31,2026-02-05
Konstelec Engineers Ltd.,KONSTELEC,,KONSTELEC,INE0QEI01011,Construction & Engineering,Cement and Construction,43.25,43.25,65.31,13.76,Export NA,,,,35.74,31.41,,Export NA,3.26,5.1,0.65,,4.05,4.95,3.14,,4.81,11.25,12.93,1.99,4.61,4.29,2,Cement and Construction,Construction & Engineering,2025-03-31,2025-11-12
Kontor Space Ltd.,KONTOR,,KONTOR,INE0KZ301010,Misc. Commercial Services,Commercial Services & Supplies,67,67,41.41,10.04,Export NA,,,,31.83,27.25,,Export NA,2.32,0.82,1.49,,5.75,5.02,6.67,,15.76,13.46,17.32,10.68,6.61,12.13,5,Commercial Services & Supplies,Misc. Commercial Services,2025-03-31,2025-11-14
Kopran Ltd.,KOPRAN,524280,KOPRAN,INE082A01010,Pharmaceuticals,Pharmaceuticals & Biotechnology,150.38,150.38,726.12,43.89,Export NA,21.62,23.75,92.84,42.18,42.23,-0.67,Export NA,2.39,2.39,1.42,20.42,7.57,7.72,3.43,-65.17,7.43,17.72,18.15,4.56,11.9,12.17,4,Pharmaceuticals & Biotechnology,Pharmaceuticals,2025-12-31,2026-05-19
Kore Digital Ltd.,KDL,,KDL,INE0O4R01018,Telecom Equipment,Telecommunications Equipment,144.8,144.8,174.11,5.42,Export NA,,,8.19,62.37,54.53,0.03,Export NA,3.45,8.41,1.34,2.34,10.31,13.61,26.74,202.77,30.19,6.95,9.86,13.07,3.76,6.93,4,Telecommunications Equipment,Telecom Equipment,2025-09-30,2025-11-12
Kotak Gold Exchange Traded Fund,GOLD1,590097,GOLD1,INF174KA1HJ8,Others,Others,125.81,125.81,,,Export NA,,,,,,,Export NA,,,,,,,,,,,,,,,,Others,Others,,
Kotak MSCI India ETF,MSCIINDIA,,MSCIINDIA,INF174KA1VD2,Others,Others,29.12,29.12,,,Export NA,,,,,,,Export NA,,,,,,,,,,,,,,,,Others,Others,,
Kotak Mahindra Bank Ltd.,KOTAKBANK,500247,KOTAKBANK,INE237A01036,Banks,Banking and Finance,376,376,373987.08,19.39,Export NA,19.27,23.05,12.33,22.6,13.77,-1.51,Export NA,2.78,1.95,2.16,2.94,6.23,1.84,19.39,-12.83,10.64,16.76,13.01,1.92,4.85,1.37,4,Banking and Finance,Banks,2026-03-31,2026-05-02
Kotak Nifty 100 Equal Weight ETF,NIFTY100EW,,NIFTY100EW,INF174KA1UW4,Others,Others,33.42,33.42,,,Export NA,,,,,,,Export NA,,,,,,,,,,,,,,,,Others,Others,,
Kotak Nifty 100 Low Volatility 30 ETF,LOWVOL1,,LOWVOL1,INF174KA1IY5,Others,Others,20.22,20.22,,,Export NA,,,,,,,Export NA,,,,,,,,,,,,,,,,Others,Others,,
Kotak Nifty 1D Rate Liquid ETF,LIQUID1,590139,LIQUID1,INF174KA1LV5,Others,Others,1103.83,1103.83,,,Export NA,,,,,,,Export NA,,,,,,,,,,,,,,,,Others,Others,,
Kotak Nifty 200 Momentum 30 ETF,MOMENTUM30,,MOMENTUM30,INF174KA1XS6,Others,Others,29.96,29.96,,,Export NA,,,,,,,Export NA,,,,,,,,,,,,,,,,Others,Others,,
Kotak Nifty 50 ETF,NIFTY1,537708,NIFTY1,INF174K014P6,Others,Others,258.23,258.23,,,Export NA,,,,,,,Export NA,,,,,,,,,,,,,,,,Others,Others,,
Kotak Nifty 50 value 20 ETF,NV20,,NV20,INF174KA1ZE1,Others,Others,13.92,13.92,,,Export NA,,,,,,,Export NA,,,,,,,,,,,,,,,,Others,Others,,
Kotak Nifty Alpha 50 ETF,ALPHA,590154,ALPHA,INF174KA1IA5,Others,Others,48.76,48.76,,,Export NA,,,,,,,Export NA,,,,,,,,,,,,,,,,Others,Others,,
Kotak Nifty Bank ETF,BANKNIFTY1,590136,BANKNIFTY1,INF174KA1ZB7,Others,Others,55.41,55.41,,,Export NA,,,,,,,Export NA,,,,,,,,,,,,,,,,Others,Others,,
Kotak Nifty Chemicals ETF,CHEMICAL,,CHEMICAL,INF174KA1XV0,Others,Others,28.74,28.74,,,Export NA,,,,,,,Export NA,,,,,,,,,,,,,,,,Others,Others,,
Kotak Nifty IT ETF,IT,,IT,INF174KA1GC5,Others,Others,31.17,31.17,,,Export NA,,,,,,,Export NA,,,,,,,,,,,,,,,,Others,Others,,
Kotak Nifty India Consumption ETF,CONS,,CONS,INF174KA1ZF8,Others,Others,11.46,11.46,,,Export NA,,,,,,,Export NA,,,,,,,,,,,,,,,,Others,Others,,
Kotak Nifty MNC ETF,MNC,,MNC,INF174KA1JF2,Others,Others,32.3,32.3,,,Export NA,,,,,,,Export NA,,,,,,,,,,,,,,,,Others,Others,,
Kotak Nifty Midcap 150 ETF,MID150,,MID150,INF174KA1VW2,Others,Others,22.34,22.34,,,Export NA,,,,,,,Export NA,,,,,,,,,,,,,,,,Others,Others,,
Kotak Nifty Midcap 50 ETF,MIDCAP,,MIDCAP,INF174KA1ZC5,Others,Others,17.42,17.42,,,Export NA,,,,,,,Export NA,,,,,,,,,,,,,,,,Others,Others,,
Kotak Nifty Next 50 ETF,NEXT50ETF,,NEXT50ETF,INF174KA1YO3,Others,Others,69.13,69.13,,,Export NA,,,,,,,Export NA,,,,,,,,,,,,,,,,Others,Others,,
Kotak Nifty PSU Bank ETF,PSUBANK,590107,PSUBANK,INF373I01023,Others,Banking and Finance,805.76,805.76,,,Export NA,,,,22.6,,,Export NA,2.78,,,,6.23,,,,,16.76,,,4.85,,,Banking and Finance,Others,,
Kotak Nifty200 Quality 30 ETF,QUALITY30,,QUALITY30,INF174KA1WT6,Others,Others,20.43,20.43,,,Export NA,,,,,,,Export NA,,,,,,,,,,,,,,,,Others,Others,,
Kotak Silver ETF,SILVER1,140518043,SILVER1,INF174KA1ZD3,Others,Others,25.54,25.54,,,Export NA,,,,,,,Export NA,,,,,,,,,,,,,,,,Others,Others,,
Kothari Industrial Corporation Ltd.,,509732,KOTIC,INE972A01020,Fertilizers,Fertilizers,178.1,178.1,1903.72,-112.31,Export NA,,,,20.68,20.68,-12.21,Export NA,7.54,7.54,6.9,,16.07,16.07,-1.59,9.2,-10.17,478.71,478.71,-8.08,243.93,243.93,2,Fertilizers,Fertilizers,2025-12-31,2026-02-14
Kothari Petrochemicals Ltd.,KOTHARIPET,532096,KOTHARIPET,INE720A01015,Petrochemicals,Chemicals & Petrochemicals,139.01,139.01,818.02,11.28,Export NA,14.42,14.9,35.76,42.23,34.32,1.11,Export NA,3.64,0.5,2.31,57.92,6.18,3.98,12.32,10.14,19.47,13.61,10.55,16.4,9.15,6.82,7,Chemicals & Petrochemicals,Petrochemicals,2026-03-31,2026-05-05
Kothari Products Ltd.,KOTHARIPRO,530299,KOTHARIPRO,INE823A01017,Commodity Trading  & Distribution,Commercial Services & Supplies,71.87,71.87,428.98,10.25,Export NA,14.33,30.45,39.29,31.83,33.18,0.07,Export NA,2.32,1.21,0.38,59.75,5.75,5.32,7.01,145.09,-8.69,13.46,12.19,-6.36,6.61,4.31,1,Commercial Services & Supplies,Commodity Trading  & Distribution,2025-12-31,2026-05-29
Kothari Sugars & Chemicals Ltd.,KOTARISUG,507190,KOTARISUG,INE419A01022,Sugar,"Food, Beverages & Tobacco",26.32,26.32,218.16,33,Export NA,20.24,15.15,85.15,28.35,27.86,-0.9,Export NA,1.73,1.26,0.74,35.08,8.04,2.67,0.8,-36.59,2.23,26.28,9.03,1.48,19.55,4.86,3,"Food, Beverages & Tobacco",Sugar,2026-03-31,2026-05-04
Kotyark Industries Ltd.,KOTYARK,544726,KOTYARK,INE0J0B01017,Utilities:Non-Electrical,Utilities,415.05,415.05,426.63,,Export NA,44.55,,,24.91,15.47,,Export NA,27.85,426.35,2.86,41,5.52,5.02,,,10.38,14.21,14.06,7.2,5.38,8.44,6,Utilities,Utilities:Non-Electrical,2026-03-31,2026-04-27
Kovai Medical Center and Hospital Ltd.,,523323,KOVAI,INE177F01017,Healthcare Services,Healthcare,5407.4,5407.4,5916.94,25.09,Export NA,30.71,26.32,75.96,64.81,49.79,1.76,Export NA,6.11,5.33,4.71,54.08,9.5,10.34,215.5,14.23,19.23,14.74,19.47,11.6,8.39,13.06,5,Healthcare,Healthcare Services,2025-12-31,2026-05-22
Krebs Biochemicals & Industries Ltd.,KREBSBIO,524518,KREBSBIO,INE268B01013,Pharmaceuticals,Pharmaceuticals & Biotechnology,58.89,58.89,126.97,-5.55,Export NA,-7.35,-6.89,,42.18,42.23,-0.82,Export NA,2.39,2.39,-0.79,,7.57,7.72,-10.6,6.75,0,17.72,18.15,-15.93,11.9,12.17,1,Pharmaceuticals & Biotechnology,Pharmaceuticals,2025-12-31,2026-05-21
Kridhan Infra Ltd.,KRIDHANINF,533482,KRIDHANINF,INE524L01026,Construction & Engineering,Cement and Construction,3.28,3.28,32.66,5.08,Export NA,0.52,0.52,30.22,35.74,31.41,0.05,Export NA,3.26,5.1,-0.12,,4.05,4.95,0.65,104.87,-25.52,11.25,12.93,273.46,4.61,4.29,7,Cement and Construction,Construction & Engineering,2025-12-31,2026-02-14
Krishana Phoschem Ltd.,KRISHANA,,KRISHANA,INE506W01012,Fertilizers,Fertilizers,681.85,681.85,4215.71,23.4,Export NA,34.18,40.08,46.68,20.68,20.68,0.22,Export NA,7.54,7.54,8.82,97.71,16.07,16.07,29.14,108.17,32.12,478.71,478.71,10.97,243.93,243.93,5,Fertilizers,Fertilizers,2026-03-31,2026-04-08
Krishca Strapping Solutions Ltd,KRISHCA,,KRISHCA,INE0NR701018,Industrial Machinery,General Industrials,168.8,168.8,251.34,21.65,Export NA,,,17.47,58.9,58.76,,Export NA,5.74,4.45,2.38,,14.56,20.55,7.8,,11.32,19.77,24.18,7.24,10.29,13.59,3,General Industrials,Industrial Machinery,2025-03-31,2025-11-14
Krishival Foods Ltd Partly Paidup,KRISHPP,890232,KRISHPP,IN90GGO01013,Others,Others,111.25,111.25,,,Export NA,,,,,,,Export NA,,,,,,,,,,,,,,,,Others,Others,,
Krishival Foods Ltd.,KRISHIVAL,544416,KRISHIVAL,INE0GGO01015,Other Food & Beverages,"Food, Beverages & Tobacco",368.6,368.6,864.8,40.02,Export NA,,,61.74,28.35,46.65,-37.77,Export NA,1.73,2.98,5.68,58.62,8.04,15.04,9.21,-1.06,11.15,26.28,15.61,8.58,19.55,11.14,3,"Food, Beverages & Tobacco",Other Food & Beverages,2026-03-31,2026-05-04
Krishna Defence and Allied Industries Ltd.,KRISHNADEF,,KRISHNADEF,INE0J5601015,Aerospace & Defence,General Industrials,1154,1154,1723.31,48.01,Export NA,,,67.48,58.9,50.58,,Export NA,5.74,8.98,9.59,75.78,14.56,11.27,24.04,,16.85,19.77,23.04,13.57,10.29,9.53,4,General Industrials,Aerospace & Defence,2025-12-31,2026-02-14
Krishna Institute of Medical Sciences Ltd.,KIMS,543308,KIMS,INE967H01025,Healthcare Facilities,Healthcare,750.1,750.1,30014.42,99.82,Export NA,68.34,53.88,99.92,64.81,71.3,-7.32,Export NA,6.11,6.58,12.92,90.72,9.5,9.54,7.51,-13.63,17.98,14.74,13.76,6.7,8.39,7.2,4,Healthcare,Healthcare Facilities,2025-12-31,2026-05-15
Kriti Industries (India) Ltd.,KRITI,526423,KRITI,INE479D01038,Plastic Products,General Industrials,83.5,83.5,440.01,389.57,Export NA,50.66,38.97,99.58,58.9,35.79,3.08,Export NA,5.74,3.64,2.02,33.95,14.56,7.73,0.21,126.42,0.5,19.77,14.6,0.23,10.29,10.46,7,General Industrials,Plastic Products,2026-03-31,2026-05-05
Kriti Nutrients Ltd.,KRITINUT,533210,KRITINUT,INE798K01010,Edible Oils,FMCG,88.1,88.1,441.41,13.02,Export NA,12.44,18.03,74.19,49.72,28.58,,Export NA,14.09,1.07,1.86,24.11,20.61,3.55,6.77,,14.79,37.93,10.93,12.43,19.27,6.19,6,FMCG,Edible Oils,2026-03-31,2026-05-05
Kritika Wires Ltd.,KRITIKA,,KRITIKA,INE00Z501029,Iron & Steel Products,Metals & Mining,6.12,6.12,162.96,21.61,Export NA,30.32,30.82,24.57,23.8,30.63,-0.6,Export NA,1.11,1.79,1.65,34.24,5.3,6.46,0.28,-36.1,10.73,19.76,18.83,5.64,9.83,10.86,4,Metals & Mining,Iron & Steel Products,2025-12-31,2026-05-14
Kronox Lab Sciences Ltd.,KRONOX,544187,KRONOX,INE0ATZ01017,Specialty Chemicals,Chemicals & Petrochemicals,132.23,132.23,490.63,18.97,Export NA,,,13.89,42.23,47.85,5.76,Export NA,3.64,2.93,4.54,1.26,6.18,7.62,6.97,3.3,28.26,13.61,14.82,25.76,9.15,10.12,6,Chemicals & Petrochemicals,Specialty Chemicals,2025-12-31,2026-02-14
Kross Ltd.,KROSS,544253,KROSS,INE0O6601022,Auto Parts & Equipment,Automobiles & Auto Components,203.08,203.08,1310.06,26.25,Export NA,,,72.55,32.11,41.7,3.59,Export NA,5.07,3.31,2.8,29.17,6.96,6.81,7.74,7.32,11.05,19.05,15.01,8.37,9.43,7.82,4,Automobiles & Auto Components,Auto Parts & Equipment,2025-12-31,2026-05-12
Krsnaa Diagnostics Ltd.,KRSNAA,543328,KRSNAA,INE08LI01020,Healthcare Services,Healthcare,587,587,1904.15,23.69,Export NA,36.58,32.23,10.24,64.81,49.79,3.79,Export NA,6.11,5.33,2.03,5.92,9.5,10.34,24.78,6.25,8.79,14.74,19.47,6.05,8.39,13.06,5,Healthcare,Healthcare Services,2025-12-31,2026-02-05
Krystal Integrated Services Ltd.,KRYSTAL,544149,KRYSTAL,INE0QN801017,Misc. Commercial Services,Commercial Services & Supplies,621.4,621.4,868.22,15.66,Export NA,,,9.68,31.83,27.25,0.58,Export NA,2.32,0.82,1.81,19.73,5.75,5.02,39.69,26.8,12.89,13.46,17.32,7.64,6.61,12.13,7,Commercial Services & Supplies,Misc. Commercial Services,2026-03-31,2026-05-07
Kshitij Polyline Ltd.,KSHITIJPOL,,KSHITIJPOL,INE013801027,Commodity Printing/Stationery,Commercial Services & Supplies,4.56,4.56,70.34,18.79,Export NA,38.73,74.03,21.87,31.83,53.23,0.12,Export NA,2.32,4.71,1.17,38.15,5.75,9.52,0.24,154.73,6.14,13.46,17.49,4.35,6.61,11.86,4,Commercial Services & Supplies,Commodity Printing/Stationery,2026-03-31,2026-04-24
Ksolves India Ltd.,KSOLVES,543599,KSOLVES,INE0D6I01023,IT Consulting & Software,Software & Services,278.4,278.4,660.14,19.23,Export NA,28.55,34.41,16.34,22.39,21.42,3143.34,Export NA,10.02,10.72,15.35,30.72,6.84,6.86,14.47,0.01,116.83,28.07,30.42,55.32,17.17,18.42,4,Software & Services,IT Consulting & Software,2026-03-31,2026-04-30
Kuantum Papers Ltd.,KUANTUM,532937,KUANTUM,INE529I01021,Paper & Paper Products,Commercial Services & Supplies,76.85,76.85,670.62,12.48,Export NA,7.19,24.21,82.59,31.83,22.88,-0.22,Export NA,2.32,0.52,0.55,18.79,5.75,4.07,6.16,-56.3,9.49,13.46,8.09,5.45,6.61,4.93,3,Commercial Services & Supplies,Paper & Paper Products,2025-12-31,2026-02-07
Kundan Edifice Ltd.,KEL,,KEL,INE0OWX01025,Other Electrical Equipment/Products,Consumer Durables,92,92,94.5,12.02,Export NA,,,,49.58,41.19,,Export NA,1.45,1.34,2.11,,9.42,8.51,7.65,,19.48,20.69,21.67,9.69,10.95,11.03,4,Consumer Durables,Other Electrical Equipment/Products,2025-03-31,2025-11-14
Kwality Pharmaceuticals Ltd.,,539997,KPL,INE552U01010,Pharmaceuticals,Pharmaceuticals & Biotechnology,1675.7,1675.7,1738.74,30.75,Export NA,29.45,20.41,77.88,42.18,42.23,0.34,Export NA,2.39,2.39,5.68,88.97,7.57,7.72,54.49,90.24,15.13,17.72,18.15,8.9,11.9,12.17,9,Pharmaceuticals & Biotechnology,Pharmaceuticals,2025-12-31,2026-05-19
Kwality Wall's (India) Ltd.,KWIL,544622,KWIL,INE2KCE01013,Packaged Foods,FMCG,28.03,28.03,6585.9,,Export NA,,,,49.72,67.64,,Export NA,14.09,6.77,120.66,100,20.61,37.36,,,-0.96,37.93,51.25,-0.95,19.27,22.23,1,FMCG,Packaged Foods,2025-12-31,2026-03-06
L&T Finance Ltd.,LTF,533519,LTF,INE498L01015,Finance (including NBFCs),Banking and Finance,280.65,280.65,70315.47,23.59,Export NA,20.14,20.04,88.7,22.6,26.34,1.85,Export NA,2.78,2.13,2.59,81.63,6.23,3.86,11.9,12.77,10.65,16.76,13.65,2.09,4.85,6.73,3,Banking and Finance,Finance (including NBFCs),2026-03-31,2026-04-24
L&T Technology Services Ltd.,LTTS,540115,LTTS,INE010V01017,IT Consulting & Software,Software & Services,3603.7,3603.7,38200.08,29.86,Export NA,37.6,39.09,44.61,22.39,21.42,30.51,Export NA,10.02,10.72,5.88,16.28,6.84,6.86,120.67,0.98,19.76,28.07,30.42,12.19,17.17,18.42,6,Software & Services,IT Consulting & Software,2026-03-31,2026-04-22
LCC Infotech Ltd.,LCCINFOTEC,532019,LCCINFOTEC,INE938A01021,Education,Diversified Consumer Services,5.31,5.31,89.52,-74.13,Export NA,-34.48,-40.93,,33.62,20.12,-0.77,Export NA,3.59,2.38,10.1,78,10.95,20.81,-0.07,96.73,-321.86,22.55,17.9,-42.04,11.12,11.62,3,Diversified Consumer Services,Education,2025-12-31,2026-02-13
LE Travenues Technology Ltd.,IXIGO,544192,IXIGO,INE0HV901016,Travel Support Services,Diversified Consumer Services,156.8,156.8,6870.72,120.78,Export NA,,,65.32,33.62,32.03,14.32,Export NA,3.59,3.35,9.59,,10.95,8.05,1.3,8.44,9.49,22.55,27.51,6.64,11.12,14.18,6,Diversified Consumer Services,Travel Support Services,2025-12-31,2026-05-21
LG Balakrishnan & Bros Ltd.,LGBBROSLTD,500250,LGBBROSLTD,INE337A01034,Auto Parts & Equipment,Automobiles & Auto Components,1675.5,1675.5,5343.57,16.76,Export NA,15.74,13.49,93.66,32.11,41.7,3.04,Export NA,5.07,3.31,2.56,83.27,6.96,6.81,99.95,5.51,14.8,19.05,15.01,10.64,9.43,7.82,6,Automobiles & Auto Components,Auto Parts & Equipment,2026-03-31,2026-05-02
LG Electronics India Ltd.,LGEINDIA,544576,LGEINDIA,INE324D01010,Consumer Electronics,Consumer Durables,1495.3,1495.3,101496.84,58.1,Export NA,,,58.57,49.58,57.15,,Export NA,1.45,1.69,14.58,,9.42,10.85,25.74,,36.9,20.69,24.42,19.13,10.95,9.83,6,Consumer Durables,Consumer Electronics,2025-12-31,2026-02-11
LIC Housing Finance Ltd.,LICHSGFIN,500253,LICHSGFIN,INE115A01026,Housing Finance,Banking and Finance,567.65,567.65,31224.33,5.69,Export NA,6.5,7.74,14.53,22.6,18.02,0.88,Export NA,2.78,0.99,0.78,7.14,6.23,2.32,99.71,6.48,14.97,16.76,13.46,1.73,4.85,3.64,5,Banking and Finance,Housing Finance,2025-12-31,2026-05-13
LIC MF Exchange Traded Fund - NIfty 50 - Growth,LICNETFN50,539480,LICNETFN50,INF767K01OS7,Others,Others,260.5,260.5,,,Export NA,,,,,,,Export NA,,,,,,,,,,,,,,,,Others,Others,,
LIC MF Exchange Traded Fund - Nifty 100,LICNFNHGP,539784,LICNFNHGP,INF767K01PC8,Others,Others,265,265,,,Export NA,,,,,,,Export NA,,,,,,,,,,,,,,,,Others,Others,,
LIC MF Exchange Traded Fund - Sensex,LICNETFSEN,539487,LICNETFSEN,INF767K01OT5,Others,Others,838.71,838.71,,,Export NA,,,,,,,Export NA,,,,,,,,,,,,,,,,Others,Others,,
LIC MF Gold Exchange Traded Fund,LICMFGOLD,533719,LICMFGOLD,INF767K01SM1,Others,Others,135.85,135.85,,,Export NA,,,,,,,Export NA,,,,,,,,,,,,,,,,Others,Others,,
LIC MF Nifty Midcap 100 ETF,LICNMID100,544123,LICNMID100,INF767K01RN1,Others,Others,60.52,60.52,,,Export NA,,,,,,,Export NA,,,,,,,,,,,,,,,,Others,Others,,
LIC NOMURA MF G-Sec Long Term ETF - Growth Option,LICNETFGSC,,LICNETFGSC,INF767K01MV5,Others,Others,28.53,28.53,,,Export NA,,,,,,,Export NA,,,,,,,,,,,,,,,,Others,Others,,
LMW Ltd.,LMW,500252,LMW,INE269B01029,Industrial Machinery,General Industrials,14409,14409,15393.13,134,Export NA,105.03,78.77,71.94,58.9,58.76,-27.47,Export NA,5.74,4.45,5.41,65.45,14.56,20.55,107.53,-4.88,3.69,19.77,24.18,2.56,10.29,13.59,6,General Industrials,Industrial Machinery,2025-12-31,2026-05-20
LT Foods Ltd.,LTFOODS,532783,LTFOODS,INE818H01020,Other Agricultural Products,"Food, Beverages & Tobacco",405.5,405.5,14081.11,21.66,Export NA,21.78,17.52,89.21,28.35,21.91,2.27,Export NA,1.73,1.77,3.24,82.72,8.04,3.56,18.72,9.54,15.7,26.28,16.12,8.15,19.55,8.43,4,"Food, Beverages & Tobacco",Other Agricultural Products,2025-12-31,2026-05-14
LTM Ltd.,LTM,540005,LTM,INE214T01019,IT Consulting & Software,Software & Services,4143.8,4143.8,122913.93,24.49,Export NA,34.55,38.47,40.4,22.39,21.42,2.69,Export NA,10.02,10.72,5.05,6.18,6.84,6.86,169.18,9.12,20.88,28.07,30.42,13.49,17.17,18.42,5,Software & Services,IT Consulting & Software,2026-03-31,2026-04-23
La Opala RG Ltd.,LAOPALA,526947,LAOPALA,INE059D01020,Houseware,Consumer Durables,174.74,174.74,1939.61,19.05,Export NA,26.43,32.91,2.08,49.58,32.11,2.47,Export NA,1.45,3.2,2.35,0.24,9.42,5.53,9.17,7.7,11.71,20.69,17.23,10.71,10.95,12.51,6,Consumer Durables,Houseware,2025-12-31,2026-02-14
Lagnam Spintex Ltd.,LAGNAM,,LAGNAM,INE548Z01017,Textiles,Textiles Apparels & Accessories,84.09,84.09,148.58,10.33,Export NA,13.43,11.21,51.63,53.79,32.96,0.86,Export NA,2.24,6.53,1.17,34,15.41,3.67,8.14,11.94,10.63,22.86,11.51,2.51,8.26,7.43,7,Textiles Apparels & Accessories,Textiles,2026-03-31,2026-05-08
Lahoti Overseas Ltd.,,531842,LAHOTIOV,INE515C01023,Commodity Trading  & Distribution,Commercial Services & Supplies,45.94,45.94,134.01,7.84,Export NA,10.43,8.09,64.53,31.83,33.18,0.07,Export NA,2.32,1.21,0.63,69.51,5.75,5.32,5.86,114.31,6.53,13.46,12.19,5.65,6.61,4.31,9,Commercial Services & Supplies,Commodity Trading  & Distribution,2025-12-31,2026-02-13
Lakshmi Finance & Industrial Corporation Ltd.,LFIC,,LFIC,INE850E01012,Finance (including NBFCs),Banking and Finance,144.7,144.7,43.41,35.77,Export NA,10.99,27.18,89.59,22.6,26.34,-0.42,Export NA,2.78,2.13,0.7,61.8,6.23,3.86,4.05,-85.07,6.08,16.76,13.65,5.82,4.85,6.73,3,Banking and Finance,Finance (including NBFCs),2025-12-31,2026-02-11
Lakshmi Precision Screws Ltd.,LAKPRE,506079,LAKPRE,INE651C01018,Iron & Steel Products,Metals & Mining,6.2,6.2,6.78,-0.2,Export NA,6.82,6.82,,23.8,30.63,-0.01,Export NA,1.11,1.79,0.29,,5.3,6.46,-30.31,24.45,-175.33,19.76,18.83,-8.9,9.83,10.86,3,Metals & Mining,Iron & Steel Products,2017-12-31,2018-03-13
Lakshya Powertech Ltd.,LAKSHYA,,LAKSHYA,INE0VZS01015,Construction & Engineering,Cement and Construction,144,144,145.21,9.19,Export NA,,,42.61,35.74,31.41,,Export NA,3.26,5.1,1.46,16.52,4.05,4.95,15.67,,16.93,11.25,12.93,10.44,4.61,4.29,3,Cement and Construction,Construction & Engineering,2025-03-31,2025-11-13
Lambodhara Textiles Ltd.,LAMBODHARA,590075,LAMBODHARA,INE112F01022,Textiles,Textiles Apparels & Accessories,105.42,105.42,109.4,13.52,Export NA,27.09,18.03,61.39,53.79,32.96,20.58,Export NA,2.24,6.53,0.88,22.46,15.41,3.67,7.8,0.66,6.22,22.86,11.51,3.52,8.26,7.43,9,Textiles Apparels & Accessories,Textiles,2025-12-31,2026-01-31
Lamosaic India Ltd.,LAMOSAIC,,LAMOSAIC,INE0R0201012,Forest Products,Forest Materials,22.15,22.15,22.9,9.24,Export NA,,,,57.43,59.25,,Export NA,6.14,6.55,1.25,100,5.86,6.15,2.4,,3.18,9.16,9.21,2.16,5.7,5.64,4,Forest Materials,Forest Products,2025-03-31,2026-02-04
Lancor Holdings Ltd.,LANCORHOL,509048,LANCORHOL,INE572G01025,Realty,Realty,24.33,24.33,178.95,-69.51,Export NA,40,40,,37.63,37.32,0.52,Export NA,1.72,1.77,0.91,68.28,3.69,4.38,-0.35,-133.7,2.38,10.17,11.27,1.1,4.54,5.37,3,Realty,Realty,2025-12-31,2026-02-12
Landmark Cars Ltd.,LANDMARK,543714,LANDMARK,INE559R01029,Specialty Retail,Retailing,371.85,371.85,1541.87,65.06,Export NA,,,29.22,78.39,54.96,-11.73,Export NA,6.4,18.36,2.68,0.48,19.94,7.79,5.72,-5.55,2.87,10.74,13.46,0.84,6.91,6.43,4,Retailing,Specialty Retail,2025-12-31,2026-02-10
Landmark Property Development Company Ltd.,LPDC,533012,LPDC,INE197J01017,Realty,Realty,7.4,7.4,99.27,585.44,Export NA,,,96.48,37.63,37.32,5.79,Export NA,1.72,1.77,2.47,86.99,3.69,4.38,0.01,101.08,-9.31,10.17,11.27,-9.21,4.54,5.37,4,Realty,Realty,2025-12-31,2026-01-29
Landsmill Green Ltd.,LANDSMILL,533090,LANDSMILL,INE688J01023,Realty,Realty,0.9,0.9,126.96,-119.36,Export NA,182.09,182.09,,37.63,37.32,0.86,Export NA,1.72,1.77,0.73,79.27,3.69,4.38,-0.01,-138.28,0.39,10.17,11.27,0.38,4.54,5.37,3,Realty,Realty,2025-12-31,2026-01-29
Larsen & Toubro Ltd.,LT,500510,LT,INE018A01030,Construction & Engineering,Cement and Construction,3856.5,3856.5,542499.41,33.73,Export NA,36.59,35.82,82.59,35.74,31.41,4.84,Export NA,3.26,5.1,5.16,94.47,4.05,4.95,114.34,6.96,14.71,11.25,12.93,3.55,4.61,4.29,5,Cement and Construction,Construction & Engineering,2026-03-31,2026-05-05
Lasa Supergenerics Ltd.,LASA,540702,LASA,INE670X01014,Pharmaceuticals,Pharmaceuticals & Biotechnology,8.01,8.01,40.13,-0.91,Export NA,,,,42.18,42.23,0.01,Export NA,2.39,2.39,0.75,41.37,7.57,7.72,-8.83,-180.45,-17.62,17.72,18.15,-14.53,11.9,12.17,4,Pharmaceuticals & Biotechnology,Pharmaceuticals,2025-12-31,2026-02-13
Latent View Analytics Ltd.,LATENTVIEW,543398,LATENTVIEW,INE0I7C01011,Data Processing Services,Software & Services,294.35,294.35,6090.84,30.63,Export NA,54.4,,1.63,22.39,39.89,1.54,Export NA,10.02,26.2,3.63,11.65,6.84,12.24,9.61,19.83,11.61,28.07,29.81,9.73,17.17,21.97,5,Software & Services,Data Processing Services,2025-12-31,2026-05-04
Latteys Industries Ltd.,LATTEYS,,LATTEYS,INE262Z01023,Compressors & Pumps,General Industrials,26.63,26.63,153.11,57.5,Export NA,95.64,93.36,22.29,58.9,41.93,0.89,Export NA,5.74,12.75,7.55,58.21,14.56,9.18,0.46,64.6,8.9,19.77,25.94,3.9,10.29,15.1,8,General Industrials,Compressors & Pumps,2025-12-31,2026-02-13
Laurus Labs Ltd.,LAURUSLABS,540222,LAURUSLABS,INE947Q01028,Pharmaceuticals,Pharmaceuticals & Biotechnology,1268,1268,68453.82,77.02,Export NA,145.39,88.21,79.01,42.18,42.23,0.52,Export NA,2.39,2.39,13.53,98.06,7.57,7.72,16.46,148.04,16.76,17.72,18.15,8.45,11.9,12.17,8,Pharmaceuticals & Biotechnology,Pharmaceuticals,2026-03-31,2026-04-30
Laxmi Cotspin Ltd.,LAXMICOT,,LAXMICOT,INE801V01019,Textiles,Textiles Apparels & Accessories,14.16,14.16,24.28,3.16,Export NA,14.65,13.99,11.76,53.79,32.96,0,Export NA,2.24,6.53,0.39,,15.41,3.67,4.48,3463.03,0.9,22.86,11.51,0.38,8.26,7.43,7,Textiles Apparels & Accessories,Textiles,2025-12-31,2026-02-13
Laxmi Dental Ltd.,LAXMIDENTL,544339,LAXMIDENTL,INE0WO601020,Healthcare Supplies,Healthcare,204.03,204.03,1121.39,48.38,Export NA,,,26.09,64.81,48.56,-1.43,Export NA,6.11,3.15,4.87,33.85,9.5,5.43,4.22,-33.76,15.23,14.74,11.01,11.16,8.39,8.34,5,Healthcare,Healthcare Supplies,2025-12-31,2026-02-10
Laxmi Goldorna House Ltd.,LGHL,,LGHL,INE258Y01016,Gems & Jewellery,Textiles Apparels & Accessories,241.55,241.55,1209.99,124.2,Export NA,356.61,,64.33,53.79,63.43,-3.92,Export NA,2.24,1.24,11.28,47.62,15.41,20.78,1.94,-31.68,16.25,22.86,28.31,6.62,8.26,8.05,3,Textiles Apparels & Accessories,Gems & Jewellery,2025-12-31,2026-02-13
Laxmi India Finance Ltd.,LAXMIINDIA,544465,LAXMIINDIA,INE06WU01026,Finance (including NBFCs),Banking and Finance,131.74,131.74,688.58,15.72,Export NA,,,55.08,22.6,26.34,,Export NA,2.78,2.13,1.55,19.79,6.23,3.86,8.38,,13.96,16.76,13.65,2.54,4.85,6.73,4,Banking and Finance,Finance (including NBFCs),2025-12-31,2026-05-13
Laxmi Organic Industries Ltd.,LXCHEM,543277,LXCHEM,INE576O01020,Specialty Chemicals,Chemicals & Petrochemicals,155.59,155.59,4313.14,54.21,Export NA,49.81,48.4,54.14,42.23,47.85,-1.31,Export NA,3.64,2.93,2.21,7.57,6.18,7.62,2.87,-41.51,5.95,13.61,14.82,3.72,9.15,10.12,3,Chemicals & Petrochemicals,Specialty Chemicals,2025-12-31,2026-05-21
Le Merite Exports Ltd.,LEMERITE,,LEMERITE,INE0G1L01017,Textiles,Textiles Apparels & Accessories,437.9,437.9,1096.22,179.76,Export NA,,,59.54,53.79,32.96,,Export NA,2.24,6.53,8.81,76.77,15.41,3.67,2.44,,5.35,22.86,11.51,2.56,8.26,7.43,4,Textiles Apparels & Accessories,Textiles,2025-12-31,2026-02-13
Lead Reclaim and Rubber Products Ltd.,LRRPL,,LRRPL,INE0H4B01011,Auto Tyres & Rubber Products,Automobiles & Auto Components,78.5,78.5,67.83,46.46,Export NA,,,25.78,32.11,25.9,,Export NA,5.07,0.9,3.22,54.22,6.96,2.87,1.69,,7.27,19.05,10.97,5.03,9.43,6.34,3,Automobiles & Auto Components,Auto Tyres & Rubber Products,2025-03-31,2025-11-14
Leela Palaces Hotels & Resorts Ltd.,THELEELA,544408,THELEELA,INE0AQ201015,Hotels,Hotels Restaurants & Tourism,411.2,411.2,13732.35,34.06,Export NA,,,,44.23,40.73,0.05,Export NA,3.41,2.69,2.18,0.43,8.2,7.29,12.07,742.9,6.29,12.41,12.19,4.51,7.26,7.71,7,Hotels Restaurants & Tourism,Hotels,2026-03-31,2026-04-28
Lemon Tree Hotels Ltd.,LEMONTREE,541233,LEMONTREE,INE970X01018,Hotels,Hotels Restaurants & Tourism,111.88,111.88,8863.65,40.24,Export NA,64.88,68.64,4.1,44.23,40.73,1.74,Export NA,3.41,2.69,6.72,70.19,8.2,7.29,2.78,23.1,16.89,12.41,12.19,4.81,7.26,7.71,7,Hotels Restaurants & Tourism,Hotels,2025-12-31,2026-02-06
Lenskart Solutions Ltd.,LENSKART,544600,LENSKART,INE956O01016,Other Apparels & Accessories,Textiles Apparels & Accessories,475.95,475.95,82644.72,,Export NA,,,,53.79,43.2,,Export NA,2.24,2.85,12.37,100,15.41,13.14,,,4.98,22.86,20.14,2.82,8.26,9.64,3,Textiles Apparels & Accessories,Other Apparels & Accessories,2025-12-31,2026-05-20
Lexus Granito (India) Ltd.,LEXUS,,LEXUS,INE500X01013,Ceramics,Consumer Durables,19.15,19.15,39.81,17.92,Export NA,37.9,37.9,9.02,49.58,39.85,0.15,Export NA,1.45,0.57,2.28,17.8,9.42,5.24,1.07,116.2,-115.32,20.69,13.28,-4.11,10.95,9.81,2,Consumer Durables,Ceramics,2025-12-31,2026-02-14
Libas Consumer Products Ltd.,LIBAS,,LIBAS,INE908V01012,Other Apparels & Accessories,Textiles Apparels & Accessories,12.06,12.06,31.77,20.21,Export NA,10.35,8.26,90.45,53.79,43.2,-0.27,Export NA,2.24,2.85,0.38,7.42,15.41,13.14,0.6,-73.72,3.23,22.86,20.14,2.37,8.26,9.64,7,Textiles Apparels & Accessories,Other Apparels & Accessories,2025-12-31,2026-02-13
Liberty Shoes Ltd.,LIBERTSHOE,526596,LIBERTSHOE,INE557B01019,Footwear,Retailing,238.3,238.3,406.06,35.31,Export NA,51.9,76.53,53.77,78.39,57.67,-3.18,Export NA,6.4,2.03,1.78,37.38,19.94,9.86,6.75,-11.12,6.09,10.74,18.49,2.73,6.91,9.08,7,Retailing,Footwear,2025-12-31,2026-02-13
Life Insurance Corporation of India,LICI,543526,LICI,INE0J1Y01017,Life Insurance,Banking and Finance,780.75,780.75,493824.2,9.31,Export NA,12.92,,6.98,22.6,37.15,0.4,Export NA,2.78,8.98,3.22,1.01,6.23,5.97,83.83,23.13,37.98,16.76,24.95,0.85,4.85,0.65,6,Banking and Finance,Life Insurance,2025-12-31,2026-02-05
Likhitha Infrastructure Ltd.,LIKHITHA,543240,LIKHITHA,INE060901027,Construction & Engineering,Cement and Construction,209.36,209.36,825.93,15.82,Export NA,17.13,17.12,47.47,35.74,31.41,-0.63,Export NA,3.26,5.1,2.03,6.36,4.05,4.95,13.23,-25.25,18.58,11.25,12.93,16.28,4.61,4.29,5,Cement and Construction,Construction & Engineering,2025-12-31,2026-02-13
Linc Ltd.,LINC,531241,LINC,INE802B01027,Commodity Printing/Stationery,Commercial Services & Supplies,99.06,99.06,589.3,17.14,Export NA,18.91,35.56,20.95,31.83,53.23,-2.07,Export NA,2.32,4.71,2.37,18.33,5.75,9.52,5.78,-8.28,16.21,13.46,17.49,11.15,6.61,11.86,7,Commercial Services & Supplies,Commodity Printing/Stationery,2025-12-31,2026-02-11
Lincoln Pharmaceuticals Ltd.,LINCOLN,531633,LINCOLN,INE405C01035,Pharmaceuticals,Pharmaceuticals & Biotechnology,669.55,669.55,1341.09,15.27,Export NA,13.82,13.98,85.09,42.18,42.23,-8.89,Export NA,2.39,2.39,1.8,47.01,7.57,7.72,43.85,-1.72,12.25,17.72,18.15,10.33,11.9,12.17,5,Pharmaceuticals & Biotechnology,Pharmaceuticals,2025-12-31,2026-02-12
Linde India Ltd.,LINDEINDIA,523457,LINDEINDIA,INE473A01011,Industrial Gases,General Industrials,7455,7455,63579.37,107.77,Export NA,132.95,102.46,63.66,58.9,32.76,3.22,Export NA,5.74,3.26,15.36,83.3,14.56,14.66,69.17,33.51,11.9,19.77,12.37,8.84,10.29,8.89,6,General Industrials,Industrial Gases,2025-12-31,2026-02-09
Lloyds Engineering Works Ltd.,LLOYDSENGG,539992,LLOYDSENGG,INE093R01011,Industrial Machinery,General Industrials,67.47,67.47,9713.39,51.16,Export NA,108.39,181.58,75.81,58.9,58.76,,Export NA,5.74,4.45,7.73,7.17,14.56,20.55,1.32,,11.36,19.77,24.18,8.01,10.29,13.59,3,General Industrials,Industrial Machinery,2026-03-31,2026-05-05
Lloyds Enterprises Ltd.,LLOYDSENT,512463,LLOYDSENT,INE080I01025,Commodity Trading  & Distribution,Commercial Services & Supplies,71,71,10723.68,37.83,Export NA,95.57,186.26,37.68,31.83,33.18,0.1,Export NA,2.32,1.21,3.2,85.78,5.75,5.32,1.88,396.5,6.84,13.46,12.19,3.94,6.61,4.31,3,Commercial Services & Supplies,Commodity Trading  & Distribution,2026-03-31,2026-05-08
Lloyds Luxuries Ltd.,LLOYDS,,LLOYDS,INE0DTQ01028,Special Consumer Services,Diversified Consumer Services,93.15,93.15,222.42,-6.47,Export NA,,,,33.62,39.07,,Export NA,3.59,4.51,6.8,98.5,10.95,11.75,-14.39,,-102,22.55,25.9,-81,11.12,3.02,3,Diversified Consumer Services,Special Consumer Services,2026-03-31,2026-04-16
Lloyds Metals & Energy Ltd.,LLOYDSME,512455,LLOYDSME,INE281B01032,Coal & Mining,Metals & Mining,1703.8,1703.8,95887.33,26.05,Export NA,45.62,2805.46,17.28,23.8,13.83,0.17,Export NA,1.11,3.11,10.9,64.42,5.3,4.81,65.4,153.87,26.53,19.76,23.55,8.83,9.83,10.77,3,Metals & Mining,Coal & Mining,2026-03-31,2026-05-05
Lodha Developers Ltd.,LODHA,543287,LODHA,INE670K01029,Realty,Realty,879.35,879.35,87846.97,25.62,Export NA,60.64,81.44,1.7,37.63,37.32,1.07,Export NA,1.72,1.77,3.95,23.27,3.69,4.38,34.32,24.02,14.72,10.17,11.27,5.81,4.54,5.37,6,Realty,Realty,2026-03-31,2026-04-24
Lokesh Machines Ltd.,LOKESHMACH,532740,LOKESHMACH,INE397H01017,Industrial Machinery,General Industrials,251.6,251.6,535.83,292.35,Export NA,419.73,236.36,97.45,58.9,58.76,-4.56,Export NA,5.74,4.45,2.35,87.94,14.56,20.55,0.86,-64.1,0.25,19.77,24.18,0.12,10.29,13.59,4,General Industrials,Industrial Machinery,2025-12-31,2026-02-13
Lords Chloro Alkali Ltd.,LORDSCHLO,500284,LORDSCHLO,INE846D01012,Commodity Chemicals,Chemicals & Petrochemicals,139.99,139.99,401.13,15.02,Export NA,76.23,26.77,58.09,42.23,39.75,0.02,Export NA,3.64,7.92,1.92,40.8,6.18,4.79,9.32,657.87,3.4,13.61,12.96,1.64,9.15,8.15,6,Chemicals & Petrochemicals,Commodity Chemicals,2025-12-31,2026-02-09
Lorenzini Apparels Ltd.,LAL,540952,LAL,INE740X01023,Other Apparels & Accessories,Textiles Apparels & Accessories,6.95,6.95,120.05,-38.89,Export NA,90.48,79.33,,53.79,43.2,0.31,Export NA,2.24,2.85,2.35,30.27,15.41,13.14,-0.18,-124.27,12.26,22.86,20.14,8.03,8.26,9.64,4,Textiles Apparels & Accessories,Other Apparels & Accessories,2025-12-31,2026-02-14
Lotus Eye Hospital and Institute Ltd.,LOTUSEYE,532998,LOTUSEYE,INE947I01017,Healthcare Facilities,Healthcare,114.66,114.66,238.45,365.61,Export NA,170.64,108.68,92.06,64.81,71.3,13.28,Export NA,6.11,6.58,3.95,96.4,9.5,9.54,0.31,27.53,1.23,14.74,13.76,1.06,8.39,7.2,5,Healthcare,Healthcare Facilities,2025-12-31,2026-02-11
Lovable Lingerie Ltd.,LOVABLE,533343,LOVABLE,INE597L01014,Other Apparels & Accessories,Textiles Apparels & Accessories,72.24,72.24,106.92,30.72,Export NA,69.89,52.72,38.27,53.79,43.2,0.16,Export NA,2.24,2.85,0.62,11.75,15.41,13.14,2.35,191.25,1,22.86,20.14,0.84,8.26,9.64,3,Textiles Apparels & Accessories,Other Apparels & Accessories,2025-12-31,2026-02-13
Loyal Textiles Mills Ltd.,LOYALTEX,514036,LOYALTEX,INE970D01010,Textiles,Textiles Apparels & Accessories,240,240,115.59,-95.53,Export NA,,11.59,,53.79,32.96,-0.97,Export NA,2.24,6.53,0.51,12.72,15.41,3.67,-2.51,98.84,-19.05,22.86,11.51,-6.08,8.26,7.43,3,Textiles Apparels & Accessories,Textiles,2025-12-31,2026-02-11
Lumax Auto Technologies Ltd.,LUMAXTECH,532796,LUMAXTECH,INE872H01027,Auto Parts & Equipment,Automobiles & Auto Components,1640,1640,11177.86,44.87,Export NA,38.3,31.8,96.65,32.11,41.7,0.86,Export NA,5.07,3.31,9.61,95.77,6.96,6.81,36.55,52.28,19.01,19.05,15.01,5.48,9.43,7.82,8,Automobiles & Auto Components,Auto Parts & Equipment,2025-12-31,2026-02-12
Lumax Industries Ltd.,LUMAXIND,517206,LUMAXIND,INE162B01018,Auto Parts & Equipment,Automobiles & Auto Components,5353,5353,5003.82,30.82,Export NA,25.67,26.55,78.09,32.11,41.7,1.34,Export NA,5.07,3.31,5.91,90,6.96,6.81,173.67,22.99,18.06,19.05,15.01,4.89,9.43,7.82,7,Automobiles & Auto Components,Auto Parts & Equipment,2025-12-31,2026-02-10
Lupin Ltd.,LUPIN,500257,LUPIN,INE326A01037,Pharmaceuticals,Pharmaceuticals & Biotechnology,2245.4,2245.4,102663.26,19.25,Export NA,36.95,63.95,0.67,42.18,42.23,0.31,Export NA,2.39,2.39,4.93,56.03,7.57,7.72,116.64,62.51,23.75,17.72,18.15,13.9,11.9,12.17,7,Pharmaceuticals & Biotechnology,Pharmaceuticals,2026-03-31,2026-05-07
Lux Industries Ltd.,LUXIND,539542,LUXIND,INE150G01020,Other Apparels & Accessories,Textiles Apparels & Accessories,1468.9,1468.9,4417.23,40.89,Export NA,31.35,26.97,76.67,53.79,43.2,-1.09,Export NA,2.24,2.85,2.47,9.11,15.41,13.14,35.92,-37.47,9.55,22.86,20.14,6.44,8.26,9.64,5,Textiles Apparels & Accessories,Other Apparels & Accessories,2025-12-31,2026-05-21
Lyka Labs Ltd.,LYKALABS,500259,LYKALABS,INE933A01014,Pharmaceuticals,Pharmaceuticals & Biotechnology,61.22,61.22,218.49,-334.35,Export NA,39.95,11.55,,42.18,42.23,2.89,Export NA,2.39,2.39,2.16,27.83,7.57,7.72,-0.18,-115.72,7.73,17.72,18.15,4.54,11.9,12.17,7,Pharmaceuticals & Biotechnology,Pharmaceuticals,2025-12-31,2026-01-29
Lypsa Gems & Jewellery Ltd.,LYPSAGEMS,534532,LYPSAGEMS,INE142K01011,Gems & Jewellery,Textiles Apparels & Accessories,5.21,5.21,15.36,-1.11,Export NA,,,,53.79,63.43,0,Export NA,2.24,1.24,0.86,54.87,15.41,20.78,-4.71,-32714.32,-92.01,22.86,28.31,-23.16,8.26,8.05,3,Textiles Apparels & Accessories,Gems & Jewellery,2025-12-31,2026-02-13
M & B Engineering Ltd.,MBEL,544470,MBEL,INE08N601015,Iron & Steel Products,Metals & Mining,290.3,290.3,1659.01,17.91,Export NA,,,10.22,23.8,30.63,0.89,Export NA,1.11,1.79,4.37,3.76,5.3,6.46,16.21,20.23,14.09,19.76,18.83,7.98,9.83,10.86,3,Metals & Mining,Iron & Steel Products,2026-03-31,2026-05-12
M K Proteins Ltd.,MKPL,543919,MKPL,INE964W01021,Edible Oils,FMCG,5,5,187.69,22.12,Export NA,40.47,39.35,11.8,49.72,28.58,-0.86,Export NA,14.09,1.07,2.5,30.44,20.61,3.55,0.23,-25.76,12.08,37.93,10.93,6.43,19.27,6.19,2,FMCG,Edible Oils,2025-12-31,2026-02-13
M M Forgings Ltd.,MMFL,522241,MMFL,INE227C01017,Castings & Forgings,General Industrials,445.55,445.55,2151.19,23.74,Export NA,16.26,17.23,76.44,58.9,64.29,-0.86,Export NA,5.74,4.12,2.28,31.14,14.56,7.72,18.77,-27.71,13.67,19.77,12.53,5.18,10.29,7.9,5,General Industrials,Castings & Forgings,2025-12-31,2026-02-13
MBL Infrastructure Ltd.,MBLINFRA,533152,MBLINFRA,INE912H01013,Construction & Engineering,Cement and Construction,25.5,25.5,388.95,-6.31,Export NA,3.31,3148.53,,35.74,31.41,0.05,Export NA,3.26,5.1,0.4,60.02,4.05,4.95,-4.04,-129.97,17.87,11.25,12.93,5.65,4.61,4.29,5,Cement and Construction,Construction & Engineering,2025-12-31,2026-02-14
MCON Rasayan India Ltd.,MCON,,MCON,INE0O4M01019,Construction Materials,Cement and Construction,51.5,51.5,37.74,16.6,Export NA,,,,35.74,28.02,,Export NA,3.26,0.23,1.1,,4.05,4.88,3.1,,6.85,11.25,16.85,3.2,4.61,8.83,3,Cement and Construction,Construction Materials,2025-03-31,2025-11-12
MEP Infrastructure Developers Ltd.,MEP,539126,MEP,INE776I01010,Roads & Highways,Cement and Construction,1.09,1.09,20,-0.03,Export NA,,,,35.74,6.99,0,Export NA,3.26,0.03,0.08,,4.05,1.13,-41.28,-476.33,0,11.25,24.35,-84.25,4.61,8.72,3,Cement and Construction,Roads & Highways,2024-03-31,2024-02-14
MIC Electronics Ltd.,MICEL,532850,MICEL,INE287C01037,Electronic Components,Commercial Services & Supplies,49.71,49.71,1198.07,-94.83,Export NA,121.56,1753.02,,31.83,88.21,0.42,Export NA,2.32,15.22,5.2,64.45,5.75,18.3,-0.52,-228.5,-5.84,13.46,12.44,-3.56,6.61,7.37,4,Commercial Services & Supplies,Electronic Components,2026-03-31,2026-04-25
MIRC Electronics Ltd.,MIRCELECTR,500279,MIRCELECTR,INE831A01028,Consumer Electronics,Consumer Durables,43.97,43.97,1624.22,-61.99,Export NA,,,,49.58,57.15,-1.19,Export NA,1.45,1.69,10.65,99.97,9.42,10.85,-0.71,52.01,-1.83,20.69,24.42,-0.43,10.95,9.83,3,Consumer Durables,Consumer Electronics,2025-12-31,2026-02-11
MITCON Consultancy & Engineering Services Ltd.,MITCON,,MITCON,INE828O01033,Consulting Services,Commercial Services & Supplies,82.73,82.73,144.1,28.5,Export NA,29.32,40.85,56.37,31.83,18.83,-3.5,Export NA,2.32,3.97,0.94,51.68,5.75,5.68,2.9,-8.14,4.38,13.46,23.36,1.94,6.61,14.6,5,Commercial Services & Supplies,Consulting Services,2025-12-31,2026-02-09
MMP Industries Ltd.,MMP,,MMP,INE511Y01018,Aluminium and Aluminium Products,Metals & Mining,273.4,273.4,694.51,28.95,Export NA,20.83,20.09,94.83,23.8,12.17,-0.78,Export NA,1.11,0.85,2.11,67.18,5.3,2.67,9.44,-36.92,12.01,19.76,21.32,7.08,9.83,9.07,4,Metals & Mining,Aluminium and Aluminium Products,2025-12-31,2026-02-13
MMTC Ltd.,MMTC,513377,MMTC,INE123F01029,Commodity Trading  & Distribution,Commercial Services & Supplies,63.56,63.56,9534,36.17,Export NA,86.62,60.42,31.99,31.83,33.18,0.51,Export NA,2.32,1.21,4.93,55.54,5.75,5.32,1.76,70.95,5.08,13.46,12.19,2.49,6.61,4.31,4,Commercial Services & Supplies,Commodity Trading  & Distribution,2025-12-31,2026-02-12
MOIL Ltd.,MOIL,533286,MOIL,INE490G01020,Coal & Mining,Metals & Mining,296.75,296.75,6038.42,22.58,Export NA,22.71,18.38,77.47,23.8,13.83,-0.75,Export NA,1.11,3.11,2.19,78.73,5.3,4.81,13.14,-29.91,9.87,19.76,23.55,8.34,9.83,10.77,4,Metals & Mining,Coal & Mining,2026-03-31,2026-04-30
MOS Utility Ltd.,MOS,,MOS,INE0N7S01028,IT Software Products,Software & Services,13,13,334.67,26.76,Export NA,,,19.35,22.39,42.73,,Export NA,10.02,3.5,2.68,37.47,6.84,6.05,0.49,,14.46,28.07,12.16,8.3,17.17,7.28,4,Software & Services,IT Software Products,2025-12-31,2026-02-05
MPS Ltd.,MPSLTD,532440,MPSLTD,INE943D01017,Publishing,Commercial Services & Supplies,1620.3,1620.3,2771.65,16,Export NA,27.43,23.22,41.55,31.83,11.36,0.49,Export NA,2.32,2.31,5.27,63.95,5.75,2.26,101.28,32.71,31.12,13.46,21.92,21.42,6.61,16.27,8,Commercial Services & Supplies,Publishing,2025-12-31,2026-05-15
MRF Ltd.,MRF,500290,MRF,INE883A01011,Auto Tyres & Rubber Products,Automobiles & Auto Components,126505,126505,53652.04,22.17,Export NA,28.91,42.71,12.51,32.11,25.9,0.75,Export NA,5.07,0.9,2.66,32.45,6.96,2.87,5706.51,29.47,11.56,19.05,10.97,7.59,9.43,6.34,9,Automobiles & Auto Components,Auto Tyres & Rubber Products,2026-03-31,2026-05-07
MSP Steel & Power Ltd.,MSPL,532650,MSPL,INE752G01015,Iron & Steel/Interm.Products,Metals & Mining,40.58,40.58,2300.06,-26.98,Export NA,133.91,83.28,,23.8,32.33,0.05,Export NA,1.11,0.78,2.51,86.34,5.3,3.24,-1.5,-560.71,-3.08,19.76,6.78,-1.84,9.83,3.42,4,Metals & Mining,Iron & Steel/Interm.Products,2025-12-31,2026-02-14
MSTC Ltd.,MSTCLTD,542597,MSTCLTD,INE255X01014,Commodity Trading  & Distribution,Commercial Services & Supplies,425.3,425.3,2994.11,13.82,Export NA,16.2,14.39,56.42,31.83,33.18,-0.29,Export NA,2.32,1.21,3.39,39.44,5.75,5.32,30.78,-48.1,55.12,13.46,12.19,19.21,6.61,4.31,6,Commercial Services & Supplies,Commodity Trading  & Distribution,2025-12-31,2026-02-11
MT Educare Ltd.,MTEDUCARE,534312,MTEDUCARE,INE472M01018,Education,Diversified Consumer Services,1.56,1.56,11.27,-0.58,Export NA,,,,33.62,20.12,-0.02,Export NA,3.59,2.38,-1.5,,10.95,20.81,-2.69,29.98,0,22.55,17.9,-11.72,11.12,11.62,3,Diversified Consumer Services,Education,2025-12-31,2026-02-14
MTAR Technologies Ltd.,MTARTECH,543270,MTARTECH,INE864I01014,Aerospace & Defence,General Industrials,6248.5,6248.5,19220.14,204.4,Export NA,118.62,95.49,99.53,58.9,50.58,2.63,Export NA,5.74,8.98,24.68,99.45,14.56,11.27,30.57,77.79,7.25,19.77,23.04,4.67,10.29,9.53,6,General Industrials,Aerospace & Defence,2026-03-31,2026-05-12
MVK Agro Food Product Ltd.,MVKAGRO,,MVKAGRO,INE0SGC01015,Sugar,"Food, Beverages & Tobacco",508.7,508.7,787.98,84.43,Export NA,,,63.33,28.35,27.86,,Export NA,1.73,1.26,5.58,60.59,8.04,2.67,6.03,,10.37,26.28,9.03,3.44,19.55,4.86,5,"Food, Beverages & Tobacco",Sugar,2025-12-31,2026-02-14
Maan Aluminium Ltd.,MAANALU,532906,MAANALU,INE215I01027,Aluminium and Aluminium Products,Metals & Mining,140.31,140.31,841.65,55.12,Export NA,37.89,25.11,99.39,23.8,12.17,-2.9,Export NA,1.11,0.85,4.37,93.38,5.3,2.67,2.55,-18.99,8.69,19.76,21.32,5.17,9.83,9.07,3,Metals & Mining,Aluminium and Aluminium Products,2025-12-31,2026-02-12
Mac Charles (India) Ltd.,,507836,MCCHRLS-B,INE435D01014,Hotels,Hotels Restaurants & Tourism,658.95,658.95,863.3,-7.42,Export NA,,14.13,,44.23,40.73,0.75,Export NA,3.41,2.69,549.54,100,8.2,7.29,-88.75,-9.93,0,12.41,12.19,-7.35,7.26,7.71,3,Hotels Restaurants & Tourism,Hotels,2026-03-31,2026-05-08
Macobs Technologies Ltd.,MACOBSTECH,,MACOBSTECH,INE0R0J01010,Internet & Catalogue Retail,Retailing,224,224,219.41,84.19,Export NA,,,100,78.39,42.45,,Export NA,6.4,1.62,7.43,100,19.94,27.18,2.66,,9.27,10.74,2.98,8.24,6.91,1.72,3,Retailing,Internet & Catalogue Retail,2025-03-31,2025-11-14
Macpower CNC Machines Ltd.,MACPOWER,,MACPOWER,INE155Z01011,Industrial Machinery,General Industrials,1176.4,1176.4,1176.89,36.41,Export NA,44.44,37.57,63.52,58.9,58.76,1.44,Export NA,5.74,4.45,7.13,77.67,14.56,20.55,32.31,25.26,17.81,19.77,24.18,11.66,10.29,13.59,5,General Industrials,Industrial Machinery,2025-12-31,2026-02-10
Madhav Copper Ltd.,MCL,,MCL,INE813V01022,Copper,Metals & Mining,61,61,165.57,49.96,Export NA,62.2,62.2,65.39,23.8,81.72,-0.93,Export NA,1.11,1.26,3.5,69.51,5.3,17.03,1.22,-53.78,10.25,19.76,18.15,6.1,9.83,13.4,6,Metals & Mining,Copper,2025-12-31,2026-02-13
Madhav Infra Projects Ltd.,,539894,MADHAVIPL,INE631R01026,Construction & Engineering,Cement and Construction,8.82,8.82,237.77,8.52,Export NA,14.39,13.6,29.9,35.74,31.41,0.12,Export NA,3.26,5.1,1.01,20.5,4.05,4.95,1.04,70.96,12.15,11.25,12.93,3.99,4.61,4.29,5,Cement and Construction,Construction & Engineering,2025-12-31,2026-02-13
Madhav Marbles & Granites Ltd.,MADHAV,515093,MADHAV,INE925C01016,Construction Materials,Cement and Construction,36.9,36.9,33.01,-30.46,Export NA,,,,35.74,28.02,0.12,Export NA,3.26,0.23,0.27,25.6,4.05,4.88,-1.21,-243.69,-1.19,11.25,16.85,-1.06,4.61,8.83,4,Cement and Construction,Construction Materials,2025-12-31,2026-02-11
Madhucon Projects Ltd.,MADHUCON,531497,MADHUCON,INE378D01032,Construction & Engineering,Cement and Construction,5.58,5.58,41.18,-0.11,Export NA,5.25,5.25,,35.74,31.41,-0.01,Export NA,3.26,5.1,-0.02,,4.05,4.95,-52.05,11.14,0,11.25,12.93,-13.15,4.61,4.29,2,Cement and Construction,Construction & Engineering,2025-12-31,2026-05-25
Madhusudan Masala Ltd.,MADHUSUDAN,,MADHUSUDAN,INE0P6701019,Other Food & Beverages,"Food, Beverages & Tobacco",163.5,163.5,249.17,16.59,Export NA,,,99.25,28.35,46.65,0.03,Export NA,1.73,2.98,2.32,74.72,8.04,15.04,9.86,567.22,16.11,26.28,15.61,8.38,19.55,11.14,3,"Food, Beverages & Tobacco",Other Food & Beverages,2025-12-31,2026-01-18
Madhya Bharat Agro Products Ltd.,MBAPL,,MBAPL,INE900L01010,Fertilizers,Fertilizers,547.6,547.6,4798.45,31.95,Export NA,70.78,49.53,66.24,20.68,20.68,0.2,Export NA,7.54,7.54,9.79,96.96,16.07,16.07,17.14,161.3,27.32,478.71,478.71,8.92,243.93,243.93,4,Fertilizers,Fertilizers,2026-03-31,2026-04-17
Madhya Pradesh Today Media Ltd.,MPTODAY,,MPTODAY,INE105Y01019,Advertising & Media,Media,46,46,21.01,6.59,Export NA,6.08,5.05,62.52,25.23,29.21,,Export NA,2.2,3.19,0.46,70.22,13.87,5.97,6.98,,7.15,20.32,16.93,6.57,15.35,7.63,5,Media,Advertising & Media,2025-03-31,2025-11-08
Madras Fertilizers Ltd.,MADRASFERT,590134,MADRASFERT,INE414A01015,Fertilizers,Fertilizers,71.18,71.18,1146.72,161.74,Export NA,144.73,77.3,94.55,20.68,20.68,-1.68,Export NA,7.54,7.54,43.78,,16.07,16.07,0.44,-96.54,-198.91,478.71,478.71,2.87,243.93,243.93,7,Fertilizers,Fertilizers,2025-12-31,2026-05-12
Mafatlal Industries Ltd.,,500264,MAFATIND,INE270B01035,Textiles,Textiles Apparels & Accessories,135.7,135.7,975.79,10.84,Export NA,10.95,14.6,46.78,53.79,32.96,-1.32,Export NA,2.24,6.53,1.21,75.43,15.41,3.67,12.51,-8.19,11.66,22.86,11.51,5.14,8.26,7.43,4,Textiles Apparels & Accessories,Textiles,2026-03-31,2026-05-05
Magadh Sugar & Energy Ltd.,MAGADSUGAR,540650,MAGADSUGAR,INE347W01011,Sugar,"Food, Beverages & Tobacco",505.95,505.95,712.96,11.23,Export NA,7.76,10.17,82.93,28.35,27.86,-0.27,Export NA,1.73,1.26,0.86,68.91,8.04,2.67,45.07,-41.97,7.21,26.28,9.03,3.78,19.55,4.86,5,"Food, Beverages & Tobacco",Sugar,2026-03-31,2026-05-11
Magellanic Cloud Ltd.,MCLOUD,538891,MCLOUD,INE613C01026,IT Consulting & Software,Software & Services,25.16,25.16,1482.09,13.84,Export NA,51.48,76.02,28.44,22.39,21.42,-1.37,Export NA,10.02,10.72,2.44,29.84,6.84,6.86,1.82,-10.08,20.05,28.07,30.42,11.55,17.17,18.42,4,Software & Services,IT Consulting & Software,2025-12-31,2026-02-09
Magnum Ventures Ltd.,MAGNUM,532896,MAGNUM,INE387I01016,Paper & Paper Products,Commercial Services & Supplies,21.18,21.18,140.66,-12.44,Export NA,14.58,14.08,,31.83,22.88,0.08,Export NA,2.32,0.52,0.21,5.89,5.75,4.07,-1.7,-164.49,1.36,13.46,8.09,0.82,6.61,4.93,3,Commercial Services & Supplies,Paper & Paper Products,2025-12-31,2026-02-14
Magson Retail & Distribution Ltd.,MAGSON,,MAGSON,INE0O1S01012,Department Stores,Retailing,180,180,240.63,553.18,Export NA,,,100,78.39,89.12,,Export NA,6.4,7.99,5.19,94.04,19.94,14.37,0.33,,1.75,10.74,15.61,1.06,6.91,10.77,2,Retailing,Department Stores,2025-03-31,2025-11-14
Maha Rashtra Apex Corporation Ltd.,MAHAPEXLTD,523384,MAHAPEXLTD,INE843B01013,Finance (including NBFCs),Banking and Finance,52.02,52.02,146.61,7.15,Export NA,4.48,43.86,44.49,22.6,26.34,-0.08,Export NA,2.78,2.13,0.31,6.73,6.23,3.86,7.27,-95.24,72.06,16.76,13.65,61.81,4.85,6.73,3,Banking and Finance,Finance (including NBFCs),2025-12-31,2026-02-12
Mahalaxmi Fabric Mills Ltd.,MFML,544233,MFML,INE0US801024,Textiles,Textiles Apparels & Accessories,26.1,26.1,27.72,4.9,Export NA,,,48.71,53.79,32.96,0.09,Export NA,2.24,6.53,0.29,24.64,15.41,3.67,5.33,56.24,8.09,22.86,11.51,4.1,8.26,7.43,5,Textiles Apparels & Accessories,Textiles,2025-12-31,2026-02-13
Mahalaxmi Rubtech Ltd.,MHLXMIRU,514450,MHLXMIRU,INE112D01035,Other Industrial Products,General Industrials,178.06,178.06,189.11,9.02,Export NA,18.64,23.05,8.79,58.9,44.01,0.29,Export NA,5.74,4.34,2.22,66.38,14.56,20.86,19.74,30.7,24.41,19.77,22.24,17.03,10.29,12.05,7,General Industrials,Other Industrial Products,2025-12-31,2026-02-12
Mahamaya Steel Industries Ltd.,MAHASTEEL,513554,MAHASTEEL,INE451L01014,Iron & Steel Products,Metals & Mining,846.3,846.3,1390.84,127.19,Export NA,84.96,55.11,92.95,23.8,30.63,0.63,Export NA,1.11,1.79,9.02,96.25,5.3,6.46,6.65,201.97,5.46,19.76,18.83,3.11,9.83,10.86,7,Metals & Mining,Iron & Steel Products,2025-12-31,2026-02-13
Mahanagar Gas Ltd.,MGL,539957,MGL,INE002S01010,Utilities:Non-Electrical,Utilities,1064.4,1064.4,10513.91,12.51,Export NA,11.77,12.46,71.07,24.91,15.47,-0.65,Export NA,27.85,426.35,1.64,1.31,5.52,5.02,85.08,-19.24,13.08,14.21,14.06,9.36,5.38,8.44,6,Utilities,Utilities:Non-Electrical,2026-03-31,2026-05-07
Mahanagar Telephone Nigam Ltd.,MTNL,500108,MTNL,INE153A01019,Telecom Services,Telecom Services,28.71,28.71,1808.73,-0.5,Export NA,0.17,0.17,,32.83,33.56,0.05,Export NA,1.4,1.43,-0.06,,7.97,8.06,-57.59,-10.5,0,22.38,22.38,-32.54,6.78,6.51,2,Telecom Services,Telecom Services,2025-12-31,2026-05-21
Maharashtra Scooters Ltd.,MAHSCOOTER,500266,MAHSCOOTER,INE288A01013,Investment Companies,Others,12147,12147,13882.32,44.7,Export NA,63.86,50.72,58.61,34.07,34.07,1,Export NA,0.96,0.96,0.42,40.23,1.03,1.03,271.74,44.88,1.12,3.6,3.6,1,3.2,3.2,6,Others,Investment Companies,2026-03-31,2026-04-22
Maharashtra Seamless Ltd.,MAHSEAMLES,500265,MAHSEAMLES,INE271B01025,Iron & Steel/Interm.Products,Metals & Mining,641.4,641.4,8594.72,10.23,Export NA,10.18,10.73,37.19,23.8,32.33,0.89,Export NA,1.11,0.78,1.26,75.45,5.3,3.24,62.72,11.5,12.27,19.76,6.78,11.05,9.83,3.42,5,Metals & Mining,Iron & Steel/Interm.Products,2025-12-31,2026-05-22
Mahendra Realtors & Infrastructure Ltd.,MRIL,,MRIL,INE632Q01018,Construction & Engineering,Cement and Construction,40.7,40.7,89.96,6.05,Export NA,,,3.7,35.74,31.41,,Export NA,3.26,5.1,0.82,,4.05,4.95,6.73,,20.97,11.25,12.93,10.8,4.61,4.29,4,Cement and Construction,Construction & Engineering,2025-03-31,2025-11-14
Maheshwari Logistics Ltd.,MAHESHWARI,,MAHESHWARI,INE263W01010,Warehousing & Logistics,Transportation,52.18,52.18,154.44,7.59,Export NA,11.27,13.14,6.37,36.05,32.42,0.15,Export NA,4.72,1.7,0.73,4.91,8.05,4.18,6.87,49.3,9.26,25.06,8.62,3,7.11,5.64,7,Transportation,Warehousing & Logistics,2025-12-31,2026-02-14
Mahickra Chemicals Ltd.,MAHICKRA,,MAHICKRA,INE961Y01015,Dyes & Pigments,Chemicals & Petrochemicals,239,239,233.64,92.26,Export NA,36.93,33.03,98.85,42.23,13.7,,Export NA,3.64,0.6,6.11,100,6.18,1.59,2.59,,7.09,13.61,5,3.7,9.15,3.15,4,Chemicals & Petrochemicals,Dyes & Pigments,2025-03-31,2025-11-12
Mahindra & Mahindra Financial Services Ltd.,M&MFIN,532720,M&MFIN,INE774D01024,Finance (including NBFCs),Banking and Finance,326.95,326.95,45445.11,15.92,Export NA,19.12,20.41,36.5,22.6,26.34,0.61,Export NA,2.78,2.13,1.78,38.37,6.23,3.86,20.54,26.2,10.71,16.76,13.65,1.79,4.85,6.73,4,Banking and Finance,Finance (including NBFCs),2026-03-31,2026-04-24
Mahindra & Mahindra Ltd.,M&M,500520,M&M,INE101A01026,Cars & Utility Vehicles,Automobiles & Auto Components,3176,3176,394944.75,23.1,Export NA,30.95,25.87,53.41,32.11,23.81,0.72,Export NA,5.07,10.39,4.52,92.76,6.96,4.59,137.5,32.25,18.36,19.05,18.7,5.38,9.43,9,5,Automobiles & Auto Components,Cars & Utility Vehicles,2026-03-31,2026-05-05
Mahindra EPC Irrigation Ltd.,MAHEPC,523754,MAHEPC,INE215D01010,Plastic Products,General Industrials,118.81,118.81,332.08,26.17,Export NA,131.1,131.1,47.51,58.9,35.79,0.34,Export NA,5.74,3.64,1.84,31.79,14.56,7.73,4.54,76.01,6.85,19.77,14.6,3.6,10.29,10.46,4,General Industrials,Plastic Products,2026-03-31,2026-04-21
Mahindra Holidays & Resorts India Ltd.,MHRIL,533088,MHRIL,INE998I01010,Hotels,Hotels Restaurants & Tourism,224.61,224.61,4538.1,65.28,Export NA,60.06,65.19,57.01,44.23,40.73,-1.43,Export NA,3.41,2.69,6.19,73.93,8.2,7.29,3.44,-45.77,8.93,12.41,12.19,0.61,7.26,7.71,4,Hotels Restaurants & Tourism,Hotels,2026-03-31,2026-04-27
Mahindra Lifespace Developers Ltd.,MAHLIFE,532313,MAHLIFE,INE813A01018,Realty,Realty,323.9,323.9,6910.17,23.18,Export NA,109.53,92.3,44.2,37.63,37.32,0.06,Export NA,1.72,1.77,2,64.55,3.69,4.38,13.97,386.43,8.22,10.17,11.27,3.59,4.54,5.37,4,Realty,Realty,2026-03-31,2026-04-28
Mahindra Logistics Ltd.,MAHLOG,540768,MAHLOG,INE766P01016,Warehousing & Logistics,Transportation,374.85,374.85,3719.36,1624.2,Export NA,1731.08,171.78,99.16,36.05,32.42,15.23,Export NA,4.72,1.7,3.23,0.44,8.05,4.18,0.23,106.66,0.19,25.06,8.62,0.07,7.11,5.64,8,Transportation,Warehousing & Logistics,2026-03-31,2026-04-23
Maithan Alloys Ltd.,MAITHANALL,590078,MAITHANALL,INE683C01011,Iron & Steel/Interm.Products,Metals & Mining,970.8,970.8,2826.15,6.38,Export NA,6.87,5.88,54.46,23.8,32.33,-0.14,Export NA,1.11,0.78,0.67,7.34,5.3,3.24,152.2,-46.83,16.82,19.76,6.78,12.99,9.83,3.42,6,Metals & Mining,Iron & Steel/Interm.Products,2025-12-31,2026-05-16
Maitreya Medicare Ltd.,MAITREYA,,MAITREYA,INE0PLQ01011,Healthcare Facilities,Diversified Consumer Services,176.05,176.05,119.29,63.71,Export NA,,,53.28,33.62,71.3,,Export NA,3.59,6.58,4.47,11.81,10.95,9.54,2.76,,7,22.55,13.76,3.9,11.12,7.2,4,Diversified Consumer Services,Healthcare Facilities,2025-03-31,2025-11-14
Majestic Auto Ltd.,,500267,MAJESAUT,INE201B01022,Misc. Commercial Services,Commercial Services & Supplies,302.55,302.55,314.58,3.64,Export NA,31.79,34.24,21.25,31.83,27.25,0.01,Export NA,2.32,0.82,0.44,51.53,5.75,5.02,83.22,520.32,1.11,13.46,17.32,0.73,6.61,12.13,5,Commercial Services & Supplies,Misc. Commercial Services,2025-12-31,2026-02-11
Maks Energy Solutions India Ltd.,MAKS,,MAKS,INE0CDK01019,Other Industrial Products,General Industrials,26,26,18.03,32.69,Export NA,235.04,,0.64,58.9,44.01,,Export NA,5.74,4.34,1.06,0.64,14.56,20.86,0.8,,3.26,19.77,22.24,1.51,10.29,12.05,4,General Industrials,Other Industrial Products,2025-03-31,2025-11-08
Mallcom (India) Ltd.,MALLCOM,539400,MALLCOM,INE389C01015,Other Apparels & Accessories,Textiles Apparels & Accessories,1027,1027,640.85,11.98,Export NA,17.62,16.45,29.71,53.79,43.2,0.34,Export NA,2.24,2.85,1.99,36.29,15.41,13.14,85.76,35.59,19.23,22.86,20.14,11.65,8.26,9.64,5,Textiles Apparels & Accessories,Other Apparels & Accessories,2025-12-31,2026-01-20
Malu Paper Mills Ltd.,MALUPAPER,532728,MALUPAPER,INE383H01017,Paper & Paper Products,Commercial Services & Supplies,32.44,32.44,55.34,-2.81,Export NA,74.93,74.93,,31.83,22.88,0.02,Export NA,2.32,0.52,-2.46,,5.75,4.07,-11.52,-113.36,0,13.46,8.09,-7.03,6.61,4.93,2,Commercial Services & Supplies,Paper & Paper Products,2025-12-31,2026-02-11
Mamata Machinery Ltd.,MAMATA,544318,MAMATA,INE0TO701015,Industrial Machinery,General Industrials,398.15,398.15,979.76,23.24,Export NA,,,20.34,58.9,58.76,,Export NA,5.74,4.45,5.31,33.43,14.56,20.55,17.13,,23.81,19.77,24.18,15.72,10.29,13.59,8,General Industrials,Industrial Machinery,2025-12-31,2026-01-31
Man Industries (India) Ltd.,MANINDS,513269,MANINDS,INE993A01026,Iron & Steel/Interm.Products,Metals & Mining,520.75,520.75,3906.12,20.8,Export NA,22.23,18.91,80.92,23.8,32.33,0.29,Export NA,1.11,0.78,1.93,94.81,5.3,3.24,25.04,72.03,9.52,19.76,6.78,4.05,9.83,3.42,4,Metals & Mining,Iron & Steel/Interm.Products,2025-12-31,2026-02-09
Man Infraconstruction Ltd.,MANINFRA,533169,MANINFRA,INE949H01023,Construction & Engineering,Cement and Construction,130.24,130.24,5257.35,22.4,Export NA,22.86,21.31,44.38,35.74,31.41,-1.43,Export NA,3.26,5.1,2.36,59.95,4.05,4.95,5.81,-15.65,16.03,11.25,12.93,12.98,4.61,4.29,5,Cement and Construction,Construction & Engineering,2025-12-31,2026-05-13
Manaksia Aluminium Company Ltd.,MANAKALUCO,539045,MANAKALUCO,INE859Q01017,Aluminium and Aluminium Products,Metals & Mining,32.45,32.45,212.66,28.14,Export NA,33.65,26.56,67.71,23.8,12.17,1.13,Export NA,1.11,0.85,1.52,92.42,5.3,2.67,1.15,24.98,5.3,19.76,21.32,1.37,9.83,9.07,6,Metals & Mining,Aluminium and Aluminium Products,2026-03-31,2026-05-07
Manaksia Coated Metals & Industries Ltd.,MANAKCOAT,539046,MANAKCOAT,INE830Q01018,Iron & Steel/Interm.Products,Metals & Mining,97.08,97.08,1027.44,25.25,Export NA,75.85,51.48,57.58,23.8,32.33,0.15,Export NA,1.11,0.78,3,81.35,5.3,3.24,3.84,164.41,11.65,19.76,6.78,5.39,9.83,3.42,5,Metals & Mining,Iron & Steel/Interm.Products,2026-03-31,2026-05-06
Manaksia Ltd.,MANAKSIA,532932,MANAKSIA,INE015D01022,Iron & Steel Products,Metals & Mining,58.12,58.12,380.88,7.32,Export NA,7.87,6.82,77.49,23.8,30.63,-0.65,Export NA,1.11,1.79,0.59,70.77,5.3,6.46,7.94,-11.23,9.78,19.76,18.83,7.84,9.83,10.86,5,Metals & Mining,Iron & Steel Products,2025-12-31,2026-01-30
Manaksia Steels Ltd.,MANAKSTEEL,539044,MANAKSTEEL,INE824Q01011,Iron & Steel/Interm.Products,Metals & Mining,62.65,62.65,410.57,16.23,Export NA,27.86,22.62,67.05,23.8,32.33,0.1,Export NA,1.11,0.78,1.31,79.16,5.3,3.24,3.86,164.96,3.36,19.76,6.78,1.81,9.83,3.42,6,Metals & Mining,Iron & Steel/Interm.Products,2025-12-31,2026-01-31
Manali Petrochemicals Ltd.,MANALIPETC,500268,MANALIPETC,INE201A01024,Petrochemicals,Chemicals & Petrochemicals,55.05,55.05,946.86,8.47,Export NA,50.92,32.81,45.94,42.23,34.32,0.02,Export NA,3.64,0.5,0.78,10.23,6.18,3.98,6.5,464.58,2.67,13.61,10.55,2.08,9.15,6.82,4,Chemicals & Petrochemicals,Petrochemicals,2025-12-31,2026-02-02
Manappuram Finance Ltd.,MANAPPURAM,531213,MANAPPURAM,INE522D01027,Finance (including NBFCs),Banking and Finance,293.2,293.2,24817.47,24.74,Export NA,13.63,10.67,93.28,22.6,26.34,-1.41,Export NA,2.78,2.13,1.92,53.94,6.23,3.86,11.85,-17.51,6.25,16.76,13.65,1.34,4.85,6.73,5,Banking and Finance,Finance (including NBFCs),2026-03-31,2026-05-04
Manas Polymers and Energies Ltd.,MPEL,,MPEL,INE0U4H01011,Plastic Products,General Industrials,45.7,45.7,35.54,8.28,Export NA,,,,58.9,35.79,,Export NA,5.74,3.64,2.08,,14.56,7.73,5.52,,41.96,19.77,14.6,14.49,10.29,10.46,5,General Industrials,Plastic Products,2025-03-31,2025-11-11
Manav Infra Projects Ltd.,MANAV,,MANAV,INE104Y01012,Construction & Engineering,Cement and Construction,39.45,39.45,53.94,16.76,Export NA,12.84,12.84,79.51,35.74,31.41,,Export NA,3.26,5.1,5.97,72.99,4.05,4.95,2.35,,39.71,11.25,12.93,14.87,4.61,4.29,5,Cement and Construction,Construction & Engineering,2025-03-31,2025-11-13
Manba Finance Ltd.,MANBA,544262,MANBA,INE939X01013,Finance (including NBFCs),Banking and Finance,110.98,110.98,557.56,13.2,Export NA,,,6.03,22.6,26.34,1.94,Export NA,2.78,2.13,1.39,0.25,6.23,3.86,8.41,6.8,10.24,16.76,13.65,2.57,4.85,6.73,4,Banking and Finance,Finance (including NBFCs),2025-12-31,2026-05-18
Mandeep Auto Industries Ltd.,MANDEEP,,MANDEEP,INE0R3T01013,Auto Parts & Equipment,Automobiles & Auto Components,21,21,24.02,17.03,Export NA,,,17.58,32.11,41.7,,Export NA,5.07,3.31,0.68,,6.96,6.81,1.23,,4.13,19.05,15.01,3.54,9.43,7.82,3,Automobiles & Auto Components,Auto Parts & Equipment,2025-03-31,2025-11-13
Mangal Credit And Fincorp Ltd.,MANCREDIT,505850,MANCREDIT,INE545L01039,Finance (including NBFCs),Banking and Finance,167.92,167.92,354.55,28.49,Export NA,28.1,30.78,68.63,22.6,26.34,-6.22,Export NA,2.78,2.13,2.19,82.98,6.23,3.86,5.89,-4.58,9.28,16.76,13.65,3.73,4.85,6.73,3,Banking and Finance,Finance (including NBFCs),2025-12-31,2026-02-09
Mangal Electrical Industries Ltd.,MEIL,544492,MEIL,INE0PKD01011,Heavy Electrical Equipment,General Industrials,320.85,320.85,886.51,19.99,Export NA,,,40.7,58.9,71.23,,Export NA,5.74,3.65,1.54,,14.56,15.26,16.05,,29.17,19.77,17.01,12.9,10.29,8.7,3,General Industrials,Heavy Electrical Equipment,2025-12-31,2026-05-13
Mangalam Alloys Ltd.,MAL,,MAL,INE00C401011,Other Industrial Products,General Industrials,41.1,41.1,101.46,7.6,Export NA,,,13.97,58.9,44.01,,Export NA,5.74,4.34,0.65,13.54,14.56,20.86,5.41,,9.32,19.77,22.24,2.9,10.29,12.05,4,General Industrials,Other Industrial Products,2025-03-31,2025-11-13
Mangalam Cement Ltd.,MANGLMCEM,502157,MANGLMCEM,INE347A01017,Cement & Cement Products,Cement and Construction,880.35,880.35,2420.72,30.02,Export NA,44.04,42.57,51.8,35.74,39.23,0.39,Export NA,3.26,1.71,2.66,89.79,4.05,3.41,29.32,77.46,5.28,11.25,8.66,2.08,4.61,4.59,6,Cement and Construction,Cement & Cement Products,2025-12-31,2026-05-16
Mangalam Drugs and Organics Ltd.,MANGALAM,532637,MANGALAM,INE584F01014,Pharmaceuticals,Pharmaceuticals & Biotechnology,31.2,31.2,49.38,-1.6,Export NA,13.75,69.88,,42.18,42.23,0,Export NA,2.39,2.39,0.42,26.71,7.57,7.72,-19.54,-403.4,4.51,17.72,18.15,1.83,11.9,12.17,6,Pharmaceuticals & Biotechnology,Pharmaceuticals,2025-12-31,2026-05-14
Mangalam Global Enterprise Ltd.,MGEL,544273,MGEL,INE0APB01032,Other Agricultural Products,"Food, Beverages & Tobacco",13.28,13.28,437.65,9.68,Export NA,19.72,48.03,4.13,28.35,21.91,0.1,Export NA,1.73,1.77,1.87,40.82,8.04,3.56,1.37,95.76,18.23,26.28,16.12,5.61,19.55,8.43,7,"Food, Beverages & Tobacco",Other Agricultural Products,2026-03-31,2026-04-18
Mangalam Organics Ltd.,MANORG,514418,MANORG,INE370D01013,Commodity Chemicals,Chemicals & Petrochemicals,583.95,583.95,500.12,20.08,Export NA,59.31,34.2,56.07,42.23,39.75,0.13,Export NA,3.64,7.92,1.6,54.58,6.18,4.79,29.09,151.36,4.29,13.61,12.96,2.02,9.15,8.15,3,Chemicals & Petrochemicals,Commodity Chemicals,2025-12-31,2026-02-12
Mangalam Worldwide Ltd.,MWL,,MWL,INE0JYY01011,Iron & Steel Products,Metals & Mining,349.1,349.1,1036.85,20.7,Export NA,,,81.93,23.8,30.63,0.3,Export NA,1.11,1.79,3.56,99.74,5.3,6.46,16.87,69.95,16.71,19.76,18.83,5.39,9.83,10.86,5,Metals & Mining,Iron & Steel Products,2026-03-31,2026-04-29
Mangalore Refinery And Petrochemicals Ltd.,MRPL,500109,MRPL,INE103A01014,Refineries/Petro-Products,Oil & Gas,154.12,154.12,27011.05,14.03,Export NA,227.4,119.42,45.4,18.34,21.22,0,Export NA,1.36,1.29,1.83,54.75,1.85,2.01,10.98,3323.91,13.55,10.19,9.71,4.32,4.37,3.93,8,Oil & Gas,Refineries/Petro-Products,2026-03-31,2026-04-24
Manglam Infra & Engineering Ltd.,MIEL,,MIEL,INE0R3101011,Consulting Services,Commercial Services & Supplies,16.15,16.15,28.42,9.69,Export NA,,,,31.83,18.83,,Export NA,2.32,3.97,0.62,,5.75,5.68,1.67,,6.62,13.46,23.36,4.55,6.61,14.6,3,Commercial Services & Supplies,Consulting Services,2025-03-31,2025-11-14
Manilam Industries India Ltd.,MANILAM,,MANILAM,INE1ERK01013,Forest Products,Forest Materials,62.15,62.15,135.79,18.18,Export NA,,,,57.43,59.25,,Export NA,6.14,6.55,2.84,,5.86,6.15,3.42,,22.05,9.16,9.21,4.69,5.7,5.64,6,Forest Materials,Forest Products,2025-03-31,
Mankind Pharma Ltd.,MANKIND,543904,MANKIND,INE634S01028,Pharmaceuticals,Pharmaceuticals & Biotechnology,2378.9,2378.9,98207.72,55.19,Export NA,50.04,,91.29,42.18,42.23,-4.3,Export NA,2.39,2.39,6.26,8.18,7.57,7.72,43.1,-12.84,13.89,17.72,18.15,7.17,11.9,12.17,3,Pharmaceuticals & Biotechnology,Pharmaceuticals,2025-12-31,2026-05-19
Manoj Vaibhav Gems N Jewellers Ltd.,MVGJL,543995,MVGJL,INE0KNT01012,Gems & Jewellery,Textiles Apparels & Accessories,160.23,160.23,782.68,6.89,Export NA,11.99,,4.5,53.79,63.43,0.34,Export NA,2.24,1.24,0.97,0.62,15.41,20.78,23.25,20.51,13.97,22.86,28.31,6.7,8.26,8.05,6,Textiles Apparels & Accessories,Gems & Jewellery,2025-12-31,2026-02-10
Manomay Tex India Ltd.,MANOMAY,540396,MANOMAY,INE784W01015,Textiles,Textiles Apparels & Accessories,182.98,182.98,330.26,18.37,Export NA,23.3,18.06,44.41,53.79,32.96,-1.83,Export NA,2.24,6.53,2.03,47.27,15.41,3.67,9.96,-10.03,12.99,22.86,11.51,3.11,8.26,7.43,5,Textiles Apparels & Accessories,Textiles,2025-12-31,2026-02-04
Manorama Industries Ltd.,MANORAMA,541974,MANORAMA,INE00VM01036,Other Food & Beverages,"Food, Beverages & Tobacco",1396.2,1396.2,8336.5,38.79,Export NA,126.98,,27.01,28.35,46.65,0.19,Export NA,1.73,2.98,13.13,,8.04,15.04,36,204.85,31.97,26.28,15.61,18.06,19.55,11.14,6,"Food, Beverages & Tobacco",Other Food & Beverages,2026-03-31,2026-05-11
Manugraph India Ltd.,MANUGRAPH,505324,MANUGRAPH,INE867A01022,Construction & Engineering,Cement and Construction,14.46,14.46,43.98,8.74,Export NA,8.16,8.16,32.16,35.74,31.41,0.07,Export NA,3.26,5.1,0.74,77.91,4.05,4.95,1.66,116.89,-50.1,11.25,12.93,-18.77,4.61,4.29,4,Cement and Construction,Construction & Engineering,2025-12-31,2026-05-19
Maral Overseas Ltd.,MARALOVER,521018,MARALOVER,INE882A01013,Textiles,Textiles Apparels & Accessories,57.15,57.15,237.22,72.73,Export NA,56.56,5.38,96.19,53.79,32.96,0.64,Export NA,2.24,6.53,2.43,86.82,15.41,3.67,0.79,113.48,2.94,22.86,11.51,0.47,8.26,7.43,7,Textiles Apparels & Accessories,Textiles,2026-03-31,2026-05-07
Marathon Nextgen Realty Ltd.,MARATHON,503101,MARATHON,INE182D01020,Realty,Realty,473.2,473.2,3190.34,15.08,Export NA,20.96,25.13,46.63,37.63,37.32,0.7,Export NA,1.72,1.77,1.43,52.91,3.69,4.38,31.38,21.5,15.71,10.17,11.27,8.89,4.54,5.37,4,Realty,Realty,2025-12-31,2026-02-13
Marc Technocrats Ltd.,MARC,,MARC,INE0TD401015,Consulting Services,Commercial Services & Supplies,92.6,92.6,160.32,21.44,Export NA,,,,31.83,18.83,,Export NA,2.32,3.97,4.3,,5.75,5.68,4.32,,26.84,13.46,23.36,21.27,6.61,14.6,6,Commercial Services & Supplies,Consulting Services,2025-03-31,
Marco Cables & Conductors Ltd.,MARCO,,MARCO,INE0QP001012,Wires & Cables,Consumer Durables,41,41,76.67,14.76,Export NA,,,16.59,49.58,48.28,,Export NA,1.45,1.47,2.18,,9.42,9.83,2.78,,16.14,20.69,19.16,6.27,10.95,11.73,6,Consumer Durables,Wires & Cables,2025-03-31,2025-11-10
Marico Ltd.,MARICO,531642,MARICO,INE196A01026,Personal Products,FMCG,830,830,107759.24,61.16,Export NA,56.66,55.16,98.26,49.72,42.44,7.49,Export NA,14.09,18.07,23.88,96.42,20.61,13.33,13.57,8.16,41.85,37.93,33.56,17.48,19.27,18.98,5,FMCG,Personal Products,2026-03-31,2026-05-05
Marine Electricals (India) Ltd.,MARINE,,MARINE,INE01JE01028,Electronic Components,Commercial Services & Supplies,217.88,217.88,3013.16,56.56,Export NA,89.08,68.61,54.42,31.83,88.21,1.37,Export NA,2.32,15.22,6.82,75.78,5.75,18.3,3.85,41.24,9.51,13.46,12.44,5.3,6.61,7.37,7,Commercial Services & Supplies,Electronic Components,2025-12-31,2026-02-11
Marinetrans India Ltd.,MARINETRAN,,MARINETRAN,INE0P1P01017,Warehousing & Logistics,Transportation,17.6,17.6,22.4,45.03,Export NA,,,37.17,36.05,32.42,,Export NA,4.72,1.7,0.88,37.7,8.05,4.18,0.39,,1.91,25.06,8.62,1.2,7.11,5.64,4,Transportation,Warehousing & Logistics,2025-03-31,2025-11-14
Markolines Pavement Technologies Ltd.,MARKOLINES,543364,MARKOLINES,INE0FW001016,Construction & Engineering,Cement and Construction,160.55,160.55,355.25,13.08,Export NA,16.51,,32.83,35.74,31.41,,Export NA,3.26,5.1,1.88,9.76,4.05,4.95,12.27,,12.76,11.25,12.93,7.14,4.61,4.29,4,Cement and Construction,Construction & Engineering,2025-12-31,2026-02-14
Marksans Pharma Ltd.,MARKSANS,524404,MARKSANS,INE750C01026,Pharmaceuticals,Pharmaceuticals & Biotechnology,198.4,198.4,8990.77,24.95,Export NA,28.42,22.75,62.92,42.18,42.23,-11.48,Export NA,2.39,2.39,3.21,41.75,7.57,7.72,7.95,-2.17,15.42,17.72,18.15,11.74,11.9,12.17,5,Pharmaceuticals & Biotechnology,Pharmaceuticals,2025-12-31,2026-02-05
Marsons Ltd.,,517467,MARSONS,INE415B01044,Heavy Electrical Equipment,General Industrials,144.35,144.35,2484.26,75.98,Export NA,,2124.58,56.05,58.9,71.23,,Export NA,5.74,3.65,16.99,69.91,14.56,15.26,1.9,,22.87,19.77,17.01,18.38,10.29,8.7,5,General Industrials,Heavy Electrical Equipment,2025-12-31,2026-02-09
Marushika Technology Ltd.,MARUSHIKA,,MARUSHIKA,INE0X7G01013,IT Consulting & Software,Software & Services,86.1,86.1,73.5,11.69,Export NA,,,,22.39,21.42,,Export NA,10.02,10.72,3.53,,6.84,6.86,7.36,,40.88,28.07,30.42,11.65,17.17,18.42,6,Software & Services,IT Consulting & Software,2025-03-31,
Maruti Suzuki India Ltd.,MARUTI,532500,MARUTI,INE585B01010,Cars & Utility Vehicles,Automobiles & Auto Components,13172,13172,414131.1,28.21,Export NA,29.6,41.39,27.4,32.11,23.81,22.81,Export NA,5.07,10.39,4,9.77,6.96,4.59,466.9,1.24,13.69,19.05,18.7,9.85,9.43,9,7,Automobiles & Auto Components,Cars & Utility Vehicles,2026-03-31,2026-04-28
Marvel Decor Ltd.,MDL,,MDL,INE575Z01010,Furniture-Furnishing,Diversified Consumer Services,46.7,46.7,82.85,21.67,Export NA,95.04,84.73,,33.62,45.68,,Export NA,3.59,0.32,1.28,38.72,10.95,4.56,2.16,,6.1,22.55,10.88,4.24,11.12,7.56,5,Diversified Consumer Services,Furniture-Furnishing,2025-03-31,2025-11-12
Mas Financial Services Ltd.,MASFIN,540749,MASFIN,INE348L01012,Finance (including NBFCs),Banking and Finance,331.5,331.5,6015.18,16.2,Export NA,18.84,22.34,8.06,22.6,26.34,0.83,Export NA,2.78,2.13,2.07,4.62,6.23,3.86,20.46,19.6,12.48,16.76,13.65,2.7,4.85,6.73,6,Banking and Finance,Finance (including NBFCs),2026-03-31,2026-04-29
Mask Investments Ltd.,MASKINVEST,,MASKINVEST,INE885F01015,Other Financial Services,Banking and Finance,155.95,155.95,47.59,6260.54,Export NA,1692.96,3292.06,94.41,22.6,36.93,59.86,Export NA,2.78,3.57,0.53,51.52,6.23,99.98,0.02,104.59,0.03,16.76,19.97,0.03,4.85,11.89,6,Banking and Finance,Other Financial Services,2025-12-31,2026-02-14
Mason Infratech Ltd.,MASON,,MASON,INE0SH001010,Realty,Realty,130.75,130.75,313.02,18.32,Export NA,,,62.71,37.63,37.32,,Export NA,1.72,1.77,2.35,,3.69,4.38,7.14,,25.69,10.17,11.27,10.84,4.54,5.37,3,Realty,Realty,2025-03-31,2025-11-12
Mastek Ltd.,MASTEK,523704,MASTEK,INE759A01021,IT Consulting & Software,Software & Services,1618.8,1618.8,5018.41,12.42,Export NA,22.64,22.62,16.15,22.39,21.42,1.66,Export NA,10.02,10.72,1.8,41.08,6.84,6.86,130.32,7.47,13.5,28.07,30.42,9.37,17.17,18.42,5,Software & Services,IT Consulting & Software,2026-03-31,2026-04-17
Master Components Ltd.,MASTER,,MASTER,INE0OJM01017,Plastic Products,General Industrials,349.7,349.7,139.88,21.54,Export NA,,,17.57,58.9,35.79,,Export NA,5.74,3.64,4.29,19.82,14.56,7.73,16.23,,22.01,19.77,14.6,15.08,10.29,10.46,5,General Industrials,Plastic Products,2025-03-31,2026-05-15
Master Trust Ltd.,MASTERTR,511768,MASTERTR,INE677D01037,Capital Markets,Banking and Finance,83.29,83.29,1024.6,8.13,Export NA,14.88,11.67,65.43,22.6,49.83,-2.03,Export NA,2.78,1.85,1.3,77.9,6.23,18.07,10.24,-4,20.56,16.76,28.37,6.72,4.85,12.93,2,Banking and Finance,Capital Markets,2026-03-31,2026-05-12
Matrimony.com Ltd.,MATRIMONY,540704,MATRIMONY,INE866R01028,Internet Software & Services,Software & Services,430.2,430.2,889.37,27.25,Export NA,25.78,26.21,35.59,22.39,32.02,-0.82,Export NA,10.02,2.7,3.63,3.27,6.84,6.82,15.79,-33.16,18.74,28.07,8.54,9.82,17.17,6.62,6,Software & Services,Internet Software & Services,2025-12-31,2026-05-14
Matrix Geo Solutions Ltd.,MGSL,,MGSL,INE132901013,IT Consulting & Software,Software & Services,79.9,79.9,116.51,19.88,Export NA,,,,22.39,21.42,,Export NA,10.02,10.72,1.78,,6.84,6.86,4.02,,26.74,28.07,30.42,19.08,17.17,18.42,5,Software & Services,IT Consulting & Software,2025-03-31,2025-11-10
Mawana Sugars Ltd.,MAWANASUG,523371,MAWANASUG,INE636A01039,Sugar,"Food, Beverages & Tobacco",107.54,107.54,420.66,11.71,Export NA,6.85,14.3,67.09,28.35,27.86,-0.19,Export NA,1.73,1.26,0.91,62.94,8.04,2.67,9.19,-62.11,22.24,26.28,9.03,9.98,19.55,4.86,8,"Food, Beverages & Tobacco",Sugar,2025-12-31,2026-02-14
Max Estates Ltd.,MAXESTATES,544008,MAXESTATES,INE03EI01018,Realty,Realty,393.55,393.55,6432.59,178.29,Export NA,177.27,,35.87,37.63,37.32,2.79,Export NA,1.72,1.77,2.79,7.34,3.69,4.38,2.21,63.87,1.79,10.17,11.27,0.56,4.54,5.37,6,Realty,Realty,2025-12-31,2026-02-06
Max Financial Services Ltd.,MFSL,500271,MFSL,INE180A01020,Life Insurance,Banking and Finance,1653.7,1653.7,57071.63,402.96,Export NA,139.39,115.54,95.25,22.6,37.15,-9.21,Export NA,2.78,8.98,10.67,95.36,6.23,5.97,4.1,-43.76,6.2,16.76,24.95,0.17,4.85,0.65,6,Banking and Finance,Life Insurance,2025-12-31,2026-05-12
Max Healthcare Institute Ltd.,MAXHEALTH,543220,MAXHEALTH,INE027H01010,Healthcare Facilities,Healthcare,1017.7,1017.7,99047.02,69.79,Export NA,95.07,78.13,43.79,64.81,71.3,1.71,Export NA,6.11,6.58,9.57,60.58,9.5,9.54,14.58,40.73,11.46,14.74,13.76,7.07,8.39,7.2,5,Healthcare,Healthcare Facilities,2025-12-31,2026-02-05
Max India Ltd.,MAXIND,543223,MAXIND,INE0CG601016,Holding Companies,Diversified,167.88,167.88,881.75,-5.93,Export NA,2.37,,,24.34,28.32,0.21,Export NA,1.86,1.91,2.07,71.92,2.7,2.66,-28.3,-28.29,-39.14,11.19,11.42,-22.18,3.16,3.21,0,Diversified,Holding Companies,2025-12-31,2026-02-10
Maxposure Ltd.,MAXPOSURE,,MAXPOSURE,INE0ECC01022,Advertising & Media,Media,40.2,40.2,91.42,10.75,Export NA,,,,25.23,29.21,,Export NA,2.2,3.19,1.28,,13.87,5.97,3.74,,11.26,20.32,16.93,8.51,15.35,7.63,2,Media,Advertising & Media,2025-03-31,2025-11-13
Maxvolt Energy Industries Ltd.,MAXVOLT,,MAXVOLT,INE10A501018,Other Electrical Equipment/Products,Consumer Durables,458.2,458.2,499.62,49.38,Export NA,,,100,49.58,41.19,,Export NA,1.45,1.34,6.13,100,9.42,8.51,9.28,,14.74,20.69,21.67,10.59,10.95,11.03,3,Consumer Durables,Other Electrical Equipment/Products,2025-03-31,2025-11-13
Mayasheel Ventures Ltd.,MAYASHEEL,,MAYASHEEL,INE0ZTO01018,Roads & Highways,Cement and Construction,57,57,125.68,11.09,Export NA,,,100,35.74,6.99,,Export NA,3.26,0.03,2.08,,4.05,1.13,5.14,,39.3,11.25,24.35,11.43,4.61,8.72,7,Cement and Construction,Roads & Highways,2025-03-31,2025-11-10
Mayur Uniquoters Ltd.,MAYURUNIQ,522249,MAYURUNIQ,INE040D01038,Textiles,Textiles Apparels & Accessories,600.05,600.05,2607.37,15,Export NA,17.82,19.21,28.29,53.79,32.96,0.62,Export NA,2.24,6.53,2.44,23.96,15.41,3.67,40,24.15,15.62,22.86,11.51,14.15,8.26,7.43,7,Textiles Apparels & Accessories,Textiles,2025-12-31,2026-05-19
Mazagon Dock Shipbuilders Ltd.,MAZDOCK,543237,MAZDOCK,INE249Z01020,Aerospace & Defence,General Industrials,2443.8,2443.8,98578,35.71,Export NA,44.28,34.55,68.31,58.9,50.58,2.48,Export NA,5.74,8.98,10.11,71.08,14.56,11.27,68.44,14.38,26.48,19.77,23.04,9.4,10.29,9.53,6,General Industrials,Aerospace & Defence,2026-03-31,2026-04-30
Mazda Ltd.,MAZDA,523792,MAZDA,INE885E01042,Industrial Machinery,General Industrials,203.4,203.4,407.31,15.21,Export NA,18.6,16.36,71.2,58.9,58.76,-2.31,Export NA,5.74,4.45,1.67,64.66,14.56,20.55,13.37,-6.6,10.8,19.77,24.18,9.38,10.29,13.59,4,General Industrials,Industrial Machinery,2025-12-31,2026-02-11
McLeod Russel (India) Ltd.,MCLEODRUSS,532654,MCLEODRUSS,INE942G01012,Tea & Coffee,"Food, Beverages & Tobacco",56.3,56.3,588.09,-2.61,Export NA,,,,28.35,34.78,-0.38,Export NA,1.73,3.66,21.73,100,8.04,6.07,-21.56,6.87,0,26.28,8.14,-5.5,19.55,5.04,3,"Food, Beverages & Tobacco",Tea & Coffee,2025-12-31,2026-02-13
Medi Assist Healthcare Services Ltd.,MEDIASSIST,544088,MEDIASSIST,INE456Z01021,Healthcare Services,Healthcare,389,389,2905.9,33.04,Export NA,,,2.29,64.81,49.79,-10.28,Export NA,6.11,5.33,4.96,8.1,9.5,10.34,11.77,-3.22,10.47,14.74,19.47,6.4,8.39,13.06,4,Healthcare,Healthcare Services,2026-03-31,2026-05-09
Media Matrix Worldwide Ltd.,,512267,MMWL,INE200D01020,Advertising & Media,Media,13.54,13.54,1533.73,261.95,Export NA,374.38,798.44,40.22,25.23,29.21,3.88,Export NA,2.2,3.19,11.02,40.85,13.87,5.97,0.05,67.43,8.72,20.32,16.93,2.45,15.35,7.63,6,Media,Advertising & Media,2026-03-31,2026-04-15
Medicamen Biotech Ltd.,MEDICAMEQ,531146,MEDICAMEQ,INE646B01010,Pharmaceuticals,Pharmaceuticals & Biotechnology,277.8,277.8,376.82,39.99,Export NA,64.24,64.83,2.95,42.18,42.23,2.01,Export NA,2.39,2.39,1.36,0.18,7.57,7.72,6.95,19.93,3.33,17.72,18.15,2.39,11.9,12.17,2,Pharmaceuticals & Biotechnology,Pharmaceuticals,2025-12-31,2026-02-13
Medicamen Organics Ltd.,MEDIORG,,MEDIORG,INE0PE401018,Pharmaceuticals,Pharmaceuticals & Biotechnology,26.55,26.55,32.3,7.98,Export NA,,,2.81,42.18,42.23,,Export NA,2.39,2.39,1.01,,7.57,7.72,3.33,,13.77,17.72,18.15,6.83,11.9,12.17,4,Pharmaceuticals & Biotechnology,Pharmaceuticals,2025-03-31,2025-11-14
Medico Remedies Ltd.,MEDICO,540937,MEDICO,INE630Y01024,Pharmaceuticals,Pharmaceuticals & Biotechnology,42.05,42.05,348.95,30.08,Export NA,43.69,26.14,7.68,42.18,42.23,0.97,Export NA,2.39,2.39,5,35.96,7.57,7.72,1.4,31.04,16.15,17.72,18.15,8.42,11.9,12.17,5,Pharmaceuticals & Biotechnology,Pharmaceuticals,2025-12-31,2026-02-12
Medistep Healthcare Ltd.,MEDISTEP,,MEDISTEP,INE0UOY01019,Pharmaceuticals,Pharmaceuticals & Biotechnology,22.9,22.9,32.54,7.85,Export NA,,,6.9,42.18,42.23,,Export NA,2.39,2.39,0.93,,7.57,7.72,2.92,,24.61,17.72,18.15,18.02,11.9,12.17,4,Pharmaceuticals & Biotechnology,Pharmaceuticals,2025-03-31,2025-11-11
Medplus Health Services Ltd.,MEDPLUS,543427,MEDPLUS,INE804L01022,Healthcare Supplies,Healthcare,868.9,868.9,10431.54,50.39,Export NA,97.49,,10.94,64.81,48.56,0.89,Export NA,6.11,3.15,5.48,36.87,9.5,5.43,17.24,56.37,8.63,14.74,11.01,4.47,8.39,8.34,7,Healthcare,Healthcare Supplies,2025-12-31,2026-05-29
Meesho Ltd.,MEESHO,544632,MEESHO,INE0VDM01015,Internet & Catalogue Retail,Retailing,181.88,181.88,83436.5,,Export NA,,,,78.39,42.45,,Export NA,6.4,1.62,93.11,100,19.94,27.18,,,-30.95,10.74,2.98,-17.17,6.91,1.72,3,Retailing,Internet & Catalogue Retail,2026-03-31,2026-05-06
Mega Flex Plastics Ltd.,MEGAFLEX,,MEGAFLEX,INE0G1D01014,Containers & Packaging,Commercial Services & Supplies,148,148,164.31,47.96,Export NA,,,100,31.83,23.27,,Export NA,2.32,5.49,2.94,100,5.75,2.74,3.09,,6.2,13.46,10.99,5.74,6.61,7.3,3,Commercial Services & Supplies,Containers & Packaging,2025-03-31,2025-11-06
Megastar Foods Ltd.,MEGASTAR,541352,MEGASTAR,INE00EM01016,Other Food & Beverages,"Food, Beverages & Tobacco",300.9,300.9,339.83,89.6,Export NA,60.06,,99.84,28.35,46.65,0.59,Export NA,1.73,2.98,3.37,49.57,8.04,15.04,3.36,151.22,4.04,26.28,15.61,1.6,19.55,11.14,3,"Food, Beverages & Tobacco",Other Food & Beverages,2025-12-31,2026-02-05
Megatherm Induction Ltd.,MEGATHERM,,MEGATHERM,INE531R01010,Industrial Machinery,General Industrials,265.35,265.35,499.94,23.47,Export NA,,,,58.9,58.76,,Export NA,5.74,4.45,3.25,,14.56,20.55,11.31,,15.04,19.77,24.18,7.43,10.29,13.59,4,General Industrials,Industrial Machinery,2025-03-31,2025-11-11
Meghmani Organics Ltd.,MOL,543331,MOL,INE0CT101020,Agrochemicals,Chemicals & Petrochemicals,53.41,53.41,1358.29,33.52,Export NA,,,72.7,42.23,30.4,0.18,Export NA,3.64,3.17,0.88,3.33,6.18,3.87,1.59,183.76,-0.69,13.61,11.71,-0.34,9.15,7.88,5,Chemicals & Petrochemicals,Agrochemicals,2025-12-31,2026-05-14
Menon Bearings Ltd.,MENONBE,523828,MENONBE,INE071D01033,Auto Parts & Equipment,Automobiles & Auto Components,137.06,137.06,768.08,24.71,Export NA,27.31,25.38,10.77,32.11,41.7,0.83,Export NA,5.07,3.31,4.56,39.36,6.96,6.81,5.55,29.76,15.72,19.05,15.01,10.81,9.43,7.82,4,Automobiles & Auto Components,Auto Parts & Equipment,2025-12-31,2026-05-14
Menon Pistons Ltd.,,531727,MENNPIS,INE650G01029,Auto Parts & Equipment,Automobiles & Auto Components,57.88,57.88,295.19,11.62,Export NA,14.02,13.11,39.95,32.11,41.7,-2.17,Export NA,5.07,3.31,1.7,1.22,6.96,6.81,4.98,-5.35,15.17,19.05,15.01,11.14,9.43,7.82,5,Automobiles & Auto Components,Auto Parts & Equipment,2025-12-31,2026-01-28
Mercantile Ventures Ltd.,,538942,MERCANTILE,INE689O01013,Misc. Commercial Services,Commercial Services & Supplies,28.14,28.14,314.94,25.24,Export NA,16.27,17.1,65.3,31.83,27.25,0.29,Export NA,2.32,0.82,0.97,97.53,5.75,5.02,1.11,86.13,4.93,13.46,17.32,4.15,6.61,12.13,6,Commercial Services & Supplies,Misc. Commercial Services,2025-12-31,2026-02-06
Metro Brands Ltd.,METROBRAND,543426,METROBRAND,INE317I01021,Footwear,Retailing,1027.9,1027.9,28015.08,71.96,Export NA,83.53,,24.59,78.39,57.67,-13.61,Export NA,6.4,2.03,14.39,5.62,19.94,9.86,14.28,-5.29,20.51,10.74,18.49,10.51,6.91,9.08,5,Retailing,Footwear,2025-12-31,2026-01-27
Metroglobal Ltd.,,500159,METROGLOBL,INE085D01033,Commodity Trading  & Distribution,Commercial Services & Supplies,132.75,132.75,163.74,9.38,Export NA,14.07,11.37,48.85,31.83,33.18,0.11,Export NA,2.32,1.21,0.4,55.53,5.75,5.32,14.15,84.6,4.27,13.46,12.19,4.08,6.61,4.31,7,Commercial Services & Supplies,Commodity Trading  & Distribution,2026-03-31,2026-05-11
Metropolis Healthcare Ltd.,METROPOLIS,542650,METROPOLIS,INE112L01020,Healthcare Services,Healthcare,548.1,548.1,11363.64,67.54,Export NA,73.33,59.8,69.26,64.81,49.79,6.42,Export NA,6.11,5.33,7.71,22.69,9.5,10.34,8.12,10.52,10.89,14.74,19.47,7.76,8.39,13.06,3,Healthcare,Healthcare Services,2025-12-31,2026-05-13
Micropro Software Solutions Ltd.,MICROPRO,,MICROPRO,INE0PZK01014,IT Consulting & Software,Software & Services,19.6,19.6,28.03,-15.17,Export NA,,,,22.39,21.42,,Export NA,10.02,10.72,0.65,,6.84,6.86,-1.29,,-4.05,28.07,30.42,-3.56,17.17,18.42,1,Software & Services,IT Consulting & Software,2025-03-31,2025-11-14
Midwest Ltd.,MIDWESTLTD,544587,MIDWESTLTD,INE0XAD01024,Construction Materials,Cement and Construction,1285.9,1285.9,4649.92,39.93,Export NA,,,42.11,35.74,28.02,,Export NA,3.26,0.23,6.72,5.26,4.05,4.88,32.21,,21.85,11.25,16.85,11.56,4.61,8.83,2,Cement and Construction,Construction Materials,2025-12-31,2026-02-12
Milton Industries Ltd.,MILTON,,MILTON,INE376Y01016,Furniture-Furnishing,Diversified Consumer Services,45.05,45.05,76.56,63.93,Export NA,15.6,13.45,100,33.62,45.68,,Export NA,3.59,0.32,1.59,95.93,10.95,4.56,0.7,,2.52,22.55,10.88,1.57,11.12,7.56,2,Diversified Consumer Services,Furniture-Furnishing,2025-03-31,2025-11-22
Minda Corporation Ltd.,MINDACORP,538962,MINDACORP,INE842C01021,Auto Parts & Equipment,Automobiles & Auto Components,512.95,512.95,12263.58,42.63,Export NA,51.76,39.89,78.85,32.11,41.7,8.6,Export NA,5.07,3.31,4.9,70.6,6.96,6.81,12.03,4.96,11.62,19.05,15.01,5.23,9.43,7.82,5,Automobiles & Auto Components,Auto Parts & Equipment,2025-12-31,2026-02-05
Mindspace Business Parks REIT,MINDSPACE,543217,MINDSPACE,INE0CCU25019,REITs-InvITs,Realty,459.57,459.57,27996.25,42.95,Export NA,48.54,53.62,17.21,37.63,46.38,1.17,Export NA,1.72,3.82,1.96,89.17,3.69,1.66,10.7,36.86,4.33,10.17,6.22,2.06,4.54,1.93,6,Realty,REITs-InvITs,2026-03-31,2026-01-27
Mindteck (India) Ltd.,MINDTECK,517344,MINDTECK,INE110B01017,IT Consulting & Software,Software & Services,202.93,202.93,648.45,23.03,Export NA,27.12,21.59,60.11,22.39,21.42,-32.65,Export NA,10.02,10.72,2.27,70.58,6.84,6.86,8.81,-0.71,11.04,28.07,30.42,8.91,17.17,18.42,5,Software & Services,IT Consulting & Software,2025-12-31,2026-05-19
Mirae Asset BSE 200 Equal Weight ETF,EQUAL200,544377,EQUAL200,INF769K01OA1,Others,Others,13.13,13.13,,,Export NA,,,,,,,Export NA,,,,,,,,,,,,,,,,Others,Others,,
Mirae Asset BSE 500 Dividend Leaders 50 ETF,DIVIDEND,544661,DIVIDEND,INF769K01PY8,Others,Others,35.87,35.87,,,Export NA,,,,,,,Export NA,,,,,,,,,,,,,,,,Others,Others,,
Mirae Asset BSE India Defence ETF,DEFENCE,544705,DEFENCE,INF769K01QC2,Others,Others,72.92,72.92,,,Export NA,,,,,,,Export NA,,,,,,,,,,,,,,,,Others,Others,,
Mirae Asset BSE Select IPO ETF,SELECTIPO,544376,SELECTIPO,INF769K01ON4,Others,Others,42.54,42.54,,,Export NA,,,,,,,Export NA,,,,,,,,,,,,,,,,Others,Others,,
Mirae Asset Gold ETF,GOLDETF,543781,GOLDETF,INF769K01JP9,Others,Others,146.1,146.1,,,Export NA,,,,,,,Export NA,,,,,,,,,,,,,,,,Others,Others,,
Mirae Asset Hang Seng TECH ETF,MAHKTECH,543414,MAHKTECH,INF769K01HS7,Others,Others,24.75,24.75,,,Export NA,,,,,,,Export NA,,,,,,,,,,,,,,,,Others,Others,,
Mirae Asset NYSE FANG+ ETF,MAFANG,543291,MAFANG,INF769K01HF4,Others,Others,192.4,192.4,,,Export NA,,,,,,,Export NA,,,,,,,,,,,,,,,,Others,Others,,
Mirae Asset Nifty 100 ESG Sector Leaders ETF,ESG,543246,ESG,INF769K01GS9,Others,Others,39.85,39.85,,,Export NA,,,,,,,Export NA,,,,,,,,,,,,,,,,Others,Others,,
Mirae Asset Nifty 100 Low Volatility 30 ETF,LOWVOL,543858,LOWVOL,INF769K01JU9,Others,Others,197.41,197.41,,,Export NA,,,,,,,Export NA,,,,,,,,,,,,,,,,Others,Others,,
Mirae Asset Nifty 1D Rate Liquid ETF,LIQUID,543946,LIQUID,INF769K01KS1,Others,Others,999.99,999.99,,,Export NA,,,,,,,Export NA,,,,,,,,,,,,,,,,Others,Others,,
Mirae Asset Nifty 1D Rate Liquid ETF - Growth,LIQUIDPLUS,544284,LIQUIDPLUS,INF769K01MY5,Others,Others,1084.88,1084.88,,,Export NA,,,,,,,Export NA,,,,,,,,,,,,,,,,Others,Others,,
Mirae Asset Nifty 200 Alpha 30 ETF,ALPHAETF,544007,ALPHAETF,INF769K01KU7,Others,Others,25.07,25.07,,,Export NA,,,,,,,Export NA,,,,,,,,,,,,,,,,Others,Others,,
Mirae Asset Nifty 50 ETF,NIFTYETF,542131,NIFTYETF,INF769K01EG9,Others,Others,252.89,252.89,,,Export NA,,,,,,,Export NA,,,,,,,,,,,,,,,,Others,Others,,
Mirae Asset Nifty 500 Healthcare ETF,HEALTHCARE,544701,HEALTHCARE,INF769K01QA6,Others,Others,19.63,19.63,,,Export NA,,,,,,,Export NA,,,,,,,,,,,,,,,,Others,Others,,
Mirae Asset Nifty 500 Value 50 ETF,,544737,VALUE,INF769K01QV2,Others,Others,16.34,16.34,,,Export NA,,,,,,,Export NA,,,,,,,,,,,,,,,,Others,Others,,
Mirae Asset Nifty 8-13 yr G-Sec ETF,GSEC10YEAR,543875,GSEC10YEAR,INF769K01KF8,Others,Others,29.69,29.69,,,Export NA,,,,,,,Export NA,,,,,,,,,,,,,,,,Others,Others,,
Mirae Asset Nifty Bank ETF,BANKETF,543944,BANKETF,INF769K01KR3,Others,Others,543.84,543.84,,,Export NA,,,,,,,Export NA,,,,,,,,,,,,,,,,Others,Others,,
Mirae Asset Nifty EV and New Age Automotive ETF,EVINDIA,544212,EVINDIA,INF769K01LQ3,Others,Others,29.98,29.98,,,Export NA,,,,,,,Export NA,,,,,,,,,,,,,,,,Others,Others,,
Mirae Asset Nifty Energy ETF,ENERGY,544604,ENERGY,INF769K01PR2,Packaged Foods,FMCG,39.68,39.68,14.88,-418.61,Export NA,,,,49.72,67.64,2.13,Export NA,14.09,6.77,-29.11,,20.61,37.36,-0.09,-196.17,9.1,37.93,51.25,-20.54,19.27,22.23,1,FMCG,Packaged Foods,2011-12-31,
Mirae Asset Nifty Financial Services ETF,BFSI,543323,BFSI,INF769K01HI8,Others,Others,25.99,25.99,,,Export NA,,,,,,,Export NA,,,,,,,,,,,,,,,,Others,Others,,
Mirae Asset Nifty IT ETF,ITETF,544006,ITETF,INF769K01KV5,Others,Others,29.75,29.75,,,Export NA,,,,,,,Export NA,,,,,,,,,,,,,,,,Others,Others,,
Mirae Asset Nifty India Infrastructure & Logistics ETF,INFRA,544704,INFRA,INF769K01QB4,Others,Others,11.69,11.69,,,Export NA,,,,,,,Export NA,,,,,,,,,,,,,,,,Others,Others,,
Mirae Asset Nifty India Internet ETF,INTERNET,544438,INTERNET,INF769K01PB6,Others,Others,11.85,11.85,,,Export NA,,,,,,,Export NA,,,,,,,,,,,,,,,,Others,Others,,
Mirae Asset Nifty India Manufacturing ETF,MAKEINDIA,543454,MAKEINDIA,INF769K01IB1,Others,Others,157.49,157.49,,,Export NA,,,,,,,Export NA,,,,,,,,,,,,,,,,Others,Others,,
Mirae Asset Nifty India New Age Consumption ETF,CONSUMER,544323,CONSUMER,INF769K01NS5,Others,Others,10.69,10.69,,,Export NA,,,,,,,Export NA,,,,,,,,,,,,,,,,Others,Others,,
Mirae Asset Nifty Metal ETF,METAL,544268,METAL,INF769K01LY7,Others,Others,12.97,12.97,,,Export NA,,,,,,,Export NA,,,,,,,,,,,,,,,,Others,Others,,
Mirae Asset Nifty MidSmallcap400 Momentum Quality 100 ETF,MIDSMALL,544180,MIDSMALL,INF769K01LJ8,Others,Others,49.39,49.39,,,Export NA,,,,,,,Export NA,,,,,,,,,,,,,,,,Others,Others,,
Mirae Asset Nifty Midcap 150 ETF,MIDCAPETF,543481,MIDCAPETF,INF769K01IC9,Others,Others,22.41,22.41,,,Export NA,,,,,,,Export NA,,,,,,,,,,,,,,,,Others,Others,,
Mirae Asset Nifty Next 50 ETF (MANxt50ETF),NEXT50,542922,NEXT50,INF769K01FN2,Others,Others,706.62,706.62,,,Export NA,,,,,,,Export NA,,,,,,,,,,,,,,,,Others,Others,,
Mirae Asset Nifty PSU Bank ETF,BANKPSU,544266,BANKPSU,INF769K01LZ4,Others,Others,81.02,81.02,,,Export NA,,,,,,,Export NA,,,,,,,,,,,,,,,,Others,Others,,
Mirae Asset Nifty Smallcap 250 ETF,SMALL250,544605,SMALL250,INF769K01PQ4,Others,Others,16.76,16.76,,,Export NA,,,,,,,Export NA,,,,,,,,,,,,,,,,Others,Others,,
Mirae Asset Nifty Smallcap 250 Momentum Quality 100 ETF,SMALLCAP,544130,SMALLCAP,INF769K01LC3,Others,Others,44.32,44.32,,,Export NA,,,,,,,Export NA,,,,,,,,,,,,,,,,Others,Others,,
Mirae Asset Nifty Top 20 Equal Weight ETF,TOP20,544660,TOP20,INF769K01PZ5,Others,Others,8.44,8.44,,,Export NA,,,,,,,Export NA,,,,,,,,,,,,,,,,Others,Others,,
Mirae Asset Nifty50 Equal Weight ETF,EQUAL50,544401,EQUAL50,INF769K01OO2,Others,Others,320.7,320.7,,,Export NA,,,,,,,Export NA,,,,,,,,,,,,,,,,Others,Others,,
Mirae Asset Nifty500 Multicap 50 25 25 ETF,MULTICAP,544241,MULTICAP,INF769K01LX9,Others,Others,15.83,15.83,,,Export NA,,,,,,,Export NA,,,,,,,,,,,,,,,,Others,Others,,
Mirae Asset S&P 500 Top 50 ETF,MASPTOP50,543365,MASPTOP50,INF769K01HP3,Others,Others,79.89,79.89,,,Export NA,,,,,,,Export NA,,,,,,,,,,,,,,,,Others,Others,,
Mirae Asset S&P BSE Sensex ETF,SENSEXETF,543999,SENSEXETF,INF769K01KT9,Others,Others,76.52,76.52,,,Export NA,,,,,,,Export NA,,,,,,,,,,,,,,,,Others,Others,,
Mirae Asset Silver ETF,SILVERAG,543922,SILVERAG,INF769K01KG6,Others,Others,256.51,256.51,,,Export NA,,,,,,,Export NA,,,,,,,,,,,,,,,,Others,Others,,
Mirza International Ltd.,MIRZAINT,526642,MIRZAINT,INE771A01026,Footwear,Retailing,30.55,30.55,422.21,51.17,Export NA,42.94,31.2,74.86,78.39,57.67,0.17,Export NA,6.4,2.03,0.74,2.73,19.94,9.86,0.6,304.09,-0.58,10.74,18.49,-0.44,6.91,9.08,3,Retailing,Footwear,2025-12-31,2026-02-07
Mishra Dhatu Nigam Ltd.,MIDHANI,541195,MIDHANI,INE099Z01011,Aerospace & Defence,General Industrials,389.4,389.4,7295.02,66.46,Export NA,69.44,51.09,77.67,58.9,50.58,7.64,Export NA,5.74,8.98,4.97,72.96,14.56,11.27,5.86,8.7,7.83,19.77,23.04,3.8,10.29,9.53,8,General Industrials,Aerospace & Defence,2025-12-31,2026-02-12
Mittal Life Style Ltd.,MITTAL,,MITTAL,INE997Y01027,Textiles,Textiles Apparels & Accessories,0.9,0.9,39.95,25.06,Export NA,41.06,112.31,19.69,53.79,32.96,-0.66,Export NA,2.24,6.53,0.68,8.85,15.41,3.67,0.04,-38.18,3.99,22.86,11.51,3.42,8.26,7.43,3,Textiles Apparels & Accessories,Textiles,2025-12-31,2026-02-09
Mobilise App Lab Ltd.,MOBILISE,,MOBILISE,INE1YNB01019,IT Software Products,Software & Services,115,115,109.39,23.21,Export NA,,,,22.39,42.73,,Export NA,10.02,3.5,7.51,,6.84,6.05,4.96,,57.05,28.07,12.16,39.54,17.17,7.28,4,Software & Services,IT Software Products,2025-03-31,
Modern Threads (India) Ltd.,MODTHREAD,500282,MODTHREAD,INE794W01014,Textiles,Textiles Apparels & Accessories,48.12,48.12,167.34,14.37,Export NA,28.5,,48.46,53.79,32.96,0.11,Export NA,2.24,6.53,1.18,25.41,15.41,3.67,3.35,127.65,2.53,22.86,11.51,1.49,8.26,7.43,3,Textiles Apparels & Accessories,Textiles,2025-12-31,2026-02-14
Modi Naturals Ltd.,MODINATUR,519003,MODINATUR,INE537F01012,Other Agricultural Products,"Food, Beverages & Tobacco",365.05,365.05,485.75,12.53,Export NA,270.8,208.22,7.42,28.35,21.91,0.21,Export NA,1.73,1.77,3.19,19.01,8.04,3.56,29.14,60.71,25.52,26.28,16.12,9.4,19.55,8.43,8,"Food, Beverages & Tobacco",Other Agricultural Products,2025-12-31,2026-05-13
Modi Rubber Ltd.,MODIRUBBER,500890,MODIRUBBER,INE832A01018,Auto Tyres & Rubber Products,Automobiles & Auto Components,138.43,138.43,346.64,22.11,Export NA,16.28,11.65,98.94,32.11,25.9,-0.73,Export NA,5.07,0.9,0.5,73.56,6.96,2.87,6.26,-30.18,3.76,19.05,10.97,2.65,9.43,6.34,5,Automobiles & Auto Components,Auto Tyres & Rubber Products,2025-12-31,2026-02-14
Modis Navnirman Ltd.,MODIS,543539,MODIS,INE0L0L01012,Realty,Realty,365.45,365.45,715.96,29.18,Export NA,,,11.41,37.63,37.32,,Export NA,1.72,1.77,5.49,6.11,3.69,4.38,12.52,,9.01,10.17,11.27,5.89,4.54,5.37,5,Realty,Realty,2025-12-31,2026-05-15
Modison Ltd.,MODISONLTD,506261,MODISONLTD,INE737D01021,Other Electrical Equipment/Products,Consumer Durables,160.16,160.16,519.72,11.28,Export NA,21.52,21.27,23.93,49.58,41.19,0.1,Export NA,1.45,1.34,2.11,79.11,9.42,8.51,14.2,116.21,11.41,20.69,21.67,7.73,10.95,11.03,4,Consumer Durables,Other Electrical Equipment/Products,2025-12-31,2026-02-02
Mohini Health & Hygiene Ltd.,MHHL,,MHHL,INE450S01011,Medical Equipment,Healthcare,39,39,71.12,12.15,Export NA,11.8,10.71,65.82,64.81,22.92,,Export NA,6.11,1.94,0.68,31.33,9.5,3.26,3.21,,5.55,14.74,12.92,3.48,8.39,7.59,4,Healthcare,Medical Equipment,2025-03-31,2025-11-14
Mohit Industries Ltd.,MOHITIND,531453,MOHITIND,INE954E01012,Textiles,Textiles Apparels & Accessories,22.49,22.49,31.84,-24.92,Export NA,,244.01,,53.79,32.96,-0.79,Export NA,2.24,6.53,0.19,45.86,15.41,3.67,-0.9,31.71,-1.37,22.86,11.51,-1,8.26,7.43,2,Textiles Apparels & Accessories,Textiles,2025-12-31,2026-02-13
Moksh Ornaments Ltd.,MOKSH,,MOKSH,INE514Y01020,Gems & Jewellery,Textiles Apparels & Accessories,12.73,12.73,106.61,10.82,Export NA,18.33,19.95,14.56,53.79,63.43,0.64,Export NA,2.24,1.24,0.84,15.71,15.41,20.78,1.18,16.94,7.63,22.86,28.31,5.33,8.26,8.05,3,Textiles Apparels & Accessories,Gems & Jewellery,2026-03-31,2026-05-11
Mold-Tek Packaging Ltd.,MOLDTKPAC,533080,MOLDTKPAC,INE893J01029,Containers & Packaging,Commercial Services & Supplies,584.4,584.4,1941.9,26.65,Export NA,35.17,38.42,37.08,31.83,23.27,1.31,Export NA,2.32,5.49,2.85,11.57,5.75,2.74,21.93,20.35,10.56,13.46,10.99,6.88,6.61,7.3,7,Commercial Services & Supplies,Containers & Packaging,2026-03-31,2026-05-11
Mold-Tek Technologies Ltd.,MOLDTECH,526263,MOLDTECH,INE835B01035,Construction & Engineering,Cement and Construction,128.7,128.7,370.72,59.34,Export NA,29.27,28.47,93.72,35.74,31.41,-0.86,Export NA,3.26,5.1,2.77,18.57,4.05,4.95,2.17,-68.99,10.34,11.25,12.93,8.85,4.61,4.29,4,Cement and Construction,Construction & Engineering,2025-12-31,2026-05-14
Monarch Networth Capital Ltd.,MONARCH,511551,MONARCH,INE903D01011,Capital Markets,Banking and Finance,293.9,293.9,2329.7,14.53,Export NA,19.74,24.17,43.89,22.6,49.83,4.28,Export NA,2.78,1.85,2.52,44.48,6.23,18.07,20.23,3.39,18.73,16.76,28.37,12.08,4.85,12.93,5,Banking and Finance,Capital Markets,2025-12-31,2026-05-15
Moneyboxx Finance Ltd.,MONEYBOXX,538446,MONEYBOXX,INE296Q01012,Finance (including NBFCs),Banking and Finance,72.85,72.85,508.56,-115.22,Export NA,712.62,712.62,,22.6,26.34,0.81,Export NA,2.78,2.13,1.7,21.69,6.23,3.86,-0.63,-141.4,0.47,16.76,13.65,0.13,4.85,6.73,3,Banking and Finance,Finance (including NBFCs),2025-12-31,2026-02-12
Mono Pharmacare Ltd.,MONOPHARMA,,MONOPHARMA,INE0OIP01012,Pharmaceuticals,Pharmaceuticals & Biotechnology,12.5,12.5,22.09,7.11,Export NA,,,,42.18,42.23,,Export NA,2.39,2.39,0.71,,7.57,7.72,1.76,,9.95,17.72,18.15,2.82,11.9,12.17,2,Pharmaceuticals & Biotechnology,Pharmaceuticals,2025-03-31,2025-11-29
Monolithisch India Ltd.,MONOLITH,,MONOLITH,INE1DV401010,Electrodes & Refractories,General Industrials,531.25,531.25,1154.72,50.15,Export NA,,,8.57,58.9,42.36,,Export NA,5.74,5.21,9.42,2.14,14.56,4.18,10.59,,17.61,19.77,9.89,15.84,10.29,7.94,5,General Industrials,Electrodes & Refractories,2026-03-31,2026-05-02
Monte Carlo Fashions Ltd.,MONTECARLO,538836,MONTECARLO,INE950M01013,Other Apparels & Accessories,Textiles Apparels & Accessories,570.7,570.7,1183.18,12.24,Export NA,19.63,17.02,14.76,53.79,43.2,0.39,Export NA,2.24,2.85,1.26,6.54,15.41,13.14,46.64,31.11,9.73,22.86,20.14,4.73,8.26,9.64,6,Textiles Apparels & Accessories,Other Apparels & Accessories,2025-12-31,2026-05-18
Morarjee Textiles Ltd.,MORARJEE,532621,MORARJEE,INE161G01027,Textiles,Textiles Apparels & Accessories,7.61,7.61,27.65,-0.14,Export NA,131.95,131.95,,53.79,32.96,0.02,Export NA,2.24,6.53,-0.06,,15.41,3.67,-55.4,-8.55,0,22.86,11.51,-45.68,8.26,7.43,3,Textiles Apparels & Accessories,Textiles,2024-03-31,2025-08-20
Morepen Laboratories Ltd.,MOREPENLAB,500288,MOREPENLAB,INE083A01026,Pharmaceuticals,Pharmaceuticals & Biotechnology,42.94,42.94,2352.91,23.66,Export NA,29.6,32.53,36.09,42.18,42.23,-1.12,Export NA,2.39,2.39,1.92,4.71,7.57,7.72,1.81,-21.06,10.2,17.72,18.15,6.63,11.9,12.17,4,Pharmaceuticals & Biotechnology,Pharmaceuticals,2025-12-31,2026-02-10
MosChip Technologies Ltd.,MOSCHIP,532407,MOSCHIP,INE935B01025,IT Consulting & Software,Software & Services,211.22,211.22,4100.49,113.66,Export NA,269.96,249.34,18.81,22.39,21.42,2.79,Export NA,10.02,10.72,11.01,46.56,6.84,6.86,1.86,40.71,10.23,28.07,30.42,7.54,17.17,18.42,7,Software & Services,IT Consulting & Software,2025-12-31,2026-01-31
Motherson Sumi Wiring India Ltd.,MSUMI,543498,MSUMI,INE0FS801015,Auto Parts & Equipment,Automobiles & Auto Components,39.8,39.8,26394.01,42.22,Export NA,45.53,,35.95,32.11,41.7,13.24,Export NA,5.07,3.31,13.25,21.81,6.96,6.81,0.94,3.19,28.92,19.05,15.01,13.17,9.43,7.82,4,Automobiles & Auto Components,Auto Parts & Equipment,2026-03-31,2026-04-28
Motilal Oswal 5 Year G-Sec ETF,MOGSEC,543250,MOGSEC,INF247L01AK4,Others,Others,63.5,63.5,,,Export NA,,,,,,,Export NA,,,,,,,,,,,,,,,,Others,Others,,
Motilal Oswal BSE India Infrastructure ETF,MOINFRA,,MOINFRA,INF247L01FL1,Others,Others,62.38,62.38,,,Export NA,,,,,,,Export NA,,,,,,,,,,,,,,,,Others,Others,,
Motilal Oswal BSE Select IPO ETF,MOIPO,,MOIPO,INF247L01GI5,Others,Others,42.57,42.57,,,Export NA,,,,,,,Export NA,,,,,,,,,,,,,,,,Others,Others,,
Motilal Oswal BSE Top 10 Banks ETF,MOBANK10,,MOBANK10,INF247L01GV8,Others,Others,15.93,15.93,,,Export NA,,,,,,,Export NA,,,,,,,,,,,,,,,,Others,Others,,
Motilal Oswal Financial Services Ltd.,MOTILALOFS,532892,MOTILALOFS,INE338I01027,Capital Markets,Banking and Finance,841.7,841.7,50658.56,27.1,Export NA,19.23,16.05,61.22,22.6,49.83,-1.07,Export NA,2.78,1.85,3.77,69.75,6.23,18.07,31.06,-25.28,14.5,16.76,28.37,4.3,4.85,12.93,2,Banking and Finance,Capital Markets,2026-03-31,2026-04-29
Motilal Oswal Gold ETF,MOGOLD,590146,MOGOLD,INF247L01FY4,Others,Others,149.45,149.45,,,Export NA,,,,,,,Export NA,,,,,,,,,,,,,,,,Others,Others,,
Motilal Oswal M50 ETF,MOM50,590115,MOM50,INF247L01536,Others,Others,243.96,243.96,,,Export NA,,,,,,,Export NA,,,,,,,,,,,,,,,,Others,Others,,
Motilal Oswal Midcap 100 ETF,MOM100,536960,MOM100,INF247L01023,Others,Others,64.24,64.24,,,Export NA,,,,,,,Export NA,,,,,,,,,,,,,,,,Others,Others,,
Motilal Oswal NASDAQ 100 ETF - Growth Option,MON100,533385,MON100,INF247L01AP3,Others,Others,323.37,323.37,,,Export NA,,,,,,,Export NA,,,,,,,,,,,,,,,,Others,Others,,
Motilal Oswal Nasdaq Q 50 ETF,MONQ50,543437,MONQ50,INF247L01AU3,Others,Others,131.05,131.05,,,Export NA,,,,,,,Export NA,,,,,,,,,,,,,,,,Others,Others,,
Motilal Oswal Nifty 100 ETF,MONIFTY100,,MONIFTY100,INF247L01GG9,Others,Others,24.41,24.41,,,Export NA,,,,,,,Export NA,,,,,,,,,,,,,,,,Others,Others,,
Motilal Oswal Nifty 200 Momentum 30 ETF,MOMOMENTUM,543465,MOMOMENTUM,INF247L01BK2,Others,Others,60.35,60.35,,,Export NA,,,,,,,Export NA,,,,,,,,,,,,,,,,Others,Others,,
Motilal Oswal Nifty 50 Equal Weight ETF,MON50EQUAL,,MON50EQUAL,INF247L01FC0,Others,Others,32.21,32.21,,,Export NA,,,,,,,Export NA,,,,,,,,,,,,,,,,Others,Others,,
Motilal Oswal Nifty 500 ETF,MONIFTY500,590153,MONIFTY500,INF247L01BU1,Others,Others,22.78,22.78,,,Export NA,,,,,,,Export NA,,,,,,,,,,,,,,,,Others,Others,,
Motilal Oswal Nifty 500 Momentum 50 ETF,MOMENTUM50,590151,MOMENTUM50,INF247L01DK8,Others,Others,51.23,51.23,,,Export NA,,,,,,,Export NA,,,,,,,,,,,,,,,,Others,Others,,
Motilal Oswal Nifty Alpha 50 ETF,MOALPHA50,,MOALPHA50,INF247L01FR8,Others,Others,50.64,50.64,,,Export NA,,,,,,,Export NA,,,,,,,,,,,,,,,,Others,Others,,
Motilal Oswal Nifty Capital Market ETF,MOCAPITAL,590149,MOCAPITAL,INF247L01EV3,Others,Others,53.56,53.56,,,Export NA,,,,,,,Export NA,,,,,,,,,,,,,,,,Others,Others,,
Motilal Oswal Nifty Energy ETF,MOENERGY,,MOENERGY,INF247L01GH7,Others,Others,39.62,39.62,,,Export NA,,,,,,,Export NA,,,,,,,,,,,,,,,,Others,Others,,
Motilal Oswal Nifty India Defence ETF,MODEFENCE,590152,MODEFENCE,INF247L01DJ0,Others,Others,97.59,97.59,,,Export NA,,,,,,,Export NA,,,,,,,,,,,,,,,,Others,Others,,
Motilal Oswal Nifty India Manufacturing ETF,MOMGF,,MOMGF,INF247L01FK3,Others,Others,156.16,156.16,,,Export NA,,,,,,,Export NA,,,,,,,,,,,,,,,,Others,Others,,
Motilal Oswal Nifty India Tourism ETF,MOTOUR,,MOTOUR,INF247L01FP2,Others,Others,70.93,70.93,,,Export NA,,,,,,,Export NA,,,,,,,,,,,,,,,,Others,Others,,
Motilal Oswal Nifty MNC ETF,MOMNC,,MOMNC,INF247L01GK1,Others,Others,31.31,31.31,,,Export NA,,,,,,,Export NA,,,,,,,,,,,,,,,,Others,Others,,
Motilal Oswal Nifty Midcap150 Momentum 50 ETF,MOMIDMTM,,MOMIDMTM,INF247L01FQ0,Others,Others,62,62,,,Export NA,,,,,,,Export NA,,,,,,,,,,,,,,,,Others,Others,,
Motilal Oswal Nifty Next 50 ETF,MONEXT50,,MONEXT50,INF247L01FD8,Others,Others,68.42,68.42,,,Export NA,,,,,,,Export NA,,,,,,,,,,,,,,,,Others,Others,,
Motilal Oswal Nifty PSE ETF,MOPSE,,MOPSE,INF247L01FO5,Others,Others,106.26,106.26,,,Export NA,,,,,,,Export NA,,,,,,,,,,,,,,,,Others,Others,,
Motilal Oswal Nifty Realty ETF,MOREALTY,590150,MOREALTY,INF247L01CI4,Others,Others,76.58,76.58,,,Export NA,,,,,,,Export NA,,,,,,,,,,,,,,,,Others,Others,,
Motilal Oswal Nifty Services Sector ETF,MOSERVICE,,MOSERVICE,INF247L01GJ3,Others,Others,29.35,29.35,,,Export NA,,,,,,,Export NA,,,,,,,,,,,,,,,,Others,Others,,
Motilal Oswal Nifty Smallcap 250 ETF,MOSMALL250,590148,MOSMALL250,INF247L01CH6,Others,Others,16.78,16.78,,,Export NA,,,,,,,Export NA,,,,,,,,,,,,,,,,Others,Others,,
Motilal Oswal S&P BSE Enhanced Value ETF,MOVALUE,543576,MOVALUE,INF247L01BE5,Others,Others,114.08,114.08,,,Export NA,,,,,,,Export NA,,,,,,,,,,,,,,,,Others,Others,,
Motilal Oswal S&P BSE Healthcare ETF,MOHEALTH,543563,MOHEALTH,INF247L01BB1,Others,Others,46.62,46.62,,,Export NA,,,,,,,Export NA,,,,,,,,,,,,,,,,Others,Others,,
Motilal Oswal S&P BSE Low Volatility ETF,MOLOWVOL,543501,MOLOWVOL,INF247L01BL0,Others,Others,36.15,36.15,,,Export NA,,,,,,,Export NA,,,,,,,,,,,,,,,,Others,Others,,
Motilal Oswal S&P BSE Quality ETF,MOQUALITY,543577,MOQUALITY,INF247L01BH8,Others,Others,197.52,197.52,,,Export NA,,,,,,,Export NA,,,,,,,,,,,,,,,,Others,Others,,
Motilal Oswal Silver ETF,MOSILVER,590147,MOSILVER,INF247L01FZ1,Others,Others,259.51,259.51,,,Export NA,,,,,,,Export NA,,,,,,,,,,,,,,,,Others,Others,,
Motisons Jewellers Ltd.,MOTISONS,544053,MOTISONS,INE0FRK01020,Gems & Jewellery,Textiles Apparels & Accessories,11.84,11.84,1165.6,17.52,Export NA,,,11.05,53.79,63.43,0.32,Export NA,2.24,1.24,2.49,21.94,15.41,20.78,0.68,55.41,10.43,22.86,28.31,8.49,8.26,8.05,5,Textiles Apparels & Accessories,Gems & Jewellery,2025-12-31,2026-02-10
Motor & General Finance Ltd.,MOTOGENFIN,501343,MOTOGENFIN,INE861B01023,Finance (including NBFCs),Banking and Finance,22.84,22.84,88.45,67.16,Export NA,112.95,112.95,37.54,22.6,26.34,-1.63,Export NA,2.78,2.13,1.15,23.08,6.23,3.86,0.34,-41.26,1.6,16.76,13.65,0.46,4.85,6.73,7,Banking and Finance,Finance (including NBFCs),2025-12-31,2026-05-28
Moving Media Entertainment Ltd.,MMEL,,MMEL,INE0XM301010,Movies & Entertainment,Media,36.5,36.5,68.64,6.6,Export NA,,,,25.23,33.17,,Export NA,2.2,3.06,0.83,,13.87,25.15,5.53,,26.35,20.32,45.72,10.97,15.35,32.15,3,Media,Movies & Entertainment,2025-03-31,2025-11-13
MphasiS Ltd.,MPHASIS,526299,MPHASIS,INE356A01018,IT Consulting & Software,Software & Services,2146.5,2146.5,40799.99,21.9,Export NA,31.1,29.58,49.39,22.39,21.42,2.32,Export NA,10.02,10.72,4.05,50.87,6.84,6.86,97.99,9.43,17.33,28.07,30.42,10.47,17.17,18.42,4,Software & Services,IT Consulting & Software,2026-03-31,2026-04-29
Mrs. Bectors Food Specialities Ltd.,BECTORFOOD,543253,BECTORFOOD,INE495P01020,Packaged Foods,FMCG,187.62,187.62,5759.76,41.21,Export NA,60.4,57.22,38.72,49.72,67.64,-20.84,Export NA,14.09,6.77,4.6,17.52,20.61,37.36,4.55,-1.98,12.28,37.93,51.25,9.14,19.27,22.23,6,FMCG,Packaged Foods,2025-12-31,2026-02-11
Mufin Green Finance Ltd.,MUFIN,542774,MUFIN,INE08KJ01020,Finance (including NBFCs),Banking and Finance,112.92,112.92,2237.65,112.75,Export NA,116.48,94.17,84.06,22.6,26.34,-107.13,Export NA,2.78,2.13,6.84,54.87,6.23,3.86,1,-1.05,7.27,16.76,13.65,1.89,4.85,6.73,4,Banking and Finance,Finance (including NBFCs),2025-12-31,2026-02-13
Mukand Ltd.,MUKANDLTD,500460,MUKANDLTD,INE304A01026,Iron & Steel/Interm.Products,Metals & Mining,135.32,135.32,1955.31,32.55,Export NA,22.48,6.79,98.47,23.8,32.33,-0.9,Export NA,1.11,0.78,2.02,45.59,5.3,3.24,4.16,-36.15,7.99,19.76,6.78,2.14,9.83,3.42,5,Metals & Mining,Iron & Steel/Interm.Products,2025-12-31,2026-05-14
Mukka Proteins Ltd.,MUKKA,544135,MUKKA,INE0CG401037,Other Food & Beverages,"Food, Beverages & Tobacco",24.12,24.12,723.6,16.18,Export NA,,,37.13,28.35,46.65,-0.64,Export NA,1.73,2.98,1.54,6.9,8.04,15.04,1.49,-25.13,10.54,26.28,15.61,4.31,19.55,11.14,3,"Food, Beverages & Tobacco",Other Food & Beverages,2025-12-31,2026-02-12
Mukta Arts Ltd.,MUKTAARTS,532357,MUKTAARTS,INE374B01019,Movies & Entertainment,Media,55.91,55.91,126.27,-8.25,Export NA,,53.32,,25.23,33.17,-0.35,Export NA,2.2,3.06,-2.14,,13.87,25.15,-6.78,23.86,0,20.32,45.72,-7.14,15.35,32.15,3,Media,Movies & Entertainment,2025-12-31,2026-02-12
Multi Commodity Exchange of India Ltd.,MCX,534091,MCX,INE745G01043,Capital Markets,Banking and Finance,3156.9,3156.9,80498.36,60.45,Export NA,191.14,129.31,77.33,22.6,49.83,0.44,Export NA,2.78,1.85,32.33,100,6.23,18.07,52.22,137.76,46.75,16.76,28.37,17.75,4.85,12.93,7,Banking and Finance,Capital Markets,2026-03-31,2026-05-08
Munish Forge Ltd.,MUNISH,,MUNISH,INE1K8Y01018,Castings & Forgings,General Industrials,69.5,69.5,167.29,11.7,Export NA,,,,58.9,64.29,,Export NA,5.74,4.12,2.27,,14.56,7.72,5.94,,21.21,19.77,12.53,8.85,10.29,7.9,3,General Industrials,Castings & Forgings,2025-03-31,2025-11-14
Munjal Auto Industries Ltd.,MUNJALAU,520059,MUNJALAU,INE672B01032,Auto Parts & Equipment,Automobiles & Auto Components,87.79,87.79,877.9,16.8,Export NA,23.66,19.23,42.48,32.11,41.7,-3.06,Export NA,5.07,3.31,1.97,71.14,6.96,6.81,5.22,-5.49,8.75,19.05,15.01,2.94,9.43,7.82,6,Automobiles & Auto Components,Auto Parts & Equipment,2025-12-31,2026-02-12
Munjal Showa Ltd.,MUNJALSHOW,520043,MUNJALSHOW,INE577A01027,Auto Parts & Equipment,Automobiles & Auto Components,134.13,134.13,536.45,17.4,Export NA,18.83,22.08,60.43,32.11,41.7,1.58,Export NA,5.07,3.31,0.79,24.68,6.96,6.81,7.71,11.03,4.28,19.05,15.01,3.48,9.43,7.82,8,Automobiles & Auto Components,Auto Parts & Equipment,2025-12-31,2026-02-07
Murudeshwar Ceramics Ltd.,MURUDCERA,515037,MURUDCERA,INE692B01014,Ceramics,Consumer Durables,32.56,32.56,197.14,15.81,Export NA,39.7,40.54,3.43,49.58,39.85,0.26,Export NA,1.45,0.57,0.52,13.07,9.42,5.24,2.06,60.53,2.66,20.69,13.28,1.74,10.95,9.81,7,Consumer Durables,Ceramics,2025-12-31,2026-05-20
Music Broadcast Ltd.,RADIOCITY,540366,RADIOCITY,INE919I01024,Broadcasting & Cable TV,Media,6.01,6.01,207.76,-4.79,Export NA,54.76,85.01,,25.23,18.11,0.01,Export NA,2.2,0.97,0.42,1.62,13.87,1.42,-1.26,-705.97,-6.79,20.32,9.89,-5.08,15.35,8.83,5,Media,Broadcasting & Cable TV,2025-12-31,2026-05-21
Muthoot Capital Services Ltd.,MUTHOOTCAP,511766,MUTHOOTCAP,INE296G01013,Finance (including NBFCs),Banking and Finance,206.64,206.64,339.87,30.42,Export NA,8.12,7.95,96.61,22.6,26.34,-0.4,Export NA,2.78,2.13,0.51,1.09,6.23,3.86,6.79,-75.58,1.66,16.76,13.65,0.27,4.85,6.73,4,Banking and Finance,Finance (including NBFCs),2026-03-31,2026-05-08
Muthoot Finance Ltd.,MUTHOOTFIN,533398,MUTHOOTFIN,INE414G01012,Finance (including NBFCs),Banking and Finance,3353.4,3353.4,134628.45,15.44,Export NA,20.78,16.74,65.43,22.6,26.34,0.2,Export NA,2.78,2.13,3.78,80.39,6.23,3.86,217.17,75.64,18.15,16.76,13.65,4.01,4.85,6.73,4,Banking and Finance,Finance (including NBFCs),2025-12-31,2026-05-14
Muthoot Microfin Ltd.,MUTHOOTMF,544055,MUTHOOTMF,INE046W01019,Microfinance Institutions,Banking and Finance,190.22,190.22,3243.1,19.05,Export NA,7.45,,99.12,22.6,26.38,0.11,Export NA,2.78,0.95,1.17,56.46,6.23,3.09,9.99,176.52,5.96,16.76,10.44,1.34,4.85,1.32,5,Banking and Finance,Microfinance Institutions,2026-03-31,2026-05-06
My Mudra Fincorp Ltd.,MYMUDRA,,MYMUDRA,INE0RVQ01016,Other Financial Services,Banking and Finance,73.25,73.25,83.44,9.26,Export NA,,,36.52,22.6,36.93,,Export NA,2.78,3.57,1.42,0.87,6.23,99.98,7.91,,16.86,16.76,19.97,14.65,4.85,11.89,4,Banking and Finance,Other Financial Services,2025-03-31,2025-11-14
N K Industries Ltd.,NKIND,519494,NKIND,INE542C01019,Edible Oils,FMCG,67.21,67.21,40.39,-6.52,Export NA,-14.54,-9.69,,49.72,28.58,0,Export NA,14.09,1.07,-0.11,,20.61,3.55,-10.3,-14947.72,0,37.93,10.93,-0.18,19.27,6.19,3,FMCG,Edible Oils,2025-12-31,2026-02-04
N R Agarwal Industries Ltd.,NRAIL,516082,NRAIL,INE740D01017,Paper & Paper Products,Commercial Services & Supplies,482.25,482.25,820.75,36.19,Export NA,22.45,14.97,97.47,31.83,22.88,-0.83,Export NA,2.32,0.52,1.02,52.76,5.75,4.07,13.33,-43.49,2.27,13.46,8.09,0.99,6.61,4.93,5,Commercial Services & Supplies,Paper & Paper Products,2025-12-31,2026-05-12
N R Vandana Tex Industries Ltd.,NRVANDANA,,NRVANDANA,INE104101014,Other Apparels & Accessories,Textiles Apparels & Accessories,66,66,153.75,18.01,Export NA,,,100,53.79,43.2,,Export NA,2.24,2.85,2.27,90.12,15.41,13.14,3.66,,23.05,22.86,20.14,4.2,8.26,9.64,4,Textiles Apparels & Accessories,Other Apparels & Accessories,2025-03-31,2025-11-14
NACL Industries Ltd.,NACLIND,524709,NACLIND,INE295D01020,Agrochemicals,Chemicals & Petrochemicals,165.31,165.31,3872.28,847.31,Export NA,833.44,45.43,99.46,42.23,30.4,8.07,Export NA,3.64,3.17,8.86,95.54,6.18,3.87,0.2,104.96,0.66,13.61,11.71,0.33,9.15,7.88,6,Chemicals & Petrochemicals,Agrochemicals,2026-03-31,2026-05-04
NAVA Ltd.,NAVA,513023,NAVA,INE725A01030,Power - Electric Utilities,Utilities,697.5,697.5,19739.34,22.08,Export NA,13.84,9.9,88.65,24.91,29.95,-1.39,Export NA,27.85,1.43,2.34,98.29,5.52,4.23,31.59,-15.92,14.34,14.21,16.2,9.68,5.38,5.79,6,Utilities,Power - Electric Utilities,2025-12-31,2026-05-15
NBCC (India) Ltd.,NBCC,534309,NBCC,INE095N01031,Construction & Engineering,Cement and Construction,92.66,92.66,25018.2,38.22,Export NA,59.58,48.73,61.73,35.74,31.41,1.25,Export NA,3.26,5.1,8.72,77.88,4.05,4.95,2.42,30.57,21.82,11.25,12.93,3.96,4.61,4.29,8,Cement and Construction,Construction & Engineering,2025-12-31,2026-02-13
NBI Industrial Finance Company Ltd.,NBIFIN,,NBIFIN,INE365I01020,Finance (including NBFCs),Banking and Finance,2020.4,2020.4,596.99,29.38,Export NA,87.99,83.57,35.97,22.6,26.34,,Export NA,2.78,2.13,0.18,4.73,6.23,3.86,68.76,,0.25,16.76,13.65,0.24,4.85,6.73,3,Banking and Finance,Finance (including NBFCs),2025-12-31,2026-05-13
NCC Ltd.,NCC,500294,NCC,INE868B01028,Construction & Engineering,Cement and Construction,161.76,161.76,10156.05,14.04,Export NA,19.42,16.35,37.31,35.74,31.41,-1.38,Export NA,3.26,5.1,1.32,67.53,4.05,4.95,11.52,-10.2,11.19,11.25,12.93,3.9,4.61,4.29,5,Cement and Construction,Construction & Engineering,2025-12-31,2026-05-15
NCL Industries Ltd.,NCLIND,502168,NCLIND,INE732C01016,Cement & Cement Products,Cement and Construction,172,172,778,12.89,Export NA,23.88,19.41,44.26,35.74,39.23,0.3,Export NA,3.26,1.71,0.86,9.64,4.05,3.41,13.34,43.21,2.93,11.25,8.66,1.54,4.61,4.59,6,Cement and Construction,Cement & Cement Products,2025-12-31,2026-02-13
NDL Ventures Ltd.,NDLVENTURE,500189,NDLVENTURE,INE353A01023,Broadcasting & Cable TV,Media,118.64,118.64,399.48,438.89,Export NA,224.09,224.09,96.25,25.23,18.11,8.12,Export NA,2.2,0.97,6.76,96.35,13.87,1.42,0.27,54.04,1.53,20.32,9.89,1.39,15.35,8.83,5,Media,Broadcasting & Cable TV,2026-03-31,2026-04-21
NDR Auto Components Ltd.,NDRAUTO,543214,NDRAUTO,INE07OG01012,Auto Parts & Equipment,Automobiles & Auto Components,821.15,821.15,1953.13,31.46,Export NA,39.03,30.72,72.94,32.11,41.7,1.9,Export NA,5.07,3.31,5.8,84.1,6.96,6.81,26.1,16.58,17.31,19.05,15.01,11,9.43,7.82,6,Automobiles & Auto Components,Auto Parts & Equipment,2026-03-31,2026-05-11
NDR InvIT Trust,NDRINVIT,,NDRINVIT,INE0Q7Q23015,Others,Others,136.75,136.75,5221.24,36.05,Export NA,,,100,,,,Export NA,,,1.36,100,,,3.79,,3.6,,,2.41,,,6,Others,Others,2025-09-30,2025-11-11
NGL Fine - Chem Ltd.,NGLFINE,524774,NGLFINE,INE887E01022,Pharmaceuticals,Pharmaceuticals & Biotechnology,2188.6,2188.6,1352.12,38.52,Export NA,38.13,28.04,72.9,42.18,42.23,5.09,Export NA,2.39,2.39,4.28,39.17,7.57,7.72,56.82,7.56,7.47,17.72,18.15,4.87,11.9,12.17,5,Pharmaceuticals & Biotechnology,Pharmaceuticals,2025-12-31,2026-02-03
NHPC Ltd.,NHPC,533098,NHPC,INE848E01016,Green & Renewable Energy,Utilities,76.77,76.77,77115.73,24.41,Export NA,26.11,19.65,72.7,24.91,30.52,1.51,Export NA,27.85,5.83,1.86,80.74,5.52,10.28,3.15,16.21,7.57,14.21,10.31,2.92,5.38,3.49,4,Utilities,Green & Renewable Energy,2025-12-31,2026-05-15
NIBE Ltd.,NIBE,535136,NIBE,INE149O01018,Aerospace & Defence,General Industrials,981.4,981.4,1466.34,-98.58,Export NA,101.4,664.05,,58.9,50.58,0.65,Export NA,5.74,8.98,6.83,20.03,14.56,11.27,-9.96,-150.82,11.52,19.77,23.04,6.04,10.29,9.53,5,General Industrials,Aerospace & Defence,2025-12-31,2026-02-12
NIIT Learning Systems Ltd.,NIITMTS,543952,NIITMTS,INE342G01023,Education,Diversified Consumer Services,272.4,272.4,3746.34,15.12,Export NA,,,,33.62,20.12,1.7,Export NA,3.59,2.38,2.66,,10.95,20.81,18.01,8.89,18.8,22.55,17.9,10.39,11.12,11.62,4,Diversified Consumer Services,Education,2026-03-31,2026-05-12
NIIT Ltd.,NIITLTD,500304,NIITLTD,INE161A01038,IT Training Services,Software & Services,68.06,68.06,928.27,40.64,Export NA,40.14,30.09,85.19,22.39,25.14,-0.84,Export NA,10.02,0.2,0.86,2.32,6.84,2.16,1.67,-48.27,4.27,28.07,8.88,3.83,17.17,6.62,5,Software & Services,IT Training Services,2025-12-31,2026-05-14
NLC India Ltd.,NLCINDIA,513683,NLCINDIA,INE589A01014,Power - Electric Utilities,Utilities,308.1,308.1,42722.27,16.36,Export NA,15.77,14.13,84.18,24.91,29.95,1.03,Export NA,27.85,1.43,2.06,98.8,5.52,4.23,18.83,15.85,14,14.21,16.2,4.53,5.38,5.79,7,Utilities,Power - Electric Utilities,2025-12-31,2026-05-13
NMDC Ltd.,NMDC,526371,NMDC,INE584A01023,Coal & Mining,Metals & Mining,86.62,86.62,76154.72,11.04,Export NA,10.98,8.55,79.7,23.8,13.83,1.69,Export NA,1.11,3.11,2.23,83.82,5.3,4.81,7.85,6.54,22.03,19.76,23.55,15.95,9.83,10.77,5,Metals & Mining,Coal & Mining,2025-12-31,2026-02-03
NMDC Steel Ltd.,NSLNISP,543768,NSLNISP,INE0NNS01018,Iron & Steel/Interm.Products,Metals & Mining,41.9,41.9,12279.24,-15.22,Export NA,,,,23.8,32.33,-0.22,Export NA,1.11,0.78,0.96,67.72,5.3,3.24,-2.75,70.79,-18.1,19.76,6.78,-8.33,9.83,3.42,5,Metals & Mining,Iron & Steel/Interm.Products,2025-12-31,2026-02-03
NOCIL Ltd.,NOCIL,500730,NOCIL,INE163A01018,Specialty Chemicals,Chemicals & Petrochemicals,166.34,166.34,2778.29,49.94,Export NA,31.36,28.17,98.97,42.23,47.85,-1.09,Export NA,3.64,2.93,1.56,14.55,6.18,7.62,3.33,-45.93,3.13,13.61,14.82,2.63,9.15,10.12,5,Chemicals & Petrochemicals,Specialty Chemicals,2026-03-31,2026-05-07
NRB Bearings Ltd.,NRBBEARING,530367,NRBBEARING,INE349A01021,Other Industrial Products,General Industrials,330.6,330.6,3204.26,22.45,Export NA,22.13,22.37,61.49,58.9,44.01,0.28,Export NA,5.74,4.34,3.26,47.52,14.56,20.86,14.73,79.7,14.82,19.77,22.24,10.53,10.29,12.05,8,General Industrials,Other Industrial Products,2026-03-31,2026-05-07
NRB Industrial Bearings Ltd.,NIBL,535458,NIBL,INE047O01014,Abrasives & Bearings,General Industrials,30.68,30.68,74.34,4.43,Export NA,3.7,3.7,41.86,58.9,57.14,0.03,Export NA,5.74,4.1,-1.59,,14.56,22.89,6.93,159.48,-21.21,19.77,15.42,14.66,10.29,12.49,3,General Industrials,Abrasives & Bearings,2025-12-31,2026-02-05
NTPC Green Energy Ltd.,NTPCGREEN,544289,NTPCGREEN,INE0ONG01011,Green & Renewable Energy,Utilities,107.17,107.17,90304.98,161.61,Export NA,,,48.47,24.91,30.52,2.2,Export NA,27.85,5.83,4.8,47.63,5.52,10.28,0.66,73.61,2.57,14.21,10.31,1.04,5.38,3.49,6,Utilities,Green & Renewable Energy,2025-12-31,2026-01-29
NTPC Ltd.,NTPC,532555,NTPC,INE733E01010,Power - Electric Utilities,Utilities,392.7,392.7,380788.08,15.75,Export NA,15.71,13.76,80.35,24.91,29.95,1.58,Export NA,27.85,1.43,1.93,86.85,5.52,4.23,24.93,10,12.72,14.21,16.2,4.46,5.38,5.79,8,Utilities,Power - Electric Utilities,2025-12-31,2026-01-30
Naga Dhunseri Group Ltd.,NDGL,,NDGL,INE756C01015,Finance (including NBFCs),Banking and Finance,2678.2,2678.2,267.82,22.21,Export NA,10.47,6.49,99.31,22.6,26.34,-0.32,Export NA,2.78,2.13,0.21,17.75,6.23,3.86,120.56,-69.51,2.69,16.76,13.65,1.89,4.85,6.73,4,Banking and Finance,Finance (including NBFCs),2025-12-31,2026-02-12
Nagarjuna Fertilizers and Chemicals Ltd.,NAGAFERT,539917,NAGAFERT,INE454M01024,Fertilizers,Fertilizers,3.87,3.87,231.45,-8.33,Export NA,7.21,7.21,,20.68,20.68,0.08,Export NA,7.54,7.54,-0.25,,16.07,16.07,-0.46,-101.24,-261.78,478.71,478.71,517.38,243.93,243.93,4,Fertilizers,Fertilizers,2025-12-31,2026-02-14
Nagreeka Capital & Infrastructure Ltd.,NAGREEKCAP,532895,NAGREEKCAP,INE245I01016,Investment Companies,Others,29.35,29.35,37.03,2.14,Export NA,2.24,3.95,22.03,34.07,34.07,0.1,Export NA,0.96,0.96,1.2,81.52,1.03,1.03,13.7,20.5,87.84,3.6,3.6,14.12,3.2,3.2,5,Others,Investment Companies,2025-12-31,2026-02-11
Nagreeka Exports Ltd.,NAGREEKEXP,521109,NAGREEKEXP,INE123B01028,Textiles,Textiles Apparels & Accessories,26.32,26.32,82.25,33.91,Export NA,22.85,21.64,88.75,53.79,32.96,-0.57,Export NA,2.24,6.53,0.53,78.48,15.41,3.67,0.78,-59.46,2.06,22.86,11.51,0.87,8.26,7.43,6,Textiles Apparels & Accessories,Textiles,2025-12-31,2026-02-12
Nahar Capital & Financial Services Ltd.,NAHARCAP,532952,NAHARCAP,INE049I01012,Investment Companies,Others,259.45,259.45,434.48,6.57,Export NA,25.24,14.74,36.21,34.07,34.07,0.09,Export NA,0.96,0.96,0.26,45.64,1.03,1.03,39.51,76.57,3.18,3.6,3.6,2.88,3.2,3.2,6,Others,Investment Companies,2025-12-31,2026-02-07
Nahar Industrial Enterprises Ltd.,NAHARINDUS,519136,NAHARINDUS,INE289A01011,Textiles,Textiles Apparels & Accessories,113.14,113.14,488.83,11.49,Export NA,42.01,23.13,51.4,53.79,32.96,0.12,Export NA,2.24,6.53,0.48,46.96,15.41,3.67,9.85,99.76,1.93,22.86,11.51,1.03,8.26,7.43,5,Textiles Apparels & Accessories,Textiles,2025-12-31,2026-02-14
Nahar Poly Films Ltd.,NAHARPOLY,523391,NAHARPOLY,INE308A01027,Plastic Products,General Industrials,247,247,607.32,8.38,Export NA,57.8,34.92,38.17,58.9,35.79,0.07,Export NA,5.74,3.64,0.7,59.91,14.56,7.73,29.48,112.2,5.9,19.77,14.6,4.99,10.29,10.46,9,General Industrials,Plastic Products,2025-12-31,2026-02-07
Nahar Spinning Mills Ltd.,NAHARSPING,500296,NAHARSPING,INE290A01027,Textiles,Textiles Apparels & Accessories,265,265,955.73,45.91,Export NA,65.05,22.37,92.67,53.79,32.96,0.15,Export NA,2.24,6.53,0.63,71.55,15.41,3.67,5.77,299.5,0.82,22.86,11.51,0.44,8.26,7.43,9,Textiles Apparels & Accessories,Textiles,2025-12-31,2026-02-07
Nakoda Group Of Industries Ltd.,NGIL,541418,NGIL,INE236Y01012,Packaged Foods,FMCG,36.54,36.54,64.45,42.85,Export NA,39.38,,,49.72,67.64,0.3,Export NA,14.09,6.77,1.83,20.15,20.61,37.36,0.85,141.31,5.19,37.93,51.25,3.36,19.27,22.23,6,FMCG,Packaged Foods,2026-03-31,2026-04-30
Nalwa Sons Investments Ltd.,NSIL,532256,NSIL,INE023A01030,Finance (including NBFCs),Banking and Finance,5571.5,5571.5,2861.63,122.28,Export NA,61.36,38.73,93.21,22.6,26.34,-1.79,Export NA,2.78,2.13,0.18,36.24,6.23,3.86,45.57,-68.37,0.28,16.76,13.65,0.24,4.85,6.73,6,Banking and Finance,Finance (including NBFCs),2025-12-31,2026-02-13
Naman In-Store (India) Ltd.,NAMAN,,NAMAN,INE0RJM01010,Misc. Commercial Services,Commercial Services & Supplies,51.1,51.1,66.77,10.63,Export NA,,,6.11,31.83,27.25,,Export NA,2.32,0.82,0.84,,5.75,5.02,4.81,,7.91,13.46,17.32,5.29,6.61,12.13,3,Commercial Services & Supplies,Misc. Commercial Services,2025-03-31,2025-11-07
Namo eWaste Management Ltd.,NAMOEWASTE,,NAMOEWASTE,INE08NZ01012,Electronic Components,Commercial Services & Supplies,222.65,222.65,509.14,60.19,Export NA,,,100,31.83,88.21,,Export NA,2.32,15.22,5.32,90.55,5.75,18.3,3.7,,9.52,13.46,12.44,8.41,6.61,7.37,3,Commercial Services & Supplies,Electronic Components,2025-03-31,2025-11-10
Nandan Denim Ltd.,NDL,532641,NDL,INE875G01048,Textiles,Textiles Apparels & Accessories,2.67,2.67,384.87,11.24,Export NA,14.62,117.77,62.03,53.79,32.96,-0.36,Export NA,2.24,6.53,0.6,32.95,15.41,3.67,0.24,-31.44,5.41,22.86,11.51,2.62,8.26,7.43,7,Textiles Apparels & Accessories,Textiles,2025-12-31,2026-02-12
Nandani Creation Ltd.,JAIPURKURT,,JAIPURKURT,INE696V01013,Textiles,Textiles Apparels & Accessories,31.88,31.88,72.12,37.64,Export NA,93.11,467.36,71.67,53.79,32.96,-0.56,Export NA,2.24,6.53,1.05,10.92,15.41,3.67,0.85,-66.78,7.09,22.86,11.51,4,8.26,7.43,5,Textiles Apparels & Accessories,Textiles,2025-12-31,2026-02-09
Narayana Hrudayalaya Ltd.,NH,539551,NH,INE410P01011,Healthcare Facilities,Healthcare,1846.6,1846.6,37737.27,48.45,Export NA,40.65,40.02,51.16,64.81,71.3,-80.47,Export NA,6.11,6.58,9.01,60.06,9.5,9.54,38.12,-0.6,21.8,14.74,13.76,10.87,8.39,7.2,5,Healthcare,Healthcare Facilities,2025-12-31,2026-02-13
Narmada Agrobase Ltd.,NARMADA,543643,NARMADA,INE117Z01011,Other Agricultural Products,"Food, Beverages & Tobacco",36.64,36.64,139,36.23,Export NA,42.51,37.18,56.31,28.35,21.91,-17.11,Export NA,1.73,1.77,2.36,97.96,8.04,3.56,1.01,-2.12,7.31,26.28,16.12,6.15,19.55,8.43,4,"Food, Beverages & Tobacco",Other Agricultural Products,2025-12-31,2026-02-13
Natco Pharma Ltd.,NATCOPHARM,524816,NATCOPHARM,INE987B01026,Pharmaceuticals,Pharmaceuticals & Biotechnology,1181.9,1181.9,21169,13.59,Export NA,12.03,27.06,17.38,42.18,42.23,-0.82,Export NA,2.39,2.39,2.41,14.51,7.57,7.72,86.94,-16.51,24.78,17.72,18.15,21.84,11.9,12.17,6,Pharmaceuticals & Biotechnology,Pharmaceuticals,2025-12-31,2026-02-12
Nath Bio-Genes (India) Ltd.,NATHBIOGEN,537291,NATHBIOGEN,INE448G01010,Other Agricultural Products,"Food, Beverages & Tobacco",163.34,163.34,310.41,7.46,Export NA,8.56,8.56,27.51,28.35,21.91,0.95,Export NA,1.73,1.77,0.46,3.78,8.04,3.56,21.91,7.85,6.11,26.28,16.12,3.79,19.55,8.43,5,"Food, Beverages & Tobacco",Other Agricultural Products,2026-03-31,2026-05-04
National Aluminium Company Ltd.,NATIONALUM,532234,NATIONALUM,INE139A01034,Aluminium and Aluminium Products,Metals & Mining,394.05,394.05,72372.48,12.48,Export NA,13.46,11.41,56.67,23.8,12.17,1.24,Export NA,1.11,0.85,3.38,96.93,5.3,2.67,31.56,10.04,26.83,19.76,21.32,21.83,9.83,9.07,6,Metals & Mining,Aluminium and Aluminium Products,2026-03-31,2026-04-30
National Fertilizers Ltd.,NFL,523630,NFL,INE870D01012,Fertilizers,Fertilizers,73.98,73.98,3629.3,18.64,Export NA,30.18,23.26,51.86,20.68,20.68,-0.77,Export NA,7.54,7.54,1.37,56.22,16.07,16.07,3.97,-24.19,6.77,478.71,478.71,1.97,243.93,243.93,7,Fertilizers,Fertilizers,2025-12-31,2026-02-13
National Highways Infra Trust,NHIT,543385,NHIT,INE0H7R23014,REITs-InvITs,Utilities,161.1,161.1,31202.66,96.01,Export NA,85.48,,76.61,24.91,46.38,9.17,Export NA,27.85,3.82,1.72,100,5.52,1.66,1.68,10.47,1.47,14.21,6.22,0.72,5.38,1.93,5,Utilities,REITs-InvITs,2025-03-31,2025-05-28
National Standard (India) Ltd.,,504882,NATIONSTD,INE166R01015,Realty,Realty,1286.95,1286.95,2573.9,266.48,Export NA,451.16,622.07,28.1,37.63,37.32,-9.94,Export NA,1.72,1.77,9.17,21.03,3.69,4.38,4.83,-26.82,3.42,10.17,11.27,3.39,4.54,5.37,4,Realty,Realty,2026-03-31,2026-04-17
Natural Capsules Ltd.,NATCAPSUQ,524654,NATCAPSUQ,INE936B01015,Pharmaceuticals,Pharmaceuticals & Biotechnology,161.64,161.64,167.88,-8.76,Export NA,131.77,91.55,,42.18,42.23,0,Export NA,2.39,2.39,0.76,21.03,7.57,7.72,-18.45,-1902.16,0.26,17.72,18.15,0.14,11.9,12.17,5,Pharmaceuticals & Biotechnology,Pharmaceuticals,2025-12-31,2026-02-13
Navin Fluorine International Ltd.,NAVINFLUOR,532504,NAVINFLUOR,INE048G01026,Commodity Chemicals,Chemicals & Petrochemicals,6950.5,6950.5,35643.48,53.72,Export NA,78.7,73.39,40.43,42.23,39.75,0.41,Export NA,3.64,7.92,9.41,70.88,6.18,4.79,129.39,129.94,16.69,13.61,12.96,10.4,9.15,8.15,8,Chemicals & Petrochemicals,Commodity Chemicals,2026-03-31,2026-04-29
Navkar Corporation Ltd.,NAVKARCORP,539332,NAVKARCORP,INE278M01019,Transport Related Services,Transportation,95.34,95.34,1435.05,47.6,Export NA,49.31,16.57,96.58,36.05,36.41,0.29,Export NA,4.72,0.2,0.74,51.99,8.05,5.81,2,166.54,1.53,25.06,15.81,1.36,7.11,10.03,8,Transportation,Transport Related Services,2026-03-31,2026-04-20
Navkar Urbanstructure Ltd.,NAVKARURB,531494,NAVKARURB,INE268H01044,Realty,Realty,0.81,0.81,90.89,215.43,Export NA,293.85,300.21,93.78,37.63,37.32,-2.7,Export NA,1.72,1.77,0.57,26.65,3.69,4.38,0,-79.71,0.25,10.17,11.27,0.14,4.54,5.37,5,Realty,Realty,2025-12-31,2026-02-14
Navneet Education Ltd.,NAVNETEDUL,508989,NAVNETEDUL,INE060A01024,Publishing,Commercial Services & Supplies,141.68,141.68,3134.15,8.68,Export NA,9.65,13.01,19.66,31.83,11.36,-0.16,Export NA,2.32,2.31,1.47,0.1,5.75,2.26,16.33,-55.02,41.34,13.46,21.92,32.21,6.61,16.27,6,Commercial Services & Supplies,Publishing,2025-12-31,2026-01-30
Nazara Technologies Ltd.,NAZARA,543280,NAZARA,INE418L01047,Internet Software & Services,Software & Services,263.1,263.1,9746.93,240.19,Export NA,124.78,157.69,86.82,22.39,32.02,-5.01,Export NA,10.02,2.7,2.86,30.15,6.84,6.82,1.1,-47.91,2.64,28.07,8.54,1.7,17.17,6.62,3,Software & Services,Internet Software & Services,2025-12-31,2026-05-12
Nectar Lifesciences Ltd.,NECLIFE,532649,NECLIFE,INE023H01027,Pharmaceuticals,Pharmaceuticals & Biotechnology,12.96,12.96,290.64,-0.82,Export NA,114.32,69.27,,42.18,42.23,0,Export NA,2.39,2.39,0.4,21.95,7.57,7.72,-15.83,-2188.52,-11.88,17.72,18.15,-5.55,11.9,12.17,4,Pharmaceuticals & Biotechnology,Pharmaceuticals,2025-12-31,2026-01-23
Neelam Linens And Garments (India) Ltd.,NEELAM,,NEELAM,INE0N1401016,Textiles,Textiles Apparels & Accessories,12.1,12.1,24.46,9.13,Export NA,,,,53.79,32.96,,Export NA,2.24,6.53,0.6,,15.41,3.67,1.33,,6.84,22.86,11.51,1.95,8.26,7.43,5,Textiles Apparels & Accessories,Textiles,2025-03-31,2025-11-13
Neelamalai Agro Industries Ltd.,,508670,NEAGI,INE605D01012,Tea & Coffee,"Food, Beverages & Tobacco",3300.5,3300.5,205.32,7.7,Export NA,8.08,7.79,61.49,28.35,34.78,-34.07,Export NA,1.73,3.66,0.66,28.58,8.04,6.07,428.85,-0.23,7.74,26.28,8.14,7.51,19.55,5.04,3,"Food, Beverages & Tobacco",Tea & Coffee,2025-12-31,2026-02-13
Nelcast Ltd.,NELCAST,532864,NELCAST,INE189I01024,Castings & Forgings,General Industrials,143.94,143.94,1252.3,26.81,Export NA,24.9,34.79,54.91,58.9,64.29,0.43,Export NA,5.74,4.12,2.15,82.55,14.56,7.72,5.37,62.1,6.74,19.77,12.53,3.2,10.29,7.9,6,General Industrials,Castings & Forgings,2025-12-31,2026-05-18
Nelco Ltd.,NELCO,504112,NELCO,INE045B01015,IT Networking Equipment,Hardware Technology & Equipment,675.8,675.8,1542.07,464.48,Export NA,158.31,126.35,99.44,29.02,109.84,-7.13,Export NA,0.51,0.71,12.12,39.71,14.15,16.43,1.45,-65.16,2.57,28.88,31.95,0.95,10.48,10.56,5,Hardware Technology & Equipment,IT Networking Equipment,2026-03-31,2026-04-20
Neochem Bio Solutions Ltd.,NEOCHEM,,NEOCHEM,INE21UM01018,Specialty Chemicals,Chemicals & Petrochemicals,84.1,84.1,143.99,18.58,Export NA,,,,42.23,47.85,,Export NA,3.64,2.93,3.91,,6.18,7.62,4.53,,39.23,13.61,14.82,9.82,9.15,10.12,6,Chemicals & Petrochemicals,Specialty Chemicals,2025-03-31,
Neogen Chemicals Ltd.,NEOGEN,542665,NEOGEN,INE136S01016,Specialty Chemicals,Chemicals & Petrochemicals,1635.1,1635.1,4477.18,226.92,Export NA,123.98,104.83,99.7,42.23,47.85,-3.78,Export NA,3.64,2.93,5.57,19.1,6.18,7.62,7.21,-60.04,4.41,13.61,14.82,1.99,9.15,10.12,4,Chemicals & Petrochemicals,Specialty Chemicals,2025-12-31,2026-02-11
Nephro Care India Ltd.,NEPHROCARE,,NEPHROCARE,INE0SUN01013,Healthcare Facilities,Healthcare,85,85,140.13,38.51,Export NA,,,18.34,64.81,71.3,,Export NA,6.11,6.58,2.51,15.72,9.5,9.54,2.21,,6.8,14.74,13.76,5.32,8.39,7.2,5,Healthcare,Healthcare Facilities,2025-12-31,2026-02-13
Nephrocare Health Services Ltd.,NEPHROPLUS,544647,NEPHROPLUS,INE428V01029,Healthcare Services,Healthcare,573.2,573.2,5751.53,,Export NA,,,,64.81,49.79,,Export NA,6.11,5.33,7.94,100,9.5,10.34,,,11.55,14.74,19.47,6.73,8.39,13.06,7,Healthcare,Healthcare Services,2025-12-31,2026-05-19
Neptune Petrochemicals Ltd.,NEPTUNE,,NEPTUNE,INE156901014,Petrochemicals,Chemicals & Petrochemicals,209,209,473.46,18.86,Export NA,,,97.52,42.23,34.32,,Export NA,3.64,0.5,3.06,59.9,6.18,3.98,11.08,,37.54,13.61,10.55,12.37,9.15,6.82,5,Chemicals & Petrochemicals,Petrochemicals,2025-03-31,2025-11-12
Nesco Ltd.,NESCO,505355,NESCO,INE317F01035,Realty,Realty,1218.8,1218.8,8587.66,21.03,Export NA,20.34,19.91,60.39,37.63,37.32,4.97,Export NA,1.72,1.77,2.96,43.09,3.69,4.38,57.95,4.23,14.26,10.17,11.27,12.44,4.54,5.37,4,Realty,Realty,2025-12-31,2026-05-25
Nestle India Ltd.,NESTLEIND,500790,NESTLEIND,INE239A01024,Packaged Foods,FMCG,1468.6,1468.6,283192.24,80.93,Export NA,68.06,76.13,86.55,49.72,67.64,8.9,Export NA,14.09,6.77,51.94,33.33,20.61,37.36,18.15,9.09,67.85,37.93,51.25,26.54,19.27,22.23,6,FMCG,Packaged Foods,2026-03-31,2026-04-21
Net Avenue Technologies Ltd.,CBAZAAR,,CBAZAAR,INE518X01015,Internet & Catalogue Retail,Retailing,4.55,4.55,9.76,-2.34,Export NA,,,,78.39,42.45,,Export NA,6.4,1.62,2.02,54.89,19.94,27.18,-1.94,,-67.39,10.74,2.98,-31.05,6.91,1.72,2,Retailing,Internet & Catalogue Retail,2025-03-31,2025-11-13
Netweb Technologies India Ltd.,NETWEB,543945,NETWEB,INE0NT901020,IT Consulting & Software,Software & Services,4016,4016,22867.39,111.11,Export NA,151.21,,42.75,22.39,21.42,1.39,Export NA,10.02,10.72,35.07,49.57,6.84,6.86,36.15,79.79,28.45,28.07,30.42,9.12,17.17,18.42,3,Software & Services,IT Consulting & Software,2026-03-31,2026-05-02
Network People Services Technologies Ltd.,NPST,544396,NPST,INE0FFK01017,Misc. Commercial Services,Commercial Services & Supplies,1128.5,1128.5,2352,52.04,Export NA,126.98,,22.36,31.83,27.25,-1.77,Export NA,2.32,0.82,18.12,35.2,5.75,5.02,21.69,-29.34,43.58,13.46,17.32,30.96,6.61,12.13,3,Commercial Services & Supplies,Misc. Commercial Services,2025-12-31,2026-02-11
Network18 Media & Investments Ltd.,NETWORK18,532798,NETWORK18,INE870H01013,Broadcasting & Cable TV,Media,32.14,32.14,4955.99,32.56,Export NA,34.41,49.7,4.74,25.23,18.11,0.3,Export NA,2.2,0.97,1.02,21.14,13.87,1.42,0.99,109.15,3.09,20.32,9.89,1.69,15.35,8.83,5,Media,Broadcasting & Cable TV,2026-03-31,2026-04-18
Neueon Corporation Ltd.,NEUEON,532887,NEUEON,INE333I01044,Heavy Electrical Equipment,General Industrials,26.1,26.1,1475.81,-4.52,Export NA,,,,58.9,71.23,0.02,Export NA,5.74,3.65,1.77,100,14.56,15.26,-5.77,-184.38,-38.69,19.77,17.01,-30.08,10.29,8.7,2,General Industrials,Heavy Electrical Equipment,2026-03-31,2026-05-01
Neuland Laboratories Ltd.,NEULANDLAB,524558,NEULANDLAB,INE794A01010,Pharmaceuticals,Pharmaceuticals & Biotechnology,17003,17003,21814.68,59.93,Export NA,58.93,45.21,99.6,42.18,42.23,1.5,Export NA,2.39,2.39,13.14,94.77,7.57,7.72,283.71,39.94,17.06,17.72,18.15,11.93,11.9,12.17,6,Pharmaceuticals & Biotechnology,Pharmaceuticals,2026-03-31,2026-05-12
New Delhi Television Ltd.,NDTV,532529,NDTV,INE155G01029,Broadcasting & Cable TV,Media,73.88,73.88,833.55,-2.58,Export NA,,32.2,,25.23,18.11,0.05,Export NA,2.2,0.97,-5.58,,13.87,1.42,-28.59,-49.28,-251.52,20.32,9.89,-45.81,15.35,8.83,2,Media,Broadcasting & Cable TV,2026-03-31,2026-04-29
Newgen Software Technologies Ltd.,NEWGEN,540900,NEWGEN,INE619B01017,IT Consulting & Software,Software & Services,464.95,464.95,6617.07,22.01,Export NA,50,40.14,46.41,22.39,21.42,-4.73,Export NA,10.02,10.72,3.99,34.11,6.84,6.86,21.12,-4.65,16.91,28.07,30.42,12.3,17.17,18.42,4,Software & Services,IT Consulting & Software,2026-03-31,2026-04-30
Newjaisa Technologies Ltd.,NEWJAISA,,NEWJAISA,INE0PW501021,Computer Hardware,Hardware Technology & Equipment,24.55,24.55,87.83,-77.6,Export NA,,,,29.02,32.67,,Export NA,0.51,0.5,1.26,,14.15,6,-0.32,,-1.45,28.88,17.87,-1.19,10.48,10.14,1,Hardware Technology & Equipment,Computer Hardware,2025-03-31,2025-11-13
Newmalayalam Steel Ltd.,NMSTEEL,,NMSTEEL,INE0TP801012,Iron & Steel Products,Metals & Mining,24.9,24.9,43.05,9.76,Export NA,,,,23.8,30.63,,Export NA,1.11,1.79,0.52,,5.3,6.46,2.55,,5.62,19.76,18.83,4.06,9.83,10.86,6,Metals & Mining,Iron & Steel Products,2025-03-31,2025-11-11
Next Mediaworks Ltd.,NEXTMEDIA,532416,NEXTMEDIA,INE747B01016,Publishing,Commercial Services & Supplies,4.04,4.04,27.02,6.47,Export NA,0.65,0.65,3.27,31.83,11.36,0.04,Export NA,2.32,2.31,-0.83,,5.75,2.26,0.62,184.62,-15.76,13.46,21.92,40.7,6.61,16.27,3,Commercial Services & Supplies,Publishing,2025-12-31,2026-01-23
Nexus Select Trust REIT,NXST,543913,NXST,INE0NDH25011,REITs-InvITs,Realty,157.41,157.41,23847.62,51.53,Export NA,22.62,,84.28,37.63,46.38,-1.83,Export NA,1.72,3.82,1.59,74.42,3.69,1.66,3.05,-28.16,3.41,10.17,6.22,2.34,4.54,1.93,5,Realty,REITs-InvITs,2025-06-30,2025-07-30
Nidan Laboratories And Healthcare Ltd.,NIDAN,,NIDAN,INE0J6L01013,Healthcare Facilities,Healthcare,14.1,14.1,19.6,9.91,Export NA,16.43,,,64.81,71.3,,Export NA,6.11,6.58,0.28,,9.5,9.54,1.42,,2.89,14.74,13.76,2.38,8.39,7.2,6,Healthcare,Healthcare Facilities,2025-03-31,2025-11-10
Nikita Greentech Recycling Ltd.,NIKITA,,NIKITA,INE0FLF01015,Paper & Paper Products,Commercial Services & Supplies,91.15,91.15,224.85,9.77,Export NA,,,54.68,31.83,22.88,,Export NA,2.32,0.52,1.29,,5.75,4.07,9.33,,23.35,13.46,8.09,6.01,6.61,4.93,3,Commercial Services & Supplies,Paper & Paper Products,2025-03-31,2026-05-25
Nila Infrastructures Ltd.,NILAINFRA,530377,NILAINFRA,INE937C01029,Realty,Realty,8.53,8.53,335.99,14.43,Export NA,30.15,30.15,29.25,37.63,37.32,1.06,Export NA,1.72,1.77,1.83,30.13,3.69,4.38,0.59,13.61,12.43,10.17,11.27,2.6,4.54,5.37,7,Realty,Realty,2026-03-31,2026-05-02
Nila Spaces Ltd.,NILASPACES,542231,NILASPACES,INE00S901012,Realty,Realty,13.98,13.98,550.66,19.15,Export NA,35.29,35.29,22.67,37.63,37.32,0.2,Export NA,1.72,1.77,3.4,78.86,3.69,4.38,0.73,95.3,16.84,10.17,11.27,7.89,4.54,5.37,6,Realty,Realty,2026-03-31,2026-05-07
Nile Ltd.,,530129,NILE,INE445D01013,Other Non-Ferrous Metals,Metals & Mining,1726.35,1726.35,518.23,7.83,Export NA,15.54,12.38,22.21,23.8,22.49,0.08,Export NA,1.11,0.62,1.69,61.76,5.3,14.36,220.4,102.33,13.74,19.76,56.36,12.03,9.83,29.99,4,Metals & Mining,Other Non-Ferrous Metals,2025-12-31,2026-02-10
Nilkamal Ltd.,NILKAMAL,523385,NILKAMAL,INE310A01015,Plastic Products,General Industrials,1318.6,1318.6,1967.68,18.19,Export NA,21.88,25.86,19.8,58.9,35.79,50.69,Export NA,5.74,3.64,1.29,5.09,14.56,7.73,72.5,0.36,7.15,19.77,14.6,4.18,10.29,10.46,5,General Industrials,Plastic Products,2025-12-31,2026-05-14
Nimbus Projects Ltd.,,511714,NIMBSPROJ,INE875B01015,Realty,Realty,222.2,222.2,429.26,-2.59,Export NA,37898.54,20217.16,,37.63,37.32,0,Export NA,1.72,1.77,1.74,78.82,3.69,4.38,-85.83,-3735.72,36.92,10.17,11.27,5.68,4.54,5.37,2,Realty,Realty,2025-12-31,2026-02-10
Nintec Systems Ltd.,NINSYS,539843,NINSYS,INE395U01014,IT Consulting & Software,Software & Services,567.1,567.1,1053.44,34.41,Export NA,29.6,58.24,71.66,22.39,21.42,1.42,Export NA,10.02,10.72,12.35,17.6,6.84,6.86,16.48,24.21,42.9,28.07,30.42,23.22,17.17,18.42,5,Software & Services,IT Consulting & Software,2025-12-31,2026-02-12
Nippon India BSE Sensex Next 30 ETF,SNXT30BEES,544415,SNXT30BEES,INF204KC1EZ3,Others,Others,41.61,41.61,,,Export NA,,,,,,,Export NA,,,,,,,,,,,,,,,,Others,Others,,
Nippon India ETF Gold BeES,GOLDBEES,590095,GOLDBEES,INF204KB17I5,Others,Others,124.61,124.61,,,Export NA,,,,,,,Export NA,,,,,,,,,,,,,,,,Others,Others,,
Nippon India ETF Hang Seng BeES,HNGSNGBEES,590113,HNGSNGBEES,INF204KB19I1,Others,Others,544.81,544.81,,,Export NA,,,,,,,Export NA,,,,,,,,,,,,,,,,Others,Others,,
Nippon India ETF Nifty 100,NIF100BEES,537483,NIF100BEES,INF204K014N5,Others,Others,257.14,257.14,,,Export NA,,,,,,,Export NA,,,,,,,,,,,,,,,,Others,Others,,
Nippon India ETF Nifty 1D Rate Liquid BeES,LIQUIDBEES,590096,LIQUIDBEES,INF732E01037,Others,Others,1000,1000,,,Export NA,,,,,,,Export NA,,,,,,,,,,,,,,,,Others,Others,,
Nippon India ETF Nifty 5 yr Benchmark GSec,GILT5YBEES,,GILT5YBEES,INF204KC1030,Others,Others,64.26,64.26,,,Export NA,,,,,,,Export NA,,,,,,,,,,,,,,,,Others,Others,,
Nippon India ETF Nifty 50 BeES,NIFTYBEES,590103,NIFTYBEES,INF204KB14I2,Others,Others,265.05,265.05,,,Export NA,,,,,,,Export NA,,,,,,,,,,,,,,,,Others,Others,,
Nippon India ETF Nifty 50 Shariah BeES,SHARIABEES,590109,SHARIABEES,INF732E01128,Others,Banking and Finance,459.22,459.22,,,Export NA,,,,22.6,,,Export NA,2.78,,,,6.23,,,,,16.76,,,4.85,,,Banking and Finance,Others,,
Nippon India ETF Nifty 50 Value 20,NV20BEES,,NV20BEES,INF204KB18I3,Others,Others,139.62,139.62,,,Export NA,,,,,,,Export NA,,,,,,,,,,,,,,,,Others,Others,,
Nippon India ETF Nifty 8-13 yr G-Sec Long Term Gilt,LTGILTBEES,590143,LTGILTBEES,INF204KB1882,Others,Others,29.08,29.08,,,Export NA,,,,,,,Export NA,,,,,,,,,,,,,,,,Others,Others,,
Nippon India ETF Nifty Bank BeES,BANKBEES,590106,BANKBEES,INF204KB15I9,Others,Banking and Finance,552.99,552.99,,,Export NA,,,,22.6,,,Export NA,2.78,,,,6.23,,,,,16.76,,,4.85,,,Banking and Finance,Others,,
Nippon India ETF Nifty Dividend Opportunities 50,DIVOPPBEES,,DIVOPPBEES,INF204KA1MS3,Others,Others,77.25,77.25,,,Export NA,,,,,,,Export NA,,,,,,,,,,,,,,,,Others,Others,,
Nippon India ETF Nifty IT,ITBEES,590141,ITBEES,INF204KB15V2,Others,Others,31.26,31.26,,,Export NA,,,,,,,Export NA,,,,,,,,,,,,,,,,Others,Others,,
Nippon India ETF Nifty India Consumption,CONSUMBEES,,CONSUMBEES,INF204KA1LD7,Others,Others,124.31,124.31,,,Export NA,,,,,,,Export NA,,,,,,,,,,,,,,,,Others,Others,,
Nippon India ETF Nifty Infrastructure BeES,INFRABEES,543255,INFRABEES,INF732E01268,Others,Others,943.96,943.96,,,Export NA,,,,,,,Export NA,,,,,,,,,,,,,,,,Others,Others,,
Nippon India ETF Nifty Midcap 150,MID150BEES,590144,MID150BEES,INF204KB1V68,Others,Others,226.51,226.51,,,Export NA,,,,,,,Export NA,,,,,,,,,,,,,,,,Others,Others,,
Nippon India ETF Nifty Next 50 Junior BeES,JUNIORBEES,590104,JUNIORBEES,INF732E01045,Others,Others,740.49,740.49,,,Export NA,,,,,,,Export NA,,,,,,,,,,,,,,,,Others,Others,,
Nippon India ETF Nifty PSU Bank BeES,PSUBNKBEES,590108,PSUBNKBEES,INF204KB16I7,Others,Banking and Finance,89.65,89.65,,,Export NA,,,,22.6,,,Export NA,2.78,,,,6.23,,,,,16.76,,,4.85,,,Banking and Finance,Others,,
Nippon India ETF Nifty SDL Apr 2026 Top 20 Equal Weight,SDL26BEES,,SDL26BEES,INF204KC1022,Others,Others,136.94,136.94,,,Export NA,,,,,,,Export NA,,,,,,,,,,,,,,,,Others,Others,,
Nippon India Nifty 1D Rate Liquid ETF - Growth,LIQGRWBEES,,LIQGRWBEES,INF204KC1FU1,Others,Others,1039,1039,,,Export NA,,,,,,,Export NA,,,,,,,,,,,,,,,,Others,Others,,
Nippon India Nifty Auto ETF,AUTOBEES,,AUTOBEES,INF204KC1337,Others,Others,268.11,268.11,,,Export NA,,,,,,,Export NA,,,,,,,,,,,,,,,,Others,Others,,
Nippon India Nifty India Manufacturing ETF,MANUFGBEES,544493,MANUFGBEES,INF204KC1GH6,Others,Others,155.26,155.26,,,Export NA,,,,,,,Export NA,,,,,,,,,,,,,,,,Others,Others,,
Nippon India Nifty Pharma ETF,PHARMABEES,590142,PHARMABEES,INF204KC1089,Others,Others,24.42,24.42,,,Export NA,,,,,,,Export NA,,,,,,,,,,,,,,,,Others,Others,,
Nippon India Silver ETF,SILVERBEES,590145,SILVERBEES,INF204KC1402,Others,Others,252.01,252.01,,,Export NA,,,,,,,Export NA,,,,,,,,,,,,,,,,Others,Others,,
Nippon Life India Asset Management Ltd.,NAM-INDIA,540767,NAM-INDIA,INE298J01013,Asset Management Cos.,Banking and Finance,1038.1,1038.1,66242.82,43.31,Export NA,38.81,33.32,97.63,22.6,43.19,2.29,Export NA,2.78,3.05,13.83,98.2,6.23,20.44,23.97,18.89,32.82,16.76,49.38,29.45,4.85,42.32,6,Banking and Finance,Asset Management Cos.,2026-03-31,2026-04-27
Niraj Cement Structurals Ltd.,NIRAJ,532986,NIRAJ,INE368I01016,Construction & Engineering,Cement and Construction,32.54,32.54,194.25,8.11,Export NA,24.48,32.63,6.13,35.74,31.41,0.12,Export NA,3.26,5.1,0.75,25.7,4.05,4.95,4.01,68.9,6.19,11.25,12.93,3.91,4.61,4.29,2,Cement and Construction,Construction & Engineering,2025-12-31,2026-02-10
Niraj Ispat Industries Ltd.,NIRAJISPAT,,NIRAJISPAT,INE326T01011,Others,Others,237.23,237.23,14.23,9.28,Export NA,13.71,,34.35,,,0.33,Export NA,,,0.92,31.3,,,25.58,28.46,9.33,,,6.64,,,4,Others,Others,2025-12-31,2026-02-11
Nirlon Ltd.,,500307,NIRLON,INE910A01012,Realty,Realty,595.1,595.1,5362.92,16.3,Export NA,20.51,23.57,4.91,37.63,37.32,0.31,Export NA,1.72,1.77,10.06,80.1,3.69,4.38,36.5,52.43,61.12,10.17,11.27,9.72,4.54,5.37,6,Realty,Realty,2025-12-31,2026-05-25
Nirman Agri Genetics Ltd.,NIRMAN,,NIRMAN,INE0OK701014,Other Agricultural Products,"Food, Beverages & Tobacco",49.95,49.95,40.01,1.58,Export NA,,,,28.35,21.91,0.01,Export NA,1.73,1.77,0.32,,8.04,3.56,31.57,140.23,22.98,26.28,16.12,22.35,19.55,8.43,4,"Food, Beverages & Tobacco",Other Agricultural Products,2025-03-31,2025-11-14
Nitco Ltd.,NITCO,532722,NITCO,INE858F01012,Ceramics,Consumer Durables,98.21,98.21,2362.11,69.93,Export NA,1.17,1.17,96.49,49.58,39.85,0.67,Export NA,1.45,0.57,7.83,83.32,9.42,5.24,1.4,104.26,-300.52,20.69,13.28,-80.46,10.95,9.81,2,Consumer Durables,Ceramics,2025-12-31,2026-05-13
Nitin Spinners Ltd.,NITINSPIN,532698,NITINSPIN,INE229H01012,Textiles,Textiles Apparels & Accessories,497.35,497.35,2796.1,15.75,Export NA,13.86,10.46,92.08,53.79,32.96,13.01,Export NA,2.24,6.53,1.98,81.56,15.41,3.67,31.58,1.21,12.07,22.86,11.51,6.09,8.26,7.43,5,Textiles Apparels & Accessories,Textiles,2026-03-31,2026-05-08
Nitiraj Engineers Ltd.,NITIRAJ,,NITIRAJ,INE439T01012,Other Electrical Equipment/Products,Consumer Durables,201.48,201.48,206.54,125.75,Export NA,32.89,32.89,80.21,49.58,41.19,-1.45,Export NA,1.45,1.34,2.44,65.89,9.42,8.51,1.6,-86.65,5.83,20.69,21.67,5.19,10.95,11.03,6,Consumer Durables,Other Electrical Equipment/Products,2025-12-31,2026-02-13
Nitta Gelatin India Ltd.,,506532,NITTAGELA,INE265B01019,Specialty Chemicals,Chemicals & Petrochemicals,1282.95,1282.95,1164.82,11.98,Export NA,20.46,16.62,62.51,42.23,47.85,0.76,Export NA,3.64,2.93,2.44,85.88,6.18,7.62,107.11,15.85,19.02,13.61,14.82,16.59,9.15,10.12,8,Chemicals & Petrochemicals,Specialty Chemicals,2026-03-31,2026-05-02
Niva Bupa Health Insurance Company Ltd.,NIVABUPA,544286,NIVABUPA,INE995S01015,General Insurance,Banking and Finance,83.76,83.76,15466.42,118.26,Export NA,,,80,22.6,29.34,-3.05,Export NA,2.78,1.74,5.38,66.12,6.23,3.73,0.71,-38.75,4.08,16.76,12.11,1.15,4.85,3.04,5,Banking and Finance,General Insurance,2026-03-31,2026-05-08
Noida Toll Bridge Company Ltd.,NOIDATOLL,532481,NOIDATOLL,INE781B01015,Roads & Highways,Cement and Construction,3.73,3.73,69.45,2.54,Export NA,67.38,67.38,46.27,35.74,6.99,0.02,Export NA,3.26,0.03,-4.25,,4.05,1.13,1.47,110.8,0,11.25,24.35,-298.51,4.61,8.72,4,Cement and Construction,Roads & Highways,2025-12-31,2026-05-15
Norben Tea & Exports Ltd.,NORBTEAEXP,519528,NORBTEAEXP,INE369C01017,Tea & Coffee,"Food, Beverages & Tobacco",76.16,76.16,118.38,-218.91,Export NA,,228.52,,28.35,34.78,1.08,Export NA,1.73,3.66,5.89,96.27,8.04,6.07,-0.35,-202.46,-1.16,26.28,8.14,-0.62,19.55,5.04,3,"Food, Beverages & Tobacco",Tea & Coffee,2025-12-31,2026-02-13
North Eastern Carrying Corporation Ltd.,NECCLTD,534615,NECCLTD,INE553C01016,Warehousing & Logistics,Transportation,15.57,15.57,155.7,17.67,Export NA,27.85,39.25,30.79,36.05,32.42,-0.79,Export NA,4.72,1.7,0.69,28.22,8.05,4.18,0.88,-22.41,4.68,25.06,8.62,2.97,7.11,5.64,4,Transportation,Warehousing & Logistics,2025-12-31,2026-02-06
Northern Arc Capital Ltd.,NORTHARC,544260,NORTHARC,INE850M01015,Finance (including NBFCs),Banking and Finance,296.15,296.15,4784.95,11.79,Export NA,,,46.77,22.6,26.34,0.35,Export NA,2.78,2.13,1.27,92.54,6.23,3.86,25.13,33.32,10.42,16.76,13.65,2.42,4.85,6.73,4,Banking and Finance,Finance (including NBFCs),2026-03-31,2026-05-08
Nova Agritech Ltd.,NOVAAGRI,544100,NOVAAGRI,INE02H701025,Fertilizers,Fertilizers,27.81,27.81,257.3,13.96,Export NA,,,16.32,20.68,20.68,-0.36,Export NA,7.54,7.54,1.11,1.95,16.07,16.07,1.99,-38.35,12.47,478.71,478.71,8.16,243.93,243.93,2,Fertilizers,Fertilizers,2025-12-31,2026-02-12
Novartis India Ltd.,,500672,NOVARTIND,INE234A01025,Pharmaceuticals,Pharmaceuticals & Biotechnology,1259.05,1259.05,3108.7,33.36,Export NA,25.61,23.29,61.19,42.18,42.23,-4.36,Export NA,2.39,2.39,3.93,99.92,7.57,7.72,37.74,-7.65,11.39,17.72,18.15,9.52,11.9,12.17,6,Pharmaceuticals & Biotechnology,Pharmaceuticals,2026-03-31,2026-05-12
Nucleus Software Exports Ltd.,NUCLEUS,531209,NUCLEUS,INE096B01018,IT Consulting & Software,Software & Services,791.25,791.25,2082.99,14.17,Export NA,15.97,20.78,28,22.39,21.42,-6.25,Export NA,10.02,10.72,2.4,55.41,6.84,6.86,55.82,-2.27,20.01,28.07,30.42,14.13,17.17,18.42,5,Software & Services,IT Consulting & Software,2025-12-31,2026-05-21
Nupur Recyclers Ltd.,NRL,,NRL,INE0JM501013,Commodity Trading  & Distribution,Commercial Services & Supplies,53.35,53.35,368.48,25.49,Export NA,58.89,,6.43,31.83,33.18,-6.45,Export NA,2.32,1.21,2.78,0.55,5.75,5.32,2.09,-3.95,12.27,13.46,12.19,10.01,6.61,4.31,3,Commercial Services & Supplies,Commodity Trading  & Distribution,2025-12-31,2026-02-12
Nureca Ltd.,NURECA,543264,NURECA,INE0DSF01015,Healthcare Supplies,Healthcare,271.75,271.75,271.76,25.54,Export NA,311.91,91.36,28.14,64.81,48.56,0.09,Export NA,6.11,3.15,1.34,12.04,9.5,5.43,10.64,284.53,0.43,14.74,11.01,0.4,8.39,8.34,5,Healthcare,Healthcare Supplies,2025-12-31,2026-01-17
Nuvama Wealth Management Ltd.,NUVAMA,543988,NUVAMA,INE531F01023,Capital Markets,Banking and Finance,1548.2,1548.2,28183.67,27.07,Export NA,29.59,,59.17,22.6,49.83,4.87,Export NA,2.78,1.85,6.97,52.23,6.23,18.07,57.19,5.56,28.25,16.76,28.37,3.47,4.85,12.93,2,Banking and Finance,Capital Markets,2026-03-31,2026-05-11
Nuvoco Vistas Corporation Ltd.,NUVOCO,543334,NUVOCO,INE118D01016,Cement & Cement Products,Cement and Construction,316.95,316.95,11320.07,31.5,Export NA,327.8,,5.71,35.74,39.23,0.02,Export NA,3.26,1.71,1.23,8.64,4.05,3.41,10.06,1545.38,3.51,11.25,8.66,1.77,4.61,4.59,7,Cement and Construction,Cement & Cement Products,2026-03-31,2026-04-14
Nxt-Infra Trust,NXT-INFRA,,NXT-INFRA,INE0SF023016,REITs-InvITs,Utilities,97,97,2764.5,,Export NA,,,,24.91,46.38,,Export NA,27.85,3.82,0.84,,5.52,1.66,,,10.31,14.21,6.22,4.98,5.38,1.93,1,Utilities,REITs-InvITs,2025-03-31,2024-11-14
OBSC Perfection Ltd.,OBSCP,,OBSCP,INE0YHV01011,Auto Parts & Equipment,Automobiles & Auto Components,372.95,372.95,911.95,54.41,Export NA,,,98.15,32.11,41.7,,Export NA,5.07,3.31,7.96,74.46,6.96,6.81,6.85,,16.11,19.05,15.01,10.57,9.43,7.82,5,Automobiles & Auto Components,Auto Parts & Equipment,2025-12-31,2026-03-26
OCCL Ltd.,OCCLLTD,544278,OCCLLTD,INE0PK601023,Commodity Chemicals,Chemicals & Petrochemicals,95.37,95.37,476.38,12.85,Export NA,,,13.04,42.23,39.75,0.07,Export NA,3.64,7.92,1.14,13.08,6.18,4.79,7.42,192.43,5.4,13.61,12.96,4,9.15,8.15,7,Chemicals & Petrochemicals,Commodity Chemicals,2025-12-31,2026-02-04
Oberoi Realty Ltd.,OBEROIRLTY,533273,OBEROIRLTY,INE093I01010,Realty,Realty,1626.7,1626.7,59147.17,23.59,Export NA,30.32,28.51,26.33,37.63,37.32,1.86,Export NA,1.72,1.77,3.41,74.04,3.69,4.38,68.96,12.67,13.99,10.17,11.27,9.89,4.54,5.37,6,Realty,Realty,2026-03-31,2026-05-08
Odigma Consultancy Solutions Ltd.,ODIGMA,544301,ODIGMA,INE054301028,Consulting Services,Commercial Services & Supplies,26.63,26.63,83.24,-76.85,Export NA,,,,31.83,18.83,0.2,Export NA,2.32,3.97,1.44,9.77,5.75,5.68,-0.35,-377.79,-2.02,13.46,23.36,-1.72,6.61,14.6,3,Commercial Services & Supplies,Consulting Services,2026-03-31,2026-05-07
Oil And Natural Gas Corporation Ltd.,ONGC,500312,ONGC,INE213A01029,Exploration & Production,Oil & Gas,294.5,294.5,370489.22,9.77,Export NA,7.96,6.74,82.43,18.34,10.05,-3.76,Export NA,1.36,31.57,0.98,64.49,1.85,1.06,30.15,-2.6,10.54,10.19,11.02,4.77,4.37,5.08,5,Oil & Gas,Exploration & Production,2025-12-31,2026-05-26
Oil Country Tubular Ltd.,OILCOUNTUB,500313,OILCOUNTUB,INE591A01010,Oil Equipment & Services,Oil & Gas,62.25,62.25,323.63,-5.54,Export NA,,2.49,,18.34,28.04,0.09,Export NA,1.36,1.25,1.61,84.31,1.85,2.73,-11.23,-62.37,-65.52,10.19,15.61,-8.34,4.37,9.98,2,Oil & Gas,Oil Equipment & Services,2025-12-31,2026-02-12
Oil India Ltd.,OIL,533106,OIL,INE274J01014,Exploration & Production,Oil & Gas,490.95,490.95,79858.31,13.7,Export NA,11.59,7.98,96.59,18.34,10.05,-0.65,Export NA,1.36,31.57,1.38,85.05,1.85,1.06,35.84,-21.01,13.16,10.19,11.02,6.27,4.37,5.08,5,Oil & Gas,Exploration & Production,2025-12-31,2026-05-13
Ola Electric Mobility Ltd.,OLAELEC,544225,OLAELEC,INE0LXG01040,2/3 Wheelers,Automobiles & Auto Components,35.13,35.13,15495.25,-7.03,Export NA,,,,32.11,35.79,0.34,Export NA,5.07,1.03,4.02,71.91,6.96,10.2,-4.99,-20.91,-44.25,19.05,25.81,-20.55,9.43,13.18,2,Automobiles & Auto Components,2/3 Wheelers,2025-12-31,2026-02-13
Olectra Greentech Ltd.,OLECTRA,532439,OLECTRA,INE260D01016,Commercial Vehicles,Automobiles & Auto Components,1270,1270,10424.25,72.91,Export NA,118.47,130.56,17.49,32.11,34.76,8.43,Export NA,5.07,1.94,8.92,75.31,6.96,9.25,17.42,8.65,13.23,19.05,20.77,6.39,9.43,7.69,6,Automobiles & Auto Components,Commercial Vehicles,2025-12-31,2026-02-02
Om Freight Forwarders Ltd.,OMFREIGHT,544564,OMFREIGHT,INE1BZC01019,Warehousing & Logistics,Transportation,84.04,84.04,283.01,14.83,Export NA,,,56.25,36.05,32.42,,Export NA,4.72,1.7,1.51,27.08,8.05,4.18,5.67,,12.67,25.06,8.62,7.04,7.11,5.64,6,Transportation,Warehousing & Logistics,2025-12-31,2026-02-13
Om Infra Ltd.,OMINFRAL,531092,OMINFRAL,INE239D01028,Construction & Engineering,Cement and Construction,88.92,88.92,856.33,29.58,Export NA,30.15,34.54,59.09,35.74,31.41,1.49,Export NA,3.26,5.1,1.13,78.01,4.05,4.95,3.01,19.9,4.81,11.25,12.93,2.52,4.61,4.29,5,Cement and Construction,Construction & Engineering,2025-12-31,2026-05-13
Om Power Transmission Ltd.,OMPOWER,544750,OMPOWER,INE25E901019,Power - Electric Utilities,Utilities,181.25,181.25,620.69,,Export NA,,,,24.91,29.95,,Export NA,27.85,1.43,4.87,,5.52,4.23,,,30.39,14.21,16.2,14.7,5.38,5.79,6,Utilities,Power - Electric Utilities,2025-03-31,
Omax Autos Ltd.,OMAXAUTO,520021,OMAXAUTO,INE090B01011,Auto Parts & Equipment,Automobiles & Auto Components,218.32,218.32,466.95,12.61,Export NA,16.15,11.06,48.9,32.11,41.7,0.18,Export NA,5.07,3.31,1.42,96.35,6.96,6.81,17.32,71.75,10.68,19.05,15.01,7.36,9.43,7.82,9,Automobiles & Auto Components,Auto Parts & Equipment,2026-03-31,2026-05-02
Omaxe Ltd.,OMAXE,532880,OMAXE,INE800H01010,Realty,Realty,82.86,82.86,1515.51,-2.32,Export NA,,,,37.63,37.32,-0.55,Export NA,1.72,1.77,-2.13,,3.69,4.38,-35.75,4.22,0,10.17,11.27,-4.61,4.54,5.37,2,Realty,Realty,2025-12-31,2026-05-15
Omfurn India Ltd.,OMFURN,,OMFURN,INE338Y01016,Furniture-Furnishing,Diversified Consumer Services,61.75,61.75,72.71,11.55,Export NA,16.2,16.1,32.97,33.62,45.68,,Export NA,3.59,0.32,1.19,42.36,10.95,4.56,5.35,,9.68,22.55,10.88,6.31,11.12,7.56,4,Diversified Consumer Services,Furniture-Furnishing,2026-03-31,2026-05-09
Omkar Speciality Chemicals Ltd.,OMKARCHEM,533317,OMKARCHEM,INE474L01016,Specialty Chemicals,Chemicals & Petrochemicals,3.41,3.41,7.02,-0.53,Export NA,,,,42.23,47.85,0,Export NA,3.64,2.93,-0.04,,6.18,7.62,-6.43,-1336.09,0,13.61,14.82,-17.46,9.15,10.12,2,Chemicals & Petrochemicals,Specialty Chemicals,2022-06-30,2022-08-13
Omnitech Engineering Ltd.,OMNI,544720,OMNI,INE0UH301010,Industrial Machinery,General Industrials,402.75,402.75,4980.65,,Export NA,,,,58.9,58.76,,Export NA,5.74,4.45,19.04,72.09,14.56,20.55,,,21.55,19.77,24.18,7,10.29,13.59,5,General Industrials,Industrial Machinery,2025-12-31,2026-03-14
On Door Concepts Ltd.,ONDOOR,,ONDOOR,INE00ER01015,Internet Software & Services,Software & Services,177.1,177.1,100.04,12.86,Export NA,,,37.55,22.39,32.02,,Export NA,10.02,2.7,0.96,32.31,6.84,6.82,13.77,,7.79,28.07,8.54,5.98,17.17,6.62,4,Software & Services,Internet Software & Services,2025-03-31,2025-11-14
OnEMI Technology Solutions Ltd.,KISSHT,544754,KISSHT,INE12F801023,Finance (including NBFCs),Banking and Finance,199.72,199.72,3364.94,,Export NA,,,,22.6,26.34,,Export NA,2.78,2.13,2.67,,6.23,3.86,,,16.05,16.76,13.65,5.94,4.85,6.73,1,Banking and Finance,Finance (including NBFCs),2025-03-31,
OnMobile Global Ltd.,ONMOBILE,532944,ONMOBILE,INE809I01019,Other Telecom Services,Telecom Services,54.39,54.39,578.28,33.34,Export NA,44.5,67.83,41.09,32.83,29.56,0.22,Export NA,1.4,1.02,0.88,30.18,7.97,7.59,1.63,152.39,-6.45,22.38,22.4,-4.61,6.78,7.98,4,Telecom Services,Other Telecom Services,2025-12-31,2026-05-18
One Mobikwik Systems Ltd.,MOBIKWIK,544305,MOBIKWIK,INE0HLU01028,Internet Software & Services,Software & Services,202.85,202.85,1597.04,-25.72,Export NA,,,,22.39,32.02,-0.53,Export NA,10.02,2.7,3.03,26.16,6.84,6.82,-7.89,48.9,-11.52,28.07,8.54,-4.4,17.17,6.62,1,Software & Services,Internet Software & Services,2026-03-31,2026-05-12
One Point One Solutions Ltd.,ONEPOINT,544748,ONEPOINT,INE840Y01029,BPO/KPO,Software & Services,60.34,60.34,1586.56,34.41,Export NA,54.19,38.79,25.33,22.39,25.25,0.71,Export NA,10.02,1.31,3.66,47.89,6.84,4.33,1.75,48.38,8.54,28.07,18.24,6.62,17.17,10.87,4,Software & Services,BPO/KPO,2025-12-31,2026-02-10
One97 Communications Ltd.,PAYTM,543396,PAYTM,INE982J01020,Internet Software & Services,Software & Services,1154.6,1154.6,73915.21,133.78,Export NA,-18.82,,1.33,22.39,32.02,0.73,Export NA,10.02,2.7,4.75,85.66,6.84,6.82,8.63,183.88,3.45,28.07,8.54,2.31,17.17,6.62,5,Software & Services,Internet Software & Services,2026-03-31,2026-05-06
OneSource Specialty Pharma Ltd.,ONESOURCE,544292,ONESOURCE,INE013P01021,Pharmaceuticals,Pharmaceuticals & Biotechnology,1830.2,1830.2,20981.91,1043.77,Export NA,,,98.36,42.18,42.23,9.25,Export NA,2.39,2.39,3.61,55.97,7.57,7.72,1.75,112.83,-0.3,17.72,18.15,-0.23,11.9,12.17,2,Pharmaceuticals & Biotechnology,Pharmaceuticals,2025-12-31,2026-05-13
Oneclick Logistics Ltd.,OLIL,,OLIL,INE0OPS01011,Transport Related Services,Transportation,463.6,463.6,311.15,146.67,Export NA,,,100,36.05,36.41,,Export NA,4.72,0.2,3.75,,8.05,5.81,3.16,,15.24,25.06,15.81,10.89,7.11,10.03,2,Transportation,Transport Related Services,2025-03-31,2025-11-14
Onelife Capital Advisors Ltd.,ONELIFECAP,533632,ONELIFECAP,INE912L01015,Other Financial Services,Banking and Finance,19.09,19.09,71.32,-22.69,Export NA,141.42,141.42,,22.6,36.93,-0.4,Export NA,2.78,3.57,1.5,95.56,6.23,99.98,-0.84,57.08,-14.82,16.76,19.97,-2.99,4.85,11.89,2,Banking and Finance,Other Financial Services,2025-12-31,2026-02-03
Onward Technologies Ltd.,ONWARDTEC,517536,ONWARDTEC,INE229A01017,IT Consulting & Software,Software & Services,265.71,265.71,604.59,13.64,Export NA,24.4,44.55,18.24,22.39,21.42,0.21,Export NA,10.02,10.72,2.49,25.47,6.84,6.86,19.48,63.69,17.48,28.07,30.42,11.96,17.17,18.42,7,Software & Services,IT Consulting & Software,2026-03-31,2026-05-05
Onyx Biotec Ltd.,ONYX,,ONYX,INE0WVU01018,Pharmaceuticals,Pharmaceuticals & Biotechnology,32.85,32.85,59.56,12.02,Export NA,,,,42.18,42.23,,Export NA,2.39,2.39,1.09,,7.57,7.72,2.73,,8.9,17.72,18.15,5.42,11.9,12.17,5,Pharmaceuticals & Biotechnology,Pharmaceuticals,2025-03-31,2026-05-14
Optiemus Infracom Ltd.,OPTIEMUS,530135,OPTIEMUS,INE350C01017,Telecom Equipment,Telecommunications Equipment,420.2,420.2,3726.7,56.47,Export NA,76.91,662.51,44.39,62.37,54.53,33.85,Export NA,3.45,8.41,5.12,42.45,10.31,13.61,7.44,1.67,9.96,6.95,9.86,4.08,3.76,6.93,3,Telecommunications Equipment,Telecom Equipment,2025-12-31,2026-02-13
Optivalue Tek Consulting Ltd.,OPTIVALUE,,OPTIVALUE,INE15B101011,IT Consulting & Software,Software & Services,82.5,82.5,193.14,15.91,Export NA,,,100,22.39,21.42,,Export NA,10.02,10.72,2.27,,6.84,6.86,5.19,,38.09,28.07,30.42,25.72,17.17,18.42,5,Software & Services,IT Consulting & Software,2025-03-31,2025-11-13
Oracle Financial Services Software Ltd.,OFSS,532466,OFSS,INE881D01027,IT Consulting & Software,Software & Services,9010.5,9010.5,78447.58,29.72,Export NA,34.34,26.62,81.84,22.39,21.42,2.72,Export NA,10.02,10.72,9.83,88.97,6.84,6.86,303.15,10.91,33.72,28.07,30.42,26.56,17.17,18.42,6,Software & Services,IT Consulting & Software,2026-03-31,2026-04-22
Orbit Exports Ltd.,ORBTEXP,512626,ORBTEXP,INE231G01010,Textiles,Textiles Apparels & Accessories,158.29,158.29,419.65,12.87,Export NA,13.51,15.22,38.13,53.79,32.96,-0.78,Export NA,2.24,6.53,1.37,16.46,15.41,3.67,12.3,-16.4,10.6,22.86,11.51,8.75,8.26,7.43,4,Textiles Apparels & Accessories,Textiles,2026-03-31,2026-05-09
Orchasp Ltd.,ORCHASP,532271,ORCHASP,INE215B01022,IT Consulting & Software,Software & Services,1.97,1.97,62.95,15.89,Export NA,178.32,842.35,46.39,22.39,21.42,0.12,Export NA,10.02,10.72,0.56,66.95,6.84,6.86,0.12,129.27,-9.38,28.07,30.42,-5.22,17.17,18.42,4,Software & Services,IT Consulting & Software,2025-12-31,2026-02-10
Orchid Pharma Ltd.,ORCHPHARMA,524372,ORCHPHARMA,INE191A01027,Pharmaceuticals,Pharmaceuticals & Biotechnology,708.65,708.65,3594.21,190.49,Export NA,53.45,59.73,99.89,42.18,42.23,-2.3,Export NA,2.39,2.39,2.85,53.51,7.57,7.72,3.72,-82.9,7.86,17.72,18.15,5.9,11.9,12.17,3,Pharmaceuticals & Biotechnology,Pharmaceuticals,2025-12-31,2026-02-11
Oriana Power Ltd.,ORIANA,,ORIANA,INE0OUT01019,Green & Renewable Energy,Utilities,1826.05,1826.05,3710.39,23.4,Export NA,,,13.97,24.91,30.52,,Export NA,27.85,5.83,5.83,3.93,5.52,10.28,78.03,,31.11,14.21,10.31,11.63,5.38,3.49,4,Utilities,Green & Renewable Energy,2025-03-31,2025-11-14
Oricon Enterprises Ltd.,ORICONENT,513121,ORICONENT,INE730A01022,Containers & Packaging,Commercial Services & Supplies,64.01,64.01,1005.26,33.59,Export NA,12.78,14.81,73.98,31.83,23.27,-0.42,Export NA,2.32,5.49,0.79,66.03,5.75,2.74,1.91,-80.38,13.31,13.46,10.99,10.4,6.61,7.3,6,Commercial Services & Supplies,Containers & Packaging,2025-12-31,2026-02-14
Orient Bell Ltd.,ORIENTBELL,530365,ORIENTBELL,INE607D01018,Ceramics,Consumer Durables,316.15,316.15,463.16,51.75,Export NA,329.45,182.49,58.94,49.58,39.85,0.66,Export NA,1.45,0.57,1.44,54.97,9.42,5.24,6.11,78.94,0.89,20.69,13.28,0.53,10.95,9.81,7,Consumer Durables,Ceramics,2025-12-31,2026-01-27
Orient Cement Ltd.,ORIENTCEM,535754,ORIENTCEM,INE876N01018,Cement & Cement Products,Cement and Construction,135.02,135.02,2774.12,8.22,Export NA,41.62,31.46,1.18,35.74,39.23,0.03,Export NA,3.26,1.71,1.33,6.15,4.05,3.41,16.44,270.08,15.73,11.25,8.66,10.77,4.61,4.59,5,Cement and Construction,Cement & Cement Products,2026-03-31,2026-04-28
Orient Ceratech Ltd.,ORIENTCER,504879,ORIENTCER,INE569C01020,Electrodes & Refractories,General Industrials,40,40,478.56,24.33,Export NA,39.02,40.81,4.26,58.9,42.36,0.29,Export NA,5.74,5.21,1.61,37.41,14.56,4.18,1.64,82.93,3.5,19.77,9.89,2.37,10.29,7.94,6,General Industrials,Electrodes & Refractories,2025-12-31,2026-02-04
Orient Electric Ltd.,ORIENTELEC,541301,ORIENTELEC,INE142Z01019,Consumer Electronics,Consumer Durables,188.15,188.15,4014.48,41.89,Export NA,58.66,56.83,13.32,49.58,57.15,2.76,Export NA,1.45,1.69,5.46,3.29,9.42,10.85,4.49,15.18,12.6,20.69,24.42,5.75,10.95,9.83,9,Consumer Durables,Consumer Electronics,2026-03-31,2026-05-08
Orient Green Power Company Ltd.,GREENPOWER,533263,GREENPOWER,INE999K01014,Green & Renewable Energy,Utilities,11.29,11.29,1324.35,18.69,Export NA,50.85,45.51,17.52,24.91,30.52,0.16,Export NA,27.85,5.83,1.13,59.53,5.52,10.28,0.6,116.46,3.6,14.21,10.31,2.33,5.38,3.49,5,Utilities,Green & Renewable Energy,2026-03-31,2026-05-11
Orient Paper & Industries Ltd.,ORIENTPPR,502420,ORIENTPPR,INE592A01026,Paper & Paper Products,Commercial Services & Supplies,17.32,17.32,367.51,-12.76,Export NA,112.62,79.63,,31.83,22.88,-0.27,Export NA,2.32,0.52,0.24,1.16,5.75,4.07,-1.36,47.3,-1.96,13.46,8.09,-1.32,6.61,4.93,3,Commercial Services & Supplies,Paper & Paper Products,2026-03-31,2026-05-09
Orient Press Ltd.,ORIENTLTD,526325,ORIENTLTD,INE609C01024,Containers & Packaging,Commercial Services & Supplies,68.06,68.06,68.06,-34.17,Export NA,,,,31.83,23.27,0.63,Export NA,2.32,5.49,1.06,51.14,5.75,2.74,-1.99,-53.98,-4.23,13.46,10.99,-1.68,6.61,7.3,3,Commercial Services & Supplies,Containers & Packaging,2025-12-31,2026-02-13
Orient Technologies Ltd.,ORIENTTECH,544235,ORIENTTECH,INE0PPK01015,IT Consulting & Software,Software & Services,284,284,1300.89,57.35,Export NA,,,99.05,22.39,21.42,-1.03,Export NA,10.02,10.72,3.65,9.74,6.84,6.86,4.95,-55.67,15.29,28.07,30.42,9.6,17.17,18.42,4,Software & Services,IT Consulting & Software,2025-12-31,2026-02-13
Oriental Aromatics Ltd.,OAL,500078,OAL,INE959C01023,Specialty Chemicals,Chemicals & Petrochemicals,297.9,297.9,1002.54,1342.62,Export NA,91.12,69.58,94.73,42.23,47.85,-13.66,Export NA,3.64,2.93,1.52,10.67,6.18,7.62,0.22,-98.26,5.17,13.61,14.82,2.99,9.15,10.12,4,Chemicals & Petrochemicals,Specialty Chemicals,2025-12-31,2026-02-12
Oriental Hotels Ltd.,ORIENTHOT,500314,ORIENTHOT,INE750A01020,Hotels,Hotels Restaurants & Tourism,98.95,98.95,1767.24,26.01,Export NA,55.31,48.33,11.2,44.23,40.73,0.36,Export NA,3.41,2.69,2.48,67.43,8.2,7.29,3.8,73.27,8.91,12.41,12.19,6.92,7.26,7.71,8,Hotels Restaurants & Tourism,Hotels,2026-03-31,2026-05-04
Oriental Trimex Ltd.,ORIENTALTL,532817,ORIENTALTL,INE998H01012,Construction Materials,Cement and Construction,6.83,6.83,50.21,7.79,Export NA,8.17,8.17,39.73,35.74,28.02,0.02,Export NA,3.26,0.23,0.51,30.6,4.05,4.88,0.88,317.43,9.4,11.25,16.85,6.8,4.61,8.83,7,Cement and Construction,Construction Materials,2025-12-31,2026-02-12
Orissa Bengal Carrier Ltd.,OBCL,541206,OBCL,INE426Z01016,Warehousing & Logistics,Transportation,56.18,56.18,118.44,-35.48,Export NA,50.44,,,36.05,32.42,,Export NA,4.72,1.7,1.33,69.4,8.05,4.18,-1.58,,2.51,25.06,8.62,1.42,7.11,5.64,2,Transportation,Warehousing & Logistics,2025-12-31,2026-02-14
Orkla India Ltd.,ORKLAINDIA,544595,ORKLAINDIA,INE16NZ01023,Packaged Foods,FMCG,639.2,639.2,8756.35,,Export NA,,,,49.72,67.64,,Export NA,14.09,6.77,3.28,100,20.61,37.36,,,10.39,37.93,51.25,8.06,19.27,22.23,4,FMCG,Packaged Foods,2025-12-31,2026-05-19
Ortel Communications Ltd.,ORTEL,539015,ORTEL,INE849L01019,Broadcasting & Cable TV,Media,1.68,1.68,5.54,-0.19,Export NA,,,,25.23,18.11,,Export NA,2.2,0.97,-0.06,,13.87,1.42,-8.74,,0,20.32,9.89,-5.99,15.35,8.83,2,Media,Broadcasting & Cable TV,2021-06-30,2021-08-13
Ortin Global Ltd.,ORTINGLOBE,539287,ORTINGLOBE,INE749B01020,Pharmaceuticals,Pharmaceuticals & Biotechnology,14.69,14.69,11.95,-13.34,Export NA,,,,42.18,42.23,-0.16,Export NA,2.39,2.39,9.58,100,7.57,7.72,-1.1,81.46,-42.8,17.72,18.15,-22.38,11.9,12.17,2,Pharmaceuticals & Biotechnology,Pharmaceuticals,2025-12-31,2026-02-14
Osel Devices Ltd.,OSELDEVICE,,OSELDEVICE,INE0RMF01018,Other Electrical Equipment/Products,Consumer Durables,522.45,522.45,929.68,46.36,Export NA,,,84.35,49.58,41.19,,Export NA,1.45,1.34,5.38,63.48,9.42,8.51,11.27,,18.57,20.69,21.67,10.13,10.95,11.03,3,Consumer Durables,Other Electrical Equipment/Products,2025-03-31,2025-11-12
Osia Hyper Retail Ltd.,OSIAHYPER,,OSIAHYPER,INE06IR01021,Department Stores,Retailing,4.81,4.81,85.12,4.73,Export NA,21.99,26.9,2.05,78.39,89.12,-0.2,Export NA,6.4,7.99,0.2,1.3,19.94,14.37,1.02,-24.06,4.97,10.74,15.61,2.32,6.91,10.77,2,Retailing,Department Stores,2025-12-31,2026-02-12
Oswal Agro Mills Ltd.,OSWALAGRO,500317,OSWALAGRO,INE142A01012,Commodity Trading  & Distribution,Commercial Services & Supplies,46.43,46.43,623.25,7.19,Export NA,90.51,57.39,32.69,31.83,33.18,0.1,Export NA,2.32,1.21,0.65,69.89,5.75,5.32,6.46,70.48,11.86,13.46,12.19,11.73,6.61,4.31,6,Commercial Services & Supplies,Commodity Trading  & Distribution,2025-12-31,2026-02-12
Oswal Green Tech Ltd.,OSWALGREEN,539290,OSWALGREEN,INE143A01010,Other Financial Services,Banking and Finance,25.64,25.64,658.46,32.72,Export NA,140.57,79.9,78.48,22.6,36.93,0.54,Export NA,2.78,3.57,0.26,38.29,6.23,99.98,0.78,61.14,0.34,16.76,19.97,0.33,4.85,11.89,8,Banking and Finance,Other Financial Services,2025-12-31,2026-02-12
Oswal Pumps Ltd.,OSWALPUMPS,544418,OSWALPUMPS,INE0BYP01024,Compressors & Pumps,General Industrials,399.8,399.8,4557.92,13.11,Export NA,,,23.29,58.9,41.93,0.31,Export NA,5.74,12.75,2.87,,14.56,9.18,30.49,41.73,60.69,19.77,25.94,26.2,10.29,15.1,4,General Industrials,Compressors & Pumps,2025-12-31,2026-05-16
Owais Metal and Mineral Processing Ltd.,OWAIS,,OWAIS,INE0R8M01017,Iron & Steel/Interm.Products,Metals & Mining,174.65,174.65,317.56,6.75,Export NA,,,,23.8,32.33,,Export NA,1.11,0.78,2.32,,5.3,3.24,25.86,,42.09,19.76,6.78,23.76,9.83,3.42,3,Metals & Mining,Iron & Steel/Interm.Products,2025-03-31,2025-11-14
P E Analytics Ltd.,PROPEQUITY,,PROPEQUITY,INE0KN801013,IT Software Products,Software & Services,218,218,228.51,17.72,Export NA,,,55.33,22.39,42.73,,Export NA,10.02,3.5,2.36,10.89,6.84,6.05,12.3,,14.39,28.07,12.16,12.59,17.17,7.28,3,Software & Services,IT Software Products,2025-03-31,2025-11-08
P N Gadgil Jewellers Ltd.,PNGJL,544256,PNGJL,INE953R01016,Gems & Jewellery,Textiles Apparels & Accessories,627.3,627.3,8512.98,22.31,Export NA,,,9.83,53.79,63.43,0.28,Export NA,2.24,1.24,4.55,0.25,15.41,20.78,28.12,80.65,14.04,22.86,28.31,6.94,8.26,8.05,5,Textiles Apparels & Accessories,Gems & Jewellery,2025-12-31,2026-05-14
P S Raj Steels Ltd.,PSRAJ,,PSRAJ,INE0XUS01012,Iron & Steel Products,Metals & Mining,357,357,269.12,36.32,Export NA,,,100,23.8,30.63,,Export NA,1.11,1.79,3.91,100,5.3,6.46,9.83,,11.4,19.76,18.83,9.98,9.83,10.86,3,Metals & Mining,Iron & Steel Products,2025-03-31,2025-11-12
PB Fintech Ltd.,POLICYBZR,543390,POLICYBZR,INE417T01026,Internet Software & Services,Software & Services,1603.3,1603.3,74183.58,110.73,Export NA,50097.26,50097.26,,22.39,32.02,1.23,Export NA,10.02,2.7,10.65,61.06,6.84,6.82,14.48,89.78,9.16,28.07,8.54,7.69,17.17,6.62,6,Software & Services,Internet Software & Services,2026-03-31,2026-05-06
PC Jeweller Ltd.,PCJEWELLER,534809,PCJEWELLER,INE785M01021,Gems & Jewellery,Textiles Apparels & Accessories,8.47,8.47,8224.82,12.53,Export NA,19.79,19.79,25.4,53.79,63.43,0.15,Export NA,2.24,1.24,1.07,55.65,15.41,20.78,0.68,81.68,9.32,22.86,28.31,6.86,8.26,8.05,6,Textiles Apparels & Accessories,Gems & Jewellery,2025-12-31,2026-01-27
PCBL Chemical Ltd.,PCBL,506590,PCBL,INE602A01031,Refineries/Petro-Products,Oil & Gas,277.95,277.95,10936.29,55.27,Export NA,32.38,23.72,99.64,18.34,21.22,-1.01,Export NA,1.36,1.29,2.82,76.71,1.85,2.01,5.03,-54.47,4.93,10.19,9.71,1.75,4.37,3.93,4,Oil & Gas,Refineries/Petro-Products,2026-03-31,2026-04-30
PDS Ltd.,PDSL,538730,PDSL,INE111Q01021,Textiles,Textiles Apparels & Accessories,285,285,4031.1,39.16,Export NA,40.48,31.26,70.54,53.79,32.96,-1.07,Export NA,2.24,6.53,2.32,60.07,15.41,3.67,7.28,-36.6,9.5,22.86,11.51,3.31,8.26,7.43,2,Textiles Apparels & Accessories,Textiles,2025-12-31,2026-05-15
PG Electroplast Ltd.,PGEL,533581,PGEL,INE457L01029,Consumer Electronics,Consumer Durables,493.9,493.9,14105.14,50.93,Export NA,91.39,81.79,45.47,49.58,57.15,1.67,Export NA,1.45,1.69,4.76,64.69,9.42,10.85,9.7,30.56,10.17,20.69,24.42,5.62,10.95,9.83,3,Consumer Durables,Consumer Electronics,2025-12-31,2026-02-02
PI Industries Ltd.,PIIND,523642,PIIND,INE603J01030,Agrochemicals,Chemicals & Petrochemicals,2997.6,2997.6,45479.02,31.34,Export NA,33.68,41.37,4.75,42.23,30.4,-2.15,Export NA,3.64,3.17,4.08,0.03,6.18,3.87,95.64,-14.6,16.34,13.61,11.71,13.52,9.15,7.88,4,Chemicals & Petrochemicals,Agrochemicals,2025-12-31,2026-05-19
PNB Gilts Ltd.,PNBGILTS,532366,PNBGILTS,INE859A01011,Finance (including NBFCs),Banking and Finance,68.83,68.83,1239.01,6.82,Export NA,17.49,12.8,43.7,22.6,26.34,-0.31,Export NA,2.78,2.13,0.73,35.58,6.23,3.86,10.09,-22.06,10.62,16.76,13.65,0.67,4.85,6.73,4,Banking and Finance,Finance (including NBFCs),2026-03-31,2026-04-20
PNB Housing Finance Ltd.,PNBHOUSING,540173,PNBHOUSING,INE572E01012,Housing Finance,Banking and Finance,1057.7,1057.7,27558.33,12.03,Export NA,13.48,14.18,57.32,22.6,18.02,0.66,Export NA,2.78,0.99,1.49,72.86,6.23,2.32,87.94,18.34,11.92,16.76,13.46,2.45,4.85,3.64,5,Banking and Finance,Housing Finance,2026-03-31,2026-04-20
PNC Infratech Ltd.,PNCINFRA,539150,PNCINFRA,INE195J01029,Roads & Highways,Cement and Construction,218.75,218.75,5611.8,7.02,Export NA,9.6,11.19,12.01,35.74,6.99,-0.24,Export NA,3.26,0.03,0.84,7.85,4.05,1.13,31.16,-29.62,13.61,11.25,24.35,4.51,4.61,8.72,3,Cement and Construction,Roads & Highways,2025-12-31,2026-05-19
PNGS Reva Diamond Jewellery Ltd.,PNGSREVA,544718,PNGSREVA,INE1RDG01013,Gems & Jewellery,Textiles Apparels & Accessories,396,396,1255.26,19.41,Export NA,,,,53.79,63.43,,Export NA,2.24,1.24,8.19,100,15.41,20.78,20.4,,12.54,22.86,28.31,9.03,8.26,8.05,3,Textiles Apparels & Accessories,Gems & Jewellery,2026-03-31,2026-05-11
PPAP Automotive Ltd.,PPAP,532934,PPAP,INE095I01015,Auto Parts & Equipment,Automobiles & Auto Components,213.15,213.15,300.83,6.96,Export NA,44.03,44.03,0.5,32.11,41.7,0.01,Export NA,5.07,3.31,1.06,47.61,6.96,6.81,30.6,517.33,2.43,19.05,15.01,1.23,9.43,7.82,3,Automobiles & Auto Components,Auto Parts & Equipment,2026-03-31,2026-05-11
PRO FX Tech Ltd.,PROFX,,PROFX,INE0VJT01017,Distributors,Commercial Services & Supplies,71,71,124.28,10.16,Export NA,,,1.67,31.83,22.9,,Export NA,2.32,24.39,1.53,,5.75,5.17,6.99,,33.15,13.46,16.43,18.49,6.61,8.69,3,Commercial Services & Supplies,Distributors,2025-03-31,2025-11-10
PSP Projects Ltd.,PSPPROJECT,540544,PSPPROJECT,INE488V01015,Construction & Engineering,Cement and Construction,776.75,776.75,3079.18,55.46,Export NA,37.92,28.44,87.08,35.74,31.41,-34.68,Export NA,3.26,5.1,2.48,6.95,4.05,4.95,14,-1.6,4.39,11.25,12.93,1.79,4.61,4.29,5,Cement and Construction,Construction & Engineering,2026-03-31,2026-04-30
PTC India Financial Services Ltd.,PFS,533344,PFS,INE560K01014,Finance (including NBFCs),Banking and Finance,30.2,30.2,1939.7,6.07,Export NA,13.96,11.7,15.2,22.6,26.34,0.11,Export NA,2.78,2.13,0.64,51.06,6.23,3.86,4.97,57.73,10.36,16.76,13.65,6.44,4.85,6.73,8,Banking and Finance,Finance (including NBFCs),2026-03-31,2026-05-05
PTC India Ltd.,PTC,532524,PTC,INE877F01012,Power - Electric Utilities,Utilities,201.93,201.93,5977.3,7.02,Export NA,8.54,7.94,65.62,24.91,29.95,0.21,Export NA,27.85,1.43,1,94.67,5.52,4.23,28.78,34.14,15.5,14.21,16.2,6.97,5.38,5.79,8,Utilities,Power - Electric Utilities,2025-12-31,2026-05-19
PTC Industries Ltd.,PTCIL,539006,PTCIL,INE596F01018,Other Industrial Products,General Industrials,17142,17142,25700.14,388.09,Export NA,414.24,185.99,72.87,58.9,44.01,13.18,Export NA,5.74,4.34,17.91,75.93,14.56,20.86,44.17,29.43,4.4,19.77,22.24,3.85,10.29,12.05,4,General Industrials,Other Industrial Products,2025-12-31,2026-02-14
PTL Enterprises Ltd.,PTL,509220,PTL,INE034D01049,Misc. Commercial Services,Commercial Services & Supplies,39.73,39.73,525.93,12.62,Export NA,18.93,18.17,47.59,31.83,27.25,0.49,Export NA,2.32,0.82,0.58,0.07,5.75,5.02,3.15,25.9,6.53,13.46,17.32,3.39,6.61,12.13,5,Commercial Services & Supplies,Misc. Commercial Services,2025-12-31,2026-02-04
PVP Ventures Ltd.,PVP,517556,PVP,INE362A01016,Realty,Realty,30.78,30.78,801.52,-98.96,Export NA,11.94,13.24,,37.63,37.32,0.48,Export NA,1.72,1.77,3.7,82.75,3.69,4.38,-0.31,-204.66,-3.03,10.17,11.27,-1.79,4.54,5.37,6,Realty,Realty,2025-12-31,2026-02-23
PVR INOX Ltd.,PVRINOX,532689,PVRINOX,INE191H01014,Movies & Entertainment,Media,1014.6,1014.6,9963.37,29.82,Export NA,,,0.25,25.23,33.17,0.14,Export NA,2.2,3.06,1.38,4.41,13.87,25.15,34.02,219.49,4.52,20.32,45.72,2.13,15.35,32.15,8,Media,Movies & Entertainment,2026-03-31,2026-05-11
Pace Digitek Ltd.,PACEDIGITK,544550,PACEDIGITK,INE0S3G01027,Telecom Cables,Telecommunications Equipment,188.46,188.46,4067.93,16.19,Export NA,,,96.58,62.37,64.46,,Export NA,3.45,1.61,2.96,60.96,10.31,6.8,11.64,,22.87,6.95,6.11,10.1,3.76,2.97,4,Telecommunications Equipment,Telecom Cables,2025-12-31,2026-02-07
Page Industries Ltd.,PAGEIND,532827,PAGEIND,INE761H01022,Other Apparels & Accessories,Textiles Apparels & Accessories,35085,35085,39133.46,52.24,Export NA,71.5,77.36,5.09,53.79,43.2,4.64,Export NA,2.24,2.85,24.48,0.79,15.41,13.14,671.6,11.25,51.81,22.86,20.14,27.58,8.26,9.64,8,Textiles Apparels & Accessories,Other Apparels & Accessories,2025-12-31,2026-05-21
Paisalo Digital Ltd.,PAISALO,532900,PAISALO,INE420C01059,Finance (including NBFCs),Banking and Finance,44.95,44.95,4088.3,17.24,Export NA,22.18,31.37,29.98,22.6,26.34,0.93,Export NA,2.78,2.13,2.36,63.33,6.23,3.86,2.61,18.53,13.22,16.76,13.65,3.76,4.85,6.73,2,Banking and Finance,Finance (including NBFCs),2026-03-31,2026-05-10
Pakka Ltd.,PAKKA,516030,PAKKA,INE551D01018,Paper & Paper Products,Commercial Services & Supplies,92.76,92.76,416.94,62.9,Export NA,22.47,13.57,96.91,31.83,22.88,-0.75,Export NA,2.32,0.52,0.91,4.39,5.75,4.07,1.47,-84.36,8.29,13.46,8.09,5.08,6.61,4.93,4,Commercial Services & Supplies,Paper & Paper Products,2025-12-31,2026-01-30
Palash Securities Ltd.,PALASHSECU,540648,PALASHSECU,INE471W01019,Other Financial Services,Banking and Finance,95.95,95.95,95.98,7.56,Export NA,,,82.35,22.6,36.93,0.03,Export NA,2.78,3.57,0.16,6.12,6.23,99.98,12.69,250.39,-2.23,16.76,19.97,-1.83,4.85,11.89,3,Banking and Finance,Other Financial Services,2025-12-31,2026-05-15
Palred Technologies Ltd.,PALREDTEC,532521,PALREDTEC,INE218G01033,IT Consulting & Software,Software & Services,37.95,37.95,46.42,-5.58,Export NA,,,,22.39,21.42,0.07,Export NA,10.02,10.72,1.06,26.47,6.84,6.86,-6.8,-84.45,-16.02,28.07,30.42,-6.71,17.17,18.42,3,Software & Services,IT Consulting & Software,2025-12-31,2026-02-13
Panacea Biotec Ltd.,PANACEABIO,531349,PANACEABIO,INE922B01023,Biotechnology,Pharmaceuticals & Biotechnology,365.55,365.55,2239.02,-287.79,Export NA,,1.4,,42.18,136.9,-175.11,Export NA,2.39,1.32,2.7,62.07,7.57,3.06,-1.27,1.64,-1.02,17.72,4.74,-0.64,11.9,3.91,1,Pharmaceuticals & Biotechnology,Biotechnology,2025-12-31,2026-02-11
Panache Digilife Ltd.,PANACHE,,PANACHE,INE895W01019,Computer Hardware,Hardware Technology & Equipment,362.6,362.6,580.67,35.88,Export NA,290.68,216.74,15.73,29.02,32.67,0.27,Export NA,0.51,0.5,7.93,88.83,14.15,6,10.11,134.96,15.32,28.88,17.87,7.11,10.48,10.14,5,Hardware Technology & Equipment,Computer Hardware,2026-03-31,2026-04-29
Panama Petrochem Ltd.,PANAMAPET,524820,PANAMAPET,INE305C01029,Refineries/Petro-Products,Oil & Gas,286.9,286.9,1735.56,9.35,Export NA,10.84,9.52,33.12,18.34,21.22,-1.05,Export NA,1.36,1.29,1.25,31.17,1.85,2.01,30.7,-8.86,14.9,10.19,9.71,12.27,4.37,3.93,6,Oil & Gas,Refineries/Petro-Products,2025-12-31,2026-02-10
Pansari Developers Ltd.,PANSARI,,PANSARI,INE697V01011,Realty,Realty,268.25,268.25,468.01,25.71,Export NA,54.58,58.55,4,37.63,37.32,0.06,Export NA,1.72,1.77,3.21,62.98,3.69,4.38,10.43,404.57,8.19,10.17,11.27,1.82,4.54,5.37,6,Realty,Realty,2025-12-31,2026-02-14
Par Drugs & Chemicals Ltd.,PAR,,PAR,INE04LG01015,Pharmaceuticals,Pharmaceuticals & Biotechnology,91.58,91.58,112.69,8.1,Export NA,13.75,17.5,10.02,42.18,42.23,-0.82,Export NA,2.39,2.39,1.01,13.09,7.57,7.72,11.3,-9.86,13.49,17.72,18.15,11.18,11.9,12.17,5,Pharmaceuticals & Biotechnology,Pharmaceuticals,2025-12-31,2026-05-14
Paradeep Phosphates Ltd.,PARADEEP,543530,PARADEEP,INE088F01024,Fertilizers,Fertilizers,127.63,127.63,13250.17,14.16,Export NA,60.65,,27.07,20.68,20.68,0.2,Export NA,7.54,7.54,1.94,55.2,16.07,16.07,9.01,69.53,14.68,478.71,478.71,5.55,243.93,243.93,6,Fertilizers,Fertilizers,2026-03-31,2026-05-11
Parag Milk Foods Ltd.,PARAGMILK,539889,PARAGMILK,INE883N01014,Packaged Foods,FMCG,218.45,218.45,2754.86,20.4,Export NA,25.79,31.1,31.41,49.72,67.64,1.49,Export NA,14.09,6.77,2.21,41.86,20.61,37.36,10.71,13.68,10.73,37.93,51.25,5.92,19.27,22.23,6,FMCG,Packaged Foods,2026-03-31,2026-05-07
Paragon Fine & Speciality Chemical Ltd.,PARAGON,,PARAGON,INE0N4G01012,Dyes & Pigments,Chemicals & Petrochemicals,43.5,43.5,85.11,14.38,Export NA,,,,42.23,13.7,,Export NA,3.64,0.6,0.93,,6.18,1.59,3.02,,6.61,13.61,5,5.69,9.15,3.15,3,Chemicals & Petrochemicals,Dyes & Pigments,2025-03-31,2025-11-14
Paramatrix Technologies Ltd.,PARAMATRIX,,PARAMATRIX,INE0S2W01018,IT Consulting & Software,Software & Services,65,65,74.81,13,Export NA,,,,22.39,21.42,,Export NA,10.02,10.72,1.18,,6.84,6.86,5,,8.71,28.07,30.42,8.18,17.17,18.42,4,Software & Services,IT Consulting & Software,2025-03-31,2025-11-13
Paramount Communications Ltd.,PARACABLES,530555,PARACABLES,INE074B01023,Wires & Cables,Consumer Durables,54.22,54.22,1654.85,28.55,Export NA,20.93,39.38,75.6,49.58,48.28,-0.7,Export NA,1.45,1.47,2.19,53.5,9.42,9.83,1.9,-40.68,12.12,20.69,19.16,9.58,10.95,11.73,6,Consumer Durables,Wires & Cables,2025-12-31,2026-02-12
Paramount Dye Tec Ltd.,PARAMOUNT,,PARAMOUNT,INE0TG801013,Textiles,Textiles Apparels & Accessories,52.85,52.85,36.69,4.58,Export NA,,,55.97,53.79,32.96,,Export NA,2.24,6.53,0.56,53.09,15.41,3.67,11.53,,12.74,22.86,11.51,9.37,8.26,7.43,4,Textiles Apparels & Accessories,Textiles,2025-03-31,2025-11-14
Paramount Speciality Forgings Ltd.,PSFL,,PSFL,INE0Q6001012,Other Industrial Products,General Industrials,31,31,61.01,13.66,Export NA,,,,58.9,44.01,,Export NA,5.74,4.34,1.13,,14.56,20.86,2.27,,8.59,19.77,22.24,3.83,10.29,12.05,3,General Industrials,Other Industrial Products,2025-03-31,2025-11-13
Parampara Dairy Delights Ltd.,PARAMPARA,,PARAMPARA,INE749Y01014,Plastic Products,General Industrials,11,11,11.55,68.66,Export NA,415.67,1557.14,32.2,58.9,35.79,,Export NA,5.74,3.64,1.31,86.71,14.56,7.73,0.16,,1.91,19.77,14.6,0.43,10.29,10.46,4,General Industrials,Plastic Products,2025-03-31,2025-11-14
Paras Defence and Space Technologies Ltd.,PARAS,543367,PARAS,INE045601023,Aerospace & Defence,General Industrials,800.6,800.6,6451.82,87.85,Export NA,109.15,,75.1,58.9,50.58,2.39,Export NA,5.74,8.98,9.37,66.87,14.56,11.27,9.11,36.71,10.61,19.77,23.04,7.45,10.29,9.53,8,General Industrials,Aerospace & Defence,2025-12-31,2026-05-13
Paras Petrofils Ltd.,PARASPETRO,521246,PARASPETRO,INE162C01024,Textiles,Textiles Apparels & Accessories,2.13,2.13,71.19,-1019.14,Export NA,1191.76,520.09,,53.79,32.96,-12.85,Export NA,2.24,6.53,3.35,59.06,15.41,3.67,0,79.31,0.46,22.86,11.51,0.38,8.26,7.43,6,Textiles Apparels & Accessories,Textiles,2025-12-31,2026-02-14
Parin Enterprises Ltd.,PARIN,,PARIN,INE00U801010,Furniture-Furnishing,Diversified Consumer Services,637.65,637.65,708.94,112.68,Export NA,83.18,77.76,86.63,33.62,45.68,,Export NA,3.59,0.32,10.68,100,10.95,4.56,5.66,,8.36,22.55,10.88,3.23,11.12,7.56,5,Diversified Consumer Services,Furniture-Furnishing,2026-03-31,2026-04-13
Park Medi World Ltd.,PARKHOSPS,544645,PARKHOSPS,INE119201023,Healthcare Facilities,Healthcare,246.33,246.33,10639.75,41.95,Export NA,,,84.38,64.81,71.3,,Export NA,6.11,6.58,8.42,91.67,9.5,9.54,5.87,,12.76,14.74,13.76,9.17,8.39,7.2,5,Healthcare,Healthcare Facilities,2026-03-31,2026-05-12
Parsvnath Developers Ltd.,PARSVNATH,532780,PARSVNATH,INE561H01026,Realty,Realty,6.28,6.28,273.29,-0.61,Export NA,,,,37.63,37.32,-0.03,Export NA,1.72,1.77,-0.11,,3.69,4.38,-10.33,20.85,0,10.17,11.27,-6.43,4.54,5.37,2,Realty,Realty,2025-12-31,2026-02-11
Parth Electricals & Engineering Ltd.,PARTH,,PARTH,INE1H7V01011,Heavy Electrical Equipment,General Industrials,363.4,363.4,496.7,49.1,Export NA,,,100,58.9,71.23,,Export NA,5.74,3.65,4.57,3.03,14.56,15.26,7.4,,24.92,19.77,17.01,9.47,10.29,8.7,6,General Industrials,Heavy Electrical Equipment,2025-03-31,2025-10-31
Party Cruisers Ltd.,PARTYCRUS,,PARTYCRUS,INE06ZX01015,Special Consumer Services,Diversified Consumer Services,96.15,96.15,115.28,13.88,Export NA,36.09,,63.45,33.62,39.07,,Export NA,3.59,4.51,2.48,58.48,10.95,11.75,6.93,,19.09,22.55,25.9,15.42,11.12,3.02,4,Diversified Consumer Services,Special Consumer Services,2025-03-31,2025-11-12
Pashupati Cotspin Ltd.,PASHUPATI,544448,PASHUPATI,INE124Y01028,Textiles,Textiles Apparels & Accessories,86.89,86.89,1371.47,86.19,Export NA,46.39,42.69,42.34,53.79,32.96,,Export NA,2.24,6.53,8.42,90.09,15.41,3.67,1.01,,8.34,22.86,11.51,4.3,8.26,7.43,7,Textiles Apparels & Accessories,Textiles,2025-12-31,2026-02-13
Pasupati Acrylon Ltd.,PASUPTAC,500456,PASUPTAC,INE818B01023,Fibres & Plastics,General Industrials,51.84,51.84,462.07,8.41,Export NA,20.64,14.37,56.29,58.9,10.78,0.17,Export NA,5.74,0.14,1.13,48.84,14.56,1.54,6.16,49.95,9.71,19.77,9.01,5.94,10.29,6.23,6,General Industrials,Fibres & Plastics,2025-12-31,2026-02-11
Patanjali Foods Ltd.,PATANJALI,500368,PATANJALI,INE619A01035,Edible Oils,FMCG,441.05,441.05,47990.84,29.1,Export NA,62.95,57.8,13.03,49.72,28.58,,Export NA,14.09,1.07,3.78,91.1,20.61,3.55,15.15,,11.43,37.93,10.93,8.38,19.27,6.19,3,FMCG,Edible Oils,2025-12-31,2026-02-11
Patel Engineering Ltd.,PATELENG,531120,PATELENG,INE244B01030,Construction & Engineering,Cement and Construction,26.76,26.76,2654.97,10.07,Export NA,15.78,21.07,31.89,35.74,31.41,-0.41,Export NA,3.26,5.1,0.66,76.89,4.05,4.95,2.66,-24.66,6.55,11.25,12.93,2.58,4.61,4.29,6,Cement and Construction,Construction & Engineering,2025-12-31,2026-05-14
Patel Integrated Logistics Ltd.,PATINTLOG,526381,PATINTLOG,INE529D01014,Surface Transportation,Transportation,11.96,11.96,83.22,8.67,Export NA,19.55,26.08,18.24,36.05,15.85,0.33,Export NA,4.72,1.33,0.67,43.41,8.05,4.1,1.38,26.32,7.77,25.06,17.94,5.87,7.11,13.67,8,Transportation,Surface Transportation,2026-03-31,2026-05-12
Patel Retail Ltd.,PATELRMART,544487,PATELRMART,INE0R8B01010,Department Stores,Retailing,201.34,201.34,672.49,18.55,Export NA,,,25.43,78.39,89.12,,Export NA,6.4,7.99,1.77,,19.94,14.37,10.85,,18.78,10.74,15.61,6.6,6.91,10.77,5,Retailing,Department Stores,2025-12-31,2026-02-02
Patil Automation Ltd.,PATILAUTOM,,PATILAUTOM,INE17GV01016,Industrial Machinery,General Industrials,201.55,201.55,439.8,24.73,Export NA,,,100,58.9,58.76,,Export NA,5.74,4.45,3.17,100,14.56,20.55,8.15,,12.83,19.77,24.18,8.02,10.29,13.59,1,General Industrials,Industrial Machinery,2026-03-31,2026-05-07
Pattech Fitwell Tube Components Ltd.,PATTECH,,PATTECH,INE0NZW01014,Castings & Forgings,General Industrials,116.85,116.85,109.81,89.61,Export NA,,,91.86,58.9,64.29,,Export NA,5.74,4.12,3.22,6.84,14.56,7.72,1.3,,5.97,19.77,12.53,2.97,10.29,7.9,2,General Industrials,Castings & Forgings,2025-03-31,2025-11-13
Paul Merchants Ltd.,,539113,PML,INE291E01019,Finance (including NBFCs),Banking and Finance,579.95,579.95,178.86,0.63,Export NA,4.14,4.25,11.4,22.6,26.34,0,Export NA,2.78,2.13,0.2,1.66,6.23,3.86,918.1,401.33,10.15,16.76,13.65,4.01,4.85,6.73,5,Banking and Finance,Finance (including NBFCs),2025-12-31,2026-02-12
Paushak Ltd.,PAUSHAKLTD,532742,PAUSHAKLTD,INE111F01024,Specialty Chemicals,Chemicals & Petrochemicals,479.3,479.3,1181.81,30.06,Export NA,32.45,49.3,61.61,42.23,47.85,-1.47,Export NA,3.64,2.93,2.38,10.76,6.18,7.62,15.94,-20.38,8,13.61,14.82,5.95,9.15,10.12,3,Chemicals & Petrochemicals,Specialty Chemicals,2026-03-31,2026-05-05
Pavna Industries Ltd.,PAVNAIND,543915,PAVNAIND,INE07S101038,Auto Parts & Equipment,Automobiles & Auto Components,19.63,19.63,273.9,70.76,Export NA,62.83,,72.72,32.11,41.7,-1.32,Export NA,5.07,3.31,1.36,16.83,6.96,6.81,0.28,-53.63,3.69,19.05,15.01,2.64,9.43,7.82,4,Automobiles & Auto Components,Auto Parts & Equipment,2025-12-31,2026-02-11
Pearl Global Industries Ltd.,PGIL,532808,PGIL,INE940H01022,Other Apparels & Accessories,Textiles Apparels & Accessories,1497.9,1497.9,6914.25,26.33,Export NA,26.71,20.82,88.52,53.79,43.2,1.95,Export NA,2.24,2.85,5.16,87.26,15.41,13.14,56.9,13.48,21.48,22.86,20.14,9.56,8.26,9.64,7,Textiles Apparels & Accessories,Other Apparels & Accessories,2025-12-31,2026-05-14
Pearl Polymers Ltd.,PEARLPOLY,523260,PEARLPOLY,INE844A01013,Plastic Products,General Industrials,19.97,19.97,33.62,-6.57,Export NA,77.83,40.85,,58.9,35.79,0.02,Export NA,5.74,3.64,1.03,60.93,14.56,7.73,-3.04,-330.01,-15.32,19.77,14.6,-12.53,10.29,10.46,3,General Industrials,Plastic Products,2025-12-31,2026-02-12
Pelatro Ltd.,PELATRO,,PELATRO,INE0VG601013,BPO/KPO,Software & Services,271.3,271.3,282.33,15.59,Export NA,,,,22.39,25.25,0.3,Export NA,10.02,1.31,2.91,0.5,6.84,4.33,17.4,52.23,17.4,28.07,18.24,9.82,17.17,10.87,4,Software & Services,BPO/KPO,2026-03-31,2026-05-05
Peninsula Land Ltd.,PENINLAND,503031,PENINLAND,INE138A01028,Realty,Realty,17.09,17.09,567.47,-8.91,Export NA,9.99,10.12,,37.63,37.32,0.02,Export NA,1.72,1.77,2.92,58.98,3.69,4.38,-1.92,-479.21,-18.98,10.17,11.27,-3.76,4.54,5.37,1,Realty,Realty,2025-12-31,2026-02-05
Pennar Industries Ltd.,PENIND,513228,PENIND,INE932A01024,Iron & Steel/Interm.Products,Metals & Mining,161.15,161.15,2174.66,16.31,Export NA,23.46,20.59,61.35,23.8,32.33,0.87,Export NA,1.11,0.78,1.97,79.23,5.3,3.24,9.88,18.72,11.94,19.76,6.78,4.03,9.83,3.42,7,Metals & Mining,Iron & Steel/Interm.Products,2025-12-31,2026-02-14
Pentagon Rubber Ltd.,PENTAGON,,PENTAGON,INE0ORS01017,Other Industrial Products,General Industrials,65,65,50.12,18.67,Export NA,,,26.43,58.9,44.01,,Export NA,5.74,4.34,1.54,22.86,14.56,20.86,3.48,,8.4,19.77,22.24,4.51,10.29,12.05,4,General Industrials,Other Industrial Products,2025-03-31,2025-11-13
Perfect Infraengineers Ltd.,PERFECT,,PERFECT,INE925S01012,Other Electrical Equipment/Products,Consumer Durables,8.1,8.1,14.17,17.27,Export NA,54.58,54.79,,49.58,41.19,,Export NA,1.45,1.34,0.42,1.99,9.42,8.51,0.47,,2.51,20.69,21.67,1.92,10.95,11.03,4,Consumer Durables,Other Electrical Equipment/Products,2024-03-31,2023-05-06
Persistent Systems Ltd.,PERSISTENT,533179,PERSISTENT,INE262H01021,IT Consulting & Software,Software & Services,4877.1,4877.1,76277.84,40.9,Export NA,66.38,57.47,67.19,22.39,21.42,1.23,Export NA,10.02,10.72,10.05,71.36,6.84,6.86,119.25,33.21,23.79,28.07,30.42,16.39,17.17,18.42,6,Software & Services,IT Consulting & Software,2026-03-31,2026-04-21
Petro Carbon and Chemicals Ltd.,PCCL,,PCCL,INE998U01015,Petrochemicals,Chemicals & Petrochemicals,289.6,289.6,715.31,75.59,Export NA,,,100,42.23,34.32,,Export NA,3.64,0.5,4.13,100,6.18,3.98,3.83,,5.54,13.61,10.55,2.27,9.15,6.82,3,Chemicals & Petrochemicals,Petrochemicals,2025-03-31,2025-11-03
Petronet LNG Ltd.,PETRONET,532522,PETRONET,INE347G01014,Oil Marketing & Distribution,Oil & Gas,271.15,271.15,40672.5,10.4,Export NA,12.06,11.02,25.53,18.34,9.53,-6.87,Export NA,1.36,1.05,1.85,0.07,1.85,1.9,26.08,-1.51,17.55,10.19,12.36,14.25,4.37,6.44,7,Oil & Gas,Oil Marketing & Distribution,2026-03-31,2026-05-04
Pfizer Ltd.,PFIZER,500680,PFIZER,INE182A01018,Pharmaceuticals,Pharmaceuticals & Biotechnology,4725.9,4725.9,21619.91,25.33,Export NA,35.22,32.89,9.63,42.18,42.23,0.65,Export NA,2.39,2.39,5.42,38.96,7.57,7.72,186.58,38.67,18.2,17.72,18.15,15.62,11.9,12.17,7,Pharmaceuticals & Biotechnology,Pharmaceuticals,2025-12-31,2026-05-12
Phantom Digital Effects Ltd.,PHANTOMFX,,PHANTOMFX,INE0MLZ01019,Movies & Entertainment,Media,197.2,197.2,269.76,13.34,Export NA,,,3.1,25.23,33.17,,Export NA,2.2,3.06,1.17,21.98,13.87,25.15,14.78,,12.25,20.32,45.72,8.87,15.35,32.15,1,Media,Movies & Entertainment,2025-03-31,2025-11-14
Phoenix Mills Ltd.,PHOENIXLTD,503100,PHOENIXLTD,INE211B01039,Realty,Realty,1731,1731,61907.57,50.59,Export NA,56.41,59.31,47.83,37.63,37.32,2.08,Export NA,1.72,1.77,5.55,95.29,3.69,4.38,34.22,24.34,11.13,10.17,11.27,5.35,4.54,5.37,7,Realty,Realty,2026-03-31,2026-04-27
Phoenix Overseas Ltd.,PHOGLOBAL,,PHOGLOBAL,INE0FPO01018,Commodity Trading  & Distribution,Commercial Services & Supplies,18.45,18.45,35.69,7.79,Export NA,,,,31.83,33.18,,Export NA,2.32,1.21,0.47,,5.75,5.32,2.37,,5.8,13.46,12.19,3.29,6.61,4.31,3,Commercial Services & Supplies,Commodity Trading  & Distribution,2025-03-31,2025-11-13
Physicswallah Ltd.,PWL,544609,PWL,INE0LP301011,Education,Diversified Consumer Services,107.65,107.65,30784.59,-127.9,Export NA,,,,33.62,20.12,,Export NA,3.59,2.38,19.65,,10.95,20.81,-0.84,,-31.28,22.55,17.9,-5.19,11.12,11.62,3,Diversified Consumer Services,Education,2025-12-31,2026-02-05
Piccadily Agro Industries Ltd.,PICCADIL,530305,PICCADIL,INE546C01010,Sugar,"Food, Beverages & Tobacco",591,591,5825.58,42.36,Export NA,67.13,44.95,67.61,28.35,27.86,1.23,Export NA,1.73,1.26,6.83,78.29,8.04,2.67,13.95,34.38,15.26,26.28,9.03,8.39,19.55,4.86,4,"Food, Beverages & Tobacco",Sugar,2026-03-31,2026-04-28
Picturepost Studios Ltd.,PPSL,,PPSL,INE0YAL01017,Movies & Entertainment,Media,6.7,6.7,19.63,3.9,Export NA,,,,25.23,33.17,,Export NA,2.2,3.06,0.69,,13.87,25.15,1.72,,17.76,20.32,45.72,12.5,15.35,32.15,2,Media,Movies & Entertainment,2025-03-31,2025-11-14
Pidilite Industries Ltd.,PIDILITIND,500331,PIDILITIND,INE318A01026,Specialty Chemicals,Chemicals & Petrochemicals,1453,1453,147882.75,60.39,Export NA,79.82,91.32,38,42.23,47.85,3.36,Export NA,3.64,2.93,14.53,37.83,6.18,7.62,24.06,17.95,22.6,13.61,14.82,15.86,9.15,10.12,7,Chemicals & Petrochemicals,Specialty Chemicals,2026-03-31,2026-05-07
Pil Italica Lifestyle Ltd.,PILITA,500327,PILITA,INE600A01035,Plastic Products,General Industrials,8.32,8.32,195.52,43.51,Export NA,61.68,70.08,33.94,58.9,35.79,-3.05,Export NA,5.74,3.64,2.36,11.47,14.56,7.73,0.19,-14.29,5.35,19.77,14.6,4.07,10.29,10.46,5,General Industrials,Plastic Products,2026-03-31,2026-05-07
Pilani Investment and Industries Corporation Ltd.,PILANIINVS,539883,PILANIINVS,INE417C01014,Holding Companies,Diversified,4563.5,4563.5,5052.8,4165.53,Export NA,44.45,27.81,97.92,24.34,28.32,-41.98,Export NA,1.86,1.91,0.3,42.84,2.7,2.66,1.1,-99.22,0.61,11.19,11.42,0.5,3.16,3.21,5,Diversified,Holding Companies,2025-12-31,2026-02-07
Pine Labs Ltd.,PINELABS,544606,PINELABS,INE15B701018,Internet Software & Services,Software & Services,188.01,188.01,21588.74,,Export NA,,,,22.39,32.02,,Export NA,10.02,2.7,5.65,100,6.84,6.82,,,-4.27,28.07,8.54,-1.35,17.17,6.62,3,Software & Services,Internet Software & Services,2025-12-31,2026-05-25
Pioneer Embroideries Ltd.,PIONEEREMB,514300,PIONEEREMB,INE156C01018,Textiles,Textiles Apparels & Accessories,25.74,25.74,79.32,-36.85,Export NA,31.33,23.07,,53.79,32.96,0.27,Export NA,2.24,6.53,0.52,3.99,15.41,3.67,-0.7,-138.36,2.96,22.86,11.51,1.39,8.26,7.43,8,Textiles Apparels & Accessories,Textiles,2025-12-31,2026-02-12
Pioneer Investcorp Ltd.,,507864,PIONRINV,INE746D01014,Other Financial Services,Banking and Finance,107.1,107.1,131.7,7.72,Export NA,15.63,15.87,4.14,22.6,36.93,0.07,Export NA,2.78,3.57,0.78,96.07,6.23,99.98,13.88,103.39,5.06,16.76,19.97,1.75,4.85,11.89,5,Banking and Finance,Other Financial Services,2025-12-31,2026-02-11
Piramal Finance Ltd.,PIRAMALFIN,544597,PIRAMALFIN,INE202B01038,Finance (including NBFCs),Banking and Finance,1909.7,1909.7,43288.64,28.78,Export NA,,,30,22.6,26.34,,Export NA,2.78,2.13,1.56,4.03,6.23,3.86,66.36,,5.34,16.76,13.65,1.36,4.85,6.73,4,Banking and Finance,Finance (including NBFCs),2026-03-31,2026-04-27
Piramal Pharma Ltd.,PPLPHARMA,543635,PPLPHARMA,INE0DK501011,Pharmaceuticals,Pharmaceuticals & Biotechnology,176.56,176.56,23469.2,-72.01,Export NA,860.66,,,42.18,42.23,0.16,Export NA,2.39,2.39,2.96,61.52,7.57,7.72,-2.45,-457.65,-3.99,17.72,18.15,-1.81,11.9,12.17,1,Pharmaceuticals & Biotechnology,Pharmaceuticals,2026-03-31,2026-04-28
Pitti Engineering Ltd.,PITTIENG,513519,PITTIENG,INE450D01021,Other Electrical Equipment/Products,Consumer Durables,921.45,921.45,3469.59,27.25,Export NA,37.35,33.29,46.71,49.58,41.19,-98.03,Export NA,1.45,1.34,3.58,37.15,9.42,8.51,33.82,-0.28,13.6,20.69,21.67,6.1,10.95,11.03,6,Consumer Durables,Other Electrical Equipment/Products,2025-12-31,2026-05-14
Pix Transmissions Ltd.,PIXTRANS,500333,PIXTRANS,INE751B01018,Auto Tyres & Rubber Products,Automobiles & Auto Components,1525.5,1525.5,2078.52,19.01,Export NA,22.58,10.72,62.28,32.11,25.9,-4.08,Export NA,5.07,0.9,3.09,64.37,6.96,2.87,80.23,-4.66,18.93,19.05,10.97,15.45,9.43,6.34,7,Automobiles & Auto Components,Auto Tyres & Rubber Products,2025-12-31,2026-02-13
Plada Infotech Services Ltd.,PLADAINFO,,PLADAINFO,INE0PXD01014,BPO/KPO,Software & Services,11.2,11.2,9.6,5.1,Export NA,,,,22.39,25.25,,Export NA,10.02,1.31,0.4,,6.84,4.33,2.2,,8.11,28.07,18.24,4.3,17.17,10.87,4,Software & Services,BPO/KPO,2025-03-31,2025-05-29
Plastiblends India Ltd.,PLASTIBLEN,523648,PLASTIBLEN,INE083C01022,Specialty Chemicals,Chemicals & Petrochemicals,168.36,168.36,437.55,11.93,Export NA,16.56,17.52,14.85,42.23,47.85,1.23,Export NA,3.64,2.93,0.99,2.94,6.18,7.62,14.12,9.71,8.17,13.61,14.82,6.57,9.15,10.12,5,Chemicals & Petrochemicals,Specialty Chemicals,2026-03-31,2026-04-27
Platinum Industries Ltd.,PLATIND,544134,PLATIND,INE0PT501018,Specialty Chemicals,Chemicals & Petrochemicals,251.02,251.02,1378.72,31.88,Export NA,,,54.28,42.23,47.85,-1.65,Export NA,3.64,2.93,3.27,11.52,6.18,7.62,7.87,-19.37,12.97,13.61,14.82,10.63,9.15,10.12,2,Chemicals & Petrochemicals,Specialty Chemicals,2025-12-31,2026-05-12
Plaza Wires Ltd.,PLAZACABLE,544003,PLAZACABLE,INE0INJ01017,Wires & Cables,Consumer Durables,54.66,54.66,239.15,45.7,Export NA,,,11.85,49.58,48.28,0.22,Export NA,1.45,1.47,1.9,23.67,9.42,9.83,1.2,211.49,2.35,20.69,19.16,1.76,10.95,11.73,7,Consumer Durables,Wires & Cables,2025-12-31,2026-02-13
Poddar Pigments Ltd.,PODDARMENT,524570,PODDARMENT,INE371C01013,Dyes & Pigments,Chemicals & Petrochemicals,252.65,252.65,268.06,17.69,Export NA,13.26,13.3,98.54,42.23,13.7,-0.41,Export NA,3.64,0.6,0.73,4.86,6.18,1.59,14.29,-42.64,6.27,13.61,5,5.51,9.15,3.15,4,Chemicals & Petrochemicals,Dyes & Pigments,2025-12-31,2026-05-14
Pokarna Ltd.,POKARNA,532486,POKARNA,INE637C01025,Construction Materials,Cement and Construction,828.95,828.95,2570.08,22.56,Export NA,23.65,21.83,67.88,35.74,28.02,-1.07,Export NA,3.26,0.23,3.09,54.69,4.05,4.88,36.74,-20.99,24.1,11.25,16.85,13.36,4.61,8.83,8,Cement and Construction,Construction Materials,2025-12-31,2026-02-04
Poly Medicure Ltd.,POLYMED,531768,POLYMED,INE205C01021,Healthcare Supplies,Healthcare,1671.1,1671.1,16938.19,48.72,Export NA,71.31,69.3,33.6,64.81,48.56,4.71,Export NA,6.11,3.15,5.67,16.29,9.5,5.43,34.3,10.35,12.24,14.74,11.01,10.6,8.39,8.34,4,Healthcare,Healthcare Supplies,2025-12-31,2026-02-05
Polycab India Ltd.,POLYCAB,542652,POLYCAB,INE455K01017,Wires & Cables,Consumer Durables,9021.5,9021.5,135827.52,50.83,Export NA,52.7,50.48,85.43,49.58,48.28,1.57,Export NA,1.45,1.47,12.1,90.06,9.42,9.83,177.47,32.28,22.25,20.69,19.16,13.04,10.95,11.73,5,Consumer Durables,Wires & Cables,2026-03-31,2026-05-06
Polyplex Corporation Ltd.,POLYPLEX,524051,POLYPLEX,INE633B01018,Containers & Packaging,Commercial Services & Supplies,896.75,896.75,2815.12,93.03,Export NA,52.2,31.91,98.85,31.83,23.27,-1.09,Export NA,2.32,5.49,0.69,71.7,5.75,2.74,9.64,-85.42,5.55,13.46,10.99,2.61,6.61,7.3,7,Commercial Services & Supplies,Containers & Packaging,2025-12-31,2026-02-13
Polysil Irrigation Systems Ltd.,POLYSIL,,POLYSIL,INE517M01028,Plastic Products,General Industrials,153.85,153.85,346.24,-186.97,Export NA,,,,58.9,35.79,,Export NA,5.74,3.64,8.57,91.7,14.56,7.73,-0.82,,-8.15,19.77,14.6,-2.08,10.29,10.46,2,General Industrials,Plastic Products,2025-03-31,2025-11-14
Pondy Oxides & Chemicals Ltd.,POCL,532626,POCL,INE063E01053,Other Non-Ferrous Metals,Metals & Mining,1320.4,1320.4,3708.37,33.42,Export NA,57.16,31.81,56.36,23.8,22.49,0.31,Export NA,1.11,0.62,5.15,62.27,5.3,14.36,39.5,107.78,9.79,19.76,56.36,7.87,9.83,29.99,6,Metals & Mining,Other Non-Ferrous Metals,2025-12-31,2026-05-26
Ponni Sugars (Erode) Ltd.,PONNIERODE,532460,PONNIERODE,INE838E01017,Sugar,"Food, Beverages & Tobacco",313.6,313.6,269.65,5.61,Export NA,10.67,10.02,12.78,28.35,27.86,0.04,Export NA,1.73,1.26,0.49,25.31,8.04,2.67,55.86,149.12,8.45,26.28,9.03,7.36,19.55,4.86,7,"Food, Beverages & Tobacco",Sugar,2026-03-31,2026-05-11
Poonawalla Fincorp Ltd.,POONAWALLA,524000,POONAWALLA,INE511C01022,Finance (including NBFCs),Banking and Finance,422.05,422.05,37153.77,68.57,Export NA,23.72,41,82.65,22.6,26.34,0.11,Export NA,2.78,2.13,3.7,76.78,6.23,3.86,6.15,650.96,5.23,16.76,13.65,0.89,4.85,6.73,5,Banking and Finance,Finance (including NBFCs),2026-03-31,2026-05-05
Popular Vehicles and Services Ltd.,PVSL,544144,PVSL,INE772T01024,Specialty Retail,Retailing,103.7,103.7,738.33,-34.77,Export NA,,,,78.39,54.96,0.18,Export NA,6.4,18.36,1.17,26.28,19.94,7.79,-2.98,-190.89,-1.63,10.74,13.46,-0.54,6.91,6.43,3,Retailing,Specialty Retail,2025-12-31,2026-02-10
Positron Energy Ltd.,POSITRON,,POSITRON,INE0S3H01017,Consulting Services,Commercial Services & Supplies,220.3,220.3,167.44,8.35,Export NA,,,10.62,31.83,18.83,,Export NA,2.32,3.97,2,10.62,5.75,5.68,26.37,,20.31,13.46,23.36,15.66,6.61,14.6,4,Commercial Services & Supplies,Consulting Services,2026-03-31,2026-05-07
Power Finance Corporation Ltd.,PFC,532810,PFC,INE134E01011,Financial Institutions,Banking and Finance,440.7,440.7,145435.49,5.77,Export NA,6.71,5.37,71.87,22.6,12.06,0.44,Export NA,2.78,2.38,1.08,79.45,6.23,1.75,76.42,13.09,19.52,16.76,16.02,1.95,4.85,1.89,6,Banking and Finance,Financial Institutions,2025-12-31,2026-05-13
Power Grid Corporation of India Ltd.,POWERGRID,532898,POWERGRID,INE752E01010,Power - Electric Utilities,Utilities,306.3,306.3,284877.49,18.35,Export NA,17.98,14.55,83.49,24.91,29.95,-139.76,Export NA,27.85,1.43,2.76,85.59,5.52,4.23,16.69,-0.13,16.75,14.21,16.2,5.83,5.38,5.79,5,Utilities,Power - Electric Utilities,2025-12-31,2026-05-16
Power Mech Projects Ltd.,POWERMECH,539302,POWERMECH,INE211R01019,Construction & Engineering,Cement and Construction,2396.9,2396.9,7578.11,22.37,Export NA,29.36,26.68,53.78,35.74,31.41,1.46,Export NA,3.26,5.1,3.18,77.69,4.05,4.95,107.13,15.3,15.11,11.25,12.93,7.07,4.61,4.29,6,Cement and Construction,Construction & Engineering,2025-12-31,2026-02-10
Power and Instrumentation (Gujarat) Ltd.,PIGL,543912,PIGL,INE557Z01018,Construction & Engineering,Cement and Construction,111.4,111.4,235.82,17.51,Export NA,44.66,20.66,40.73,35.74,31.41,1.06,Export NA,3.26,5.1,1.79,47.21,4.05,4.95,6.36,16.51,10.63,11.25,12.93,6.77,4.61,4.29,5,Cement and Construction,Construction & Engineering,2025-12-31,2026-02-13
PowerGrid Infrastructure Investment Trust,PGINVIT,543290,PGINVIT,INE0GGX23010,REITs-InvITs,Realty,92.84,92.84,8448.43,6.24,Export NA,7.87,,8.54,37.63,46.38,0.08,Export NA,1.72,3.82,1.09,51.22,3.69,1.66,14.89,82.77,15.22,10.17,6.22,11.54,4.54,1.93,6,Realty,REITs-InvITs,2025-12-31,2025-11-04
Powerica Ltd.,POWERICA,544744,POWERICA,INE921L01032,Industrial Machinery,General Industrials,494.65,494.65,6259.89,,Export NA,,,,58.9,58.76,,Export NA,5.74,4.45,5.12,100,14.56,20.55,,,15.38,19.77,24.18,6.9,10.29,13.59,5,General Industrials,Industrial Machinery,2025-12-31,2026-04-21
Prabha Energy Ltd Partly Paidup,PRABHAPP,890236,PRABHAPP,IN90I0M01014,Others,Others,53.09,53.09,,,Export NA,,,,,,,Export NA,,,,,,,,,,,,,,,,Others,Others,,
Prabha Energy Ltd.,PRABHA,544379,PRABHA,INE0I0M01023,Exploration & Production,Oil & Gas,168.33,168.33,2359.86,-5654.35,Export NA,,,,18.34,10.05,100.38,Export NA,1.36,31.57,4.88,8.9,1.85,1.06,-0.03,-56.33,-0.32,10.19,11.02,-0.22,4.37,5.08,0,Oil & Gas,Exploration & Production,2025-12-31,2026-02-10
Pradeep Metals Ltd.,,513532,PRADPME,INE770A01010,Auto Parts & Equipment,Automobiles & Auto Components,383.6,383.6,662.48,24.44,Export NA,18.96,15.31,95.77,32.11,41.7,-8.53,Export NA,5.07,3.31,4.33,94.74,6.96,6.81,15.7,-2.87,19.8,19.05,15.01,10.16,9.43,7.82,7,Automobiles & Auto Components,Auto Parts & Equipment,2025-12-31,2026-05-16
Praj Industries Ltd.,PRAJIND,522205,PRAJIND,INE074A01025,Industrial Machinery,General Industrials,391.7,391.7,7199.96,111.74,Export NA,37.97,39.71,99.59,58.9,58.76,-1.47,Export NA,5.74,4.45,5.59,63.43,14.56,20.55,3.51,-76.23,15.84,19.77,24.18,6.92,10.29,13.59,4,General Industrials,Industrial Machinery,2025-12-31,2026-02-12
Prajay Engineers Syndicate Ltd.,PRAENG,531746,PRAENG,INE505C01016,Realty,Realty,22.45,22.45,157.01,-6.4,Export NA,-24.31,-17.49,,37.63,37.32,-0.19,Export NA,1.72,1.77,0.33,87.98,3.69,4.38,-3.51,34.49,-5.69,10.17,11.27,-3.3,4.54,5.37,4,Realty,Realty,2025-12-31,2026-02-12
Prakash Industries Ltd.,PRAKASH,506022,PRAKASH,INE603A01013,Iron & Steel/Interm.Products,Metals & Mining,142.13,142.13,2545.29,7.7,Export NA,8.22,8.59,47.85,23.8,32.33,-1.2,Export NA,1.11,0.78,0.72,70.05,5.3,3.24,18.46,-6.43,10.71,19.76,6.78,7.92,9.83,3.42,7,Metals & Mining,Iron & Steel/Interm.Products,2025-12-31,2026-02-14
Prakash Pipes Ltd.,PPL,542684,PPL,INE050001010,Plastic Products,General Industrials,193.1,193.1,461.86,11.53,Export NA,10.64,9.99,79.91,58.9,35.79,-0.19,Export NA,5.74,3.64,0.99,2.06,14.56,7.73,16.75,-59.18,18.72,19.77,14.6,14.37,10.29,10.46,5,General Industrials,Plastic Products,2025-12-31,2026-02-14
Prakash Steelage Ltd.,PRAKASHSTL,533239,PRAKASHSTL,INE696K01024,Iron & Steel/Interm.Products,Metals & Mining,4.3,4.3,75.25,70.98,Export NA,39.29,27,95.62,23.8,32.33,-0.73,Export NA,1.11,0.78,7.8,59.53,5.3,3.24,0.06,-97.06,14.55,19.76,6.78,3.45,9.83,3.42,5,Metals & Mining,Iron & Steel/Interm.Products,2025-12-31,2026-02-13
Pramara Promotions Ltd.,PRAMARA,,PRAMARA,INE0O7A01017,Advertising & Media,Media,340.5,340.5,474.8,80.43,Export NA,,,100,25.23,29.21,,Export NA,2.2,3.19,4.08,52.52,13.87,5.97,4.23,,9.14,20.32,16.93,5.59,15.35,7.63,5,Media,Advertising & Media,2025-03-31,2025-11-12
Pranik Logistics Ltd.,PRANIK,,PRANIK,INE0VJG01014,Warehousing & Logistics,Transportation,56,56,61.66,9.57,Export NA,,,26.48,36.05,32.42,,Export NA,4.72,1.7,1.44,10.28,8.05,4.18,5.85,,17.01,25.06,8.62,10.34,7.11,5.64,3,Transportation,Warehousing & Logistics,2025-12-31,2026-02-13
Prataap Snacks Ltd.,DIAMONDYD,540724,DIAMONDYD,INE393P01035,Packaged Foods,FMCG,975.1,975.1,2331.51,239.97,Export NA,55.35,213.71,99.37,49.72,67.64,1.87,Export NA,14.09,6.77,3.34,53.77,20.61,37.36,4.06,128.35,-4.96,37.93,51.25,-3.58,19.27,22.23,3,FMCG,Packaged Foods,2026-03-31,2026-04-27
Pratham EPC Projects Ltd.,PRATHAM,,PRATHAM,INE0QA601016,Construction & Engineering,Cement and Construction,146,146,265.9,19.32,Export NA,,,27.51,35.74,31.41,,Export NA,3.26,5.1,2.96,,4.05,4.95,7.56,,18.45,11.25,12.93,13.01,4.61,4.29,3,Cement and Construction,Construction & Engineering,2025-03-31,2025-11-14
Praveg Ltd.,,531637,PRAVEG,INE722B01019,Advertising & Media,Media,266.6,266.6,696.91,-217.87,Export NA,105.02,80.68,,25.23,29.21,1.78,Export NA,2.2,3.19,1.53,3.85,13.87,5.97,-1.22,-122.28,3.3,20.32,16.93,2.51,15.35,7.63,3,Media,Advertising & Media,2025-12-31,2026-02-12
Praxis Home Retail Ltd.,PRAXIS,540901,PRAXIS,INE546Y01022,Specialty Retail,Retailing,7.5,7.5,138.68,4.04,Export NA,,-1.2,16.89,78.39,54.96,0.02,Export NA,6.4,18.36,3.87,21.38,19.94,7.79,1.85,163.39,0,10.74,13.46,-11.16,6.91,6.43,1,Retailing,Specialty Retail,2025-12-31,2026-05-09
Precision Camshafts Ltd.,PRECAM,539636,PRECAM,INE484I01029,Auto Parts & Equipment,Automobiles & Auto Components,158.14,158.14,1502.11,18.4,Export NA,43.27,39.6,18.74,32.11,41.7,0.05,Export NA,5.07,3.31,1.82,47.04,6.96,6.81,8.59,379.84,6.82,19.05,15.01,4.98,9.43,7.82,7,Automobiles & Auto Components,Auto Parts & Equipment,2025-12-31,2026-02-11
Precision Metaliks Ltd.,PRECISION,,PRECISION,INE0HKW01018,Auto Parts & Equipment,Automobiles & Auto Components,8.3,8.3,19.06,24,Export NA,13.41,,71.11,32.11,41.7,,Export NA,5.07,3.31,0.23,,6.96,6.81,0.35,,0.9,19.05,15.01,0.37,9.43,7.82,2,Automobiles & Auto Components,Auto Parts & Equipment,2025-03-31,2025-11-13
Precision Wires India Ltd.,PRECWIRE,523539,PRECWIRE,INE372C01037,Other Industrial Products,General Industrials,389.05,389.05,7112.15,54.72,Export NA,43.31,34.52,99.56,58.9,44.01,0.95,Export NA,5.74,4.34,10.17,99.11,14.56,20.86,7.11,57.79,15.62,19.77,22.24,7.18,10.29,12.05,6,General Industrials,Other Industrial Products,2025-12-31,2026-02-14
Precot Ltd.,PRECOT,521184,PRECOT,INE283A01014,Textiles,Textiles Apparels & Accessories,619.8,619.8,743.76,26.71,Export NA,25.29,14.23,83.3,53.79,32.96,-0.82,Export NA,2.24,6.53,1.59,97.88,15.41,3.67,23.21,-32.55,7.33,22.86,11.51,3.5,8.26,7.43,7,Textiles Apparels & Accessories,Textiles,2025-12-31,2026-05-16
Premco Global Ltd.,,530331,PREMCO,INE001E01012,Textiles,Textiles Apparels & Accessories,396.55,396.55,131.05,21.89,Export NA,14.83,12.75,89.89,53.79,32.96,-0.59,Export NA,2.24,6.53,1.17,33.4,15.41,3.67,18.12,-37.03,5.96,22.86,11.51,4.6,8.26,7.43,5,Textiles Apparels & Accessories,Textiles,2026-03-31,2026-05-11
Premier Energies Ltd.,PREMIERENE,544238,PREMIERENE,INE0BS701011,Other Electrical Equipment/Products,Consumer Durables,966.8,966.8,43888.03,32.98,Export NA,,,16.79,49.58,41.19,0.44,Export NA,1.45,1.34,11.41,1.68,9.42,8.51,29.31,74.34,33.2,20.69,21.67,13.69,10.95,11.03,8,Consumer Durables,Other Electrical Equipment/Products,2025-12-31,2026-05-15
Premier Explosives Ltd.,PREMEXPLN,526247,PREMEXPLN,INE863B01029,Other Industrial Products,General Industrials,498.7,498.7,2681.07,62.39,Export NA,96.7,108.62,33.41,58.9,44.01,1.76,Export NA,5.74,4.34,9.47,88.12,14.56,20.86,7.99,35.53,11.67,19.77,22.24,5.43,10.29,12.05,7,General Industrials,Other Industrial Products,2025-12-31,2026-02-12
Premier Ltd.,PREMIER,500540,PREMIER,INE342A01018,Other Industrial Products,General Industrials,2.84,2.84,8.63,-1.34,Export NA,,,,58.9,44.01,-0.08,Export NA,5.74,4.34,-0.03,,14.56,20.86,-2.12,16.11,0,19.77,22.24,-4.44,10.29,12.05,2,General Industrials,Other Industrial Products,2025-12-31,2026-02-06
Premier Polyfilm Ltd.,PREMIERPOL,514354,PREMIERPOL,INE309M01020,Plastic Products,General Industrials,54.86,54.86,574.62,18.03,Export NA,23.45,22.58,57.39,58.9,35.79,0.8,Export NA,5.74,3.64,4.07,83.17,14.56,7.73,3.04,22.62,21.65,19.77,14.6,15.81,10.29,10.46,8,General Industrials,Plastic Products,2026-03-31,2026-05-09
Premier Roadlines Ltd.,PRLIND,,PRLIND,INE0CFG01012,Warehousing & Logistics,Transportation,61.95,61.95,141.63,9,Export NA,,,,36.05,32.42,,Export NA,4.72,1.7,1.46,,8.05,4.18,6.88,,17.66,25.06,8.62,10.84,7.11,5.64,1,Transportation,Warehousing & Logistics,2025-03-31,2025-11-10
Premium Plast Ltd.,PREMIUM,,PREMIUM,INE0M1F01011,Plastic Products,General Industrials,38.2,38.2,72.95,11.3,Export NA,,,87.73,58.9,35.79,,Export NA,5.74,3.64,2.36,100,14.56,7.73,3.38,,12.08,19.77,14.6,8.48,10.29,10.46,3,General Industrials,Plastic Products,2025-03-31,2025-05-29
Presstonic Engineering Ltd.,PRESSTONIC,,PRESSTONIC,INE0R1601012,Iron & Steel Products,Metals & Mining,38.3,38.3,59.04,68.33,Export NA,,,39.15,23.8,30.63,,Export NA,1.11,1.79,1.11,,5.3,6.46,0.56,,3.36,19.76,18.83,1.82,9.83,10.86,1,Metals & Mining,Iron & Steel Products,2025-03-31,2025-11-12
Prestige Estates Projects Ltd.,PRESTIGE,533274,PRESTIGE,INE811K01011,Realty,Realty,1380.8,1380.8,59475.23,61.29,Export NA,97.28,62.73,83.36,37.63,37.32,0.92,Export NA,1.72,1.77,3.71,80.05,3.69,4.38,22.53,66.59,3.03,10.17,11.27,0.79,4.54,5.37,5,Realty,Realty,2025-12-31,2026-01-29
Pricol Ltd.,PRICOLLTD,540293,PRICOLLTD,INE726V01018,Auto Parts & Equipment,Automobiles & Auto Components,592.45,592.45,7220.87,33.98,Export NA,39.74,36.81,57.89,32.11,41.7,1.51,Export NA,5.07,3.31,6.03,78.91,6.96,6.81,17.44,22.43,16.43,19.05,15.01,8.56,9.43,7.82,3,Automobiles & Auto Components,Auto Parts & Equipment,2025-12-31,2026-05-14
Prime Cable Industries Ltd.,PRIMECAB,,PRIMECAB,INE0CQA01020,Wires & Cables,Consumer Durables,125.5,125.5,229.97,30.64,Export NA,,,,49.58,48.28,,Export NA,1.45,1.47,4.26,,9.42,9.83,4.1,,51.38,20.69,19.16,8.15,10.95,11.73,6,Consumer Durables,Wires & Cables,2025-03-31,2025-10-31
Prime Focus Ltd.,PFOCUS,532748,PFOCUS,INE367G01038,Movies & Entertainment,Media,288.8,288.8,22410.61,-236.97,Export NA,,74.06,,25.23,33.17,-4.37,Export NA,2.2,3.06,12.4,88.87,13.87,25.15,-1.22,54.2,-49.69,20.32,45.72,-4.42,15.35,32.15,3,Media,Movies & Entertainment,2025-12-31,2026-01-27
Prime Securities Ltd.,PRIMESECU,500337,PRIMESECU,INE032B01021,Other Financial Services,Banking and Finance,275.2,275.2,932.94,34.36,Export NA,34.43,33.73,77.17,22.6,36.93,-1.12,Export NA,2.78,3.57,4.02,35.87,6.23,99.98,8.01,-30.65,18.58,16.76,19.97,16.62,4.85,11.89,6,Banking and Finance,Other Financial Services,2025-12-31,2026-01-20
Primo Chemicals Ltd.,PRIMO,506852,PRIMO,INE607A01022,Commodity Chemicals,Chemicals & Petrochemicals,25.65,25.65,621.61,40.44,Export NA,57.52,50.91,65.52,42.23,39.75,0.12,Export NA,3.64,7.92,1.56,8.43,6.18,4.79,0.63,331.78,3.78,13.61,12.96,2.21,9.15,8.15,7,Chemicals & Petrochemicals,Commodity Chemicals,2026-03-31,2026-05-05
Prince Pipes & Fittings Ltd.,PRINCEPIPE,542907,PRINCEPIPE,INE689W01016,Plastic Products,General Industrials,241.1,241.1,2665.63,64.61,Export NA,53.7,48.47,85.4,58.9,35.79,-1.47,Export NA,5.74,3.64,1.68,3.55,14.56,7.73,3.73,-43.95,2.73,19.77,14.6,1.85,10.29,10.46,4,General Industrials,Plastic Products,2025-12-31,2026-02-10
Prism Johnson Ltd.,PRSMJOHNSN,500338,PRSMJOHNSN,INE010A01011,Cement & Cement Products,Cement and Construction,125.51,125.51,6317.63,32.27,Export NA,69.61,70.47,20.01,35.74,39.23,0.08,Export NA,3.26,1.71,4.19,52.97,4.05,3.41,3.89,386.67,5.4,11.25,8.66,1.09,4.61,4.59,6,Cement and Construction,Cement & Cement Products,2025-12-31,2026-05-14
Priti International Ltd.,PRITI,,PRITI,INE974Z01015,Furniture-Furnishing,Diversified Consumer Services,44.12,44.12,58.91,12.39,Export NA,19.68,,11.37,33.62,45.68,-0.18,Export NA,3.59,0.32,0.82,1.87,10.95,4.56,3.56,-70.2,6.63,22.55,10.88,6.06,11.12,7.56,4,Diversified Consumer Services,Furniture-Furnishing,2025-12-31,2026-02-14
Pritika Auto Industries Ltd.,PRITIKAUTO,539359,PRITIKAUTO,INE583R01029,Auto Parts & Equipment,Automobiles & Auto Components,13.7,13.7,228.12,12.24,Export NA,24.59,23.95,29.12,32.11,41.7,0.66,Export NA,5.07,3.31,0.9,14.64,6.96,6.81,1.12,18.59,7.14,19.05,15.01,3.36,9.43,7.82,6,Automobiles & Auto Components,Auto Parts & Equipment,2025-12-31,2026-02-07
Pritika Engineering Components Ltd.,PRITIKA,,PRITIKA,INE0MJQ01020,Auto Parts & Equipment,Automobiles & Auto Components,73.35,73.35,193.39,33.67,Export NA,44.15,,59.87,32.11,41.7,0.44,Export NA,5.07,3.31,3.72,57.35,6.96,6.81,2.18,75.93,12.62,19.05,15.01,3.69,9.43,7.82,7,Automobiles & Auto Components,Auto Parts & Equipment,2025-12-31,2026-02-06
Pritish Nandy Communications Ltd.,PNC,532387,PNC,INE392B01011,Movies & Entertainment,Media,20.08,20.08,29.05,-2.66,Export NA,24.81,24.81,,25.23,33.17,0,Export NA,2.2,3.06,0.46,55.81,13.87,25.15,-7.54,-1984.41,-1.29,20.32,45.72,-0.94,15.35,32.15,3,Media,Movies & Entertainment,2025-12-31,2026-02-12
Privi Speciality Chemicals Ltd.,PRIVISCL,530117,PRIVISCL,INE959A01019,Specialty Chemicals,Chemicals & Petrochemicals,3198.7,3198.7,12494.99,38.15,Export NA,58.66,91.58,30.71,42.23,47.85,0.51,Export NA,3.64,2.93,9.5,87.75,6.18,7.62,83.85,75.16,23.18,13.61,14.82,10.33,9.15,10.12,9,Chemicals & Petrochemicals,Specialty Chemicals,2026-03-31,2026-05-11
Prizor Viztech Ltd.,PRIZOR,,PRIZOR,INE0V9N01017,Consumer Electronics,Consumer Durables,657.6,657.6,709.96,34.2,Export NA,,,96.07,49.58,57.15,,Export NA,1.45,1.69,14.53,100,9.42,10.85,19.23,,27.95,20.69,24.42,14.74,10.95,9.83,2,Consumer Durables,Consumer Electronics,2026-03-31,2026-04-22
Procter & Gamble Health Ltd.,PGHL,500126,PGHL,INE199A01012,Pharmaceuticals,Pharmaceuticals & Biotechnology,5099,5099,8464.03,28.84,Export NA,38.62,40.24,35.18,42.18,42.23,1.2,Export NA,2.39,2.39,12.14,75.79,7.57,7.72,176.81,24.06,43.65,17.72,18.15,29.51,11.9,12.17,6,Pharmaceuticals & Biotechnology,Pharmaceuticals,2025-12-31,2026-05-26
Procter & Gamble Hygiene & Healthcare Ltd.,PGHH,500459,PGHH,INE179A01014,Personal Products,FMCG,9705,9705,31503.11,36.65,Export NA,69.76,71.89,0.27,49.72,42.44,1.83,Export NA,14.09,18.07,25.56,26.56,20.61,13.33,264.77,20.05,86.37,37.93,33.56,36.27,19.27,18.98,6,FMCG,Personal Products,2025-12-31,2026-05-28
Prolife Industries Ltd.,PROLIFE,,PROLIFE,INE994V01012,Dyes & Pigments,Chemicals & Petrochemicals,58.55,58.55,23.97,5.12,Export NA,11.93,11.23,13.75,42.23,13.7,,Export NA,3.64,0.6,0.51,,6.18,1.59,11.43,,10.28,13.61,5,8.77,9.15,3.15,3,Chemicals & Petrochemicals,Dyes & Pigments,2025-03-31,2025-11-14
Prostarm Info Systems Ltd.,PROSTARM,544410,PROSTARM,INE0BX301013,Other Electrical Equipment/Products,Consumer Durables,150.84,150.84,888.06,27.93,Export NA,,,19.35,49.58,41.19,,Export NA,1.45,1.34,3.18,,9.42,8.51,5.4,,28.58,20.69,21.67,12.49,10.95,11.03,5,Consumer Durables,Other Electrical Equipment/Products,2025-12-31,2026-02-13
Protean eGov Technologies Ltd.,PROTEAN,544021,PROTEAN,INE004A01022,IT Consulting & Software,Software & Services,533.25,533.25,2165.89,23.9,Export NA,,,4.22,22.39,21.42,-29.51,Export NA,10.02,10.72,2.08,1.62,6.84,6.86,22.31,-0.81,9.25,28.07,30.42,7.07,17.17,18.42,6,Software & Services,IT Consulting & Software,2025-12-31,2026-02-11
Proventus Agrocom Ltd.,PROV,,PROV,INE0ONE01016,Commodity Trading  & Distribution,Commercial Services & Supplies,1345,1345,463.58,63,Export NA,,,61.11,31.83,33.18,,Export NA,2.32,1.21,3.4,60.13,5.75,5.32,21.35,,5.66,13.46,12.19,4.35,6.61,4.31,1,Commercial Services & Supplies,Commodity Trading  & Distribution,2025-03-31,2026-05-15
Prozone Realty Ltd.,PROZONER,534675,PROZONER,INE195N01013,Realty,Realty,49.81,49.81,760.12,-26.41,Export NA,131.49,94.49,,37.63,37.32,0.15,Export NA,1.72,1.77,1.59,95.63,3.69,4.38,-1.89,-177.18,-8.1,10.17,11.27,-2.57,4.54,5.37,5,Realty,Realty,2025-12-31,2026-02-07
Prudent Corporate Advisory Services Ltd.,PRUDENT,543527,PRUDENT,INE00F201020,Other Financial Services,Banking and Finance,2740.1,2740.1,11345.85,51.1,Export NA,60.36,,64.87,22.6,36.93,3.79,Export NA,2.78,3.57,13.83,22.84,6.23,99.98,53.63,13.5,25.15,16.76,19.97,18.13,4.85,11.89,4,Banking and Finance,Other Financial Services,2026-03-31,2026-05-07
Prudential Sugar Corporation Ltd.,PRUDMOULI,500342,PRUDMOULI,INE024D01016,Sugar,"Food, Beverages & Tobacco",16.5,16.5,53.22,9.25,Export NA,18.97,,4.75,28.35,27.86,0.78,Export NA,1.73,1.26,0.47,3.57,8.04,2.67,1.78,11.84,5.31,26.28,9.03,2.96,19.55,4.86,2,"Food, Beverages & Tobacco",Sugar,2025-12-31,2026-02-13
Pudumjee Paper Products Ltd.,PDMJEPAPER,539785,PDMJEPAPER,INE865T01018,Paper & Paper Products,Commercial Services & Supplies,81.48,81.48,773.65,8.34,Export NA,10.99,10.4,26.12,31.83,22.88,-0.44,Export NA,2.32,0.52,1.19,58.59,5.75,4.07,9.77,-18.89,16.42,13.46,8.09,12.54,6.61,4.93,4,Commercial Services & Supplies,Paper & Paper Products,2025-12-31,2026-05-22
Pulz Electronics Ltd.,PULZ,,PULZ,INE335X01014,Other Electrical Equipment/Products,Consumer Durables,24.5,24.5,53.43,12.82,Export NA,14.79,14.63,38.84,49.58,41.19,,Export NA,1.45,1.34,1.52,31.71,9.42,8.51,1.91,,12.48,20.69,21.67,10.18,10.95,11.03,3,Consumer Durables,Other Electrical Equipment/Products,2025-03-31,2025-11-14
Punjab & Sind Bank,PSB,533295,PSB,INE608A01012,Banks,Banking and Finance,23.79,23.79,16880.4,12.77,Export NA,40.98,29.9,49.43,22.6,13.77,0.42,Export NA,2.78,1.95,1.21,71.45,6.23,1.84,1.86,30.13,9.35,16.76,13.01,0.73,4.85,1.37,4,Banking and Finance,Banks,2026-03-31,2026-04-27
Punjab Chemicals and Crop Protection Ltd.,PUNJABCHEM,506618,PUNJABCHEM,INE277B01014,Agrochemicals,Chemicals & Petrochemicals,1095.5,1095.5,1343.32,21,Export NA,30.63,24.97,19.2,42.23,30.4,0.33,Export NA,3.64,3.17,3.25,2.25,6.18,3.87,52.16,64.29,15.1,13.61,11.71,7.77,9.15,7.88,9,Chemicals & Petrochemicals,Agrochemicals,2026-03-31,2026-05-01
Punjab National Bank,PNB,532461,PNB,INE160A01022,Banks,Banking and Finance,102.78,102.78,118124.47,6.42,Export NA,10.34,14.75,3.19,22.6,13.77,-13.55,Export NA,2.78,1.95,0.8,66.88,6.23,1.84,16,-0.47,12.26,16.76,13.01,0.9,4.85,1.37,6,Banking and Finance,Banks,2026-03-31,2026-05-05
Puravankara Ltd.,PURVA,532891,PURVA,INE323I01011,Realty,Realty,211.11,211.11,5006.47,-36.99,Export NA,175.84,106.19,,37.63,37.32,1.09,Export NA,1.72,1.77,2.99,84.15,3.69,4.38,-5.71,-34.01,-10.39,10.17,11.27,-1.26,4.54,5.37,2,Realty,Realty,2025-12-31,2026-02-12
Purple United Sales Ltd.,PURPLEUTED,,PURPLEUTED,INE0P5R01014,Other Apparels & Accessories,Textiles Apparels & Accessories,361.95,361.95,347.83,22.89,Export NA,,,29.55,53.79,43.2,,Export NA,2.24,2.85,5.3,52.27,15.41,13.14,15.81,,20.06,22.86,20.14,6.55,8.26,9.64,2,Textiles Apparels & Accessories,Other Apparels & Accessories,2026-03-31,2026-05-09
Purv Flexipack Ltd.,PURVFLEXI,,PURVFLEXI,INE0R6C01012,Containers & Packaging,Commercial Services & Supplies,61.75,61.75,129.57,8.67,Export NA,,,,31.83,23.27,,Export NA,2.32,5.49,0.9,,5.75,2.74,7.12,,10.87,13.46,10.99,3.76,6.61,7.3,4,Commercial Services & Supplies,Containers & Packaging,2025-03-31,2025-11-12
Pushpa Jewellers Ltd.,PUSHPA,,PUSHPA,INE154801018,Gems & Jewellery,Textiles Apparels & Accessories,126.3,126.3,305.94,13.73,Export NA,,,100,53.79,63.43,,Export NA,2.24,1.24,2.19,,15.41,20.78,9.2,,38.33,22.86,28.31,24.46,8.26,8.05,2,Textiles Apparels & Accessories,Gems & Jewellery,2025-03-31,2025-11-05
Pyramid Technoplast Ltd.,PYRAMID,543969,PYRAMID,INE0MIS01010,Containers & Packaging,Commercial Services & Supplies,175.24,175.24,644.62,25.37,Export NA,22.32,,90.12,31.83,23.27,-3.56,Export NA,2.32,5.49,2.42,23.5,5.75,2.74,6.91,-7.13,10.69,13.46,10.99,7.23,6.61,7.3,4,Commercial Services & Supplies,Containers & Packaging,2025-12-31,2026-05-13
QMS Medical Allied Services Ltd.,QMSMEDI,,QMSMEDI,INE0FMW01018,Medical Equipment,Healthcare,85,85,164.37,13.59,Export NA,19.02,,21.05,64.81,22.92,0.62,Export NA,6.11,1.94,1.52,1.95,9.5,3.26,6.25,22.06,13.47,14.74,12.92,6.37,8.39,7.59,3,Healthcare,Medical Equipment,2025-12-31,2026-02-14
QVC Exports Ltd.,QVCEL,,QVCEL,INE0KZF01015,Commodity Trading  & Distribution,Commercial Services & Supplies,26.3,26.3,27.49,3.45,Export NA,,,,31.83,33.18,,Export NA,2.32,1.21,0.46,,5.75,5.32,7.61,,13.69,13.46,12.19,5.16,6.61,4.31,3,Commercial Services & Supplies,Commodity Trading  & Distribution,2025-03-31,2025-11-14
Quadpro ITeS Ltd.,QUADPRO,,QUADPRO,INE0GOJ01027,IT Consulting & Software,Software & Services,2,2,10.11,15.85,Export NA,24.51,,,22.39,21.42,,Export NA,10.02,10.72,0.5,,6.84,6.86,0.13,,3.2,28.07,30.42,2.9,17.17,18.42,4,Software & Services,IT Consulting & Software,2025-03-31,2025-11-14
Quadrant Future Tek Ltd.,QUADFUTURE,544336,QUADFUTURE,INE0LRY01011,Wires & Cables,Consumer Durables,302.9,302.9,1211.6,-28.51,Export NA,,,,49.58,48.28,0.25,Export NA,1.45,1.47,4.75,38.96,9.42,9.83,-10.63,-115.63,-6.6,20.69,19.16,-4.89,10.95,11.73,2,Consumer Durables,Wires & Cables,2025-12-31,2026-02-13
Quality Foils (India) Ltd.,QFIL,,QFIL,INE0O1M01015,Iron & Steel Products,Metals & Mining,39.9,39.9,11.39,8.03,Export NA,,,5.7,23.8,30.63,,Export NA,1.11,1.79,0.37,,5.3,6.46,4.97,,4.7,19.76,18.83,1.44,9.83,10.86,1,Metals & Mining,Iron & Steel Products,2025-03-31,2025-10-29
Quality Power Electrical Equipments Ltd.,QPOWER,544367,QPOWER,INE0SII01026,Heavy Electrical Equipment,General Industrials,1217.6,1217.6,9429.59,88.28,Export NA,,,71.28,58.9,71.23,1.22,Export NA,5.74,3.65,17.7,80.07,14.56,15.26,13.79,72.34,15.59,19.77,17.01,8.12,10.29,8.7,4,General Industrials,Heavy Electrical Equipment,2025-12-31,2026-05-13
Quantum Gold Exchange Traded Fund - Open Ended,QGOLDHALF,590099,QGOLDHALF,INF082J01408,Others,Others,124.9,124.9,,,Export NA,,,,,,,Export NA,,,,,,,,,,,,,,,,Others,Others,,
Quantum Nifty 50 ETF,QNIFTY,590110,QNIFTY,INF082J01499,Others,Others,255.81,255.81,,,Export NA,,,,,,,Export NA,,,,,,,,,,,,,,,,Others,Others,,
Quess Corp Ltd.,QUESS,539978,QUESS,INE615P01015,BPO/KPO,Software & Services,208.61,208.61,3115.2,14.06,Export NA,28.22,29.57,2.66,22.39,25.25,0.63,Export NA,10.02,1.31,2.66,23.67,6.84,4.33,14.84,22.31,18.99,28.07,18.24,7.29,17.17,10.87,7,Software & Services,BPO/KPO,2026-03-31,2026-05-04
Quest Laboratories Ltd.,QUESTLAB,,QUESTLAB,INE0TNW01017,Pharmaceuticals,Pharmaceuticals & Biotechnology,117.25,117.25,192.14,14.16,Export NA,,,56.77,42.18,42.23,,Export NA,2.39,2.39,2.05,46.56,7.57,7.72,8.28,,16.58,17.72,18.15,11.15,11.9,12.17,4,Pharmaceuticals & Biotechnology,Pharmaceuticals,2025-12-31,2026-02-13
Quick Heal Technologies Ltd.,QUICKHEAL,539678,QUICKHEAL,INE306L01010,IT Software Products,Software & Services,207.45,207.45,1125.37,195.38,Export NA,210.21,169.89,92.56,22.39,42.73,-2.63,Export NA,10.02,3.5,2.48,57.44,6.84,6.05,1.06,-74.21,1.14,28.07,12.16,0.95,17.17,7.28,2,Software & Services,IT Software Products,2025-12-31,2026-01-29
Quicktouch Technologies Ltd.,QUICKTOUCH,,QUICKTOUCH,INE0K4D01020,IT Consulting & Software,Software & Services,25.25,25.25,32.36,5.7,Export NA,,,8.14,22.39,21.42,-0.02,Export NA,10.02,10.72,0.18,0.8,6.84,6.86,4.43,-241.52,3.21,28.07,30.42,2.82,17.17,18.42,2,Software & Services,IT Consulting & Software,2025-12-31,2026-01-20
Quint Digital Ltd.,,539515,QUINT,INE641R01017,Publishing,Commercial Services & Supplies,40.07,40.07,188.96,4.57,Export NA,4.1,4.1,14.11,31.83,11.36,0.02,Export NA,2.32,2.31,0.89,4.38,5.75,2.26,8.77,239.23,-17.13,13.46,21.92,-9.23,6.61,16.27,1,Commercial Services & Supplies,Publishing,2025-12-31,2026-04-30
Quintegra Solutions Ltd.,QUINTEGRA,532866,QUINTEGRA,INE033B01011,IT Consulting & Software,Software & Services,1.3,1.3,3.49,-48.27,Export NA,,,,22.39,21.42,-2.62,Export NA,10.02,10.72,-0.27,,6.84,6.86,-0.03,18.42,0,28.07,30.42,-6.75,17.17,18.42,1,Software & Services,IT Consulting & Software,2025-12-31,2026-02-13
R K Swamy Ltd.,RKSWAMY,544136,RKSWAMY,INE0NQ801033,Advertising & Media,Media,88.79,88.79,448.19,24.23,Export NA,,,4.31,25.23,29.21,-0.56,Export NA,2.2,3.19,1.81,4.68,13.87,5.97,3.66,-43.1,7.47,20.32,16.93,4.61,15.35,7.63,4,Media,Advertising & Media,2025-12-31,2026-05-19
R M Drip and Sprinklers Systems Ltd.,RMDRIP,544456,RMDRIP,INE219Y01026,Plastic Products,General Industrials,19.01,19.01,814.06,23.03,Export NA,530.18,400.08,20,58.9,35.79,,Export NA,5.74,3.64,8.08,48.34,14.56,7.73,0.83,,30,19.77,14.6,15.36,10.29,10.46,4,General Industrials,Plastic Products,2025-12-31,2026-01-29
R R Kabel Ltd.,RRKABEL,543981,RRKABEL,INE777K01022,Wires & Cables,Consumer Durables,1938.8,1938.8,21928.89,44.55,Export NA,51.9,,34.76,49.58,48.28,0.77,Export NA,1.45,1.47,8.93,53.29,9.42,9.83,43.52,57.96,19.11,20.69,19.16,10.65,10.95,11.73,5,Consumer Durables,Wires & Cables,2026-03-31,2026-04-30
R Systems International Ltd.,RSYSTEMS,532735,RSYSTEMS,INE411H01032,IT Consulting & Software,Software & Services,294.75,294.75,3492.39,16.39,Export NA,35.9,31.67,39.23,22.39,21.42,0.33,Export NA,10.02,10.72,5.6,64.94,6.84,6.86,17.98,49.71,23.52,28.07,30.42,8.85,17.17,18.42,4,Software & Services,IT Consulting & Software,2026-03-31,2026-05-06
R&B Denims Ltd.,RNBDENIMS,538119,RNBDENIMS,INE012Q01039,Textiles,Textiles Apparels & Accessories,12.88,12.88,347.66,11.7,Export NA,29.28,16.05,22.07,53.79,32.96,1.32,Export NA,2.24,6.53,1.71,13.31,15.41,3.67,1.1,8.89,12.14,22.86,11.51,6.99,8.26,7.43,5,Textiles Apparels & Accessories,Textiles,2025-12-31,2026-02-14
RBL Bank Ltd.,RBLBANK,540065,RBLBANK,INE976G01028,Banks,Banking and Finance,325.25,325.25,20121.8,22.89,Export NA,16.94,16.31,69.43,22.6,13.77,1.01,Export NA,2.78,1.95,1.24,65.88,6.23,1.84,14.21,22.59,5.25,16.76,13.01,0.48,4.85,1.37,3,Banking and Finance,Banks,2026-03-31,2026-04-25
RBM Infracon Ltd.,RBMINFRA,,RBMINFRA,INE0NA301016,Construction & Engineering,Cement and Construction,366,366,389.17,13.21,Export NA,,,,35.74,31.41,0.08,Export NA,3.26,5.1,2.3,8.37,4.05,4.95,27.72,165.63,20.91,11.25,12.93,9.86,4.61,4.29,4,Cement and Construction,Construction & Engineering,2025-03-31,2025-11-14
RBZ Jewellers Ltd.,RBZJEWEL,544060,RBZJEWEL,INE0PEQ01016,Gems & Jewellery,Textiles Apparels & Accessories,133.8,133.8,535.2,10.35,Export NA,,,5.11,53.79,63.43,0.18,Export NA,2.24,1.24,1.86,0.51,15.41,20.78,12.92,56.98,15.83,22.86,28.31,11.02,8.26,8.05,6,Textiles Apparels & Accessories,Gems & Jewellery,2025-12-31,2026-05-14
REC Ltd.,RECLTD,532955,RECLTD,INE020B01018,Financial Institutions,Banking and Finance,344.35,344.35,90675.07,5.56,Export NA,7.82,6.32,61.94,22.6,12.06,2.08,Export NA,2.78,2.38,1.04,64.83,6.23,1.75,61.93,2.67,19.17,16.76,16.02,2.54,4.85,1.89,4,Banking and Finance,Financial Institutions,2026-03-31,2026-04-28
RHI Magnesita India Ltd.,RHIM,534076,RHIM,INE743M01012,Electrodes & Refractories,General Industrials,386.35,386.35,7978.18,46.56,Export NA,46.21,47.87,72.57,58.9,42.36,0.16,Export NA,5.74,5.21,1.95,0.8,14.56,4.18,8.3,287.13,5.06,19.77,9.89,3.91,10.29,7.94,8,General Industrials,Electrodes & Refractories,2025-12-31,2026-02-13
RKEC Projects Ltd.,RKEC,,RKEC,INE786W01010,Construction & Engineering,Cement and Construction,33.15,33.15,85.6,9,Export NA,10.42,13.4,22.97,35.74,31.41,-0.15,Export NA,3.26,5.1,0.41,0.39,4.05,4.95,3.68,-58.32,10.61,11.25,12.93,3.45,4.61,4.29,5,Cement and Construction,Construction & Engineering,2025-12-31,2026-02-11
RMC Switchgears Ltd.,,540358,RMC,INE655V01019,Other Electrical Equipment/Products,Consumer Durables,456.2,456.2,482.75,,Export NA,77.15,68.35,,49.58,41.19,,Export NA,1.45,1.34,3.79,28.18,9.42,8.51,,,29.39,20.69,21.67,11.69,10.95,11.03,5,Consumer Durables,Other Electrical Equipment/Products,2025-03-31,2025-11-04
RNFI Services Ltd.,RNFI,,RNFI,INE0SA001017,Other Financial Services,Banking and Finance,279.75,279.75,698.05,38.37,Export NA,,,48.16,22.6,36.93,,Export NA,2.78,3.57,4.82,,6.23,99.98,7.29,,16.22,16.76,19.97,6.5,4.85,11.89,3,Banking and Finance,Other Financial Services,2025-12-31,2026-02-10
ROX Hi-Tech Ltd.,ROXHITECH,,ROXHITECH,INE0PDJ01013,IT Consulting & Software,Software & Services,34,34,77.99,4.04,Export NA,,,,22.39,21.42,,Export NA,10.02,10.72,0.65,,6.84,6.86,8.42,,17.64,28.07,30.42,9.46,17.17,18.42,3,Software & Services,IT Consulting & Software,2025-03-31,2025-11-14
RPG Life Sciences Ltd.,RPGLIFE,532983,RPGLIFE,INE105J01010,Pharmaceuticals,Pharmaceuticals & Biotechnology,2311.1,2311.1,3822.33,33.19,Export NA,29.4,27.93,66.79,42.18,42.23,-0.89,Export NA,2.39,2.39,6.64,80.84,7.57,7.72,69.64,-37.15,19.02,17.72,18.15,14.52,11.9,12.17,3,Pharmaceuticals & Biotechnology,Pharmaceuticals,2026-03-31,2026-04-29
RPP Infra Projects Ltd.,RPPINFRA,533284,RPPINFRA,INE324L01013,Construction & Engineering,Cement and Construction,72.87,72.87,361.33,9.77,Export NA,11.53,18.44,34.93,35.74,31.41,-0.22,Export NA,3.26,5.1,0.65,30.29,4.05,4.95,7.46,-44.97,12.32,11.25,12.93,6.84,4.61,4.29,4,Cement and Construction,Construction & Engineering,2025-12-31,2026-02-12
RPSG Ventures Ltd.,RPSGVENT,542333,RPSGVENT,INE425Y01011,IT Consulting & Software,Software & Services,998.65,998.65,3304.17,-35.3,Export NA,,17.79,,22.39,21.42,-1.14,Export NA,10.02,10.72,1.31,99.83,6.84,6.86,-28.29,31.04,-1.84,28.07,30.42,-0.3,17.17,18.42,4,Software & Services,IT Consulting & Software,2025-12-31,2026-02-06
RRIL Ltd.,,531307,RRIL,INE951M01037,Textiles,Textiles Apparels & Accessories,19.22,19.22,232.97,30.13,Export NA,38.39,36.05,49.18,53.79,32.96,1.71,Export NA,2.24,6.53,2.1,41.13,15.41,3.67,0.64,17.62,6.5,22.86,11.51,4.88,8.26,7.43,4,Textiles Apparels & Accessories,Textiles,2025-12-31,2026-02-13
RS Software (India) Ltd.,RSSOFTWARE,517447,RSSOFTWARE,INE165B01029,IT Software Products,Software & Services,31.87,31.87,82.32,-2.83,Export NA,23.69,23.69,,22.39,42.73,0.01,Export NA,10.02,3.5,2.09,71.29,6.84,6.05,-11.27,-433.53,-99.47,28.07,12.16,-51.65,17.17,7.28,2,Software & Services,IT Software Products,2026-03-31,2026-05-07
RSD Finance Ltd.,,539875,RSDFIN,INE616F01022,Investment Companies,Others,86,86,111.34,6.86,Export NA,10.81,9.92,32.6,34.07,34.07,-0.42,Export NA,0.96,0.96,0.5,46.39,1.03,1.03,12.53,-16.38,6.24,3.6,3.6,4.52,3.2,3.2,6,Others,Investment Companies,2025-12-31,2026-02-11
RSWM Ltd.,RSWM,500350,RSWM,INE611A01016,Textiles,Textiles Apparels & Accessories,160.31,160.31,755.09,14.52,Export NA,14.01,6.89,62.11,53.79,32.96,0.06,Export NA,2.24,6.53,0.57,32.04,15.41,3.67,11.04,230.05,3.82,22.86,11.51,1.43,8.26,7.43,8,Textiles Apparels & Accessories,Textiles,2026-03-31,2026-05-06
Raajmarg Infra Investment Trust,RIIT,544734,RIIT,INE2PB023011,REITs-InvITs,Realty,110.65,110.65,6639,,Export NA,,,,37.63,46.38,,Export NA,1.72,3.82,1.11,,3.69,1.66,,,0,10.17,6.22,0,4.54,1.93,1,Realty,REITs-InvITs,2025-12-31,
Race Eco Chain Ltd.,RACE,537785,RACE,INE084Q01012,Waste Management,Utilities,123.62,123.62,213.33,33.44,Export NA,363.63,1530.85,9.71,24.91,21.35,3.6,Export NA,27.85,23.64,2.51,,5.52,3.27,3.7,9.28,7.15,14.21,16.23,2.13,5.38,11.16,6,Utilities,Waste Management,2025-12-31,2026-02-14
Rachana Infrastructure Ltd.,RILINFRA,,RILINFRA,INE02OY01016,Construction & Engineering,Cement and Construction,33.1,33.1,61.58,15.01,Export NA,57.76,57.76,2.22,35.74,31.41,,Export NA,3.26,5.1,0.62,,4.05,4.95,2.21,,4.7,11.25,12.93,3.37,4.61,4.29,5,Cement and Construction,Construction & Engineering,2025-03-31,2025-11-14
Racl Geartech Ltd.,RACLGEAR,520073,RACLGEAR,INE704B01017,Auto Parts & Equipment,Automobiles & Auto Components,1249.9,1249.9,1473.39,34.19,Export NA,37.84,33.75,79.89,32.11,41.7,0.5,Export NA,5.07,3.31,4.32,36.91,6.96,6.81,36.56,68.07,10.47,19.05,15.01,3.72,9.43,7.82,5,Automobiles & Auto Components,Auto Parts & Equipment,2025-12-31,2026-02-13
Radaan Mediaworks (I) Ltd.,RADAAN,590070,RADAAN,INE874F01027,Movies & Entertainment,Media,3.08,3.08,16.68,-3.71,Export NA,62.84,62.84,,25.23,33.17,0.02,Export NA,2.2,3.06,-1.08,,13.87,25.15,-0.83,-211.06,-2.86,20.32,45.72,1.12,15.35,32.15,6,Media,Movies & Entertainment,2025-12-31,2026-02-13
Radhika Jeweltech Ltd.,RADHIKAJWE,540125,RADHIKAJWE,INE583V01021,Gems & Jewellery,Textiles Apparels & Accessories,57.77,57.77,681.69,8.7,Export NA,19.16,6.55,12.6,53.79,63.43,0.25,Export NA,2.24,1.24,1.75,49.64,15.41,20.78,6.64,35.47,18.63,22.86,28.31,15.99,8.26,8.05,7,Textiles Apparels & Accessories,Gems & Jewellery,2025-12-31,2026-02-11
Radiant Cash Management Services Ltd.,RADIANTCMS,543732,RADIANTCMS,INE855R01021,Other Financial Services,Banking and Finance,42.43,42.43,452.76,12.37,Export NA,12.31,,14.48,22.6,36.93,-0.65,Export NA,2.78,3.57,1.65,9.65,6.23,99.98,3.43,-18.91,17.03,16.76,19.97,10.94,4.85,11.89,4,Banking and Finance,Other Financial Services,2025-12-31,2026-02-11
Radico Khaitan Ltd.,RADICO,532497,RADICO,INE944F01028,Breweries & Distilleries,"Food, Beverages & Tobacco",3428.6,3428.6,45919.72,75.97,Export NA,104.79,86.48,68.33,28.35,66.59,1.01,Export NA,1.73,1.7,14.66,97.54,8.04,10.34,45.13,74.9,18.23,26.28,16.79,12.15,19.55,10.27,8,"Food, Beverages & Tobacco",Breweries & Distilleries,2026-03-31,2026-05-06
Radiowalla Network Ltd.,RADIOWALLA,,RADIOWALLA,INE430U01019,Advertising & Media,Media,33.2,33.2,23.4,33.58,Export NA,,,,25.23,29.21,,Export NA,2.2,3.19,1.2,,13.87,5.97,0.99,,3.66,20.32,16.93,2.92,15.35,7.63,4,Media,Advertising & Media,2025-03-31,2025-10-28
Raghav Productivity Enhancers Ltd.,RPEL,539837,RPEL,INE912T01018,Electrodes & Refractories,General Industrials,743.5,743.5,3414.3,62.3,Export NA,79.44,71.4,50.6,58.9,42.36,1.29,Export NA,5.74,5.21,14.9,77.01,14.56,4.18,11.93,48.22,22.41,19.77,9.89,19.3,10.29,7.94,7,General Industrials,Electrodes & Refractories,2026-03-31,2026-04-24
Rail Vikas Nigam Ltd.,RVNL,542649,RVNL,INE415G01027,Construction & Engineering,Cement and Construction,283.3,283.3,59068.62,51.51,Export NA,56.02,36.65,74.33,35.74,31.41,-4.35,Export NA,3.26,5.1,6.01,68.34,4.05,4.95,5.5,-11.84,13.38,11.25,12.93,6.25,4.61,4.29,5,Cement and Construction,Construction & Engineering,2025-12-31,2026-05-21
RailTel Corporation of India Ltd.,RAILTEL,543265,RAILTEL,INE0DD101019,Telecom Services,Telecom Services,318.5,318.5,10221.89,29.52,Export NA,45.18,37.01,42.6,32.83,33.56,1.9,Export NA,1.4,1.43,4.7,53.61,7.97,8.06,10.79,15.51,15.31,22.38,22.38,5.94,6.78,6.51,7,Telecom Services,Telecom Services,2026-03-31,2026-04-30
Rain Industries Ltd.,RAIN,500339,RAIN,INE855B01025,Petrochemicals,Chemicals & Petrochemicals,157.71,157.71,5304.51,17.58,Export NA,107.48,13.54,87.81,42.23,34.32,0.11,Export NA,3.64,0.5,0.79,61.25,6.18,3.98,8.97,154.25,0.57,13.61,10.55,0.2,9.15,6.82,9,Chemicals & Petrochemicals,Petrochemicals,2026-03-31,2026-05-08
Rainbow Childrens Medicare Ltd.,RAINBOW,543524,RAINBOW,INE961O01016,Healthcare Facilities,Healthcare,1263.2,1263.2,12828.96,49.8,Export NA,60.25,,37.26,64.81,71.3,6.06,Export NA,6.11,6.58,8.06,8.46,9.5,9.54,25.37,8.21,16.57,14.74,13.76,10.24,8.39,7.2,7,Healthcare,Healthcare Facilities,2025-12-31,2026-01-28
Raj Oil Mills Ltd.,ROML,533093,ROML,INE294G01026,Edible Oils,FMCG,45.53,45.53,68.24,14.62,Export NA,36.01,32.92,5.46,49.72,28.58,0.21,Export NA,14.09,1.07,39.73,,20.61,3.55,3.11,71.27,-69.53,37.93,10.93,6.51,19.27,6.19,3,FMCG,Edible Oils,2026-03-31,2026-05-12
Raj Rayon Industries Ltd.,RAJRILTD,530699,RAJRILTD,INE533D01032,Textiles,Textiles Apparels & Accessories,20.36,20.36,1132.18,33.89,Export NA,199.1,116.76,39.78,53.79,32.96,0.02,Export NA,2.24,6.53,7.95,38.95,15.41,3.67,0.6,1979.17,14.16,22.86,11.51,2.75,8.26,7.43,6,Textiles Apparels & Accessories,Textiles,2025-12-31,2026-05-14
Raj Television Network Ltd.,RAJTV,532826,RAJTV,INE952H01027,Broadcasting & Cable TV,Media,22.68,22.68,117.74,148.81,Export NA,379.56,305.02,,25.23,18.11,1.43,Export NA,2.2,0.97,0.95,,13.87,1.42,0.15,103.77,-26.49,20.32,9.89,-11.08,15.35,8.83,3,Media,Broadcasting & Cable TV,2026-03-31,2026-05-12
Rajapalayam Mills Ltd.,,532503,RAJPALAYAM,INE296E01026,Textiles,Textiles Apparels & Accessories,814,814,750.52,9.37,Export NA,34.01,21.36,54.43,53.79,32.96,0.06,Export NA,2.24,6.53,0.32,30.26,15.41,3.67,86.88,167.19,0.73,22.86,11.51,0.47,8.26,7.43,5,Textiles Apparels & Accessories,Textiles,2025-12-31,2026-05-28
Rajdarshan Industries Ltd.,ARENTERP,526662,ARENTERP,INE610C01014,Commodity Trading  & Distribution,Commercial Services & Supplies,40.84,40.84,12.69,-518.14,Export NA,41.32,36,,31.83,33.18,4.99,Export NA,2.32,1.21,0.56,53.42,5.75,5.32,-0.08,-103.73,1.07,13.46,12.19,1.06,6.61,4.31,4,Commercial Services & Supplies,Commodity Trading  & Distribution,2025-12-31,2026-02-13
Rajesh Exports Ltd.,RAJESHEXPO,531500,RAJESHEXPO,INE343B01030,Gems & Jewellery,Textiles Apparels & Accessories,111.26,111.26,3285.06,19.56,Export NA,39.25,27.11,72.99,53.79,63.43,0.11,Export NA,2.24,1.24,0.2,0.51,15.41,20.78,5.69,173.71,0.6,22.86,28.31,0.32,8.26,8.05,7,Textiles Apparels & Accessories,Gems & Jewellery,2025-12-31,2026-02-14
Rajgor Castor Derivatives Ltd.,RCDL,,RCDL,INE0BZQ01011,Edible Oils,FMCG,22.05,22.05,52.73,5.85,Export NA,,,23.68,49.72,28.58,,Export NA,14.09,1.07,0.62,15.35,20.61,3.55,3.77,,10.85,37.93,10.93,5.8,19.27,6.19,6,FMCG,Edible Oils,2025-03-31,2025-11-13
Rajnandini Metal Ltd.,RAJMET,,RAJMET,INE00KV01022,Copper,Metals & Mining,3.97,3.97,109.76,-102.58,Export NA,12.9,28.8,,23.8,81.72,-2.11,Export NA,1.11,1.26,1.99,17.66,5.3,17.03,-0.04,48.56,-3.97,19.76,18.15,-1.46,9.83,13.4,3,Metals & Mining,Copper,2025-12-31,2026-02-11
Rajoo Engineers Ltd.,RAJOOENG,522257,RAJOOENG,INE535F01024,Industrial Machinery,General Industrials,57.21,57.21,1022.2,21.44,Export NA,42.14,38.41,13.54,58.9,58.76,0.86,Export NA,5.74,4.45,2.97,48.67,14.56,20.55,2.67,25.06,13.82,19.77,24.18,7.07,10.29,13.59,3,General Industrials,Industrial Machinery,2026-03-31,2026-04-28
Rajputana Biodiesel Ltd.,RAJPUTANA,,RAJPUTANA,INE0VHU01019,Utilities:Non-Electrical,Utilities,234,234,164.58,27.8,Export NA,,,46.96,24.91,15.47,,Export NA,27.85,426.35,3.58,,5.52,5.02,8.42,,14.49,14.21,14.06,9.78,5.38,8.44,3,Utilities,Utilities:Non-Electrical,2025-03-31,2025-11-14
Rajputana Industries Ltd.,RAJINDLTD,,RAJINDLTD,INE0PCU01012,Other Non-Ferrous Metals,Metals & Mining,72.5,72.5,161.06,13.17,Export NA,,,,23.8,22.49,0.27,Export NA,1.11,0.62,2.22,1.83,5.3,14.36,5.51,47.92,16,19.76,56.36,4.86,9.83,29.99,5,Metals & Mining,Other Non-Ferrous Metals,2026-03-31,2026-04-30
Rajputana Stainless Ltd.,RSL,544731,RSL,INE313L01016,Iron & Steel Products,Metals & Mining,138.41,138.41,1156.66,,Export NA,,,,23.8,30.63,,Export NA,1.11,1.79,5.68,48.48,5.3,6.46,,,26.22,19.76,18.83,9.48,9.83,10.86,4,Metals & Mining,Iron & Steel Products,2025-12-31,2026-04-09
Rajratan Global Wire Ltd.,RAJRATAN,517522,RAJRATAN,INE451D01029,Auto Parts & Equipment,Automobiles & Auto Components,406.05,406.05,2061.56,29.37,Export NA,35.66,36.06,63.56,32.11,41.7,1.52,Export NA,5.07,3.31,3.31,52.48,6.96,6.81,13.82,19.35,10.77,19.05,15.01,6.04,9.43,7.82,6,Automobiles & Auto Components,Auto Parts & Equipment,2026-03-31,2026-04-21
Rajshree Polypack Ltd.,RPPL,,RPPL,INE760W01023,Containers & Packaging,Commercial Services & Supplies,17.85,17.85,132.53,9.13,Export NA,25.44,19.78,5.75,31.83,23.27,0.07,Export NA,2.32,5.49,0.76,17.06,5.75,2.74,1.96,129.03,4.93,13.46,10.99,2.48,6.61,7.3,4,Commercial Services & Supplies,Containers & Packaging,2025-12-31,2026-02-06
Rajshree Sugars & Chemicals Ltd.,RAJSREESUG,500354,RAJSREESUG,INE562B01019,Sugar,"Food, Beverages & Tobacco",33.39,33.39,110.64,-5.93,Export NA,4.89,4.89,,28.35,27.86,0.02,Export NA,1.73,1.26,0.47,13.76,8.04,2.67,-5.63,-254.98,3.06,26.28,9.03,1.17,19.55,4.86,6,"Food, Beverages & Tobacco",Sugar,2025-12-31,2026-02-11
Rajvir Industries Ltd.,RAJVIR,532665,RAJVIR,INE011H01014,Textiles,Textiles Apparels & Accessories,7.65,7.65,3.06,-0.08,Export NA,,,,53.79,32.96,0,Export NA,2.24,6.53,-0.03,,15.41,3.67,-95.97,-18.97,0,22.86,11.51,-18.17,8.26,7.43,2,Textiles Apparels & Accessories,Textiles,2020-12-31,2021-06-30
Rallis India Ltd.,RALLIS,500355,RALLIS,INE613A01020,Agrochemicals,Chemicals & Petrochemicals,266.85,266.85,5189.4,28.2,Export NA,41.19,39.02,48.04,42.23,30.4,0.6,Export NA,3.64,3.17,2.53,16.35,6.18,3.87,9.46,47.2,9,13.61,11.71,5.5,9.15,7.88,7,Chemicals & Petrochemicals,Agrochemicals,2026-03-31,2026-04-27
Ram Ratna Wires Ltd.,RAMRAT,522281,RAMRAT,INE207E01023,Other Electrical Equipment/Products,Consumer Durables,423.35,423.35,3951.93,47.12,Export NA,46.5,13.87,91.71,49.58,41.19,1.59,Export NA,1.45,1.34,7.01,99.71,9.42,8.51,8.98,29.66,14.55,20.69,21.67,5.39,10.95,11.03,4,Consumer Durables,Other Electrical Equipment/Products,2025-12-31,2026-02-06
Rama Phosphates Ltd.,RAMAPHO,524037,RAMAPHO,INE809A01032,Fertilizers,Fertilizers,132.26,132.26,468.02,8.9,Export NA,26.93,14.1,48.57,20.68,20.68,0.02,Export NA,7.54,7.54,1.12,48.18,16.07,16.07,14.86,369.35,4.72,478.71,478.71,2.15,243.93,243.93,9,Fertilizers,Fertilizers,2025-12-31,2026-01-14
Rama Steel Tubes Ltd.,RAMASTEEL,539309,RAMASTEEL,INE230R01035,Iron & Steel Products,Metals & Mining,5.35,5.35,875.28,55.62,Export NA,67.57,64.64,72.08,23.8,30.63,-1.76,Export NA,1.11,1.79,2.43,37.73,5.3,6.46,0.1,-31.68,6.24,19.76,18.83,3,9.83,10.86,4,Metals & Mining,Iron & Steel Products,2025-12-31,2026-02-14
Rama Telecom Ltd.,RTL,,RTL,INE14W901010,Other Telecom Services,Telecom Services,87.5,87.5,115.49,20.89,Export NA,,,100,32.83,29.56,,Export NA,1.4,1.02,2.79,,7.97,7.59,4.19,,33.58,22.38,22.4,19.3,6.78,7.98,4,Telecom Services,Other Telecom Services,2025-03-31,2025-11-13
Ramco Industries Ltd.,RAMCOIND,532369,RAMCOIND,INE614A01028,Construction Materials,Cement and Construction,282.2,282.2,2450.67,9.64,Export NA,17.1,13.29,53.57,35.74,28.02,0.28,Export NA,3.26,0.23,0.56,41.45,4.05,4.88,29.29,34.58,4.27,11.25,16.85,3.78,4.61,8.83,7,Cement and Construction,Construction Materials,2025-12-31,2026-02-11
Ramco Systems Ltd.,RAMCOSYS,532370,RAMCOSYS,INE246B01019,IT Consulting & Software,Software & Services,381.8,381.8,1434.02,64.88,Export NA,,,52.71,22.39,21.42,0.48,Export NA,10.02,10.72,4.38,73.33,6.84,6.86,5.88,135.33,-10.84,28.07,30.42,-5.12,17.17,18.42,4,Software & Services,IT Consulting & Software,2025-12-31,2026-01-28
Ramdevbaba Solvent Ltd.,RBS,,RBS,INE0RJH01010,Edible Oils,FMCG,99,99,226.33,15.09,Export NA,,,48.88,49.72,28.58,,Export NA,14.09,1.07,1.51,17.91,20.61,3.55,6.56,,9.9,37.93,10.93,3.11,19.27,6.19,2,FMCG,Edible Oils,2025-03-31,2025-11-05
Ramkrishna Forgings Ltd.,RKFORGE,532527,RKFORGE,INE399G01023,Castings & Forgings,General Industrials,582,582,10524.22,146.58,Export NA,37.04,34.32,99.62,58.9,64.29,-1.68,Export NA,5.74,4.12,3.41,60.18,14.56,7.72,3.97,-87.41,2.18,19.77,12.53,1,10.29,7.9,4,General Industrials,Castings & Forgings,2026-03-31,2026-05-01
Ramky Infrastructure Ltd.,RAMKY,533262,RAMKY,INE874I01013,Construction & Engineering,Cement and Construction,465.9,465.9,3223.93,14.43,Export NA,15.77,25.33,49.26,35.74,31.41,-0.87,Export NA,3.26,5.1,1.51,47.23,4.05,4.95,32.29,-16.54,10.37,11.25,12.93,4.71,4.61,4.29,5,Cement and Construction,Construction & Engineering,2025-12-31,2026-02-07
Rana Sugars Ltd.,RANASUG,507490,RANASUG,INE625B01014,Sugar,"Food, Beverages & Tobacco",13.23,13.23,203.17,5.67,Export NA,8.08,6.72,48.35,28.35,27.86,0.1,Export NA,1.73,1.26,0.36,15.57,8.04,2.67,2.34,55.79,6.28,26.28,9.03,2.25,19.55,4.86,8,"Food, Beverages & Tobacco",Sugar,2025-12-31,2026-02-13
Rane (Madras) Ltd.,RML,532661,RML,INE050H01012,Auto Parts & Equipment,Automobiles & Auto Components,892.15,892.15,2465.64,22.94,Export NA,505.01,298.66,9.04,32.11,41.7,0.02,Export NA,5.07,3.31,3.47,70.22,6.96,6.81,38.89,1090.25,14.31,19.05,15.01,4.26,9.43,7.82,6,Automobiles & Auto Components,Auto Parts & Equipment,2026-03-31,2026-05-06
Rane Holdings Ltd.,RANEHOLDIN,505800,RANEHOLDIN,INE384A01010,Holding Companies,Diversified,1109,1109,1583.41,47.84,Export NA,13.98,24.71,98.22,24.34,28.32,-0.56,Export NA,1.86,1.91,1.37,51.57,2.7,2.66,23.18,-85.32,18.73,11.19,11.42,5.81,3.16,3.21,7,Diversified,Holding Companies,2025-12-31,2026-05-15
Rapid Fleet Management Services Ltd.,RAPIDFLEET,,RAPIDFLEET,INE0QX901013,Warehousing & Logistics,Transportation,197,197,146.47,14.25,Export NA,,,59.82,36.05,32.42,,Export NA,4.72,1.7,2,,8.05,4.18,13.83,,14.86,25.06,8.62,8.61,7.11,5.64,5,Transportation,Warehousing & Logistics,2025-03-31,2025-11-13
Rappid Valves (India) Ltd.,RAPPID,,RAPPID,INE0MVO01012,Other Industrial Products,General Industrials,260,260,134.99,22.36,Export NA,,,9.57,58.9,44.01,,Export NA,5.74,4.34,2.78,,14.56,20.86,11.63,,14.06,19.77,22.24,10.01,10.29,12.05,3,General Industrials,Other Industrial Products,2025-03-31,2025-11-13
Rashi Peripherals Ltd.,RPTECH,544119,RPTECH,INE0J1F01024,Commodity Trading  & Distribution,Commercial Services & Supplies,518.1,518.1,3414.26,13.96,Export NA,,,75.77,31.83,33.18,0.57,Export NA,2.32,1.21,1.77,81.56,5.75,5.32,37.13,24.46,11.94,13.46,12.19,4.87,6.61,4.31,6,Commercial Services & Supplies,Commodity Trading  & Distribution,2025-12-31,2026-05-14
Rashtriya Chemicals & Fertilizers Ltd.,RCF,524230,RCF,INE027A01015,Fertilizers,Fertilizers,123.07,123.07,6789.63,21.68,Export NA,36.56,22.55,54.6,20.68,20.68,1.2,Export NA,7.54,7.54,1.36,52.42,16.07,16.07,5.68,18.08,5.1,478.71,478.71,2.15,243.93,243.93,7,Fertilizers,Fertilizers,2025-12-31,2026-02-12
RateGain Travel Technologies Ltd.,RATEGAIN,543417,RATEGAIN,INE0CLI01024,IT Software Products,Software & Services,618.95,618.95,7313.85,40.81,Export NA,43.72,,30.43,22.39,42.73,-3.34,Export NA,10.02,3.5,3.97,15.17,6.84,6.05,15.17,-12.22,12.41,28.07,12.16,10.97,17.17,7.28,5,Software & Services,IT Software Products,2025-12-31,2026-02-13
Ratnamani Metals & Tubes Ltd.,RATNAMANI,520111,RATNAMANI,INE703B01027,Iron & Steel/Interm.Products,Metals & Mining,2859.8,2859.8,20044.91,34.26,Export NA,34.35,36.82,58.63,23.8,32.33,3.23,Export NA,1.11,0.78,5,71.28,5.3,3.24,83.47,10.59,14.95,19.76,6.78,11.08,9.83,3.42,4,Metals & Mining,Iron & Steel/Interm.Products,2025-12-31,2026-05-15
Ratnaveer Precision Engineering Ltd.,RATNAVEER,543978,RATNAVEER,INE05CZ01011,Iron & Steel Products,Metals & Mining,167.32,167.32,1137.7,19.62,Export NA,29.08,,66.92,23.8,30.63,0.5,Export NA,1.11,1.79,2.5,40.52,5.3,6.46,8.53,39.02,12.62,19.76,18.83,6.27,9.83,10.86,6,Metals & Mining,Iron & Steel Products,2025-12-31,2026-05-12
RattanIndia Enterprises Ltd.,RTNINDIA,534597,RTNINDIA,INE834M01019,Power - Electric Utilities,Utilities,34.31,34.31,4742.57,-11.54,Export NA,49.41,31.65,,24.91,29.95,0.05,Export NA,27.85,1.43,5.44,52.55,5.52,4.23,-2.97,-214.48,9.15,14.21,16.2,3.2,5.38,5.79,7,Utilities,Power - Electric Utilities,2025-12-31,2026-02-12
RattanIndia Power Ltd.,RTNPOWER,533122,RTNPOWER,INE399K01017,Power - Electric Utilities,Utilities,9.3,9.3,4994.2,95.24,Export NA,17.56,17.56,99.59,24.91,29.95,-1.25,Export NA,27.85,1.43,1.09,65.1,5.52,4.23,0.1,-76.37,1.13,14.21,16.2,0.54,5.38,5.79,5,Utilities,Power - Electric Utilities,2026-03-31,2026-05-07
Ravi Kumar Distilleries Ltd.,RKDL,533294,RKDL,INE722J01012,Breweries & Distilleries,"Food, Beverages & Tobacco",20.78,20.78,49.87,437.84,Export NA,460.11,460.11,78.85,28.35,66.59,-4.75,Export NA,1.73,1.7,1.19,81.05,8.04,10.34,0.05,-92.16,0.31,26.28,16.79,0.1,19.55,10.27,5,"Food, Beverages & Tobacco",Breweries & Distilleries,2025-12-31,2026-02-06
Ravinder Heights Ltd.,RVHL,543251,RVHL,INE09E501017,Realty,Realty,39.23,39.23,240.58,4.72,Export NA,,,7.03,37.63,37.32,0,Export NA,1.72,1.77,0.82,46.66,3.69,4.38,8.3,2718.39,-1.05,10.17,11.27,-0.88,4.54,5.37,4,Realty,Realty,2025-12-31,2026-02-13
Ravindra Energy Ltd.,RELTD,504341,RELTD,INE206N01018,Power - Electric Utilities,Utilities,127.85,127.85,2284.61,28.26,Export NA,109.64,91.1,31.35,24.91,29.95,0.1,Export NA,27.85,1.43,5.56,59.81,5.52,4.23,4.52,270.64,19.13,14.21,16.2,7.15,5.38,5.79,7,Utilities,Power - Electric Utilities,2026-03-31,2026-04-29
Raymond Lifestyle Ltd.,RAYMONDLSL,544240,RAYMONDLSL,INE02ID01020,Textiles,Textiles Apparels & Accessories,780.05,780.05,4752.35,102.93,Export NA,,,65.78,53.79,32.96,4.93,Export NA,2.24,6.53,0.49,41.69,15.41,3.67,7.58,20.9,0.47,22.86,11.51,0.32,8.26,7.43,8,Textiles Apparels & Accessories,Textiles,2026-03-31,2026-05-06
Raymond Ltd.,RAYMOND,500330,RAYMOND,INE301A01014,Industrial Machinery,General Industrials,479.7,479.7,3193.54,0.6,Export NA,3.9,14.42,5.68,58.9,58.76,-0.02,Export NA,5.74,4.45,0.98,13.22,14.56,20.55,802.31,-30.01,187.8,19.77,24.18,112.73,10.29,13.59,6,General Industrials,Industrial Machinery,2026-03-31,2026-05-05
Raymond Realty Ltd.,RAYMONDREL,544420,RAYMONDREL,INE1SY401010,Realty,Realty,567.2,567.2,3776.06,12.4,Export NA,,,12.26,37.63,37.32,0.01,Export NA,1.72,1.77,2.68,1.89,3.69,4.38,45.75,1613.71,19.43,10.17,11.27,4.31,4.54,5.37,5,Realty,Realty,2026-03-31,2026-05-05
Readymix Construction Machinery Ltd.,READYMIX,,READYMIX,INE10QL01011,Construction Materials,Cement and Construction,90.2,90.2,98.85,10.58,Export NA,,,26.32,35.74,28.02,,Export NA,3.26,0.23,1.6,51.58,4.05,4.88,8.52,,15.28,11.25,16.85,11.02,4.61,8.83,2,Cement and Construction,Construction Materials,2025-03-31,2025-11-14
Redington Ltd.,REDINGTON,532805,REDINGTON,INE891D01026,Commodity Trading  & Distribution,Commercial Services & Supplies,210.69,210.69,16471.2,9.33,Export NA,13.05,11.37,31,31.83,33.18,0.24,Export NA,2.32,1.21,1.75,55.72,5.75,5.32,22.57,39.51,18.4,13.46,12.19,5.81,6.61,4.31,7,Commercial Services & Supplies,Commodity Trading  & Distribution,2025-12-31,2026-05-13
Redtape Ltd.,REDTAPE,543957,REDTAPE,INE0LXT01019,Footwear,Retailing,135,135,7462.9,35.18,Export NA,50.12,,19.29,78.39,57.67,1.41,Export NA,6.4,2.03,7.76,11.05,19.94,9.86,3.84,24.98,21.55,10.74,18.49,7.64,6.91,9.08,4,Retailing,Footwear,2025-12-31,2026-02-12
Refex Industries Ltd.,REFEX,532884,REFEX,INE056I01025,Industrial Gases,General Industrials,255.45,255.45,3505.27,21.79,Export NA,40.02,30.68,68.45,58.9,32.76,1.93,Export NA,5.74,3.26,2.66,46.15,14.56,14.66,11.72,11.3,15,19.77,12.37,8.82,10.29,8.89,5,General Industrials,Industrial Gases,2025-12-31,2026-01-21
Refractory Shapes Ltd.,REFRACTORY,,REFRACTORY,INE0TNX01015,Other Industrial Goods,General Industrials,39.9,39.9,86.98,13.9,Export NA,,,,58.9,41.26,,Export NA,5.74,2.07,1.73,,14.56,13.23,2.87,,13.68,19.77,30.81,8.95,10.29,18.64,5,General Industrials,Other Industrial Goods,2025-03-31,2025-11-13
Regaal Resources Ltd.,REGAAL,544485,REGAAL,INE0MHO01029,Other Agricultural Products,"Food, Beverages & Tobacco",85.92,85.92,882.6,17.58,Export NA,,,80.79,28.35,21.91,,Export NA,1.73,1.77,1.87,,8.04,3.56,4.89,,19.57,26.28,16.12,5.54,19.55,8.43,5,"Food, Beverages & Tobacco",Other Agricultural Products,2025-12-31,2026-02-10
Regency Ceramics Ltd.,REGENCERAM,515018,REGENCERAM,INE277C01012,Ceramics,Consumer Durables,42.1,42.1,111.32,999.29,Export NA,52.91,17.4,94.25,49.58,39.85,9.9,Export NA,1.45,0.57,-1.56,,9.42,5.24,0.04,100.9,-3.74,20.69,13.28,2.28,10.95,9.81,4,Consumer Durables,Ceramics,2025-12-31,2026-02-12
Relaxo Footwears Ltd.,RELAXO,530517,RELAXO,INE131B01039,Footwear,Retailing,289.4,289.4,7204.28,42.93,Export NA,73.52,97.31,13.49,78.39,57.67,-9.81,Export NA,6.4,2.03,3.37,0.48,19.94,9.86,6.74,-4.38,8.11,10.74,18.49,6.16,6.91,9.08,6,Retailing,Footwear,2025-12-31,2026-01-30
Reliable Data Services Ltd.,RELIABLE,544207,RELIABLE,INE375Y01018,Data Processing Services,Software & Services,116.96,116.96,120.7,13.39,Export NA,13.8,13.67,20.95,22.39,39.89,0.33,Export NA,10.02,26.2,1.87,83.81,6.84,12.24,8.74,40.31,15.78,28.07,29.81,5.92,17.17,21.97,5,Software & Services,Data Processing Services,2025-12-31,2026-02-14
Reliance Chemotex Industries Ltd.,RELCHEMQ,503162,RELCHEMQ,INE750D01016,Textiles,Textiles Apparels & Accessories,117.76,117.76,88.83,16.59,Export NA,38.6,10.15,72.7,53.79,32.96,0.16,Export NA,2.24,6.53,0.63,48.27,15.41,3.67,7.1,100.98,2.94,22.86,11.51,0.85,8.26,7.43,7,Textiles Apparels & Accessories,Textiles,2025-12-31,2026-02-11
Reliance Communications Ltd.,RCOM,532712,RCOM,INE330H01018,Telecom Services,Telecom Services,0.91,0.91,251.66,-0.02,Export NA,,,,32.83,33.56,0,Export NA,1.4,1.43,0,,7.97,8.06,-38.08,-16.84,0,22.38,22.38,-25.77,6.78,6.51,2,Telecom Services,Telecom Services,2025-12-31,2026-02-13
Reliance Home Finance Ltd.,RHFL,540709,RHFL,INE217K01011,Housing Finance,Banking and Finance,2.28,2.28,110.59,4.58,Export NA,7.7,2.67,28.74,22.6,18.02,0.01,Export NA,2.78,0.99,-2.09,,6.23,2.32,0.5,781.08,-45.6,16.76,13.46,1528.12,4.85,3.64,4,Banking and Finance,Housing Finance,2025-03-31,2025-05-22
Reliance Industrial InfraStructure Ltd.,RIIL,523445,RIIL,INE046A01015,Construction & Engineering,Cement and Construction,766.9,766.9,1158.02,93.46,Export NA,117.24,125.72,42.69,35.74,31.41,26.1,Export NA,3.26,5.1,2.45,53.96,4.05,4.95,8.21,3.58,2.61,11.25,12.93,2.33,4.61,4.29,5,Cement and Construction,Construction & Engineering,2026-03-31,2026-04-15
Reliance Industries Ltd.,RELIANCE,500325,RELIANCE,INE002A01018,Refineries/Petro-Products,Oil & Gas,1364,1364,1845838.28,22.85,Export NA,27.09,27.03,51.69,18.34,21.22,1.43,Export NA,1.36,1.29,2.05,62.31,1.85,2.01,59.69,15.98,8.93,10.19,9.71,3.7,4.37,3.93,5,Oil & Gas,Refineries/Petro-Products,2026-03-31,2026-04-24
Reliance Infrastructure Ltd.,RELINFRA,500390,RELINFRA,INE036A01016,Power - Electric Utilities,Utilities,71,71,2901.28,0.46,Export NA,1.91,1.91,0.18,24.91,29.95,0,Export NA,27.85,1.43,0.17,21.93,5.52,4.23,155.87,1830.89,34.21,14.21,16.2,7.49,5.38,5.79,6,Utilities,Power - Electric Utilities,2025-12-31,2026-01-31
Reliance Power Ltd.,RPOWER,532939,RPOWER,INE614G01033,Power - Electric Utilities,Utilities,27.3,27.3,11290.65,39.94,Export NA,5.81,5.81,88.22,24.91,29.95,-0.45,Export NA,27.85,1.43,0.68,69.2,5.52,4.23,0.68,-88.34,18.04,14.21,16.2,7.14,5.38,5.79,6,Utilities,Power - Electric Utilities,2025-12-31,2026-01-30
Religare Enterprises Ltd.,RELIGARE,532915,RELIGARE,INE621H01010,Other Financial Services,Banking and Finance,222.3,222.3,7400.16,304.52,Export NA,96.19,66.01,97.73,22.6,36.93,-4.63,Export NA,2.78,3.57,2.61,53.1,6.23,99.98,0.73,-65.72,4.97,16.76,19.97,1.11,4.85,11.89,7,Banking and Finance,Other Financial Services,2025-12-31,2026-05-12
Remsons Industries Ltd.,REMSONSIND,530919,REMSONSIND,INE474C01023,Auto Parts & Equipment,Automobiles & Auto Components,108.01,108.01,376.73,21.68,Export NA,36.64,35.99,35.89,32.11,41.7,1.34,Export NA,5.07,3.31,2.65,19.4,6.96,6.81,4.98,16.14,11.43,19.05,15.01,4.59,9.43,7.82,5,Automobiles & Auto Components,Auto Parts & Equipment,2025-12-31,2026-02-12
Remus Pharmaceuticals Ltd.,REMUS,,REMUS,INE0O5T01011,Pharmaceuticals,Pharmaceuticals & Biotechnology,733.5,733.5,864.36,29.73,Export NA,,,59.83,42.18,42.23,,Export NA,2.39,2.39,2.82,25.76,7.57,7.72,24.67,,11.36,17.72,18.15,6.71,11.9,12.17,4,Pharmaceuticals & Biotechnology,Pharmaceuticals,2025-03-31,2025-11-10
Renaissance Global Ltd.,RGL,532923,RGL,INE722H01024,Gems & Jewellery,Textiles Apparels & Accessories,108.35,108.35,1162.87,14.04,Export NA,18.27,15.31,73.43,53.79,63.43,0.83,Export NA,2.24,1.24,0.79,47.78,15.41,20.78,7.72,17.01,5.47,22.86,28.31,3.25,8.26,8.05,3,Textiles Apparels & Accessories,Gems & Jewellery,2025-12-31,2026-02-12
Renol Polychem Ltd.,RNPL,,RNPL,INE0VZX01015,Specialty Chemicals,Chemicals & Petrochemicals,136.9,136.9,165.44,33.11,Export NA,,,100,42.23,47.85,,Export NA,3.64,2.93,3.89,94.29,6.18,7.62,4.13,,37.47,13.61,14.82,21.34,9.15,10.12,4,Chemicals & Petrochemicals,Specialty Chemicals,2025-03-31,2025-11-13
Repco Home Finance Ltd.,REPCOHOME,535322,REPCOHOME,INE612J01015,Housing Finance,Banking and Finance,392.3,392.3,2454.28,5.33,Export NA,6.16,6.46,24.3,22.6,18.02,3.81,Export NA,2.78,0.99,0.66,16.65,6.23,2.32,73.67,1.4,13.46,16.76,13.46,3.13,4.85,3.64,6,Banking and Finance,Housing Finance,2025-12-31,2026-02-05
Repro India Ltd.,REPRO,532687,REPRO,INE461B01014,Publishing,Commercial Services & Supplies,382.7,382.7,548.99,-26.26,Export NA,63.36,81.1,,31.83,11.36,0,Export NA,2.32,2.31,1.52,11.75,5.75,2.26,-14.58,-34750,-0.53,13.46,21.92,-0.37,6.61,16.27,1,Commercial Services & Supplies,Publishing,2025-12-31,2026-02-13
Responsive Industries Ltd.,RESPONIND,505509,RESPONIND,INE688D01026,Furniture-Furnishing,Diversified Consumer Services,163.75,163.75,4365.71,24.27,Export NA,34.73,81508.97,2.19,33.62,45.68,-4.35,Export NA,3.59,0.32,2.92,49.95,10.95,4.56,6.75,-5.58,14.78,22.55,10.88,11.44,11.12,7.56,6,Diversified Consumer Services,Furniture-Furnishing,2025-12-31,2026-02-13
Restaurant Brands Asia Ltd.,RBA,543248,RBA,INE07T201019,Restaurants,Hotels Restaurants & Tourism,66.38,66.38,3869.13,-19.31,Export NA,-22.36,,,44.23,62.18,-1.06,Export NA,3.41,5.91,5.12,22.99,8.2,11,-3.44,18.29,-23.79,12.41,13.17,-6.24,7.26,5.68,3,Hotels Restaurants & Tourism,Restaurants,2025-12-31,2026-05-14
Revathi Equipment India Ltd.,RVTH,544246,RVTH,INE0DAB01012,Heavy Electrical Equipment,General Industrials,705.95,705.95,216.51,24.33,Export NA,,,88.28,58.9,71.23,,Export NA,5.74,3.65,1.72,20.68,14.56,15.26,29.02,,15.97,19.77,17.01,8.46,10.29,8.7,6,General Industrials,Heavy Electrical Equipment,2025-12-31,2026-01-28
Rex Pipes and Cables Industries Ltd.,REXPIPES,,REXPIPES,INE00D001018,Plastic Products,General Industrials,202,202,190.89,37.26,Export NA,18.23,,100,58.9,35.79,,Export NA,5.74,3.64,4.96,100,14.56,7.73,5.42,,14.03,19.77,14.6,6.61,10.29,10.46,4,General Industrials,Plastic Products,2025-03-31,2025-11-12
Rexpro Enterprises Ltd.,REXPRO,,REXPRO,INE113601012,Furniture-Furnishing,Diversified Consumer Services,41.95,41.95,47.01,5.87,Export NA,,,,33.62,45.68,,Export NA,3.59,0.32,0.74,,10.95,4.56,7.15,,12.96,22.55,10.88,7.83,11.12,7.56,3,Diversified Consumer Services,Furniture-Furnishing,2025-03-31,2025-11-13
Rhetan TMT Ltd.,RHETAN,543590,RHETAN,INE0KKN01029,Iron & Steel Products,Metals & Mining,26.17,26.17,2085.42,202.51,Export NA,,,3.7,23.8,30.63,1.88,Export NA,1.11,1.79,20.43,84.66,5.3,6.46,0.13,107.91,9.48,19.76,18.83,6.23,9.83,10.86,5,Metals & Mining,Iron & Steel Products,2026-03-31,2026-05-02
Richa Info Systems Ltd.,RICHA,,RICHA,INE0J1P01015,Other Electrical Equipment/Products,Consumer Durables,78,78,107.35,20.49,Export NA,21.13,,43.48,49.58,41.19,,Export NA,1.45,1.34,0.9,22.46,9.42,8.51,3.81,,5.15,20.69,21.67,4.46,10.95,11.03,5,Consumer Durables,Other Electrical Equipment/Products,2025-03-31,2025-10-13
Rico Auto Industries Ltd.,RICOAUTO,520008,RICOAUTO,INE209B01025,Auto Parts & Equipment,Automobiles & Auto Components,114.7,114.7,1551.72,29.87,Export NA,50.21,39.54,69.11,32.11,41.7,0.39,Export NA,5.07,3.31,2.03,85.76,6.96,6.81,3.84,76.28,2.93,19.05,15.01,1.06,9.43,7.82,6,Automobiles & Auto Components,Auto Parts & Equipment,2025-12-31,2026-02-10
Rishabh Instruments Ltd.,RISHABH,543977,RISHABH,INE0N2P01017,Other Electrical Equipment/Products,Consumer Durables,486.25,486.25,1874.6,27.47,Export NA,49.58,,13.66,49.58,41.19,0.1,Export NA,1.45,1.34,2.64,55.54,9.42,8.51,17.7,266.17,3.72,20.69,21.67,2.55,10.95,11.03,5,Consumer Durables,Other Electrical Equipment/Products,2025-12-31,2026-02-05
Ritco Logistics Ltd.,RITCO,542383,RITCO,INE01EG01016,Warehousing & Logistics,Transportation,234.88,234.88,665.25,15.76,Export NA,22.34,,7.46,36.05,32.42,1.8,Export NA,4.72,1.7,1.86,4.21,8.05,4.18,14.9,8.78,13.08,25.06,8.62,6.47,7.11,5.64,3,Transportation,Warehousing & Logistics,2025-12-31,2026-02-11
Rite Zone Chemcon India Ltd.,RITEZONE,,RITEZONE,INE0MRA01019,Construction Materials,Cement and Construction,27.3,27.3,11.55,12.93,Export NA,,,27.76,35.74,28.02,,Export NA,3.26,0.23,0.76,27.46,4.05,4.88,2.11,,5.92,11.25,16.85,4.15,4.61,8.83,1,Cement and Construction,Construction Materials,2025-03-31,2025-11-13
Rites Ltd.,RITES,541556,RITES,INE320J01015,Construction & Engineering,Cement and Construction,211.8,211.8,10179.19,24.14,Export NA,30.91,24.62,68.2,35.74,31.41,2.1,Export NA,3.26,5.1,3.71,72.89,4.05,4.95,8.77,11.49,14.57,11.25,12.93,6.28,4.61,4.29,6,Cement and Construction,Construction & Engineering,2025-12-31,2026-05-19
Robust Hotels Ltd.,RHL,543901,RHL,INE508K01013,Hotels,Hotels Restaurants & Tourism,177.56,177.56,307.03,11.28,Export NA,47.69,,31.2,44.23,40.73,0.05,Export NA,3.41,2.69,0.42,17.48,8.2,7.29,15.75,230.59,3.03,12.41,12.19,1.81,7.26,7.71,9,Hotels Restaurants & Tourism,Hotels,2025-12-31,2026-02-10
Rockingdeals Circular Economy Ltd Partly Paidup,ROCKPP,,ROCKPP,IN90PTR01010,Others,Others,75,75,,,Export NA,,,,,,,Export NA,,,,,,,,,,,,,,,,Others,Others,,
Rockingdeals Circular Economy Ltd.,ROCKINGDCE,,ROCKINGDCE,INE0PTR01012,Misc. Commercial Services,Commercial Services & Supplies,205.9,205.9,143.7,26.92,Export NA,,,67.99,31.83,27.25,,Export NA,2.32,0.82,2.34,5.03,5.75,5.02,7.65,,13.21,13.46,17.32,9.89,6.61,12.13,3,Commercial Services & Supplies,Misc. Commercial Services,2025-09-30,2025-11-10
Rolex Rings Ltd.,ROLEXRINGS,543325,ROLEXRINGS,INE645S01024,Auto Parts & Equipment,Automobiles & Auto Components,145.65,145.65,3966.53,20.25,Export NA,26.69,29.73,8.49,32.11,41.7,0.55,Export NA,5.07,3.31,3.27,11.63,6.96,6.81,7.19,37,16.22,19.05,15.01,13.57,9.43,7.82,6,Automobiles & Auto Components,Auto Parts & Equipment,2025-12-31,2026-05-16
Rollatainers Ltd.,ROLLT,502448,ROLLT,INE927A01040,Containers & Packaging,Commercial Services & Supplies,2.3,2.3,57.53,3.31,Export NA,,,14.36,31.83,23.27,0.01,Export NA,2.32,5.49,6.06,99.63,5.75,2.74,0.7,637.53,0,13.46,10.99,-4.64,6.61,7.3,3,Commercial Services & Supplies,Containers & Packaging,2025-12-31,2026-02-11
Rossari Biotech Ltd.,ROSSARI,543213,ROSSARI,INE02A801020,Specialty Chemicals,Chemicals & Petrochemicals,507.25,507.25,2809.74,18.83,Export NA,28.55,35.99,2.22,42.23,47.85,2,Export NA,3.64,2.93,2.19,2.29,6.18,7.62,26.94,9.41,11.19,13.61,14.82,6.51,9.15,10.12,3,Chemicals & Petrochemicals,Specialty Chemicals,2026-03-31,2026-04-27
Rossell India Ltd.,ROSSELLIND,533168,ROSSELLIND,INE847C01020,Aerospace & Defence,General Industrials,56.07,56.07,211.36,12.01,Export NA,48.16,45.96,15.01,58.9,50.58,-0.5,Export NA,5.74,8.98,0.93,6.44,14.56,11.27,4.67,-23.81,10.36,19.77,23.04,6.41,10.29,9.53,5,General Industrials,Aerospace & Defence,2025-12-31,2026-02-10
Rossell Techsys Ltd.,ROSSTECH,544294,ROSSTECH,INE0OJW01016,Aerospace & Defence,General Industrials,827.95,827.95,3121.08,142.56,Export NA,,,33.44,58.9,50.58,0.81,Export NA,5.74,8.98,21.21,90.03,14.56,11.27,5.81,175.27,14.13,19.77,23.04,3.46,10.29,9.53,5,General Industrials,Aerospace & Defence,2026-03-31,2026-05-11
Roto Pumps Ltd.,ROTO,517500,ROTO,INE535D01037,Compressors & Pumps,General Industrials,56.21,56.21,1059.25,33.66,Export NA,41.7,20.28,63.98,58.9,41.93,-5.39,Export NA,5.74,12.75,4.49,78.51,14.56,9.18,1.67,-6.24,15.1,19.77,25.94,10.43,10.29,15.1,5,General Industrials,Compressors & Pumps,2025-12-31,2026-02-10
Route Mobile Ltd.,ROUTE,543228,ROUTE,INE450U01017,Internet Software & Services,Software & Services,509.65,509.65,3210.95,13.43,Export NA,19.64,29.59,,22.39,32.02,-0.54,Export NA,10.02,2.7,1.22,1.07,6.84,6.82,37.94,-25.04,8.63,28.07,8.54,6.72,17.17,6.62,7,Software & Services,Internet Software & Services,2026-03-31,2026-05-07
Royal Arc Electrodes Ltd.,ROYALARC,,ROYALARC,INE0EO401019,Other Industrial Goods,General Industrials,160,160,177.6,19.72,Export NA,,,65.49,58.9,41.26,,Export NA,5.74,2.07,2.33,26.55,14.56,13.23,8.11,,12.54,19.77,30.81,11.13,10.29,18.64,4,General Industrials,Other Industrial Goods,2025-03-31,2025-11-10
Royal Orchid Hotels Ltd.,ROHLTD,532699,ROHLTD,INE283H01019,Hotels,Hotels Restaurants & Tourism,326.65,326.65,895.84,23.97,Export NA,21.96,20.98,74.08,44.23,40.73,-0.91,Export NA,3.41,2.69,3.61,68.55,8.2,7.29,13.63,-26.32,20.46,12.41,12.19,8.77,7.26,7.71,4,Hotels Restaurants & Tourism,Hotels,2025-12-31,2026-02-14
Rubfila International Ltd.,RUBFILA,500367,RUBFILA,INE642C01025,Auto Tyres & Rubber Products,Automobiles & Auto Components,72.09,72.09,391.21,13.73,Export NA,15.86,14.6,50.16,32.11,25.9,13.8,Export NA,5.07,0.9,1.29,13.29,6.96,2.87,5.25,0.99,10.01,19.05,10.97,8.21,9.43,6.34,7,Automobiles & Auto Components,Auto Tyres & Rubber Products,2025-12-31,2026-02-13
Rubicon Research Ltd.,RUBICON,544578,RUBICON,INE506V01022,Pharmaceuticals,Pharmaceuticals & Biotechnology,927.9,927.9,15318.9,74.29,Export NA,,,91.3,42.18,42.23,,Export NA,2.39,2.39,21.24,54.35,7.57,7.72,12.49,,24.83,17.72,18.15,9.25,11.9,12.17,7,Pharmaceuticals & Biotechnology,Pharmaceuticals,2025-12-31,2026-02-03
Ruby Mills Ltd.,RUBYMILLS,503169,RUBYMILLS,INE301D01026,Textiles,Textiles Apparels & Accessories,230.04,230.04,769.25,15.85,Export NA,17.86,19.78,49.5,53.79,32.96,1.12,Export NA,2.24,6.53,1.16,57.29,15.41,3.67,14.51,14.17,6.64,22.86,11.51,4.07,8.26,7.43,2,Textiles Apparels & Accessories,Textiles,2025-12-31,2026-02-13
Ruchi Infrastructure Ltd.,RUCHINFRA,509020,RUCHINFRA,INE413B01023,Warehousing & Logistics,Transportation,6.43,6.43,151.76,14.45,Export NA,62.35,82.32,33.96,36.05,32.42,0,Export NA,4.72,1.7,0.73,34.26,8.05,4.18,0.44,21100,0.84,25.06,8.62,0.52,7.11,5.64,6,Transportation,Warehousing & Logistics,2025-12-31,2026-02-10
Ruchira Papers Ltd.,RUCHIRA,532785,RUCHIRA,INE803H01014,Paper & Paper Products,Commercial Services & Supplies,117.47,117.47,350.59,6.61,Export NA,6.69,7.3,47.41,31.83,22.88,-0.7,Export NA,2.32,0.52,0.7,19.57,5.75,4.07,17.76,-9.5,14.44,13.46,8.09,10.97,6.61,4.93,5,Commercial Services & Supplies,Paper & Paper Products,2025-12-31,2026-02-13
Rudra Global Infra Products Ltd.,RUDRA,539226,RUDRA,INE027T01023,Iron & Steel/Interm.Products,Metals & Mining,20.14,20.14,202.09,14.9,Export NA,22.91,22.89,22.86,23.8,32.33,-0.72,Export NA,1.11,0.78,1.47,23.99,5.3,3.24,1.35,-20.73,9.12,19.76,6.78,3.32,9.83,3.42,3,Metals & Mining,Iron & Steel/Interm.Products,2025-12-31,2026-05-20
Rudrabhishek Enterprises Ltd.,REPL,,REPL,INE364Z01019,Consulting Services,Commercial Services & Supplies,75.86,75.86,137.48,10.16,Export NA,22.61,23.59,11.21,31.83,18.83,-0.14,Export NA,2.32,3.97,0.9,7.78,5.75,5.68,7.47,-73.88,8.99,13.46,23.36,6.63,6.61,14.6,3,Commercial Services & Supplies,Consulting Services,2025-12-31,2026-02-14
Rulka Electricals Ltd.,RULKA,,RULKA,INE0R7301013,Construction & Engineering,Cement and Construction,105.9,105.9,45.1,13.71,Export NA,,,1.83,35.74,31.41,,Export NA,3.26,5.1,1.27,5.02,4.05,4.95,7.72,,8.78,11.25,12.93,4.52,4.61,4.29,4,Cement and Construction,Construction & Engineering,2026-03-31,2026-05-08
Rupa & Company Ltd.,RUPA,533552,RUPA,INE895B01021,Other Apparels & Accessories,Textiles Apparels & Accessories,142.33,142.33,1131.87,16.93,Export NA,23.27,24.84,15.37,53.79,43.2,-1.29,Export NA,2.24,2.85,1.1,0.99,15.41,13.14,8.41,-13.09,8.18,22.86,20.14,5.51,8.26,9.64,5,Textiles Apparels & Accessories,Other Apparels & Accessories,2025-12-31,2026-02-12
Rushil Decor Ltd.,RUSHIL,533470,RUSHIL,INE573K01025,Forest Products,Forest Materials,15.8,15.8,463.6,49.08,Export NA,18.02,24.58,79.67,57.43,59.25,-0.67,Export NA,6.14,6.55,0.72,6.5,5.86,6.15,0.32,-73.28,7.79,9.16,9.21,3.88,5.7,5.64,3,Forest Materials,Forest Products,2025-12-31,2026-05-05
S & S Power Switchgear Ltd.,S&SPOWER,517273,S&SPOWER,INE902B01017,Other Electrical Equipment/Products,Consumer Durables,381.3,381.3,470.59,58.53,Export NA,149.43,125.68,54.66,49.58,41.19,0.18,Export NA,1.45,1.34,5.73,17.7,9.42,8.51,6.51,332.82,-5.49,20.69,21.67,-1.71,10.95,11.03,2,Consumer Durables,Other Electrical Equipment/Products,2025-12-31,2026-02-10
S A Tech Software India Ltd.,SATECH,,SATECH,INE0BSN01013,IT Consulting & Software,Software & Services,45,45,58.76,7.9,Export NA,,,,22.39,21.42,,Export NA,10.02,10.72,1.51,,6.84,6.86,5.7,,18.76,28.07,30.42,12.36,17.17,18.42,5,Software & Services,IT Consulting & Software,2025-03-31,2025-11-13
S Chand & Company Ltd.,SCHAND,540497,SCHAND,INE807K01035,Publishing,Commercial Services & Supplies,168.54,168.54,594.48,12.37,Export NA,11.79,16.54,41.24,31.83,11.36,-2.24,Export NA,2.32,2.31,0.67,47.2,5.75,2.26,13.62,-5.52,6.41,13.46,21.92,5.02,6.61,16.27,7,Commercial Services & Supplies,Publishing,2025-12-31,2026-02-12
S D Retail Ltd.,SDREAMS,,SDREAMS,INE0X6F01017,Other Apparels & Accessories,Textiles Apparels & Accessories,89,89,166.63,19.48,Export NA,,,,53.79,43.2,,Export NA,2.24,2.85,1.51,,15.41,13.14,4.57,,7.74,22.86,20.14,4.86,8.26,9.64,3,Textiles Apparels & Accessories,Other Apparels & Accessories,2025-03-31,2025-11-12
S H Kelkar & Company Ltd.,SHK,539450,SHK,INE500L01026,Personal Products,FMCG,144.49,144.49,2000.04,11.77,Export NA,31.66,27.39,5.44,49.72,42.44,0,Export NA,14.09,18.07,1.47,10.07,20.61,13.33,12.28,3736.76,5.75,37.93,33.56,2.72,19.27,18.98,5,FMCG,Personal Products,2025-12-31,2026-05-15
S J Logistics (India) Ltd.,SJLOGISTIC,,SJLOGISTIC,INE0F3301020,Warehousing & Logistics,Transportation,293.45,293.45,448.78,8.55,Export NA,,,2.7,36.05,32.42,0.13,Export NA,4.72,1.7,1.81,3.04,8.05,4.18,34.33,67.17,24.13,25.06,8.62,17.64,7.11,5.64,4,Transportation,Warehousing & Logistics,2025-09-30,2025-11-12
S P Apparels Ltd.,SPAL,540048,SPAL,INE212I01016,Other Apparels & Accessories,Textiles Apparels & Accessories,811.7,811.7,2040.52,18.1,Export NA,21.18,17.34,62.74,53.79,43.2,0.86,Export NA,2.24,2.85,2.2,62.45,15.41,13.14,44.84,21.09,11.1,22.86,20.14,6.53,8.26,9.64,5,Textiles Apparels & Accessories,Other Apparels & Accessories,2025-12-31,2026-02-11
SAB Events & Governance Now Media Ltd.,SABEVENTS,540081,SABEVENTS,INE860T01019,Advertising & Media,Media,8.85,8.85,9.28,-16.82,Export NA,,,,25.23,29.21,0.85,Export NA,2.2,3.19,-4.13,,13.87,5.97,-0.53,-19.89,0,20.32,16.93,-59.21,15.35,7.63,3,Media,Advertising & Media,2025-12-31,2026-02-05
SAL Steel Ltd.,SALSTEEL,532604,SALSTEEL,INE658G01014,Iron & Steel/Interm.Products,Metals & Mining,58.07,58.07,840.66,-158.91,Export NA,850.65,458.61,,23.8,32.33,0.47,Export NA,1.11,0.78,8.47,82.17,5.3,3.24,-0.37,-336.16,-16.59,19.76,6.78,-1.89,9.83,3.42,0,Metals & Mining,Iron & Steel/Interm.Products,2025-12-31,2026-02-14
SAR Televenture Ltd.,SARTELE,,SARTELE,INE0PUC01020,Other Telecom Services,Telecom Services,146.75,146.75,735.91,15.69,Export NA,,,,32.83,29.56,,Export NA,1.4,1.02,0.83,,7.97,7.59,9.35,,5.49,22.38,22.4,4.95,6.78,7.98,2,Telecom Services,Other Telecom Services,2025-03-31,2025-11-14
SBC Exports Ltd.,SBC,542725,SBC,INE04AK01028,Other Apparels & Accessories,Textiles Apparels & Accessories,34.61,34.61,1648.09,54.86,Export NA,63.08,,75.09,53.79,43.2,0.77,Export NA,2.24,2.85,20.16,76.8,15.41,13.14,0.63,70.95,24.03,22.86,20.14,4.92,8.26,9.64,3,Textiles Apparels & Accessories,Other Apparels & Accessories,2025-12-31,2026-02-05
SBFC Finance Ltd.,SBFC,543959,SBFC,INE423Y01016,Finance (including NBFCs),Banking and Finance,92.76,92.76,10263.1,22.76,Export NA,,,2.36,22.6,26.34,0.74,Export NA,2.78,2.13,2.88,2.51,6.23,3.86,4.07,30.61,12.1,16.76,13.65,4.06,4.85,6.73,5,Banking and Finance,Finance (including NBFCs),2026-03-31,2026-04-25
SBI - ETF Nifty,SETFNIF50,590138,SETFNIF50,INF200KA1FS1,Others,Others,250.54,250.54,,,Export NA,,,,,,,Export NA,,,,,,,,,,,,,,,,Others,Others,,
SBI - ETF Quality,SBIETFQLTY,,SBIETFQLTY,INF200KA1WX6,Others,Others,216.91,216.91,,,Export NA,,,,,,,Export NA,,,,,,,,,,,,,,,,Others,Others,,
SBI BSE PSU Bank ETF,SBIBPB,544385,SBIBPB,INF200KB1712,Others,Others,46.73,46.73,,,Export NA,,,,,,,Export NA,,,,,,,,,,,,,,,,Others,Others,,
SBI Banking ETF,SETFNIFBK,590137,SETFNIFBK,INF200KA1580,Others,Others,548.11,548.11,,,Export NA,,,,,,,Export NA,,,,,,,,,,,,,,,,Others,Others,,
SBI Cards and Payment Services Ltd.,SBICARD,543066,SBICARD,INE018E01016,Finance (including NBFCs),Banking and Finance,625.1,625.1,59484.85,27.45,Export NA,35.58,38.12,0.54,22.6,26.34,2.1,Export NA,2.78,2.13,3.88,,6.23,3.86,22.77,13.07,13.77,16.76,13.65,3.26,4.85,6.73,5,Banking and Finance,Finance (including NBFCs),2026-03-31,2026-04-27
SBI ETF 10 Year Gilt,SETF10GILT,,SETF10GILT,INF200KA1JT1,Others,Others,257.48,257.48,,,Export NA,,,,,,,Export NA,,,,,,,,,,,,,,,,Others,Others,,
SBI ETF Consumption,SBIETFCON,,SBIETFCON,INF200KA1X17,Others,Others,115.11,115.11,,,Export NA,,,,,,,Export NA,,,,,,,,,,,,,,,,Others,Others,,
SBI ETF IT,SBIETFIT,,SBIETFIT,INF200KA1S14,Others,Others,311.66,311.66,,,Export NA,,,,,,,Export NA,,,,,,,,,,,,,,,,Others,Others,,
SBI ETF Private Bank,SBIETFPB,,SBIETFPB,INF200KA1S22,Others,Others,263.89,263.89,,,Export NA,,,,,,,Export NA,,,,,,,,,,,,,,,,Others,Others,,
SBI Gold Exchange Traded Scheme - Growth Option,SETFGOLD,590098,SETFGOLD,INF200KA16D8,Others,Others,128.29,128.29,,,Export NA,,,,,,,Export NA,,,,,,,,,,,,,,,,Others,Others,,
SBI Life Insurance Company Ltd.,SBILIFE,540719,SBILIFE,INE123W01016,Life Insurance,Banking and Finance,1833.9,1833.9,183957.06,74.47,Export NA,79.98,79.34,61.81,22.6,37.15,31.49,Export NA,2.78,8.98,9.75,36.73,6.23,5.97,24.63,2.36,12.94,16.76,24.95,0.49,4.85,0.65,5,Banking and Finance,Life Insurance,2026-03-31,2026-04-22
SBI Nifty 1D Rate Liquid ETF,LIQUIDSBI,544010,LIQUIDSBI,INF200KA13Z8,Others,Others,999.99,999.99,,,Export NA,,,,,,,Export NA,,,,,,,,,,,,,,,,Others,Others,,
SBI Nifty 1D Rate Liquid ETF - Growth,SBILIQETF,544478,SBILIQETF,INF200KB1969,Others,Others,1038.45,1038.45,,,Export NA,,,,,,,Export NA,,,,,,,,,,,,,,,,Others,Others,,
SBI Nifty Junior ETF,SETFNN50,,SETFNN50,INF200KA1598,Others,Others,734.16,734.16,,,Export NA,,,,,,,Export NA,,,,,,,,,,,,,,,,Others,Others,,
SBI Nifty Midcap 150 ETF,SBINMID150,544745,SBINMID150,INF200KB1AK8,Others,Others,22.01,22.01,,,Export NA,,,,,,,Export NA,,,,,,,,,,,,,,,,Others,Others,,
SBI Nifty Midcap 150 Momentum 50 ETF,SBIMIDMOM,544722,SBIMIDMOM,INF200KB1AJ0,Others,Others,61.37,61.37,,,Export NA,,,,,,,Export NA,,,,,,,,,,,,,,,,Others,Others,,
SBI Nifty50 Equal Weight ETF,SBINEQWETF,544215,SBINEQWETF,INF200KB1282,Others,Others,32.06,32.06,,,Export NA,,,,,,,Export NA,,,,,,,,,,,,,,,,Others,Others,,
SBI Silver ETF,SBISILVER,544206,SBISILVER,INF200KB1217,Others,Others,257.82,257.82,,,Export NA,,,,,,,Export NA,,,,,,,,,,,,,,,,Others,Others,,
SEDEMAC Mechatronics Ltd.,SEDEMAC,544723,SEDEMAC,INE00XB01019,Auto Parts & Equipment,Automobiles & Auto Components,1974.4,1974.4,8635.43,,Export NA,,,,32.11,41.7,,Export NA,5.07,3.31,21.04,,6.96,6.81,,,15.5,19.05,15.01,9.57,9.43,7.82,7,Automobiles & Auto Components,Auto Parts & Equipment,2025-03-31,2026-05-18
SEL Manufacturing Company Ltd.,SELMC,532886,SELMC,INE105I01020,Textiles,Textiles Apparels & Accessories,29.88,29.88,99.01,-0.6,Export NA,,,,53.79,32.96,0.02,Export NA,2.24,6.53,-0.29,,15.41,3.67,-50.12,-25.62,0,22.86,11.51,-13.78,8.26,7.43,2,Textiles Apparels & Accessories,Textiles,2025-12-31,2026-02-07
SEPC Ltd.,SEPC,532945,SEPC,INE964H01014,Construction & Engineering,Cement and Construction,7.32,7.32,1402.16,28.14,Export NA,123,123,20.23,35.74,31.41,0.21,Export NA,3.26,5.1,0.75,27.46,4.05,4.95,0.26,131.95,1.73,11.25,12.93,1.04,4.61,4.29,5,Cement and Construction,Construction & Engineering,2025-12-31,2026-02-07
SG Finserve Ltd.,SGFIN,539199,SGFIN,INE618R01015,Other Financial Services,Banking and Finance,575.6,575.6,3792.92,29.71,Export NA,74.27,390.06,55.36,22.6,36.93,0.52,Export NA,2.78,3.57,3.41,71.05,6.23,99.98,19.37,57.62,8.74,16.76,19.97,3.05,4.85,11.89,4,Banking and Finance,Other Financial Services,2026-03-31,2026-04-16
SG Mart Ltd.,SGMART,512329,SGMART,INE385F01024,Power - Electric Utilities,Utilities,594.8,594.8,7494.48,67.48,Export NA,9901.05,5391.85,98.15,24.91,29.95,9.11,Export NA,27.85,1.43,4.87,96.94,5.52,4.23,8.81,7.41,6.95,14.21,16.2,4.93,5.38,5.79,7,Utilities,Power - Electric Utilities,2026-03-31,2026-05-04
SIL Investments Ltd.,SILINV,521194,SILINV,INE923A01015,Other Financial Services,Banking and Finance,465.35,465.35,493.08,13.04,Export NA,20.34,15.23,52.69,22.6,36.93,0.59,Export NA,2.78,3.57,0.17,18.8,6.23,99.98,35.68,22.24,0.98,16.76,19.97,0.87,4.85,11.89,5,Banking and Finance,Other Financial Services,2026-03-31,2026-05-12
SIS Ltd.,SIS,540673,SIS,INE285J01028,Misc. Commercial Services,Commercial Services & Supplies,373.45,373.45,5276.67,38.29,Export NA,209,115.97,77.18,31.83,27.25,0.04,Export NA,2.32,0.82,2.23,14.69,5.75,5.02,9.75,1069.05,5.41,13.46,17.32,1.8,6.61,12.13,8,Commercial Services & Supplies,Misc. Commercial Services,2026-03-31,2026-04-30
SITI Networks Ltd.,SITINET,532795,SITINET,INE965H01011,Broadcasting & Cable TV,Media,0.34,0.34,29.65,-0.15,Export NA,-0.56,-0.61,,25.23,18.11,0,Export NA,2.2,0.97,-0.03,,13.87,1.42,-2.26,-71.58,0,20.32,9.89,-15.92,15.35,8.83,2,Media,Broadcasting & Cable TV,2025-09-30,2023-08-14
SJS Enterprises Ltd.,SJS,543387,SJS,INE284S01014,Auto Parts & Equipment,Automobiles & Auto Components,1968.6,1968.6,6298.89,36.9,Export NA,36.68,,88.79,32.11,41.7,0.82,Export NA,5.07,3.31,7.89,95.05,6.96,6.81,53.35,44.89,19.66,19.05,15.01,15.34,9.43,7.82,8,Automobiles & Auto Components,Auto Parts & Equipment,2026-03-31,2026-05-05
SJVN Ltd.,SJVN,533206,SJVN,INE002L01015,Green & Renewable Energy,Utilities,74.25,74.25,29178.73,46.14,Export NA,46.24,31.87,80.2,24.91,30.52,-1.24,Export NA,27.85,5.83,1.97,78.55,5.52,10.28,1.61,-37.28,5.78,14.21,10.31,1.77,5.38,3.49,5,Utilities,Green & Renewable Energy,2025-12-31,2026-05-15
SKF India (Industrial) Ltd.,SKFINDUS,544572,SKFINDUS,INE2J8701016,Abrasives & Bearings,General Industrials,2038.2,2038.2,10076.45,,Export NA,,,,58.9,57.14,,Export NA,5.74,4.1,206.46,,14.56,22.89,,,0,19.77,15.42,-687.3,10.29,12.49,1,General Industrials,Abrasives & Bearings,2025-12-31,2026-05-12
SKF India Ltd.,SKFINDIA,500472,SKFINDIA,INE640A01023,Abrasives & Bearings,General Industrials,1669.7,1669.7,8254.66,16.88,Export NA,35.82,42.09,5.16,58.9,57.14,-1.86,Export NA,5.74,4.1,2.93,0.8,14.56,22.89,98.91,-9.09,21.78,19.77,15.42,15.87,10.29,12.49,7,General Industrials,Abrasives & Bearings,2025-12-31,2026-05-13
SKIL Infrastructure Ltd.,SKIL,539861,SKIL,INE429F01012,Construction & Engineering,Cement and Construction,1,1,21.66,1.7,Export NA,8.51,1.56,45.76,35.74,31.41,-0.02,Export NA,3.26,5.1,0.11,13.91,4.05,4.95,0.59,-98.87,4.6,11.25,12.93,0.27,4.61,4.29,5,Cement and Construction,Construction & Engineering,2024-06-30,2024-06-06
SKM Egg Products Export (India) Ltd.,SKMEGGPROD,532143,SKMEGGPROD,INE411D01023,Other Food & Beverages,"Food, Beverages & Tobacco",167.98,167.98,884.58,11.43,Export NA,16.34,19.95,31.68,28.35,46.65,0.11,Export NA,1.73,2.98,2.4,61.95,8.04,15.04,14.7,102.09,11.41,26.28,15.61,7.01,19.55,11.14,7,"Food, Beverages & Tobacco",Other Food & Beverages,2025-12-31,2026-05-22
SKP Bearing Industries Ltd.,SKP,,SKP,INE0KZA01016,Other Industrial Products,General Industrials,156.2,156.2,259.29,87.2,Export NA,,,34.32,58.9,44.01,,Export NA,5.74,4.34,5.24,16.27,14.56,20.86,1.79,,5.8,19.77,22.24,3.07,10.29,12.05,4,General Industrials,Other Industrial Products,2025-12-31,2026-02-13
SMC Global Securities Ltd.,SMCGLOBAL,543263,SMCGLOBAL,INE103C01036,Capital Markets,Banking and Finance,61.08,61.08,1279.02,12.54,Export NA,9.25,8,93.17,22.6,49.83,-0.42,Export NA,2.78,1.85,0.98,28.78,6.23,18.07,4.87,-29.98,7.82,16.76,28.37,1.77,4.85,12.93,2,Banking and Finance,Capital Markets,2026-03-31,2026-05-02
SML Mahindra Ltd.,SMLMAH,505192,SMLMAH,INE294B01019,Commercial Vehicles,Automobiles & Auto Components,3614.2,3614.2,5230.33,32.74,Export NA,31.15,51.52,36.48,32.11,34.76,1.05,Export NA,5.07,1.94,11.34,90.98,6.96,9.25,110.39,31.3,30.76,19.05,20.77,11.43,9.43,7.69,8,Automobiles & Auto Components,Commercial Vehicles,2026-03-31,2026-04-20
SMS Pharmaceuticals Ltd.,SMSPHARMA,532815,SMSPHARMA,INE812G01025,Pharmaceuticals,Pharmaceuticals & Biotechnology,402,402,3563.81,39.78,Export NA,41.15,28.01,82.35,42.18,42.23,1.12,Export NA,2.39,2.39,4.74,95.53,7.57,7.72,10.11,35.54,10.8,17.72,18.15,5.99,11.9,12.17,7,Pharmaceuticals & Biotechnology,Pharmaceuticals,2025-12-31,2026-02-07
SMVD Poly Pack Ltd.,SMVD,,SMVD,INE702Y01013,Containers & Packaging,Commercial Services & Supplies,11,11,11.03,1.01,Export NA,30.04,26.74,6.81,31.83,23.27,,Export NA,2.32,5.49,0.89,100,5.75,2.74,10.87,,-55.73,13.46,10.99,215.15,6.61,7.3,3,Commercial Services & Supplies,Containers & Packaging,2025-03-31,2025-11-14
SP Refractories Ltd.,SPRL,,SPRL,INE0JW501011,Other Industrial Goods,General Industrials,94,94,16.82,8.05,Export NA,22.3,,,58.9,41.26,,Export NA,5.74,2.07,1.14,,14.56,13.23,11.68,,16.6,19.77,30.81,11.07,10.29,18.64,5,General Industrials,Other Industrial Goods,2025-03-31,2025-11-14
SPL Industries Ltd.,SPLIL,532651,SPLIL,INE978G01016,Other Apparels & Accessories,Textiles Apparels & Accessories,30.92,30.92,89.67,14.85,Export NA,12.29,10.37,75.85,53.79,43.2,-0.33,Export NA,2.24,2.85,0.42,0.51,15.41,13.14,2.08,-45.6,5.32,22.86,20.14,4.4,8.26,9.64,6,Textiles Apparels & Accessories,Other Apparels & Accessories,2025-12-31,2026-02-13
SPML Infra Ltd.,SPMLINFRA,500402,SPMLINFRA,INE937A01023,Construction & Engineering,Cement and Construction,200.35,200.35,1681.26,28.26,Export NA,37.37,2107.36,32.72,35.74,31.41,0.24,Export NA,3.26,5.1,2.04,87.2,4.05,4.95,7.09,119.94,6.22,11.25,12.93,2.43,4.61,4.29,5,Cement and Construction,Construction & Engineering,2025-12-31,2026-02-12
SPP Polymer Ltd.,SPPPOLY,,SPPPOLY,INE0QR801013,Plastic Products,General Industrials,13.3,13.3,20.47,18.18,Export NA,,,,58.9,35.79,,Export NA,5.74,3.64,0.41,,14.56,7.73,0.73,,2.2,19.77,14.6,1.39,10.29,10.46,3,General Industrials,Plastic Products,2025-03-31,2025-11-14
SRF Ltd.,SRF,503806,SRF,INE647A01010,Specialty Chemicals,Chemicals & Petrochemicals,2721.2,2721.2,80663.12,43.95,Export NA,61.22,48.37,79.47,42.23,47.85,0.94,Export NA,3.64,2.93,5.89,60.79,6.18,7.62,61.91,46.72,13.06,13.61,14.82,7.6,9.15,10.12,7,Chemicals & Petrochemicals,Specialty Chemicals,2026-03-31,2026-05-05
SRG Housing Finance Ltd.,SRGHFL,534680,SRGHFL,INE559N01010,Housing Finance,Banking and Finance,294.15,294.15,461.87,14.22,Export NA,21.73,18.78,34.87,22.6,18.02,0.43,Export NA,2.78,0.99,1.61,6.67,6.23,2.32,20.69,33.19,10.94,16.76,13.46,2.76,4.85,3.64,2,Banking and Finance,Housing Finance,2026-03-31,2026-05-11
SRM Contractors Ltd.,SRM,544158,SRM,INE0R6Z01013,Construction & Engineering,Cement and Construction,477.3,477.3,1095.13,13.52,Export NA,,,11.75,35.74,31.41,0.12,Export NA,3.26,5.1,3.39,9.23,4.05,4.95,35.31,117.27,19.96,11.25,12.93,13.49,4.61,4.29,7,Cement and Construction,Construction & Engineering,2025-12-31,2026-02-13
STEL Holdings Ltd.,STEL,533316,STEL,INE577L01016,Holding Companies,Diversified,460.5,460.5,849.87,28.76,Export NA,56.03,41.12,59.26,24.34,28.32,0.33,Export NA,1.86,1.91,0.45,70.25,2.7,2.66,16.01,86.39,0.9,11.19,11.42,0.82,3.16,3.21,6,Diversified,Holding Companies,2025-12-31,2026-01-28
STL Global Ltd.,SGL,532730,SGL,INE353H01010,Textiles,Textiles Apparels & Accessories,11.76,11.76,32.28,337.74,Export NA,,147.62,98.21,53.79,32.96,3.08,Export NA,2.24,6.53,1.2,4.56,15.41,3.67,0.03,109.68,-2.5,22.86,11.51,-1.09,8.26,7.43,6,Textiles Apparels & Accessories,Textiles,2025-12-31,2026-02-11
STL Networks Ltd.,STLNETWORK,544395,STLNETWORK,INE1VXE01018,Telecom Equipment,Telecommunications Equipment,25.44,25.44,1241.27,-12.52,Export NA,,,,62.37,54.53,0.06,Export NA,3.45,8.41,1.45,98.8,10.31,13.61,-2.03,-210.2,-12.38,6.95,9.86,-3.47,3.76,6.93,1,Telecommunications Equipment,Telecom Equipment,2026-03-31,2026-05-07
SVP Global Textiles Ltd.,SVPGLOB,505590,SVPGLOB,INE308E01029,Textiles,Textiles Apparels & Accessories,4.25,4.25,53.76,-0.06,Export NA,,2.34,,53.79,32.96,0,Export NA,2.24,6.53,-0.04,,15.41,3.67,-72.44,-117.38,0,22.86,11.51,-38.04,8.26,7.43,1,Textiles Apparels & Accessories,Textiles,2025-12-31,2026-02-13
Saakshi Medtech & Panels Ltd.,SAAKSHI,,SAAKSHI,INE0PSK01027,Heavy Electrical Equipment,General Industrials,237.25,237.25,418.89,88.94,Export NA,,,100,58.9,71.23,,Export NA,5.74,3.65,4,51.97,14.56,15.26,2.67,,4.8,19.77,17.01,3.58,10.29,8.7,3,General Industrials,Heavy Electrical Equipment,2025-03-31,2025-11-14
Saatvik Green Energy Ltd.,SAATVIKGL,544526,SAATVIKGL,INE13B501022,Other Electrical Equipment/Products,Consumer Durables,445.75,445.75,5665.71,14.45,Export NA,,,39.07,49.58,41.19,,Export NA,1.45,1.34,4.35,,9.42,8.51,30.84,,63.41,20.69,21.67,13.08,10.95,11.03,4,Consumer Durables,Other Electrical Equipment/Products,2025-12-31,2026-02-04
Sabar Flex India Ltd.,SABAR,,SABAR,INE0DZ101013,Containers & Packaging,Commercial Services & Supplies,4.9,4.9,8.5,12.06,Export NA,,,51.23,31.83,23.27,,Export NA,2.32,5.49,0.26,13.19,5.75,2.74,0.41,,1.88,13.46,10.99,0.94,6.61,7.3,2,Commercial Services & Supplies,Containers & Packaging,2025-03-31,2025-11-13
Sacheerome Ltd.,SACHEEROME,,SACHEEROME,INE1ARD01016,Personal Products,FMCG,336.05,336.05,751.84,47.04,Export NA,,,100,49.72,42.44,,Export NA,14.09,18.07,5.57,86.3,20.61,13.33,7.14,,25.78,37.93,33.56,18.87,19.27,18.98,5,FMCG,Personal Products,2025-03-31,2025-11-12
Sadbhav Engineering Ltd.,SADBHAV,532710,SADBHAV,INE226H01026,Construction & Engineering,Cement and Construction,8.56,8.56,146.86,-0.7,Export NA,,,,35.74,31.41,-0.02,Export NA,3.26,5.1,-0.43,,4.05,4.95,-12.2,29.67,0,11.25,12.93,-2.84,4.61,4.29,3,Cement and Construction,Construction & Engineering,2025-12-31,2026-02-14
Sadbhav Infrastructure Project Ltd.,SADBHIN,539346,SADBHIN,INE764L01010,Roads & Highways,Cement and Construction,2.72,2.72,95.81,-0.55,Export NA,,,,35.74,6.99,0,Export NA,3.26,0.03,-0.16,,4.05,1.13,-4.9,-117.23,0,11.25,24.35,-1.43,4.61,8.72,4,Cement and Construction,Roads & Highways,2025-12-31,2026-02-12
Sadhana Nitro Chem Ltd.,SADHNANIQ,506642,SADHNANIQ,INE888C01040,Commodity Chemicals,Chemicals & Petrochemicals,2.58,2.58,764.89,-15.71,Export NA,501.44,338.11,,42.23,39.75,0.01,Export NA,3.64,7.92,1.56,9.58,6.18,4.79,-0.16,-1323.62,2.69,13.61,12.96,1.18,9.15,8.15,6,Chemicals & Petrochemicals,Commodity Chemicals,2025-12-31,2026-02-10
Sadhav Shipping Ltd.,SADHAV,,SADHAV,INE0K5H01010,Shipping,Transportation,112.35,112.35,181.25,15.42,Export NA,,,59.86,36.05,15.93,,Export NA,4.72,0.19,1.61,35.64,8.05,10.04,7.29,,11.81,25.06,18.78,4.66,7.11,14.46,3,Transportation,Shipping,2025-12-31,2026-05-14
Safari Industries (India) Ltd.,SAFARI,523025,SAFARI,INE429E01023,Other Apparels & Accessories,Textiles Apparels & Accessories,1478.8,1478.8,7229.26,43.05,Export NA,66.52,89.92,9.91,53.79,43.2,3.27,Export NA,2.24,2.85,6.71,30.77,15.41,13.14,34.35,13.15,14.97,22.86,20.14,10.82,8.26,9.64,4,Textiles Apparels & Accessories,Other Apparels & Accessories,2025-12-31,2026-02-10
Safe Enterprises Retail Fixtures Ltd.,SAFEENTP,,SAFEENTP,INE17D601016,Misc. Commercial Services,Commercial Services & Supplies,258.25,258.25,1203.56,30.71,Export NA,,,100,31.83,27.25,,Export NA,2.32,0.82,4.69,,5.75,5.02,8.41,,54.36,13.46,17.32,38.43,6.61,12.13,4,Commercial Services & Supplies,Misc. Commercial Services,2025-03-31,2025-11-10
Sagar Cements Ltd.,SAGCEM,502090,SAGCEM,INE229C01021,Cement & Cement Products,Cement and Construction,179.29,179.29,2343.45,-13.83,Export NA,,86.26,,35.74,39.23,0.4,Export NA,3.26,1.71,1.45,22.78,4.05,3.41,-12.96,-34.72,-12.17,11.25,8.66,-5.02,4.61,4.59,3,Cement and Construction,Cement & Cement Products,2025-12-31,2026-05-13
Sagardeep Alloys Ltd.,SAGARDEEP,,SAGARDEEP,INE976T01013,Other Non-Ferrous Metals,Metals & Mining,23.52,23.52,40.12,18.77,Export NA,43.34,64.45,3.2,23.8,22.49,0.21,Export NA,1.11,0.62,1.27,1.68,5.3,14.36,1.25,91.49,6.41,19.76,56.36,4.8,9.83,29.99,8,Metals & Mining,Other Non-Ferrous Metals,2025-12-31,2026-02-06
Sagility Ltd.,SAGILITY,544282,SAGILITY,INE0W2G01015,Misc. Commercial Services,Commercial Services & Supplies,43.09,43.09,20171.84,23.74,Export NA,,,12.5,31.83,27.25,0.25,Export NA,2.32,0.82,2.2,7.07,5.75,5.02,1.81,94.53,6.46,13.46,17.32,4.87,6.61,12.13,9,Commercial Services & Supplies,Misc. Commercial Services,2025-12-31,2026-05-12
Sahaj Solar Ltd.,SAHAJSOLAR,,SAHAJSOLAR,INE0P4701011,Industrial Machinery,General Industrials,145.65,145.65,320.02,11.62,Export NA,,,69.51,58.9,58.76,,Export NA,5.74,4.45,2.82,67.07,14.56,20.55,12.54,,25.35,19.77,24.18,9.05,10.29,13.59,4,General Industrials,Industrial Machinery,2025-03-31,2026-05-16
Sahana System Ltd.,SAHANA,,SAHANA,INE0LEX01011,IT Consulting & Software,Software & Services,856.05,856.05,756.5,21.33,Export NA,,,17.49,22.39,21.42,,Export NA,10.02,10.72,3.75,,6.84,6.86,40.13,,20.14,28.07,30.42,14.29,17.17,18.42,2,Software & Services,IT Consulting & Software,2025-03-31,2025-05-08
Sahasra Electronic Solutions Ltd.,SAHASRA,,SAHASRA,INE0RBQ01018,Electronic Components,Commercial Services & Supplies,304.95,304.95,762.16,272.04,Export NA,,,55.65,31.83,88.21,,Export NA,2.32,15.22,3.38,52.17,5.75,18.3,1.12,,1.26,13.46,12.44,0.82,6.61,7.37,1,Commercial Services & Supplies,Electronic Components,2025-03-31,2025-11-14
Sahyadri Industries Ltd.,SAHYADRI,532841,SAHYADRI,INE280H01015,Cement & Cement Products,Cement and Construction,309.9,309.9,339.23,11.7,Export NA,14.32,11.55,55.34,35.74,39.23,0.24,Export NA,3.26,1.71,0.86,37.23,4.05,3.41,26.49,49.12,7.14,11.25,8.66,5.45,4.61,4.59,9,Cement and Construction,Cement & Cement Products,2026-03-31,2026-05-09
Sai Life Science Ltd.,SAILIFE,544306,SAILIFE,INE570L01029,Pharmaceuticals,Pharmaceuticals & Biotechnology,1083.8,1083.8,22979.11,69.02,Export NA,,,34.3,42.18,42.23,0.49,Export NA,2.39,2.39,9.69,91.57,7.57,7.72,15.7,141.28,7.99,17.72,18.15,5.38,11.9,12.17,7,Pharmaceuticals & Biotechnology,Pharmaceuticals,2025-12-31,2026-05-14
Sai Parenterals Ltd.,SAIPARENT,544742,SAIPARENT,INE0H9F01037,Pharmaceuticals,Pharmaceuticals & Biotechnology,473.25,473.25,2090.78,,Export NA,,,,42.18,42.23,,Export NA,2.39,2.39,9.91,,7.57,7.72,,,15.43,17.72,18.15,5.3,11.9,12.17,6,Pharmaceuticals & Biotechnology,Pharmaceuticals,2025-03-31,
Sai Silks (Kalamandir) Ltd.,KALAMANDIR,543989,KALAMANDIR,INE438K01021,Other Apparels & Accessories,Textiles Apparels & Accessories,108.34,108.34,1661.57,13.64,Export NA,25.77,,7.87,53.79,43.2,0.65,Export NA,2.24,2.85,1.35,5.09,15.41,13.14,7.94,21.05,7.54,22.86,20.14,5.2,8.26,9.64,7,Textiles Apparels & Accessories,Other Apparels & Accessories,2025-12-31,2026-05-12
Saj Hotels Ltd.,SAJHOTELS,,SAJHOTELS,INE00MT01022,Hotels,Hotels Restaurants & Tourism,38.15,38.15,61.52,22.21,Export NA,,,36.67,44.23,40.73,-0.76,Export NA,3.41,2.69,0.52,,8.2,7.29,1.72,-29.27,2.31,12.41,12.19,1.91,7.26,7.71,3,Hotels Restaurants & Tourism,Hotels,2026-03-31,2026-05-05
Sakar Healthcare Ltd.,SAKAR,,SAKAR,INE732S01012,Pharmaceuticals,Pharmaceuticals & Biotechnology,569.65,569.65,1267.47,41.58,Export NA,54.28,49.03,56.15,42.18,42.23,0.56,Export NA,2.39,2.39,4.04,91.18,7.57,7.72,13.7,74.18,6.13,17.72,18.15,4.21,11.9,12.17,4,Pharmaceuticals & Biotechnology,Pharmaceuticals,2026-03-31,2026-05-12
Saksoft Ltd.,SAKSOFT,590051,SAKSOFT,INE667G01023,IT Consulting & Software,Software & Services,141.12,141.12,1870.56,14.69,Export NA,26.06,27.14,60.21,22.39,21.42,0.59,Export NA,10.02,10.72,2.55,64.72,6.84,6.86,9.61,24.9,17.57,28.07,30.42,10.95,17.17,18.42,4,Software & Services,IT Consulting & Software,2025-12-31,2026-02-02
Sakthi Sugars Ltd.,SAKHTISUG,507315,SAKHTISUG,INE623A01011,Sugar,"Food, Beverages & Tobacco",17.98,17.98,213.69,13.59,Export NA,3.09,3.89,93.85,28.35,27.86,-0.16,Export NA,1.73,1.26,1.51,36.75,8.04,2.67,1.32,-86.13,40.25,26.28,9.03,5.22,19.55,4.86,5,"Food, Beverages & Tobacco",Sugar,2025-12-31,2026-02-12
Sakuma Exports Ltd.,SAKUMA,532713,SAKUMA,INE190H01024,Commodity Trading  & Distribution,Commercial Services & Supplies,1.8,1.8,282.2,37.67,Export NA,22.85,20.59,96.46,31.83,33.18,-0.47,Export NA,2.32,1.21,0.39,17.52,5.75,5.32,0.05,-79.37,2.09,13.46,12.19,1.62,6.61,4.31,4,Commercial Services & Supplies,Commodity Trading  & Distribution,2025-12-31,2026-02-14
Salasar Exteriors and Contour Ltd.,SECL,,SECL,INE00Y701026,Construction & Engineering,Cement and Construction,3.45,3.45,35.52,48.24,Export NA,124.97,124.97,60.74,35.74,31.41,,Export NA,3.26,5.1,2.55,64.94,4.05,4.95,0.07,,5.77,11.25,12.93,2.09,4.61,4.29,5,Cement and Construction,Construction & Engineering,2025-03-31,2025-11-12
Salasar Techno Engineering Ltd.,SALASAR,540642,SALASAR,INE170V01027,Construction & Engineering,Cement and Construction,7.14,7.14,1248.04,51.14,Export NA,55.04,51.05,86.4,35.74,31.41,-1.02,Export NA,3.26,5.1,1.52,35.65,4.05,4.95,0.14,-50.32,2.43,11.25,12.93,1.1,4.61,4.29,3,Cement and Construction,Construction & Engineering,2025-12-31,2026-02-14
Salona Cotspin Ltd.,SALONA,590056,SALONA,INE498E01010,Textiles,Textiles Apparels & Accessories,284.2,284.2,149.56,14809.8,Export NA,34.44,21.33,99.88,53.79,32.96,-148.31,Export NA,2.24,6.53,1.75,55.85,15.41,3.67,0.02,-99.85,3.79,22.86,11.51,0.88,8.26,7.43,6,Textiles Apparels & Accessories,Textiles,2025-12-31,2026-02-09
Salzer Electronics Ltd.,SALZERELEC,517059,SALZERELEC,INE457F01013,Other Electrical Equipment/Products,Consumer Durables,715,715,1264.31,23.92,Export NA,29.46,24.13,77.22,49.58,41.19,-1.01,Export NA,1.45,1.34,2.17,67.6,9.42,8.51,29.89,-23.74,9.34,20.69,21.67,4.3,10.95,11.03,3,Consumer Durables,Other Electrical Equipment/Products,2025-12-31,2026-05-23
Samay Project Services Ltd.,SAMAY,,SAMAY,INE124101010,Construction & Engineering,Cement and Construction,41.4,41.4,63.55,15.15,Export NA,,,100,35.74,31.41,,Export NA,3.26,5.1,1.77,23.53,4.05,4.95,2.73,,20.73,11.25,12.93,13.19,4.61,4.29,3,Cement and Construction,Construction & Engineering,2025-03-31,2025-11-10
Sambhaav Media Ltd.,SAMBHAAV,511630,SAMBHAAV,INE699B01027,Publishing,Commercial Services & Supplies,6.74,6.74,128.81,-681.5,Export NA,275.27,2689.86,,31.83,11.36,6.36,Export NA,2.32,2.31,1.54,71.49,5.75,2.26,-0.01,-107.18,-0.07,13.46,21.92,-0.05,6.61,16.27,5,Commercial Services & Supplies,Publishing,2025-12-31,2026-05-20
Sambhv Steel Tubes Ltd.,SAMBHV,544430,SAMBHV,INE12NJ01018,Iron & Steel Products,Metals & Mining,113.82,113.82,3353.95,23.59,Export NA,,,,23.8,30.63,0.06,Export NA,1.11,1.79,3.35,,5.3,6.46,4.82,423.87,13.49,19.76,18.83,6.88,9.83,10.86,7,Metals & Mining,Iron & Steel Products,2026-03-31,2026-05-09
Sameera Agro And Infra Ltd.,SAIFL,,SAIFL,INE0PZA01015,Other Agricultural Products,"Food, Beverages & Tobacco",7.5,7.5,44.66,3.08,Export NA,,,7.78,28.35,21.91,0.18,Export NA,1.73,1.77,0.52,43.31,8.04,3.56,2.44,17.16,10.81,26.28,16.12,7.7,19.55,8.43,6,"Food, Beverages & Tobacco",Other Agricultural Products,2026-03-31,2026-04-06
Samhi Hotels Ltd.,SAMHI,543984,SAMHI,INE08U801020,Hotels,Hotels Restaurants & Tourism,153.88,153.88,3418.21,17.51,Export NA,,,7.3,44.23,40.73,0.06,Export NA,3.41,2.69,1.87,,8.2,7.29,8.79,283.26,7.48,12.41,12.19,2.33,7.26,7.71,5,Hotels Restaurants & Tourism,Hotels,2025-12-31,2026-01-28
Sammaan Capital Ltd.,SAMMAANCAP,535789,SAMMAANCAP,INE148I01020,Housing Finance,Banking and Finance,139.41,139.41,16169.68,12.62,Export NA,14.06,13.57,77.22,22.6,18.02,0.07,Export NA,2.78,0.99,0.71,52.08,6.23,2.32,11.04,170.69,-8.28,16.76,13.46,-2.57,4.85,3.64,5,Banking and Finance,Housing Finance,2025-12-31,2026-02-04
Sampann Utpadan India Ltd.,SAMPANN,534598,SAMPANN,INE735M01018,Auto Tyres & Rubber Products,Automobiles & Auto Components,27.3,27.3,133.25,19.65,Export NA,,,70.5,32.11,25.9,0.28,Export NA,5.07,0.9,3,52.13,6.96,2.87,1.39,70.53,14.84,19.05,10.97,4.5,9.43,6.34,6,Automobiles & Auto Components,Auto Tyres & Rubber Products,2026-03-31,2026-04-25
Samvardhana Motherson International Ltd.,MOTHERSON,517334,MOTHERSON,INE775A01035,Auto Parts & Equipment,Automobiles & Auto Components,124.26,124.26,131149.5,38.43,Export NA,35.85,44.74,68.26,32.11,41.7,-2.23,Export NA,5.07,3.31,3.45,47.05,6.96,6.81,3.23,-17.25,10.9,19.05,15.01,4.09,9.43,7.82,6,Automobiles & Auto Components,Auto Parts & Equipment,2025-12-31,2026-05-20
Sanathan Textiles Ltd.,SANATHAN,544314,SANATHAN,INE0JPD01013,Textiles,Textiles Apparels & Accessories,444.4,444.4,3750.92,37.72,Export NA,,,97.34,53.79,32.96,-0.92,Export NA,2.24,6.53,2.03,34.62,15.41,3.67,11.78,-41.19,8.87,22.86,11.51,4.54,8.26,7.43,4,Textiles Apparels & Accessories,Textiles,2025-12-31,2026-05-15
Sanco Industries Ltd.,SANCO,,SANCO,INE782L01012,Plastic Products,General Industrials,3.22,3.22,4.21,-10.61,Export NA,32.72,29.84,,58.9,35.79,-0.38,Export NA,5.74,3.64,-0.71,,14.56,7.73,-0.3,27.83,0,19.77,14.6,-0.63,10.29,10.46,1,General Industrials,Plastic Products,2025-03-31,2025-08-14
Sandesh Ltd.,SANDESH,526725,SANDESH,INE583B01015,Publishing,Commercial Services & Supplies,1073,1073,812.2,7.41,Export NA,8.56,7.97,74.43,31.83,11.36,-0.34,Export NA,2.32,2.31,0.56,9.13,5.75,2.26,144.82,-21.59,5.69,13.46,21.92,5.34,6.61,16.27,6,Commercial Services & Supplies,Publishing,2025-12-31,2026-02-05
Sandhar Technologies Ltd.,SANDHAR,541163,SANDHAR,INE278H01035,Auto Parts & Equipment,Automobiles & Auto Components,505.95,505.95,3045.35,17.16,Export NA,24.6,26.77,16,32.11,41.7,0.54,Export NA,5.07,3.31,2.42,61.63,6.96,6.81,29.48,31.55,12.43,19.05,15.01,5.07,9.43,7.82,6,Automobiles & Auto Components,Auto Parts & Equipment,2025-12-31,2026-02-11
Sandur Manganese & Iron Ores Ltd.,SANDUMA,504918,SANDUMA,INE149K01016,Coal & Mining,Metals & Mining,223.62,223.62,10870.28,16.55,Export NA,25.19,16.83,68.82,23.8,13.83,0.42,Export NA,1.11,3.11,3.6,92.65,5.3,4.81,13.51,39.66,20.18,19.76,23.55,11.88,9.83,10.77,6,Metals & Mining,Coal & Mining,2026-03-31,2026-05-07
Sangam (India) Ltd.,SANGAMIND,514234,SANGAMIND,INE495C01010,Textiles,Textiles Apparels & Accessories,492.35,492.35,2473.89,29.95,Export NA,57.32,35.01,55.4,53.79,32.96,0.19,Export NA,2.24,6.53,2.37,92.83,15.41,3.67,16.44,159.75,7.67,22.86,11.51,2.49,8.26,7.43,8,Textiles Apparels & Accessories,Textiles,2026-03-31,2026-04-22
Sangani Hospitals Ltd.,SANGANI,,SANGANI,INE0OVI01010,Healthcare Facilities,Healthcare,54.8,54.8,75.5,29.12,Export NA,,,52.17,64.81,71.3,,Export NA,6.11,6.58,2.04,45.06,9.5,9.54,1.88,,7.18,14.74,13.76,6.61,8.39,7.2,3,Healthcare,Healthcare Facilities,2025-03-31,2025-11-14
Sanghvi Movers Ltd.,SANGHVIMOV,530073,SANGHVIMOV,INE989A01032,Transport Related Services,Transportation,312.35,312.35,2704.2,15.97,Export NA,18.29,21.06,21.4,36.05,36.41,,Export NA,4.72,0.2,2.18,36.17,8.05,5.81,19.56,,13.69,25.06,15.81,8.86,7.11,10.03,4,Transportation,Transport Related Services,2025-12-31,2026-02-06
Sanginita Chemicals Ltd.,SANGINITA,,SANGINITA,INE753W01010,Specialty Chemicals,Chemicals & Petrochemicals,25.08,25.08,64.96,-6.71,Export NA,53.11,177.1,,42.23,47.85,0,Export NA,3.64,2.93,1.23,76.43,6.18,7.62,-3.74,-1665.22,-20.85,13.61,14.82,-12.64,9.15,10.12,3,Chemicals & Petrochemicals,Specialty Chemicals,2026-03-31,2026-04-25
Sanofi Consumer Healthcare India Ltd.,SANOFICONR,544250,SANOFICONR,INE0UOS01011,Pharmaceuticals,Pharmaceuticals & Biotechnology,4611.9,4611.9,10621.48,41.18,Export NA,,,3.67,42.18,42.23,0.77,Export NA,2.39,2.39,27.66,7.58,7.57,7.72,111.98,53.24,62.52,17.72,18.15,43.89,11.9,12.17,6,Pharmaceuticals & Biotechnology,Pharmaceuticals,2026-03-31,2026-04-28
Sanofi India Ltd.,SANOFI,500674,SANOFI,INE058A01010,Pharmaceuticals,Pharmaceuticals & Biotechnology,3235.8,3235.8,7452.24,24.06,Export NA,28.91,25.01,13.49,42.18,42.23,-1.1,Export NA,2.39,2.39,9.72,72.85,7.57,7.72,134.52,-21.84,43.6,17.72,18.15,26.03,11.9,12.17,9,Pharmaceuticals & Biotechnology,Pharmaceuticals,2026-03-31,2026-04-28
Sansera Engineering Ltd.,SANSERA,543358,SANSERA,INE953O01021,Auto Parts & Equipment,Automobiles & Auto Components,2386.9,2386.9,14878.03,56.8,Export NA,45.89,41.4,98.78,32.11,41.7,1.91,Export NA,5.07,3.31,5.05,84.29,6.96,6.81,42.03,29.71,7.82,19.05,15.01,5.75,9.43,7.82,5,Automobiles & Auto Components,Auto Parts & Equipment,2025-12-31,2026-02-09
Sanstar Ltd.,SANSTAR,544217,SANSTAR,INE08NE01025,Other Food & Beverages,"Food, Beverages & Tobacco",98.72,98.72,1799.11,92.32,Export NA,,,99.77,28.35,46.65,-1.44,Export NA,1.73,2.98,2.67,33.86,8.04,15.04,1.07,-64.2,6.96,26.28,15.61,5.78,19.55,11.14,4,"Food, Beverages & Tobacco",Other Food & Beverages,2025-12-31,2026-02-13
Sanwaria Consumer Ltd.,SANWARIA,519260,SANWARIA,INE890C01046,Packaged Foods,FMCG,0.23,0.23,16.93,-3.94,Export NA,,,,49.72,67.64,-1.02,Export NA,14.09,6.77,-0.03,,20.61,37.36,-0.06,3.88,0,37.93,51.25,-1.28,19.27,22.23,2,FMCG,Packaged Foods,2025-12-31,2026-02-14
Sapphire Foods India Ltd.,SAPPHIRE,543397,SAPPHIRE,INE806T01020,Restaurants,Hotels Restaurants & Tourism,172.8,172.8,5553.5,-164.77,Export NA,324.86,,,44.23,62.18,0.6,Export NA,3.41,5.91,4,17.22,8.2,11,-1.05,-275.06,-2.29,12.41,13.17,-0.98,7.26,5.68,3,Hotels Restaurants & Tourism,Restaurants,2026-03-31,2026-04-28
Saraswati Commercial (India) Ltd.,,512020,ZSARACOM,INE967G01019,Finance (including NBFCs),Banking and Finance,9990,9990,1094.8,12.78,Export NA,20.68,18.87,63.7,22.6,26.34,-0.97,Export NA,2.78,2.13,1,63.07,6.23,3.86,781.78,-13.23,5.52,16.76,13.65,4.81,4.85,6.73,3,Banking and Finance,Finance (including NBFCs),2025-12-31,2026-02-12
Saraswati Saree Depot Ltd.,SSDL,544230,SSDL,INE0PQ101010,Other Apparels & Accessories,Textiles Apparels & Accessories,61.07,61.07,241.84,8.92,Export NA,,,8.67,53.79,43.2,-3.5,Export NA,2.24,2.85,1.26,2.58,15.41,13.14,6.84,-2.55,17.19,22.86,20.14,10.54,8.26,9.64,5,Textiles Apparels & Accessories,Other Apparels & Accessories,2025-12-31,2026-02-14
Sarda Energy & Minerals Ltd.,SARDAEN,504614,SARDAEN,INE385C01021,Iron & Steel/Interm.Products,Metals & Mining,562.15,562.15,19809.11,18.76,Export NA,25.5,16.87,83.27,23.8,32.33,0.35,Export NA,1.11,0.78,2.76,88.01,5.3,3.24,29.97,53.99,11.13,19.76,6.78,6.91,9.83,3.42,5,Metals & Mining,Iron & Steel/Interm.Products,2025-12-31,2026-05-23
Saregama India Ltd.,SAREGAMA,532163,SAREGAMA,INE979A01025,Movies & Entertainment,Media,332.8,332.8,6416.7,33.45,Export NA,44.89,43.95,38.11,25.23,33.17,-10.82,Export NA,2.2,3.06,3.75,48.19,13.87,25.15,9.95,-3.09,13.87,20.32,45.72,9.74,15.35,32.15,8,Media,Movies & Entertainment,2025-12-31,2026-05-14
Sarla Performance Fibers Ltd.,SARLAPOLY,526885,SARLAPOLY,INE453D01025,Textiles,Textiles Apparels & Accessories,92.96,92.96,776.24,-59.1,Export NA,17.64,15.82,,53.79,32.96,0.49,Export NA,2.24,6.53,1.49,59.27,15.41,3.67,-1.57,-121.06,-2.55,22.86,11.51,-1.58,8.26,7.43,2,Textiles Apparels & Accessories,Textiles,2026-03-31,2026-04-22
Saroja Pharma Industries India Ltd.,SAROJA,,SAROJA,INE0PCL01011,Specialty Chemicals,Chemicals & Petrochemicals,33,33,13.27,12.83,Export NA,,,,42.23,47.85,,Export NA,3.64,2.93,0.82,,6.18,7.62,2.57,,6.59,13.61,14.82,2.61,9.15,10.12,4,Chemicals & Petrochemicals,Specialty Chemicals,2025-03-31,2025-11-13
Sarthak Metals Ltd.,SMLT,540393,SMLT,INE017W01010,Iron & Steel Products,Metals & Mining,70.42,70.42,96.4,25.45,Export NA,25.38,,65.49,23.8,30.63,-0.95,Export NA,1.11,1.79,0.79,8.69,5.3,6.46,2.77,-26.88,3.42,19.76,18.83,3.31,9.83,10.86,2,Metals & Mining,Iron & Steel Products,2025-12-31,2026-02-10
Sarveshwar Foods Ltd.,SARVESHWAR,543688,SARVESHWAR,INE324X01026,Other Agricultural Products,"Food, Beverages & Tobacco",3.76,3.76,463.09,14.01,Export NA,43.01,17.31,6.8,28.35,21.91,0.3,Export NA,1.73,1.77,0.98,43.09,8.04,3.56,0.27,47.33,9.53,26.28,16.12,2.97,19.55,8.43,5,"Food, Beverages & Tobacco",Other Agricultural Products,2025-12-31,2026-02-14
Sasken Technologies Ltd.,SASKEN,532663,SASKEN,INE231F01020,IT Consulting & Software,Software & Services,1840.5,1840.5,2795.08,51.83,Export NA,37.35,25.9,97.51,22.39,21.42,7.67,Export NA,10.02,10.72,3.45,94.4,6.84,6.86,35.51,6.76,6.3,28.07,30.42,4.62,17.17,18.42,4,Software & Services,IT Consulting & Software,2026-03-31,2026-05-08
Sat Kartar Life Ltd.,SATKARTAR,,SATKARTAR,INE0NB801022,Pharmaceuticals,Pharmaceuticals & Biotechnology,192,192,302.3,17.68,Export NA,,,1.52,42.18,42.23,,Export NA,2.39,2.39,4.47,12.88,7.57,7.72,10.86,,25.29,17.72,18.15,20.15,11.9,12.17,4,Pharmaceuticals & Biotechnology,Pharmaceuticals,2026-03-31,2026-05-05
Sathlokhar Synergys E&C Global Ltd.,SSEGL,,SSEGL,INE0RFP01011,Construction & Engineering,Cement and Construction,371.6,371.6,965.36,22.57,Export NA,,,15.69,35.74,31.41,,Export NA,3.26,5.1,4.35,19.38,4.05,4.95,16.46,,24.8,11.25,12.93,16.14,4.61,4.29,3,Cement and Construction,Construction & Engineering,2025-12-31,2026-02-06
Sati Poly Plast Ltd.,SATIPOLY,,SATIPOLY,INE0RPM01017,Containers & Packaging,Commercial Services & Supplies,39.5,39.5,19.54,-1.85,Export NA,,,,31.83,23.27,,Export NA,2.32,5.49,1.15,,5.75,2.74,-21.34,,-65.3,13.46,10.99,-17.31,6.61,7.3,2,Commercial Services & Supplies,Containers & Packaging,2025-03-31,2025-11-14
Satia Industries Ltd.,SATIA,539201,SATIA,INE170E01023,Paper & Paper Products,Commercial Services & Supplies,67.16,67.16,671.6,9.52,Export NA,5.67,7.54,68.77,31.83,22.88,-0.22,Export NA,2.32,0.52,0.62,39.39,5.75,4.07,7.05,-42.48,11.31,13.46,8.09,8.2,6.61,4.93,6,Commercial Services & Supplies,Paper & Paper Products,2025-12-31,2026-02-12
Satin Creditcare Network Ltd.,SATIN,539404,SATIN,INE836B01017,Microfinance Institutions,Banking and Finance,225.08,225.08,2486.48,7.49,Export NA,7.06,139.04,50.85,22.6,26.38,0.1,Export NA,2.78,0.95,0.92,57.28,6.23,3.09,30.07,78.47,11.6,16.76,10.44,2.3,4.85,1.32,6,Banking and Finance,Microfinance Institutions,2026-03-31,2026-05-11
Sattva Engineering Construction Ltd.,SATTVAENGG,,SATTVAENGG,INE14DW01018,Utilities:Non-Electrical,Utilities,68.95,68.95,120.45,13.18,Export NA,,,,24.91,15.47,,Export NA,27.85,426.35,1.51,,5.52,5.02,5.23,,21.04,14.21,14.06,7.95,5.38,8.44,5,Utilities,Utilities:Non-Electrical,2025-03-31,2025-11-07
Saurashtra Cements Ltd.,SAURASHCEM,502175,SAURASHCEM,INE626A01014,Cement & Cement Products,Cement and Construction,61.38,61.38,683.08,47.38,Export NA,83.76,114.57,73.21,35.74,39.23,0.44,Export NA,3.26,1.71,0.72,24.57,4.05,3.41,1.3,106.49,0.73,11.25,8.66,0.43,4.61,4.59,5,Cement and Construction,Cement & Cement Products,2026-03-31,2026-05-12
Savita Oil Technologies Ltd.,SOTL,524667,SOTL,INE035D01020,Refineries/Petro-Products,Oil & Gas,419.95,419.95,2879.19,15.83,Export NA,20.4,14.66,54.96,18.34,21.22,0.26,Export NA,1.36,1.29,1.63,21.84,1.85,2.01,26.52,61.5,10.01,10.19,9.71,6.7,4.37,3.93,7,Oil & Gas,Refineries/Petro-Products,2026-03-31,2026-05-07
Savy Infra and Logistics Ltd.,SAVY,,SAVY,INE0UCN01017,Construction & Engineering,Cement and Construction,136.9,136.9,284.87,11.93,Export NA,,,100,35.74,31.41,,Export NA,3.26,5.1,3.71,,4.05,4.95,11.48,,45.7,11.25,12.93,12.85,4.61,4.29,2,Cement and Construction,Construction & Engineering,2025-03-31,2025-11-10
Sawaliya Food Products Ltd.,SAWALIYA,,SAWALIYA,INE10VS01016,Other Food & Beverages,"Food, Beverages & Tobacco",277.35,277.35,275.08,39.6,Export NA,,,100,28.35,46.65,,Export NA,1.73,2.98,6.08,,8.04,15.04,7,,54.91,26.28,15.61,15.01,19.55,11.14,4,"Food, Beverages & Tobacco",Other Food & Beverages,2025-03-31,2025-11-13
Sayaji Hotels Ltd.,,523710,SAYAJIHOTL,INE318C01014,Hotels,Hotels Restaurants & Tourism,280,280,490.5,-28.43,Export NA,139.28,33.19,,44.23,40.73,0.13,Export NA,3.41,2.69,3.27,32.03,8.2,7.29,-9.85,-220.1,30.14,12.41,12.19,0.62,7.26,7.71,5,Hotels Restaurants & Tourism,Hotels,2025-12-31,2026-02-10
Scan Steels Ltd.,,511672,SCANSTL,INE099G01011,Iron & Steel/Interm.Products,Metals & Mining,38.43,38.43,225.21,11.91,Export NA,9.51,11.08,87.89,23.8,32.33,-0.36,Export NA,1.11,0.78,0.52,49.9,5.3,3.24,3.23,-33.28,5.11,19.76,6.78,3.73,9.83,3.42,6,Metals & Mining,Iron & Steel/Interm.Products,2025-12-31,2026-05-15
Schaeffler India Ltd.,SCHAEFFLER,505790,SCHAEFFLER,INE513A01022,Abrasives & Bearings,General Industrials,4082.3,4082.3,63807.86,52.53,Export NA,60.29,60.58,5.16,58.9,57.14,2.09,Export NA,5.74,4.1,10.55,26.91,14.56,22.89,77.72,25.14,19.02,19.77,15.42,14,10.29,12.49,8,General Industrials,Abrasives & Bearings,2026-03-31,2026-04-29
Schneider Electric Infrastructure Ltd.,SCHNEIDER,534139,SCHNEIDER,INE839M01018,Heavy Electrical Equipment,General Industrials,1265.2,1265.2,30251.44,123.37,Export NA,89.22,-528.73,83.48,58.9,71.23,9.33,Export NA,5.74,3.65,40.05,25.75,14.56,15.26,10.25,13.22,56.11,19.77,17.01,13.86,10.29,8.7,7,General Industrials,Heavy Electrical Equipment,2025-12-31,2026-02-12
Scoda Tubes Ltd.,SCODATUBES,544411,SCODATUBES,INE090501011,Iron & Steel Products,Metals & Mining,151.54,151.54,907.86,23.07,Export NA,,,29,23.8,30.63,0.56,Export NA,1.11,1.79,2.36,6.49,5.3,6.46,6.57,41.25,21.1,19.76,18.83,7.11,9.83,10.86,5,Metals & Mining,Iron & Steel Products,2025-12-31,2026-01-30
Seamec Ltd.,SEAMECLTD,526807,SEAMECLTD,INE497B01018,Shipping,Transportation,1480.1,1480.1,3763.15,19.71,Export NA,27.7,36.67,40.97,36.05,15.93,0.21,Export NA,4.72,0.19,3.2,80.7,8.05,10.04,75.08,92.22,8.89,25.06,18.78,6.49,7.11,14.46,6,Transportation,Shipping,2025-12-31,2026-01-30
SecMark Consultancy Ltd.,SECMARK,543234,SECMARK,INE0BTM01013,IT Consulting & Software,Software & Services,133,133,138.95,32.36,Export NA,18.77,,69.46,22.39,21.42,-3.25,Export NA,10.02,10.72,7.39,93.07,6.84,6.86,4.11,-9.96,20.93,28.07,30.42,12.68,17.17,18.42,7,Software & Services,IT Consulting & Software,2025-12-31,2026-05-13
Securekloud Technologies Ltd.,SECURKLOUD,512161,SECURKLOUD,INE650K01021,Internet Software & Services,Software & Services,22.84,22.84,76.31,-0.52,Export NA,,,,22.39,32.02,0,Export NA,10.02,2.7,-6.17,,6.84,6.82,-44.21,-336.62,-56.84,28.07,8.54,-5.91,17.17,6.62,1,Software & Services,Internet Software & Services,2025-12-31,2026-02-12
Sejal Glass Ltd.,SEJALLTD,532993,SEJALLTD,INE955I01044,Construction Materials,Cement and Construction,755.9,755.9,861.73,29.98,Export NA,126.4,14.55,27.22,35.74,28.02,0.18,Export NA,3.26,0.23,13.98,39.54,4.05,4.88,25.21,162.24,18.99,11.25,16.85,6.1,4.61,8.83,8,Cement and Construction,Construction Materials,2026-03-31,2026-04-25
Sellowrap Industries Ltd.,SELLOWRAP,,SELLOWRAP,INE0IJF01013,Auto Parts & Equipment,Automobiles & Auto Components,69.2,69.2,95.11,9.54,Export NA,,,35.29,32.11,41.7,,Export NA,5.07,3.31,1.19,,6.96,6.81,7.26,,21.24,19.05,15.01,6.97,9.43,7.82,5,Automobiles & Auto Components,Auto Parts & Equipment,2025-12-31,2026-02-04
Semac Construction Ltd.,SEMAC,505368,SEMAC,INE617A01013,Consulting Services,Commercial Services & Supplies,373,373,116.28,34.28,Export NA,,13.14,77.05,31.83,18.83,0.3,Export NA,2.32,3.97,1.52,74.32,5.75,5.68,10.88,114.88,-8.04,13.46,23.36,-2.69,6.61,14.6,4,Commercial Services & Supplies,Consulting Services,2025-12-31,2026-02-05
Senco Gold Ltd.,SENCO,543936,SENCO,INE602W01027,Gems & Jewellery,Textiles Apparels & Accessories,312.75,312.75,5123.05,10.68,Export NA,39.89,,3,53.79,63.43,0.04,Export NA,2.24,1.24,2.16,9.01,15.41,20.78,29.29,271.85,8.08,22.86,28.31,3.35,8.26,8.05,4,Textiles Apparels & Accessories,Gems & Jewellery,2025-12-31,2026-02-12
Senores Pharmaceuticals Ltd.,SENORES,544319,SENORES,INE0RB801010,Pharmaceuticals,Pharmaceuticals & Biotechnology,932.9,932.9,4296.34,42.29,Export NA,,,50.15,42.18,42.23,0.65,Export NA,2.39,2.39,5.07,67.66,7.57,7.72,22.06,65.02,7.44,17.72,18.15,4.77,11.9,12.17,5,Pharmaceuticals & Biotechnology,Pharmaceuticals,2025-12-31,2026-05-14
Service Care Ltd.,SERVICE,,SERVICE,INE0P1Q01015,Misc. Commercial Services,Commercial Services & Supplies,52,52,59.79,29.68,Export NA,,,58.15,31.83,27.25,,Export NA,2.32,0.82,1.25,,5.75,5.02,1.75,,4.29,13.46,17.32,2.94,6.61,12.13,4,Commercial Services & Supplies,Misc. Commercial Services,2025-03-31,2025-11-14
Servotech Renewable Power System Ltd.,SERVOTECH,,SERVOTECH,INE782X01033,Other Electrical Equipment/Products,Consumer Durables,89.6,89.6,2023.57,60.31,Export NA,163.13,112.67,31.65,49.58,41.19,9.47,Export NA,1.45,1.34,7.12,41.32,9.42,8.51,1.49,6.37,11.65,20.69,21.67,4.89,10.95,11.03,2,Consumer Durables,Other Electrical Equipment/Products,2026-03-31,2026-04-30
Seshaasai Technologies Ltd.,STYL,544533,STYL,INE04VU01023,Internet Software & Services,Software & Services,255.92,255.92,4140.93,18.72,Export NA,,,40.27,22.39,32.02,,Export NA,10.02,2.7,3.08,,6.84,6.82,13.67,,34.83,28.07,8.54,19.15,17.17,6.62,5,Software & Services,Internet Software & Services,2025-12-31,2026-01-29
Seshasayee Paper & Boards Ltd.,SESHAPAPER,502450,SESHAPAPER,INE630A01024,Paper & Paper Products,Commercial Services & Supplies,254.15,254.15,1602.88,19.42,Export NA,11.5,10.61,99.12,31.83,22.88,-0.8,Export NA,2.32,0.52,0.79,28.07,5.75,4.07,13.09,-24.4,4.04,13.46,8.09,3.29,6.61,4.93,5,Commercial Services & Supplies,Paper & Paper Products,2026-03-31,2026-05-12
Setco Automotive Ltd.,SETCO,505075,SETCO,INE878E01021,Auto Parts & Equipment,Automobiles & Auto Components,25.55,25.55,341.78,-2.62,Export NA,,,,32.11,41.7,0.14,Export NA,5.07,3.31,-0.41,,6.96,6.81,-9.76,-18.34,0,19.05,15.01,-18.28,9.43,7.82,5,Automobiles & Auto Components,Auto Parts & Equipment,2025-12-31,2026-02-13
Setubandhan Infrastructure Ltd.,SETUINFRA,533605,SETUINFRA,INE023M01027,Construction & Engineering,Cement and Construction,0.59,0.59,7.42,,Export NA,146.16,146.16,,35.74,31.41,,Export NA,3.26,5.1,0.16,15.51,4.05,4.95,,,-4.09,11.25,12.93,-1.08,4.61,4.29,2,Cement and Construction,Construction & Engineering,2025-03-31,2022-11-14
Seya Industries Ltd.,SEYAIND,524324,SEYAIND,INE573R01012,Specialty Chemicals,Chemicals & Petrochemicals,15.92,15.92,42.3,-6.43,Export NA,,,,42.23,47.85,0.03,Export NA,3.64,2.93,0.05,3.6,6.18,7.62,-2.48,-190.46,-0.76,13.61,14.82,-0.39,9.15,10.12,1,Chemicals & Petrochemicals,Specialty Chemicals,2025-12-31,2023-08-14
Shadowfax Technologies Ltd.,SHADOWFAX,544685,SHADOWFAX,INE12UN01015,Warehousing & Logistics,Transportation,163.71,163.71,9554.47,,Export NA,,,,36.05,32.42,,Export NA,4.72,1.7,8.24,100,8.05,4.18,,,1.6,25.06,8.62,0.51,7.11,5.64,6,Transportation,Warehousing & Logistics,2025-12-31,2026-05-14
Shah Alloys Ltd.,SHAHALLOYS,513436,SHAHALLOYS,INE640C01011,Iron & Steel/Interm.Products,Metals & Mining,67.79,67.79,134.21,3.2,Export NA,,1.54,68.6,23.8,32.33,0.01,Export NA,1.11,0.78,5.19,58.45,5.3,3.24,21.18,487.62,0,19.76,6.78,-10.13,9.83,3.42,2,Metals & Mining,Iron & Steel/Interm.Products,2025-12-31,2026-02-14
Shah Metacorp Ltd.,SHAH,533275,SHAH,INE482J01021,Iron & Steel/Interm.Products,Metals & Mining,5.6,5.6,495.72,63.67,Export NA,186.27,186.27,99.24,23.8,32.33,-0.86,Export NA,1.11,0.78,1.6,56.87,5.3,3.24,0.09,-74.29,19.71,19.76,6.78,16.45,9.83,3.42,5,Metals & Mining,Iron & Steel/Interm.Products,2025-12-31,2026-02-12
Shaily Engineering Plastics Ltd.,SHAILY,501423,SHAILY,INE151G01028,Plastic Products,General Industrials,2693.6,2693.6,12377.82,78.17,Export NA,94.34,36.23,65.8,58.9,35.79,0.88,Export NA,5.74,3.64,18.4,88.56,14.56,7.73,34.46,88.81,17,19.77,14.6,9.98,10.29,10.46,8,General Industrials,Plastic Products,2025-12-31,2026-02-12
Shakti Pumps (India) Ltd.,SHAKTIPUMP,531431,SHAKTIPUMP,INE908D01010,Compressors & Pumps,General Industrials,528.15,528.15,6517.27,25.3,Export NA,42.82,43.7,55.69,58.9,41.93,-0.69,Export NA,5.74,12.75,3.93,73.68,14.56,9.18,20.87,-36.93,15.1,19.77,25.94,8.44,10.29,15.1,3,General Industrials,Compressors & Pumps,2026-03-31,2026-05-07
Shalby Ltd.,SHALBY,540797,SHALBY,INE597J01018,Healthcare Facilities,Healthcare,158.05,158.05,1707.09,211.88,Export NA,220.71,128.46,90.84,64.81,71.3,-2.81,Export NA,6.11,6.58,1.7,25.78,9.5,9.54,0.75,-75.53,0.62,14.74,13.76,0.36,8.39,7.2,3,Healthcare,Healthcare Facilities,2025-12-31,2026-05-27
Shalibhadra Finance Ltd.,,511754,SAHLIBHFI,INE861D01011,Finance (including NBFCs),Banking and Finance,74.04,74.04,228.7,12.17,Export NA,31.7,28.97,63.08,22.6,26.34,0.46,Export NA,2.78,2.13,1.36,51.61,6.23,3.86,6.08,26.36,10.37,16.76,13.65,8.19,4.85,6.73,5,Banking and Finance,Finance (including NBFCs),2025-12-31,2026-02-13
Shalimar Paints Ltd.,SHALPAINTS,509874,SHALPAINTS,INE849C01026,Paints,Consumer Durables,52.26,52.26,437.47,-6.53,Export NA,47.9,47.9,,49.58,57.72,-0.21,Export NA,1.45,1.85,1.7,22.16,9.42,10.53,-8,30.99,-38.86,20.69,18.85,-11.41,10.95,12.01,2,Consumer Durables,Paints,2025-12-31,2026-02-12
Shankar Lal Rampal Dye-Chem Ltd.,SRD,542232,SRD,INE01NE01012,Commodity Trading  & Distribution,Commercial Services & Supplies,42.79,42.79,273.71,24.43,Export NA,62.34,40.71,28.77,31.83,33.18,4.49,Export NA,2.32,1.21,2.31,21.15,5.75,5.32,1.75,5.44,10.39,13.46,12.19,8.84,6.61,4.31,5,Commercial Services & Supplies,Commodity Trading  & Distribution,2025-12-31,2026-02-14
Shankara Building Products Ltd.,SHANKARA,540425,SHANKARA,INE274V01019,Iron & Steel Products,Metals & Mining,107.27,107.27,260.12,7.26,Export NA,16.77,27.6,6.63,23.8,30.63,-0.14,Export NA,1.11,1.79,0.59,6.5,5.3,6.46,14.77,-53.72,0.85,19.76,18.83,0.5,9.83,10.86,2,Metals & Mining,Iron & Steel Products,2026-03-31,2026-05-05
Shankara Buildpro Ltd.,BUILDPRO,544517,BUILDPRO,INE24OJ01011,Construction Materials,Cement and Construction,1099.9,1099.9,2667.18,,Export NA,,,,35.74,28.02,,Export NA,3.26,0.23,5.3,100,4.05,4.88,,,18.06,11.25,16.85,6.23,4.61,8.83,4,Cement and Construction,Construction Materials,2025-12-31,2026-05-19
Shanthala FMCG Products Ltd.,SHANTHALA,,SHANTHALA,INE0Q9Q01017,Distributors,Commercial Services & Supplies,25,25,16.75,17.35,Export NA,,,,31.83,22.9,,Export NA,2.32,24.39,0.71,,5.75,5.17,1.44,,4.24,13.46,16.43,3.87,6.61,8.69,3,Commercial Services & Supplies,Distributors,2025-03-31,2025-11-14
Shanthi Gears Ltd.,SHANTIGEAR,522034,SHANTIGEAR,INE631A01022,Auto Parts & Equipment,Automobiles & Auto Components,441.5,441.5,3387.01,44.18,Export NA,45.36,49.55,44.96,32.11,41.7,-2.19,Export NA,5.07,3.31,7.56,68.56,6.96,6.81,9.99,-20.17,17.42,19.05,15.01,13.79,9.43,7.82,4,Automobiles & Auto Components,Auto Parts & Equipment,2026-03-31,2026-05-05
Shanti Educational Initiatives Ltd.,,539921,SEIL,INE440T01028,Education,Diversified Consumer Services,202.25,202.25,3258.19,734.84,Export NA,405.62,735.98,92.72,33.62,20.12,-23.52,Export NA,3.59,2.38,43.14,91.59,10.95,20.81,0.28,-31.24,9.98,22.55,17.9,7.72,11.12,11.62,4,Diversified Consumer Services,Education,2025-12-31,2026-02-10
Shanti Gold International Ltd.,SHANTIGOLD,544459,SHANTIGOLD,INE06ZD01017,Gems & Jewellery,Textiles Apparels & Accessories,207.02,207.02,1492.53,11.68,Export NA,,,20.11,53.79,63.43,,Export NA,2.24,1.24,2.56,,15.41,20.78,17.72,,36.64,22.86,28.31,13.3,8.26,8.05,5,Textiles Apparels & Accessories,Gems & Jewellery,2025-12-31,2026-02-10
Shanti Overseas (India) Ltd.,SHANTI,,SHANTI,INE933X01016,Edible Oils,FMCG,6.5,6.5,7.22,3.71,Export NA,,52.66,6.53,49.72,28.58,0.02,Export NA,14.09,1.07,0.55,4.02,20.61,3.55,1.75,157.79,-24.28,37.93,10.93,-13.84,19.27,6.19,2,FMCG,Edible Oils,2025-12-31,2026-02-13
Sharat Industries Ltd.,,519397,SHINDL,INE220Z01013,Other Food & Beverages,"Food, Beverages & Tobacco",146.4,146.4,574.1,35.04,Export NA,43.01,44.08,54.96,28.35,46.65,0.52,Export NA,1.73,2.98,3.67,82.79,8.04,15.04,4.18,67.52,7.28,26.28,15.61,3.56,19.55,11.14,5,"Food, Beverages & Tobacco",Other Food & Beverages,2025-12-31,2026-02-10
Sharda Cropchem Ltd.,SHARDACROP,538666,SHARDACROP,INE221J01015,Agrochemicals,Chemicals & Petrochemicals,1149.8,1149.8,10373.55,18.33,Export NA,90.82,52.76,49.74,42.23,30.4,0.14,Export NA,3.64,3.17,3.68,71.33,6.18,3.87,62.71,131.62,12.17,13.61,11.71,6.44,9.15,7.88,8,Chemicals & Petrochemicals,Agrochemicals,2025-12-31,2026-05-13
Sharda Motor Industries Ltd.,SHARDAMOTR,535602,SHARDAMOTR,INE597I01028,Auto Parts & Equipment,Automobiles & Auto Components,868.15,868.15,4983.85,14.66,Export NA,18.08,16.2,51.26,32.11,41.7,2.27,Export NA,5.07,3.31,4.07,74.08,6.96,6.81,59.21,6.47,29.65,19.05,15.01,17.92,9.43,7.82,4,Automobiles & Auto Components,Auto Parts & Equipment,2025-12-31,2026-02-06
Shardul Securities Ltd.,,512393,SHARDUL,INE037B01020,Capital Markets,Banking and Finance,30.99,30.99,271.14,-4.92,Export NA,8.36,33.2,,22.6,49.83,0.03,Export NA,2.78,1.85,0.38,33.53,6.23,18.07,-6.3,-146.37,4.68,16.76,28.37,4.46,4.85,12.93,3,Banking and Finance,Capital Markets,2025-12-31,2026-01-29
Share India Securities Ltd.,SHAREINDIA,540725,SHAREINDIA,INE932X01026,Capital Markets,Banking and Finance,138.02,138.02,3011.87,10.59,Export NA,12.53,17.64,21.45,22.6,49.83,-0.32,Export NA,2.78,1.85,1.16,27.88,6.23,18.07,13.03,-32.99,14.03,16.76,28.37,8.66,4.85,12.93,5,Banking and Finance,Capital Markets,2025-12-31,2026-01-27
Sharp Chucks And Machines Ltd.,SCML,,SCML,INE460Q01014,Castings & Forgings,General Industrials,134.85,134.85,155.21,19.54,Export NA,,,65.07,58.9,64.29,,Export NA,5.74,4.12,1.84,59.39,14.56,7.72,6.9,,10.02,19.77,12.53,3.15,10.29,7.9,5,General Industrials,Castings & Forgings,2025-03-31,2025-11-14
Sheel Biotech Ltd.,SHEEL,,SHEEL,INE0YJV01017,Misc. Commercial Services,Commercial Services & Supplies,46,46,93.62,8.8,Export NA,,,,31.83,27.25,,Export NA,2.32,0.82,1.05,,5.75,5.02,5.23,,12.68,13.46,17.32,9.38,6.61,12.13,4,Commercial Services & Supplies,Misc. Commercial Services,2025-03-31,2025-11-15
Sheela Foam Ltd.,SFL,540203,SFL,INE916U01025,Furniture-Furnishing,Diversified Consumer Services,556.65,556.65,6051.39,66.72,Export NA,62.7,63.86,82.45,33.62,45.68,-1.91,Export NA,3.59,0.32,1.93,1.89,10.95,4.56,8.34,-34.85,3.16,22.55,10.88,1.75,11.12,7.56,4,Diversified Consumer Services,Furniture-Furnishing,2025-12-31,2026-05-14
Sheetal Cool Products Ltd.,SCPL,540757,SCPL,INE501Y01019,Packaged Foods,FMCG,425.8,425.8,447.09,28.5,Export NA,19.17,31.46,95.24,49.72,67.64,-1.65,Export NA,14.09,6.77,3.15,38.26,20.61,37.36,14.94,-17.25,12.63,37.93,51.25,6.6,19.27,22.23,7,FMCG,Packaged Foods,2025-12-31,2026-02-12
Sheetal Universal Ltd.,SHEETAL,,SHEETAL,INE04VX01019,Other Agricultural Products,"Food, Beverages & Tobacco",275,275,315.04,33.88,Export NA,,,73.8,28.35,21.91,,Export NA,1.73,1.77,6.95,100,8.04,3.56,8.12,,21.21,26.28,16.12,12.92,19.55,8.43,4,"Food, Beverages & Tobacco",Other Agricultural Products,2025-03-31,2025-11-14
Shekhawati Industries Ltd.,SHEKHAWATI,533301,SHEKHAWATI,INE268L01046,Textiles,Textiles Apparels & Accessories,13.55,13.55,46.71,5.3,Export NA,6.05,6.05,31.84,53.79,32.96,0.13,Export NA,2.24,6.53,2.69,52.95,15.41,3.67,2.55,40.44,40.05,22.86,11.51,27.6,8.26,7.43,6,Textiles Apparels & Accessories,Textiles,2026-03-31,2026-04-27
Shemaroo Entertainment Ltd.,SHEMAROO,538685,SHEMAROO,INE363M01019,Movies & Entertainment,Media,100.14,100.14,287.71,-1.9,Export NA,,47.91,,25.23,33.17,0.03,Export NA,2.2,3.06,0.88,55.09,13.87,25.15,-52.77,-62.28,-18,20.32,45.72,-9.8,15.35,32.15,3,Media,Movies & Entertainment,2025-12-31,2026-01-29
Shera Energy Ltd.,SHERA,,SHERA,INE0MM001019,Iron & Steel Products,Metals & Mining,149.3,149.3,364.88,12.41,Export NA,15.06,,,23.8,30.63,0.35,Export NA,1.11,1.79,2.07,20.58,5.3,6.46,12.03,35.19,15.17,19.76,18.83,3.7,9.83,10.86,5,Metals & Mining,Iron & Steel Products,2026-03-31,2026-05-04
Shigan Quantum Technologies Ltd.,SHIGAN,,SHIGAN,INE03KJ01013,Auto Parts & Equipment,Automobiles & Auto Components,77.15,77.15,147.07,16.84,Export NA,34.37,,8.48,32.11,41.7,,Export NA,5.07,3.31,1.56,5.26,6.96,6.81,4.58,,9.39,19.05,15.01,4.64,9.43,7.82,5,Automobiles & Auto Components,Auto Parts & Equipment,2025-03-31,2025-11-13
Shilchar Technologies Ltd.,SHILCTECH,531201,SHILCTECH,INE024F01011,Other Electrical Equipment/Products,Consumer Durables,4182,4182,4784.29,30.25,Export NA,41.44,32.29,83.69,49.58,41.19,3.93,Export NA,1.45,1.34,10.35,85.74,9.42,8.51,138.25,7.7,32.22,20.69,21.67,26.78,10.95,11.03,5,Consumer Durables,Other Electrical Equipment/Products,2026-03-31,2026-05-05
Shilpa Medicare Ltd.,SHILPAMED,530549,SHILPAMED,INE790G01031,Pharmaceuticals,Pharmaceuticals & Biotechnology,438.65,438.65,8579.2,57.18,Export NA,151.89,104.69,72.97,42.18,42.23,0.82,Export NA,2.39,2.39,3.44,62.82,7.57,7.72,7.67,69.95,3.3,17.72,18.15,2.36,11.9,12.17,8,Pharmaceuticals & Biotechnology,Pharmaceuticals,2025-12-31,2026-02-06
Shipping Corporation of India Land And Assets Ltd.,SCILAL,544142,SCILAL,INE0PB301013,Realty,Realty,48.29,48.29,2249.34,78.05,Export NA,,,75.1,37.63,37.32,0.68,Export NA,1.72,1.77,0.75,33.08,3.69,4.38,0.62,115.22,0.95,10.17,11.27,0.81,4.54,5.37,5,Realty,Realty,2026-03-31,2026-05-05
Shipping Corporation of India Ltd.,SCI,523598,SCI,INE109A01011,Shipping,Transportation,325.35,325.35,15154.77,11.2,Export NA,13.71,10.43,69.78,36.05,15.93,0.19,Export NA,4.72,0.19,1.7,98.8,8.05,10.04,29.04,60.38,14.87,25.06,18.78,10.15,7.11,14.46,6,Transportation,Shipping,2026-03-31,2026-05-08
Shiv Aum Steels Ltd.,SHIVAUM,,SHIVAUM,INE719F01016,Iron & Steel Products,Metals & Mining,330,330,448.81,83.8,Export NA,33.16,29.13,71.98,23.8,30.63,,Export NA,1.11,1.79,3.78,72.41,5.3,6.46,3.94,,8.36,19.76,18.83,4.49,9.83,10.86,3,Metals & Mining,Iron & Steel Products,2025-12-31,2026-02-13
Shiva Mills Ltd.,SHIVAMILLS,540961,SHIVAMILLS,INE644Y01017,Textiles,Textiles Apparels & Accessories,66.61,66.61,57.56,-25.43,Export NA,,4.17,,53.79,32.96,-1.99,Export NA,2.24,6.53,0.63,45.05,15.41,3.67,-2.62,12.78,-4.12,22.86,11.51,-3.21,8.26,7.43,6,Textiles Apparels & Accessories,Textiles,2025-12-31,2026-02-05
Shiva Texyarn Ltd.,SHIVATEX,511108,SHIVATEX,INE705C01020,Textiles,Textiles Apparels & Accessories,167.61,167.61,217.27,13.52,Export NA,19.49,15.03,8.95,53.79,32.96,0.29,Export NA,2.24,6.53,1.5,31.66,15.41,3.67,12.4,45.92,8.89,22.86,11.51,3.96,8.26,7.43,8,Textiles Apparels & Accessories,Textiles,2025-12-31,2026-02-05
Shivalic Power Control Ltd.,SPCL,,SPCL,INE0T7B01010,Heavy Electrical Equipment,General Industrials,78.85,78.85,190.15,15.31,Export NA,,,,58.9,71.23,,Export NA,5.74,3.65,1.61,,14.56,15.26,5.15,,11.14,19.77,17.01,9.64,10.29,8.7,3,General Industrials,Heavy Electrical Equipment,2025-03-31,2025-11-14
Shivalik Bimetal Controls Ltd.,SBCL,513097,SBCL,INE386D01027,Other Industrial Goods,General Industrials,583.1,583.1,3358.9,36.97,Export NA,37.36,38.59,73.39,58.9,41.26,3.29,Export NA,5.74,2.07,7.2,66.32,14.56,13.23,15.77,11.24,18.99,19.77,30.81,15.17,10.29,18.64,7,General Industrials,Other Industrial Goods,2025-12-31,2026-05-18
Shivalik Rasayan Ltd.,SHIVALIK,539148,SHIVALIK,INE788J01021,Agrochemicals,Chemicals & Petrochemicals,257.75,257.75,405.97,35.38,Export NA,53.12,45.85,53.85,42.23,30.4,-1.2,Export NA,3.64,3.17,0.69,0.41,6.18,3.87,7.28,-29.36,3.11,13.61,11.71,2.27,9.15,7.88,4,Chemicals & Petrochemicals,Agrochemicals,2025-12-31,2026-02-13
Shivam Autotech Ltd.,SHIVAMAUTO,532776,SHIVAMAUTO,INE637H01024,Auto Parts & Equipment,Automobiles & Auto Components,19.26,19.26,253.26,-3.65,Export NA,,,,32.11,41.7,0.05,Export NA,5.07,3.31,-11.12,,6.96,6.81,-5.28,-68.79,-152.6,19.05,15.01,-9.31,9.43,7.82,2,Automobiles & Auto Components,Auto Parts & Equipment,2025-12-31,2026-02-04
Shivashrit Foods Ltd.,SHIVASHRIT,,SHIVASHRIT,INE1DLF01018,Packaged Foods,FMCG,125.55,125.55,229.37,19.03,Export NA,,,100,49.72,67.64,,Export NA,14.09,6.77,2.39,,20.61,37.36,6.6,,34.84,37.93,51.25,11.08,19.27,22.23,3,FMCG,Packaged Foods,2025-03-31,2025-11-13
Shoppers Stop Ltd.,SHOPERSTOP,532638,SHOPERSTOP,INE498B01024,Department Stores,Retailing,331.5,331.5,3650.63,-101.18,Export NA,284.5,215.18,,78.39,89.12,0.23,Export NA,6.4,7.99,12.02,51.76,19.94,14.37,-3.28,-430.71,-12.4,10.74,15.61,-0.57,6.91,10.77,3,Retailing,Department Stores,2026-03-31,2026-05-05
Shradha Realty Ltd.,SHRADHA,,SHRADHA,INE715Y01031,Realty,Realty,35.99,35.99,291.51,13.92,Export NA,20.91,28.14,44.43,37.63,37.32,-2.71,Export NA,1.72,1.77,1.7,74.83,3.69,4.38,2.59,-5.13,12.09,10.17,11.27,4.6,4.54,5.37,3,Realty,Realty,2025-12-31,2026-02-13
Shree Ajit Pulp & Paper Ltd.,,538795,SAPPL,INE185C01017,Paper & Paper Products,Commercial Services & Supplies,296.2,296.2,264.44,10.59,Export NA,22.08,15.28,66.67,31.83,22.88,0.05,Export NA,2.32,0.52,0.98,66.97,5.75,4.07,27.98,202.13,3.79,13.46,8.09,1.56,6.61,4.93,6,Commercial Services & Supplies,Paper & Paper Products,2025-12-31,2026-02-09
Shree Cements Ltd.,SHREECEM,500387,SHREECEM,INE070A01015,Cement & Cement Products,Cement and Construction,24860,24860,89696.62,51.44,Export NA,64.84,59.6,42.55,35.74,39.23,0.93,Export NA,3.26,1.71,3.95,0.85,4.05,3.41,483.24,55.29,7.49,11.25,8.66,5.53,4.61,4.59,9,Cement and Construction,Cement & Cement Products,2026-03-31,2026-05-06
Shree Digvijay Cement Company Ltd.,SHREDIGCEM,502180,SHREDIGCEM,INE232A01011,Cement & Cement Products,Cement and Construction,71.81,71.81,1061.85,42.52,Export NA,32.47,26.61,81.73,35.74,39.23,-51.13,Export NA,3.26,1.71,2.96,15.45,4.05,3.41,1.69,-0.83,6.82,11.25,8.66,2.35,4.61,4.59,3,Cement and Construction,Cement & Cement Products,2026-03-31,2026-04-29
Shree Karni Fabcom Ltd.,SHREEKARNI,,SHREEKARNI,INE0S4Y01010,Textiles,Textiles Apparels & Accessories,442,442,319.51,21.15,Export NA,,,7.42,53.79,32.96,,Export NA,2.24,6.53,3.16,,15.41,3.67,20.9,,17.54,22.86,11.51,6.49,8.26,7.43,2,Textiles Apparels & Accessories,Textiles,2025-03-31,2025-11-13
Shree OSFM E-Mobility Ltd.,SHREEOSFM,,SHREEOSFM,INE02S501018,Surface Transportation,Transportation,69.9,69.9,107.67,10.4,Export NA,,,,36.05,15.85,,Export NA,4.72,1.33,1.32,,8.05,4.1,6.72,,13.5,25.06,17.94,9.29,7.11,13.67,4,Transportation,Surface Transportation,2025-03-31,2025-11-13
Shree Pushkar Chemicals & Fertilisers Ltd.,SHREEPUSHK,539334,SHREEPUSHK,INE712K01011,Dyes & Pigments,Chemicals & Petrochemicals,368.25,368.25,1190.84,16.14,Export NA,20.61,17.79,62.68,42.23,13.7,0.48,Export NA,3.64,0.6,2,71.05,6.18,1.59,22.81,33.72,10.87,13.61,5,6.76,9.15,3.15,6,Chemicals & Petrochemicals,Dyes & Pigments,2025-12-31,2026-02-11
Shree Ram Proteins Ltd.,SRPL,,SRPL,INE008Z01020,Edible Oils,FMCG,0.44,0.44,9.42,-0.82,Export NA,,11.4,,49.72,28.58,-0.02,Export NA,14.09,1.07,0.51,34.31,20.61,3.55,-0.53,43.06,-82.71,37.93,10.93,-26.76,19.27,6.19,2,FMCG,Edible Oils,2025-12-31,2026-02-05
Shree Ram Twistex Ltd.,SRTL,544716,SRTL,INE19GK01015,Textiles,Textiles Apparels & Accessories,45.83,45.83,183.21,,Export NA,,,,53.79,32.96,,Export NA,2.24,6.53,3.08,88.89,15.41,3.67,,,14.64,22.86,11.51,4.11,8.26,7.43,5,Textiles Apparels & Accessories,Textiles,2025-12-31,2026-05-13
Shree Rama Multi-Tech Ltd.,SHREERAMA,532310,SHREERAMA,INE879A01019,Containers & Packaging,Commercial Services & Supplies,44,44,587.26,23.72,Export NA,28.3,37.64,69.03,31.83,23.27,-0.46,Export NA,2.32,5.49,3.39,22.4,5.75,2.74,1.86,-51.77,13.94,13.46,10.99,10.86,6.61,7.3,7,Commercial Services & Supplies,Containers & Packaging,2026-03-31,2026-05-09
Shree Rama Newsprint Ltd.,RAMANEWS,500356,RAMANEWS,INE278B01020,Paper & Paper Products,Commercial Services & Supplies,30.63,30.63,451.86,-12.56,Export NA,,,,31.83,22.88,-0.18,Export NA,2.32,0.52,-10.1,,5.75,4.07,-2.44,69.01,0,13.46,8.09,-20.64,6.61,4.93,3,Commercial Services & Supplies,Paper & Paper Products,2025-12-31,2026-02-07
Shree Renuka Sugars Ltd.,RENUKA,532670,RENUKA,INE087H01022,Sugar,"Food, Beverages & Tobacco",25.12,25.12,5346.77,-6.75,Export NA,,,,28.35,27.86,0.04,Export NA,1.73,1.26,-2.27,,8.04,2.67,-3.72,-164.21,0,26.28,9.03,-10.68,19.55,4.86,2,"Food, Beverages & Tobacco",Sugar,2026-03-31,2026-05-08
Shree Tirupati Balajee Agro Trading Company Ltd.,BALAJEE,544249,BALAJEE,INE0S2G01011,Containers & Packaging,Commercial Services & Supplies,31.91,31.91,260.29,20.01,Export NA,,,81.71,31.83,23.27,-0.36,Export NA,2.32,5.49,0.86,7.07,5.75,2.74,1.59,-55.32,8.65,13.46,10.99,4.29,6.61,7.3,4,Commercial Services & Supplies,Containers & Packaging,2025-12-31,2026-02-13
Shree Tirupati Balajee FIBC Ltd.,TIRUPATI,,TIRUPATI,INE238Y01018,Containers & Packaging,Commercial Services & Supplies,489.5,489.5,495.86,34.57,Export NA,38.13,32.83,60.18,31.83,23.27,,Export NA,2.32,5.49,5.28,58.42,5.75,2.74,14.16,,15.57,13.46,10.99,7.22,6.61,7.3,3,Commercial Services & Supplies,Containers & Packaging,2025-03-31,2025-11-03
Shree Vasu Logistics Ltd.,SVLL,,SVLL,INE00CE01017,Warehousing & Logistics,Transportation,593.6,593.6,682.27,194.37,Export NA,237.55,74.4,67.63,36.05,32.42,1.12,Export NA,4.72,1.7,18.7,79.44,8.05,4.18,3.05,173.93,6.37,25.06,8.62,1.2,7.11,5.64,5,Transportation,Warehousing & Logistics,2025-12-31,2026-01-29
Shreeji Global FMCG Ltd.,SHETHJI,,SHETHJI,INE1FL101016,Other Food & Beverages,"Food, Beverages & Tobacco",124.3,124.3,282.91,23.28,Export NA,,,,28.35,46.65,,Export NA,1.73,2.98,5.95,,8.04,15.04,5.34,,41.1,26.28,15.61,10.38,19.55,11.14,4,"Food, Beverages & Tobacco",Other Food & Beverages,2025-03-31,2025-12-02
Shreeji Shipping Global Ltd.,SHREEJISPG,544490,SHREEJISPG,INE1B6101010,Shipping,Transportation,412.1,412.1,6713.86,41.55,Export NA,,,88.71,36.05,15.93,,Export NA,4.72,0.19,9,,8.05,10.04,9.92,,41.15,25.06,18.78,18.61,7.11,14.46,2,Transportation,Shipping,2025-12-31,2026-02-05
Shreeoswal Seeds and Chemicals Ltd.,OSWALSEEDS,,OSWALSEEDS,INE00IK01029,Other Agricultural Products,"Food, Beverages & Tobacco",12.01,12.01,109.86,31.13,Export NA,36.32,97.11,40.3,28.35,21.91,0.03,Export NA,1.73,1.77,2.25,27.65,8.04,3.56,0.39,1156.78,8.07,26.28,16.12,3.35,19.55,8.43,8,"Food, Beverages & Tobacco",Other Agricultural Products,2025-12-31,2026-02-12
Shrem InvIT,SHREMINVIT,,SHREMINVIT,INE0GTI23014,REITs-InvITs,Utilities,100.1,100.1,4516.51,5.24,Export NA,4.3,,60.06,24.91,46.38,-0.25,Export NA,27.85,3.82,0.73,0.91,5.52,1.66,19.09,-20.92,17.01,14.21,6.22,6.95,5.38,1.93,4,Utilities,REITs-InvITs,2025-12-31,2025-10-31
Shrenik Ltd.,SHRENIK,,SHRENIK,INE632X01030,Paper & Paper Products,Commercial Services & Supplies,0.39,0.39,23.87,18.38,Export NA,,212.71,21.97,31.83,22.88,0.18,Export NA,2.32,0.52,-0.14,,5.75,4.07,0.02,101.2,0,13.46,8.09,-5.63,6.61,4.93,3,Commercial Services & Supplies,Paper & Paper Products,2025-12-31,2026-02-10
Shreyans Industries Ltd.,SHREYANIND,516016,SHREYANIND,INE231C01019,Paper & Paper Products,Commercial Services & Supplies,163.57,163.57,226.13,6.39,Export NA,4.6,7.96,58.42,31.83,22.88,-0.26,Export NA,2.32,0.52,0.52,9.16,5.75,4.07,25.61,-24.74,11.86,13.46,8.09,8.22,6.61,4.93,4,Commercial Services & Supplies,Paper & Paper Products,2025-12-31,2026-05-20
Shri Ahimsa Naturals Ltd.,SHRIAHIMSA,,SHRIAHIMSA,INE0DM401012,Tea & Coffee,"Food, Beverages & Tobacco",270.7,270.7,634.27,28.96,Export NA,,,100,28.35,34.78,,Export NA,1.73,3.66,3.75,100,8.04,6.07,9.35,,14.16,26.28,8.14,11.34,19.55,5.04,5,"Food, Beverages & Tobacco",Tea & Coffee,2025-03-31,2025-11-07
Shri Bajrang Alliance Ltd.,,526981,SHBAJRG,INE402H01015,Iron & Steel Products,Metals & Mining,169.6,169.6,152.64,4.22,Export NA,5.12,4.68,45.74,23.8,30.63,6.8,Export NA,1.11,1.79,0.43,40.82,5.3,6.46,40.21,0.62,9.8,19.76,18.83,6.95,9.83,10.86,4,Metals & Mining,Iron & Steel Products,2025-12-31,2026-01-30
Shri Hare-Krishna Sponge Iron Ltd.,SHKSIL,,SHKSIL,INE0NON01025,Iron & Steel/Interm.Products,Metals & Mining,45,45,86.36,9.39,Export NA,,,19.35,23.8,32.33,,Export NA,1.11,0.78,0.82,,5.3,3.24,4.79,,12.49,19.76,6.78,9.87,9.83,3.42,3,Metals & Mining,Iron & Steel/Interm.Products,2025-03-31,2025-11-13
Shri Kanha Stainless Ltd.,SHRIKANHA,,SHRIKANHA,INE1V4601019,Iron & Steel Products,Metals & Mining,24.2,24.2,37.71,6.51,Export NA,,,,23.8,30.63,,Export NA,1.11,1.79,1.78,,5.3,6.46,3.72,,47.61,19.76,18.83,5.45,9.83,10.86,4,Metals & Mining,Iron & Steel Products,2025-03-31,
Shri Krishna Devcon Ltd.,,531080,SHRIKRISH,INE997I01012,Realty,Realty,43.28,43.28,121.18,20.5,Export NA,22.94,22.29,37.68,37.63,37.32,0.36,Export NA,1.72,1.77,1.35,91.22,3.69,4.38,2.11,57.38,5.68,10.17,11.27,2.51,4.54,5.37,9,Realty,Realty,2025-12-31,2026-02-14
Shri Techtex Ltd.,SHRITECH,,SHRITECH,INE0OMF01015,Plastic Products,General Industrials,66.2,66.2,165.17,11.26,Export NA,,,,58.9,35.79,,Export NA,5.74,3.64,1.58,,14.56,7.73,5.88,,14.88,19.77,14.6,12.73,10.29,10.46,5,General Industrials,Plastic Products,2025-03-31,2025-11-13
Shringar House of Mangalsutra Ltd.,SHRINGARMS,544512,SHRINGARMS,INE1B3L01017,Gems & Jewellery,Textiles Apparels & Accessories,209.57,209.57,2020.93,20.9,Export NA,,,38.61,53.79,63.43,,Export NA,2.24,1.24,3.15,,15.41,20.78,10.03,,30.42,22.86,28.31,16.26,8.26,8.05,4,Textiles Apparels & Accessories,Gems & Jewellery,2025-12-31,2026-02-11
Shriram Finance Ltd.,SHRIRAMFIN,511218,SHRIRAMFIN,INE721A01047,Finance (including NBFCs),Banking and Finance,930.45,930.45,218919.12,21.84,Export NA,19.03,19.29,98.95,22.6,26.34,4.44,Export NA,2.78,2.13,3.46,99.32,6.23,3.86,42.6,4.92,15.2,16.76,13.65,3.11,4.85,6.73,4,Banking and Finance,Finance (including NBFCs),2026-03-31,2026-04-24
Shriram Nifty 1D Rate Liquid ETF,LIQUIDSHRI,544208,LIQUIDSHRI,INF680P01422,Others,Others,1103.91,1103.91,,,Export NA,,,,,,,Export NA,,,,,,,,,,,,,,,,Others,Others,,
Shriram Pistons & Rings Ltd.,SHRIPISTON,544344,SHRIPISTON,INE526E01018,Auto Parts & Equipment,Automobiles & Auto Components,3489.6,3489.6,15371.62,27.8,Export NA,21.86,18.38,88.4,32.11,41.7,3.05,Export NA,5.07,3.31,5.56,95.76,6.96,6.81,125.52,9.12,19.04,19.05,15.01,8.97,9.43,7.82,4,Automobiles & Auto Components,Auto Parts & Equipment,2026-03-31,2026-05-11
Shriram Properties Ltd.,SHRIRAMPPS,543419,SHRIRAMPPS,INE217L01019,Realty,Realty,85.66,85.66,1461.83,20.87,Export NA,21.49,52.88,44.74,37.63,37.32,0.51,Export NA,1.72,1.77,1.06,28.03,3.69,4.38,4.11,41.25,5.69,10.17,11.27,1.96,4.54,5.37,5,Realty,Realty,2025-12-31,2026-02-14
Shubhlaxmi Jewel Art Ltd.,SHUBHLAXMI,,SHUBHLAXMI,INE01Z401013,Gems & Jewellery,Textiles Apparels & Accessories,22.65,22.65,24.02,26.56,Export NA,39.4,34.05,58.32,53.79,63.43,,Export NA,2.24,1.24,0.95,35.94,15.41,20.78,0.85,,4,22.86,28.31,2.16,8.26,8.05,1,Textiles Apparels & Accessories,Gems & Jewellery,2025-03-31,2025-11-14
Shubhshree Biofuels Energy Ltd.,SHUBHSHREE,,SHUBHSHREE,INE0UL701015,Utilities:Non-Electrical,Utilities,320,320,167.74,20.74,Export NA,,,2.61,24.91,15.47,,Export NA,27.85,426.35,4.89,,5.52,5.02,15.43,,26.72,14.21,14.06,15.93,5.38,8.44,1,Utilities,Utilities:Non-Electrical,2025-03-31,2025-11-14
Shyam Century Ferrous Ltd.,SHYAMCENT,539252,SHYAMCENT,INE979R01011,Iron & Steel/Interm.Products,Metals & Mining,5.51,5.51,116.91,-8.5,Export NA,317.06,168.55,,23.8,32.33,0.08,Export NA,1.11,0.78,0.72,16.32,5.3,3.24,-0.65,-107.06,-5.57,19.76,6.78,-5.04,9.83,3.42,3,Metals & Mining,Iron & Steel/Interm.Products,2025-12-31,2026-05-22
Shyam Dhani Industries Ltd.,SHYAMDHANI,,SHYAMDHANI,INE1CRP01016,Other Food & Beverages,"Food, Beverages & Tobacco",65.5,65.5,135.3,16.82,Export NA,,,,28.35,46.65,,Export NA,1.73,2.98,4.03,,8.04,15.04,3.89,,34.06,26.28,15.61,9.75,19.55,11.14,1,"Food, Beverages & Tobacco",Other Food & Beverages,2025-03-31,
Shyam Metalics and Energy Ltd.,SHYAMMETL,543299,SHYAMMETL,INE810G01011,Iron & Steel/Interm.Products,Metals & Mining,843.65,843.65,23548.96,22,Export NA,23.39,16.87,67.82,23.8,32.33,1.23,Export NA,1.11,0.78,2.1,47.39,5.3,3.24,38.34,17.85,9.28,19.76,6.78,5.33,9.83,3.42,6,Metals & Mining,Iron & Steel/Interm.Products,2026-03-31,2026-05-11
Shyam Telecom Ltd.,SHYAMTEL,517411,SHYAMTEL,INE635A01023,Distributors,Commercial Services & Supplies,23.12,23.12,26.06,-5.01,Export NA,,,,31.83,22.9,0.08,Export NA,2.32,24.39,-0.8,,5.75,5.17,-4.62,-66.08,0,13.46,16.43,-10.44,6.61,8.69,2,Commercial Services & Supplies,Distributors,2025-12-31,2026-02-12
Sicagen India Ltd.,,533014,SICAGEN,INE176J01011,Commodity Trading  & Distribution,Commercial Services & Supplies,54.06,54.06,213.92,12.17,Export NA,21.06,17.81,25.77,31.83,33.18,1.44,Export NA,2.32,1.21,0.41,73,5.75,5.32,4.44,8.45,3.53,13.46,12.19,2.37,6.61,4.31,9,Commercial Services & Supplies,Commodity Trading  & Distribution,2025-12-31,2026-05-13
Sical Logistics Ltd.,SICALLOG,520086,SICALLOG,INE075B01020,Warehousing & Logistics,Transportation,64.52,64.52,514.77,10.07,Export NA,,,7.52,36.05,32.42,0.05,Export NA,4.72,1.7,2.55,80.76,8.05,4.18,6.41,216.12,0,25.06,8.62,-3.01,7.11,5.64,3,Transportation,Warehousing & Logistics,2025-12-31,2026-02-13
Siddhi Cotspin Ltd.,SIDDHICOTS,,SIDDHICOTS,INE0SVO01019,Textiles,Textiles Apparels & Accessories,30.65,30.65,74.81,5.81,Export NA,,,,53.79,32.96,,Export NA,2.24,6.53,0.57,,15.41,3.67,5.28,,16.22,22.86,11.51,7.04,8.26,7.43,7,Textiles Apparels & Accessories,Textiles,2025-03-31,2025-11-13
Siddhika Coatings Ltd.,SIDDHIKA,,SIDDHIKA,INE0A1E01018,Paints,Consumer Durables,241,241,148.91,17.44,Export NA,15.42,,91.38,49.58,57.72,,Export NA,1.45,1.85,3.57,100,9.42,10.53,13.82,,22.09,20.69,18.85,17.73,10.95,12.01,6,Consumer Durables,Paints,2025-03-31,2026-05-16
Siemens Energy India Ltd.,ENRIN,544390,ENRIN,INE1NPP01017,Green & Renewable Energy,Utilities,3055.6,3055.6,108816.18,92.12,Export NA,,,73.21,24.91,30.52,,Export NA,27.85,5.83,23.18,29.55,5.52,10.28,33.17,,25.1,14.21,10.31,11.52,5.38,3.49,4,Utilities,Green & Renewable Energy,2025-12-31,2026-05-14
Siemens Ltd.,SIEMENS,500550,SIEMENS,INE003A01024,Heavy Electrical Equipment,General Industrials,3574.4,3574.4,127291.71,72.03,Export NA,74.59,76.21,55.47,58.9,71.23,-1.92,Export NA,5.74,3.65,9.43,72.82,14.56,15.26,49.62,-37.45,15.9,19.77,17.01,10.52,10.29,8.7,5,General Industrials,Heavy Electrical Equipment,2025-12-31,2026-02-06
Sigachi Industries Ltd.,SIGACHI,543389,SIGACHI,INE0D0K01022,Pharmaceuticals,Pharmaceuticals & Biotechnology,21.08,21.08,805.5,-10.57,Export NA,27.39,,,42.18,42.23,0.05,Export NA,2.39,2.39,1.59,20.5,7.57,7.72,-1.99,-206.82,11.57,17.72,18.15,8.22,11.9,12.17,4,Pharmaceuticals & Biotechnology,Pharmaceuticals,2025-12-31,2026-02-14
Sigma Advanced Systems Ltd.,SIGMAADV,532408,SIGMAADV,INE933B01012,Aerospace & Defence,General Industrials,336.45,336.45,5929.58,45.26,Export NA,,172.37,75.88,58.9,50.58,0.09,Export NA,5.74,8.98,15.5,99.65,14.56,11.27,7.43,493.2,-25.82,19.77,23.04,-8.21,10.29,9.53,2,General Industrials,Aerospace & Defence,2025-12-31,2026-02-14
Sigma Solve Ltd.,SIGMA,543917,SIGMA,INE0A0S01028,IT Consulting & Software,Software & Services,42.98,42.98,441.73,17.43,Export NA,23.32,,20.76,22.39,21.42,0.4,Export NA,10.02,10.72,7.87,53.7,6.84,6.86,2.47,44.07,38.62,28.07,30.42,31.03,17.17,18.42,7,Software & Services,IT Consulting & Software,2025-12-31,2026-01-13
Signatureglobal (India) Ltd.,SIGNATURE,543990,SIGNATURE,INE903U01023,Realty,Realty,858.95,858.95,12069.17,3640.7,Export NA,723.2,723.2,93.57,37.63,37.32,-37.96,Export NA,1.72,1.77,17.71,8.95,3.69,4.38,0.24,-95.92,13.9,10.17,11.27,0.78,4.54,5.37,6,Realty,Realty,2025-12-31,2026-05-13
Signet Industries Ltd.,SIGIND,512131,SIGIND,INE529F01035,Plastic Products,General Industrials,49.16,49.16,144.71,8.66,Export NA,11.8,12.54,23.26,58.9,35.79,0.2,Export NA,5.74,3.64,0.6,23.61,14.56,7.73,5.68,43.17,7.41,19.77,14.6,1.84,10.29,10.46,6,General Industrials,Plastic Products,2025-12-31,2026-02-14
Signoria Creation Ltd.,SIGNORIA,,SIGNORIA,INE0RDE01010,Textiles,Textiles Apparels & Accessories,61.1,61.1,29.07,9.63,Export NA,,,6.93,53.79,32.96,,Export NA,2.24,6.53,1.38,,15.41,3.67,6.34,,15.63,22.86,11.51,7.02,8.26,7.43,3,Textiles Apparels & Accessories,Textiles,2025-03-31,2025-11-14
Signpost India Ltd.,SIGNPOST,544117,SIGNPOST,INE0KGZ01021,Advertising & Media,Media,281.85,281.85,1506.49,30.13,Export NA,,,44.3,25.23,29.21,-21.62,Export NA,2.2,3.19,5.6,18.99,13.87,5.97,9.35,-1.39,15.36,20.32,16.93,6.09,15.35,7.63,4,Media,Advertising & Media,2025-12-31,2026-02-09
Sika Interplant Systems Ltd.,,523606,SIKA,INE438E01032,Aerospace & Defence,General Industrials,931.55,931.55,1974.97,53.95,Export NA,68.8,52.22,80.56,58.9,50.58,1.42,Export NA,5.74,8.98,13.39,91.56,14.56,11.27,17.27,38.05,23.42,19.77,23.04,20.8,10.29,9.53,8,General Industrials,Aerospace & Defence,2026-03-31,2026-05-08
Sikko Industries Ltd.,SIKKO,,SIKKO,INE112X01025,Fertilizers,Fertilizers,4.48,4.48,195.69,31.39,Export NA,,67.85,48.36,20.68,20.68,,Export NA,7.54,7.54,1.78,29.97,16.07,16.07,0.14,,5.24,478.71,478.71,3.94,243.93,243.93,3,Fertilizers,Fertilizers,2025-12-31,2026-02-07
Silgo Retail Ltd.,SILGO,,SILGO,INE01II01013,Gems & Jewellery,Textiles Apparels & Accessories,76.09,76.09,215.3,38.59,Export NA,35.82,30.6,99.92,53.79,63.43,0.75,Export NA,2.24,1.24,1.59,72.09,15.41,20.78,1.97,51.7,7.66,22.86,28.31,6.94,8.26,8.05,6,Textiles Apparels & Accessories,Gems & Jewellery,2025-12-31,2026-02-13
Silkflex Polymers (India) Ltd.,SILKFLEX,,SILKFLEX,INE0STN01015,Furniture-Furnishing,Diversified Consumer Services,213.6,213.6,247.93,20.4,Export NA,,,77.21,33.62,45.68,,Export NA,3.59,0.32,5.75,94.91,10.95,4.56,10.47,,25.56,22.55,10.88,9.22,11.12,7.56,5,Diversified Consumer Services,Furniture-Furnishing,2026-03-31,2026-04-25
Silky Overseas Ltd.,SILKY,,SILKY,INE0SN801015,Textiles,Textiles Apparels & Accessories,134,134,85.33,8.22,Export NA,,,47.6,53.79,32.96,,Export NA,2.24,6.53,1.44,,15.41,3.67,16.3,,40.67,22.86,11.51,14.11,8.26,7.43,6,Textiles Apparels & Accessories,Textiles,2025-12-31,2026-02-14
Silly Monks Entertainment Ltd.,SILLYMONKS,,SILLYMONKS,INE203Y01012,Movies & Entertainment,Media,16.2,16.2,20.19,-23.07,Export NA,153.58,153.58,,25.23,33.17,0.08,Export NA,2.2,3.06,2.3,60.62,13.87,25.15,-0.7,-296.23,2.65,20.32,45.72,1.87,15.35,32.15,5,Media,Movies & Entertainment,2025-12-31,2026-02-05
Silver Touch Technologies Ltd.,SILVERTUC,543525,SILVERTUC,INE625X01026,IT Consulting & Software,Software & Services,147.68,147.68,1872.73,52.42,Export NA,53.67,80.76,41.37,22.39,21.42,0.86,Export NA,10.02,10.72,12,96.52,6.84,6.86,2.82,60.97,21.06,28.07,30.42,12.05,17.17,18.42,6,Software & Services,IT Consulting & Software,2026-03-31,2026-04-30
Simbhaoli Sugars Ltd.,SIMBHALS,539742,SIMBHALS,INE748T01016,Sugar,"Food, Beverages & Tobacco",9.28,9.28,38.31,3.59,Export NA,-8,-5.24,57.53,28.35,27.86,-0.44,Export NA,1.73,1.26,-0.46,,8.04,2.67,2.59,-8.07,-51.37,26.28,9.03,1.21,19.55,4.86,5,"Food, Beverages & Tobacco",Sugar,2025-12-31,2026-03-11
Simplex Infrastructures Ltd.,SIMPLEXINF,523838,SIMPLEXINF,INE059B01024,Construction & Engineering,Cement and Construction,204.01,204.01,1613.62,25.03,Export NA,179.56,179.56,62.95,35.74,31.41,-0.49,Export NA,3.26,5.1,1.71,76.82,4.05,4.95,8.15,-51.24,2.21,11.25,12.93,0.26,4.61,4.29,7,Cement and Construction,Construction & Engineering,2025-12-31,2026-02-12
Sinclairs Hotels Ltd.,SINCLAIR,523023,SINCLAIR,INE985A01022,Hotels,Hotels Restaurants & Tourism,77.34,77.34,396.44,28.94,Export NA,24.44,33.47,66.54,44.23,40.73,-2.45,Export NA,3.41,2.69,3.25,79.02,8.2,7.29,2.67,-11.81,12.43,12.41,12.19,9.41,7.26,7.71,5,Hotels Restaurants & Tourism,Hotels,2025-12-31,2026-05-21
Sindhu Trade Links Ltd.,SINDHUTRAD,532029,SINDHUTRAD,INE325D01025,Diversified,Diversified,23.01,23.01,3547.98,-228.96,Export NA,38.29,38.29,,24.34,34.23,1.91,Export NA,1.86,1.37,2.18,59.99,2.7,3.08,-0.1,-119.72,1.59,11.19,9.07,0.93,3.16,2.66,5,Diversified,Diversified,2025-12-31,2026-02-13
Singer India Ltd.,,505729,SINGERIND,INE638A01035,Household Appliances,Consumer Durables,70.31,70.31,433.5,39.73,Export NA,84.66,72.77,65.77,49.58,47.95,0.43,Export NA,1.45,3.33,2.59,12.88,9.42,5.18,1.77,92.42,4.65,20.69,13.31,3.07,10.95,7.54,5,Consumer Durables,Household Appliances,2025-12-31,2026-02-12
Sintercom India Ltd.,SINTERCOM,,SINTERCOM,INE129Z01016,Auto Parts & Equipment,Automobiles & Auto Components,77.69,77.69,213.86,226.84,Export NA,109.34,109.34,3.53,32.11,41.7,-16.54,Export NA,5.07,3.31,2.09,5.6,6.96,6.81,0.34,-13.72,0.71,19.05,15.01,0.34,9.43,7.82,3,Automobiles & Auto Components,Auto Parts & Equipment,2025-12-31,2026-02-09
Sirca Paints India Ltd.,SIRCA,543686,SIRCA,INE792Z01011,Paints,Consumer Durables,427.05,427.05,2425.34,37.3,Export NA,42.46,46.97,28.78,49.58,57.72,1.15,Export NA,1.45,1.85,5.3,45.82,9.42,10.53,11.45,32.54,13.68,20.69,18.85,11.04,10.95,12.01,6,Consumer Durables,Paints,2026-03-31,2026-05-07
Siyaram Silk Mills Ltd.,SIYSIL,503811,SIYSIL,INE076B01028,Textiles,Textiles Apparels & Accessories,560.75,560.75,2544.13,12.4,Export NA,14.9,12.58,59.07,53.79,32.96,2.18,Export NA,2.24,6.53,1.83,25.16,15.41,3.67,45.22,5.7,15.36,22.86,11.51,10.44,8.26,7.43,4,Textiles Apparels & Accessories,Textiles,2025-12-31,2026-01-27
Skipper Ltd.,SKIPPER,538562,SKIPPER,INE439E01022,Construction & Engineering,Cement and Construction,436.05,436.05,4923.18,23.1,Export NA,46.28,48.07,32.06,35.74,31.41,0.54,Export NA,3.26,5.1,3.7,72.29,4.05,4.95,18.88,42.71,14.29,11.25,12.93,4.7,4.61,4.29,6,Cement and Construction,Construction & Engineering,2026-03-31,2026-04-28
Sky Gold and Diamonds Ltd.,SKYGOLD,541967,SKYGOLD,INE01IU01018,Gems & Jewellery,Textiles Apparels & Accessories,475.8,475.8,7368.9,55.55,Export NA,69.62,35.03,68.57,53.79,63.43,0.5,Export NA,2.24,1.24,6.6,52.85,15.41,20.78,8.57,112.06,19.39,22.86,28.31,9.77,8.26,8.05,5,Textiles Apparels & Accessories,Gems & Jewellery,2025-12-31,2026-02-09
Slone Infosystems Ltd.,SLONE,,SLONE,INE0SMA01017,Computer Hardware,Hardware Technology & Equipment,173.25,173.25,91.29,12.32,Export NA,,,9.81,29.02,32.67,,Export NA,0.51,0.5,2.6,1.58,14.15,6,14.06,,18.97,28.88,17.87,12.81,10.48,10.14,3,Hardware Technology & Equipment,Computer Hardware,2025-03-31,2025-11-12
Smarten Power Systems Ltd.,SMARTEN,,SMARTEN,INE14GK01016,Other Electrical Equipment/Products,Consumer Durables,50.65,50.65,96.24,10.94,Export NA,,,13.24,49.58,41.19,,Export NA,1.45,1.34,1.19,4.41,9.42,8.51,4.63,,10.52,20.69,21.67,6.34,10.95,11.03,3,Consumer Durables,Other Electrical Equipment/Products,2026-03-31,2026-04-28
Smartlink Holdings Ltd.,SMARTLINK,532419,SMARTLINK,INE178C01020,IT Networking Equipment,Hardware Technology & Equipment,148.49,148.49,148.12,14.65,Export NA,26.46,18.86,50.04,29.02,109.84,-1.25,Export NA,0.51,0.71,0.73,57.27,14.15,16.43,10.14,-11.7,3.36,28.88,31.95,2.68,10.48,10.56,6,Hardware Technology & Equipment,IT Networking Equipment,2025-12-31,2026-05-13
Smartworks Coworking Spaces Ltd.,SMARTWORKS,544447,SMARTWORKS,INE0NAZ01010,Special Consumer Services,Diversified Consumer Services,428.4,428.4,4894.99,464.95,Export NA,,,,33.62,39.07,3.99,Export NA,3.59,4.51,9.59,0.5,10.95,11.75,0.92,116.66,1.98,22.55,25.9,0.16,11.12,3.02,7,Diversified Consumer Services,Special Consumer Services,2026-03-31,2026-04-30
Snehaa Organics Ltd.,SNEHAA,,SNEHAA,INE1OIC01018,Specialty Chemicals,Chemicals & Petrochemicals,45.35,45.35,46.16,6.29,Export NA,,,,42.23,47.85,,Export NA,3.64,2.93,0.95,,6.18,7.62,7.21,,49.66,13.61,14.82,24.41,9.15,10.12,5,Chemicals & Petrochemicals,Specialty Chemicals,2025-03-31,2025-11-13
Snowman Logistics Ltd.,SNOWMAN,538635,SNOWMAN,INE734N01019,Warehousing & Logistics,Transportation,38.44,38.44,642.29,194.48,Export NA,121.45,162.76,71.44,36.05,32.42,-4.63,Export NA,4.72,1.7,1.59,30.23,8.05,4.18,0.2,-41.96,0.82,25.06,8.62,0.42,7.11,5.64,7,Transportation,Warehousing & Logistics,2026-03-31,2026-05-06
Sobha Ltd.,SOBHA,532784,SOBHA,INE671H01015,Realty,Realty,1394.3,1394.3,14911.12,77.1,Export NA,251.79,161.09,73.91,37.63,37.32,0.74,Export NA,1.72,1.77,3.22,77.77,3.69,4.38,18.09,104.26,4.09,10.17,11.27,0.99,4.54,5.37,6,Realty,Realty,2026-03-31,2026-05-04
SoftTech Engineers Ltd.,SOFTTECH,543470,SOFTTECH,INE728Z01015,IT Software Products,Software & Services,437.05,437.05,604.97,460.33,Export NA,257.12,53.13,99.92,22.39,42.73,-54.29,Export NA,10.02,3.5,3.52,81.9,6.84,6.05,0.95,-8.48,0.77,28.07,12.16,0.53,17.17,7.28,4,Software & Services,IT Software Products,2025-12-31,2026-02-12
Solar Industries India Ltd.,SOLARINDS,532725,SOLARINDS,INE343H01029,Other Industrial Products,General Industrials,15585,15585,141028.82,97.12,Export NA,106.98,87.73,90.03,58.9,44.01,3.3,Export NA,5.74,4.34,25.26,83.68,14.56,20.86,160.48,29.4,27.57,19.77,22.24,14.63,10.29,12.05,8,General Industrials,Other Industrial Products,2025-12-31,2026-05-15
Solara Active Pharma Sciences Ltd.,SOLARA,541540,SOLARA,INE624Z01016,Pharmaceuticals,Pharmaceuticals & Biotechnology,508.6,508.6,2262.71,-118.4,Export NA,4542.21,4542.21,,42.18,42.23,-1.28,Export NA,2.39,2.39,1.83,59.62,7.57,7.72,-4.3,92.44,0.04,17.72,18.15,0.02,11.9,12.17,7,Pharmaceuticals & Biotechnology,Pharmaceuticals,2025-12-31,2026-05-15
Solarworld Energy Solutions Ltd.,SOLARWORLD,544532,SOLARWORLD,INE0TY101024,Green & Renewable Energy,Utilities,217.53,217.53,1885.39,23.32,Export NA,,,37.58,24.91,30.52,,Export NA,27.85,5.83,2.36,,5.52,10.28,9.33,,24.92,14.21,10.31,12.88,5.38,3.49,3,Utilities,Green & Renewable Energy,2025-12-31,2026-01-28
Solex Energy Ltd.,SOLEX,,SOLEX,INE880Y01017,Other Electrical Equipment/Products,Consumer Durables,1251.2,1251.2,1351.61,24.86,Export NA,136.25,125.07,51.7,49.58,41.19,,Export NA,1.45,1.34,6.93,13.26,9.42,8.51,50.34,,26.16,20.69,21.67,8.75,10.95,11.03,5,Consumer Durables,Other Electrical Equipment/Products,2025-12-31,2026-02-12
Solve Plastic Products Ltd.,BALCO,,BALCO,INE0U0201016,Plastic Products,General Industrials,23.75,23.75,10.37,-2.17,Export NA,,,,58.9,35.79,,Export NA,5.74,3.64,1,,14.56,7.73,-10.96,,-47.98,19.77,14.6,-19.67,10.29,10.46,2,General Industrials,Plastic Products,2025-03-31,2025-11-14
Som Distilleries & Breweries Ltd.,SDBL,507514,SDBL,INE480C01038,Breweries & Distilleries,"Food, Beverages & Tobacco",85.69,85.69,1781.51,20.34,Export NA,26.52,30.23,31.47,28.35,66.59,-2.62,Export NA,1.73,1.7,2.13,46.86,8.04,10.34,4.21,-7.76,13.97,26.28,16.79,7.77,19.55,10.27,6,"Food, Beverages & Tobacco",Breweries & Distilleries,2025-12-31,2026-02-10
Soma Textiles & Industries Ltd.,SOMATEX,521034,SOMATEX,INE314C01013,Textiles,Textiles Apparels & Accessories,108.18,108.18,357.35,68.99,Export NA,5.15,-0.72,88.99,53.79,32.96,-0.73,Export NA,2.24,6.53,2.2,74.47,15.41,3.67,1.57,-94.13,43.88,22.86,11.51,42.83,8.26,7.43,6,Textiles Apparels & Accessories,Textiles,2025-12-31,2026-02-14
Somany Ceramics Ltd.,SOMANYCERA,531548,SOMANYCERA,INE355A01028,Ceramics,Consumer Durables,442.3,442.3,1814,28.03,Export NA,29.37,30.78,34.4,49.58,39.85,-4.04,Export NA,1.45,0.57,2.26,20.52,9.42,5.24,15.78,-6.95,7.78,20.69,13.28,3.05,10.95,9.81,7,Consumer Durables,Ceramics,2025-12-31,2026-05-15
Somi Conveyor Beltings Ltd.,SOMICONVEY,533001,SOMICONVEY,INE323J01019,Industrial Machinery,General Industrials,112.38,112.38,132.38,24.79,Export NA,36.46,31.72,43.91,58.9,58.76,-1.42,Export NA,5.74,4.45,1.63,75.33,14.56,20.55,4.53,-17.49,7.16,19.77,24.18,4.5,10.29,13.59,3,General Industrials,Industrial Machinery,2025-12-31,2026-05-20
Sona BLW Precision Forgings Ltd.,SONACOMS,543300,SONACOMS,INE073K01018,Auto Parts & Equipment,Automobiles & Auto Components,584.1,584.1,36322.7,56.74,Export NA,62.48,75.09,25.14,32.11,41.7,8.7,Export NA,5.07,3.31,6.2,19.93,6.96,6.81,10.29,6.52,10.7,19.05,15.01,8.57,9.43,7.82,4,Automobiles & Auto Components,Auto Parts & Equipment,2026-03-31,2026-04-30
Sona Machinery Ltd.,SONAMAC,,SONAMAC,INE0Q6H01012,Industrial Machinery,General Industrials,37.25,37.25,51.12,13.27,Export NA,,,,58.9,58.76,,Export NA,5.74,4.45,0.73,,14.56,20.55,2.81,,5.55,19.77,24.18,4.03,10.29,13.59,1,General Industrials,Industrial Machinery,2025-03-31,2025-11-14
Sonal Mercantile Ltd.,,538943,SONAL,INE321M01017,Finance (including NBFCs),Banking and Finance,92.25,92.25,135.96,4.84,Export NA,5.65,6.18,51.56,22.6,26.34,-0.69,Export NA,2.78,2.13,0.36,46.4,6.23,3.86,19.05,-7.06,9.03,16.76,13.65,5.11,4.85,6.73,6,Banking and Finance,Finance (including NBFCs),2025-12-31,2026-02-13
Sonam Ltd.,SONAMLTD,,SONAMLTD,INE00LM01029,Household Products,Consumer Durables,50.33,50.33,201.48,32.91,Export NA,34.54,27.14,60.93,49.58,22.2,-10.68,Export NA,1.45,0.4,2.99,68.84,9.42,4.27,1.53,-3.08,12.49,20.69,21,6.48,10.95,9.27,8,Consumer Durables,Household Products,2025-12-31,2026-01-17
Sonata Software Ltd.,SONATSOFTW,532221,SONATSOFTW,INE269A01021,IT Consulting & Software,Software & Services,273.15,273.15,7659.8,16.49,Export NA,37.45,33.39,50.36,22.39,21.42,1.76,Export NA,10.02,10.72,4.08,28.37,6.84,6.86,16.56,9.36,24.38,28.07,30.42,9.12,17.17,18.42,8,Software & Services,IT Consulting & Software,2026-03-31,2026-05-07
Sonu Infratech Ltd.,SONUINFRA,,SONUINFRA,INE0JZA01018,Construction & Engineering,Cement and Construction,54.8,54.8,64.47,6.52,Export NA,,,2.71,35.74,31.41,0.09,Export NA,3.26,5.1,0.87,2.17,4.05,4.95,8.4,76.19,16.62,11.25,12.93,5.98,4.61,4.29,6,Cement and Construction,Construction & Engineering,2025-12-31,2026-02-05
Sotac Pharmaceuticals Ltd,SOTAC,,SOTAC,INE0O2D01012,Pharmaceuticals,Pharmaceuticals & Biotechnology,111.3,111.3,122.99,15.32,Export NA,,,0.17,42.18,42.23,,Export NA,2.39,2.39,2.61,14.97,7.57,7.72,7.26,,15.07,17.72,18.15,6.45,11.9,12.17,3,Pharmaceuticals & Biotechnology,Pharmaceuticals,2025-03-31,2025-11-12
South Indian Bank Ltd.,SOUTHBANK,532218,SOUTHBANK,INE683A01023,Banks,Banking and Finance,38.21,38.21,10001.82,6.87,Export NA,6.55,21.18,72.65,22.6,13.77,0.59,Export NA,2.78,1.95,0.91,81.74,6.23,1.84,5.56,11.71,12.75,16.76,13.01,1.02,4.85,1.37,4,Banking and Finance,Banks,2026-03-31,2026-05-06
South West Pinnacle Exploration Ltd.,SOUTHWEST,543986,SOUTHWEST,INE980Y01015,Coal & Mining,Metals & Mining,220.83,220.83,658.74,19.94,Export NA,35.92,40.79,25.9,23.8,13.83,0.2,Export NA,1.11,3.11,3.44,70.21,5.3,4.81,11.07,101.07,16.22,19.76,23.55,9.94,9.83,10.77,6,Metals & Mining,Coal & Mining,2026-03-31,2026-05-04
Southern Petrochemicals Industries Corporation Ltd.,SPIC,590030,SPIC,INE147A01011,Fertilizers,Fertilizers,65.62,65.62,1336.29,6.63,Export NA,12.59,9.56,39.2,20.68,20.68,0.08,Export NA,7.54,7.54,0.99,6.05,16.07,16.07,9.89,79.9,12.98,478.71,478.71,6.81,243.93,243.93,5,Fertilizers,Fertilizers,2025-12-31,2026-02-13
Spacenet Enterprises India Ltd.,SPCENET,,SPCENET,INE970N01027,Internet Software & Services,Software & Services,3.8,3.8,215.74,13.49,Export NA,74.5,214.76,11.67,22.39,32.02,0.17,Export NA,10.02,2.7,1.28,0.51,6.84,6.82,0.28,77.29,7.88,28.07,8.54,6.14,17.17,6.62,4,Software & Services,Internet Software & Services,2025-12-31,2026-02-14
Spandana Sphoorty Financial Ltd Partly Paidup,SSFLPP,890221,SSFLPP,IN9572J01019,Others,Others,125.4,125.4,,,Export NA,,,,,,,Export NA,,,,,,,,,,,,,,,,Others,Others,,
Spandana Sphoorty Financial Ltd.,SPANDANA,542759,SPANDANA,INE572J01011,Microfinance Institutions,Banking and Finance,258.91,258.91,2070.56,-2.96,Export NA,6.07,142.53,,22.6,26.38,-0.09,Export NA,2.78,0.95,0.97,30.35,6.23,3.09,-87.41,32.47,-32.83,16.76,10.44,-11.19,4.85,1.32,2,Banking and Finance,Microfinance Institutions,2026-03-31,2026-05-05
Speb Adhesives Ltd.,SPEB,,SPEB,INE1CW901027,Specialty Chemicals,Chemicals & Petrochemicals,78.45,78.45,176.23,29.9,Export NA,,,,42.23,47.85,,Export NA,3.64,2.93,5.2,,6.18,7.62,2.62,,23.24,13.61,14.82,21.61,9.15,10.12,2,Chemicals & Petrochemicals,Specialty Chemicals,2025-03-31,
Speciality Restaurants Ltd.,SPECIALITY,534425,SPECIALITY,INE247M01014,Restaurants,Hotels Restaurants & Tourism,101.52,101.52,489.69,23.44,Export NA,26.72,43.72,32.16,44.23,62.18,-3.42,Export NA,3.41,5.91,1.43,18.35,8.2,11,4.33,-6.85,6.64,12.41,13.17,4.02,7.26,5.68,7,Hotels Restaurants & Tourism,Restaurants,2025-12-31,2026-02-10
Spectrum Electrical Industries Ltd.,SPECTRUM,544386,SPECTRUM,INE01EO01010,Other Electrical Equipment/Products,Consumer Durables,1417.8,1417.8,2227.9,87,Export NA,131.69,126.73,36.34,49.58,41.19,0.29,Export NA,1.45,1.34,9.87,30.05,9.42,8.51,16.3,300.87,13.43,20.69,21.67,5.75,10.95,11.03,2,Consumer Durables,Other Electrical Equipment/Products,2025-12-31,2026-01-22
Spectrum Talent Management Ltd.,SPECTSTM,,SPECTSTM,INE0OL001018,Misc. Commercial Services,Commercial Services & Supplies,57.95,57.95,133.82,18.49,Export NA,,,28.47,31.83,27.25,,Export NA,2.32,0.82,0.85,,5.75,5.02,3.13,,4.53,13.46,17.32,2.9,6.61,12.13,2,Commercial Services & Supplies,Misc. Commercial Services,2025-03-31,2025-11-14
Spencers Retail Ltd.,SPENCERS,542337,SPENCERS,INE020801028,Department Stores,Retailing,36.27,36.27,326.91,-1.3,Export NA,,,,78.39,89.12,-0.52,Export NA,6.4,7.99,-0.39,,19.94,14.37,-27.98,2.51,0,10.74,15.61,-18.81,6.91,10.77,2,Retailing,Department Stores,2025-12-31,2026-02-06
Sportking India Ltd.,SPORTKING,539221,SPORTKING,INE885H01029,Textiles,Textiles Apparels & Accessories,147.05,147.05,1868.59,15.05,Export NA,15.2,7.65,89.58,53.79,32.96,0.51,Export NA,2.24,6.53,1.73,91.52,15.41,3.67,9.77,29.31,10.86,22.86,11.51,6.15,8.26,7.43,9,Textiles Apparels & Accessories,Textiles,2025-12-31,2026-05-16
Spunweb Nonwoven Ltd.,SPUNWEB,,SPUNWEB,INE19QH01010,Textiles,Textiles Apparels & Accessories,123,123,296.47,27.47,Export NA,,,95.83,53.79,32.96,,Export NA,2.24,6.53,2.69,,15.41,3.67,4.48,,23.95,22.86,11.51,5.9,8.26,7.43,6,Textiles Apparels & Accessories,Textiles,2025-03-31,2025-11-05
Sree Rayalaseema Hi-Strength Hypo Ltd.,SRHHYPOLTD,532842,SRHHYPOLTD,INE917H01012,Commodity Chemicals,Chemicals & Petrochemicals,510.4,510.4,876.09,9.58,Export NA,12.06,10.01,36.54,42.23,39.75,1.27,Export NA,3.64,7.92,0.85,13.29,6.18,4.79,53.28,7.56,9.8,13.61,12.96,8.42,9.15,8.15,4,Chemicals & Petrochemicals,Commodity Chemicals,2025-12-31,2026-02-14
Sreeleathers Ltd.,SREEL,535601,SREEL,INE099F01013,Footwear,Retailing,180.33,180.33,417.55,17.14,Export NA,23.21,24.18,15.48,78.39,57.67,1.63,Export NA,6.4,2.03,0.85,0.07,19.94,9.86,10.52,10.48,4.88,10.74,18.49,4.64,6.91,9.08,5,Retailing,Footwear,2025-12-31,2026-02-06
Sri Havisha Hospitality and Infrastructure Ltd.,HAVISHA,531322,HAVISHA,INE293B01029,Hotels,Hotels Restaurants & Tourism,1.59,1.59,24.41,-4.16,Export NA,,25.43,,44.23,40.73,0.18,Export NA,3.41,2.69,-2.9,,8.2,7.29,-0.38,-23.43,-19.21,12.41,12.19,-5.68,7.26,7.71,1,Hotels Restaurants & Tourism,Hotels,2025-12-31,2026-05-27
Sri Lotus Developers and Realty Ltd.,LOTUSDEV,544469,LOTUSDEV,INE0V9Q01010,Realty,Realty,142.42,142.42,6960.4,30.63,Export NA,,,18.82,37.63,37.32,,Export NA,1.72,1.77,3.83,,3.69,4.38,4.65,,24.38,10.17,11.27,18.66,4.54,5.37,4,Realty,Realty,2025-12-31,2026-05-12
Srinibas Pradhan Constructions Ltd.,SPCON,,SPCON,INE0TPJ01019,Roads & Highways,Cement and Construction,123.1,123.1,96.77,14.69,Export NA,,,,35.74,6.99,,Export NA,3.26,0.03,4.08,,4.05,1.13,8.38,,41.65,11.25,24.35,11.81,4.61,8.72,1,Cement and Construction,Roads & Highways,2025-03-31,
Srivari Spices and Foods Ltd.,SSFL,,SSFL,INE0ON201012,Other Food & Beverages,"Food, Beverages & Tobacco",93.25,93.25,79.92,8.39,Export NA,,,,28.35,46.65,,Export NA,1.73,2.98,1.21,,8.04,15.04,11.11,,16.25,26.28,15.61,11.5,19.55,11.14,3,"Food, Beverages & Tobacco",Other Food & Beverages,2025-03-31,2025-11-12
Srivasavi Adhesive Tapes Ltd.,SRIVASAVI,,SRIVASAVI,INE0NPI01014,Other Industrial Products,General Industrials,57,57,80.79,11.88,Export NA,,,,58.9,44.01,,Export NA,5.74,4.34,1.85,,14.56,20.86,4.8,,16.72,19.77,22.24,11.73,10.29,12.05,4,General Industrials,Other Industrial Products,2025-03-31,2026-05-15
Stallion India Fluorochemicals Ltd.,STALLION,544342,STALLION,INE0RYC01010,Specialty Chemicals,Chemicals & Petrochemicals,147.29,147.29,1709.83,37.03,Export NA,,,69.26,42.23,47.85,,Export NA,3.64,2.93,2.51,12.54,6.18,7.62,3.98,,10.74,13.61,14.82,9.68,9.15,10.12,4,Chemicals & Petrochemicals,Specialty Chemicals,2025-12-31,2026-05-13
Standard Engineering Technology Ltd.,SETL,544333,SETL,INE0M4D01010,Other Industrial Products,General Industrials,132.36,132.36,2640.47,35.04,Export NA,,,40.98,58.9,44.01,8.79,Export NA,5.74,4.34,3.44,33.94,14.56,20.86,3.78,3.98,9.12,19.77,22.24,6.71,10.29,12.05,3,General Industrials,Other Industrial Products,2025-12-31,2026-05-14
Standard Industries Ltd.,SIL,530017,SIL,INE173A01025,Commodity Trading  & Distribution,Commercial Services & Supplies,16.21,16.21,104.28,-5.35,Export NA,,5.24,,31.83,33.18,0.12,Export NA,2.32,1.21,0.82,2.36,5.75,5.32,-3.03,-44.35,-16.94,13.46,12.19,-10.16,6.61,4.31,4,Commercial Services & Supplies,Commodity Trading  & Distribution,2026-03-31,2026-05-12
Stanley Lifestyles Ltd.,STANLEY,544202,STANLEY,INE01A001028,Furniture-Furnishing,Diversified Consumer Services,155.75,155.75,889.73,38.02,Export NA,,,15.8,33.62,45.68,-2.03,Export NA,3.59,0.32,1.91,7.36,10.95,4.56,4.1,-18.75,6.26,22.55,10.88,3.9,11.12,7.56,6,Diversified Consumer Services,Furniture-Furnishing,2025-12-31,2026-02-12
Star Cement Ltd.,STARCEMENT,540575,STARCEMENT,INE460H01021,Cement & Cement Products,Cement and Construction,219.99,219.99,8891.56,24.13,Export NA,42.84,32.37,70.59,35.74,39.23,0.14,Export NA,3.26,1.71,2.88,58.97,4.05,3.41,9.12,176.11,5.86,11.25,8.66,4.11,4.61,4.59,6,Cement and Construction,Cement & Cement Products,2025-12-31,2026-05-22
Star Health and Allied Insurance Company Ltd.,STARHEALTH,543412,STARHEALTH,INE575P01011,General Insurance,Banking and Finance,511.2,511.2,30042.17,53.94,Export NA,38.94,,76.76,22.6,29.34,-3.92,Export NA,2.78,1.74,3.97,22.58,6.23,3.73,9.48,-13.76,7.35,16.76,12.11,2.31,4.85,3.04,4,Banking and Finance,General Insurance,2026-03-31,2026-04-28
Star Paper Mills Ltd.,STARPAPER,516022,STARPAPER,INE733A01018,Paper & Paper Products,Commercial Services & Supplies,140.33,140.33,219.03,5.61,Export NA,5.76,6.01,51.86,31.83,22.88,-0.25,Export NA,2.32,0.52,0.31,4.78,5.75,4.07,25.02,-22.58,6.04,13.46,8.09,5,6.61,4.93,5,Commercial Services & Supplies,Paper & Paper Products,2025-12-31,2026-02-13
Starteck Finance Ltd.,STARTECK,512381,STARTECK,INE992I01013,Finance (including NBFCs),Banking and Finance,255.14,255.14,252.85,12.78,Export NA,22.73,12.17,47.37,22.6,26.34,0.21,Export NA,2.78,2.13,0.97,69.19,6.23,3.86,19.97,59.84,4.44,16.76,13.65,2.02,4.85,6.73,7,Banking and Finance,Finance (including NBFCs),2025-12-31,2026-05-13
State Bank of India,SBIN,500112,SBIN,INE062A01020,Banks,Banking and Finance,974.6,974.6,899615.99,10.8,Export NA,10.89,11.46,37.57,22.6,13.77,1.46,Export NA,2.78,1.95,1.52,60.53,6.23,1.84,90.24,7.4,13.97,16.76,13.01,1,4.85,1.37,3,Banking and Finance,Banks,2026-03-31,2026-05-08
State Trading Corporation Of India Ltd.,STCINDIA,512531,STCINDIA,INE655A01013,Commodity Trading  & Distribution,Commercial Services & Supplies,114.27,114.27,685.62,1.07,Export NA,24.66,-1.39,3.23,31.83,33.18,0,Export NA,2.32,1.21,-0.17,,5.75,5.32,106.93,1694.81,-0.45,13.46,12.19,1.04,6.61,4.31,3,Commercial Services & Supplies,Commodity Trading  & Distribution,2025-12-31,2026-02-11
Steel Authority of India (SAIL) Ltd.,SAIL,500113,SAIL,INE114A01011,Iron & Steel/Interm.Products,Metals & Mining,176.09,176.09,72734.42,26.09,Export NA,21.01,15.98,94.07,23.8,32.33,1.08,Export NA,1.11,0.78,1.24,98.39,5.3,3.24,6.75,24.12,4.02,19.76,6.78,1.73,9.83,3.42,5,Metals & Mining,Iron & Steel/Interm.Products,2025-12-31,2026-05-15
Steel Cast Ltd.,STEELCAS,513517,STEELCAS,INE124E01038,Castings & Forgings,General Industrials,278.6,278.6,2819.43,31.17,Export NA,25.88,23.74,71.26,58.9,64.29,0.76,Export NA,5.74,4.12,7.41,99.25,14.56,7.72,8.94,41.02,22.15,19.77,12.53,18.54,10.29,7.9,7,General Industrials,Castings & Forgings,2025-12-31,2026-01-30
Steel City Securities Ltd.,STEELCITY,,STEELCITY,INE395H01011,Capital Markets,Banking and Finance,80.2,80.2,121.16,8.48,Export NA,10.47,9.17,59.93,22.6,49.83,-0.51,Export NA,2.78,1.85,0.88,45.83,6.23,18.07,9.46,-16.7,10.35,16.76,28.37,6.01,4.85,12.93,3,Banking and Finance,Capital Markets,2026-03-31,2026-05-02
Steel Exchange India Ltd.,STEELXIND,534748,STEELXIND,INE503B01021,Iron & Steel/Interm.Products,Metals & Mining,10.01,10.01,1276.79,65.87,Export NA,89.82,53.59,90.58,23.8,32.33,-1.25,Export NA,1.11,0.78,1.69,15.77,5.3,3.24,0.15,-52.63,5.07,19.76,6.78,2.01,9.83,3.42,6,Metals & Mining,Iron & Steel/Interm.Products,2025-12-31,2026-02-14
Steel Strips Wheels Ltd.,SSWL,513262,SSWL,INE802C01033,Auto Parts & Equipment,Automobiles & Auto Components,205.66,205.66,3232.57,17.01,Export NA,11.46,11.71,55.96,32.11,41.7,-0.24,Export NA,5.07,3.31,1.84,3.82,6.96,6.81,12.09,-70.77,12.01,19.05,15.01,5.74,9.43,7.82,4,Automobiles & Auto Components,Auto Parts & Equipment,2025-12-31,2026-05-26
Sterling Tools Ltd.,STERTOOLS,530759,STERTOOLS,INE334A01023,Auto Parts & Equipment,Automobiles & Auto Components,233,233,846.82,23.17,Export NA,23.9,27.74,33.61,32.11,41.7,-0.52,Export NA,5.07,3.31,1.6,5.1,6.96,6.81,10.06,-44.4,11.66,19.05,15.01,7.37,9.43,7.82,6,Automobiles & Auto Components,Auto Parts & Equipment,2025-12-31,2026-05-15
Sterling and Wilson Renewable Energy Ltd.,SWSOLAR,542760,SWSOLAR,INE00M201021,Construction & Engineering,Cement and Construction,202.49,202.49,4728.78,-15.28,Export NA,69.84,69.84,,35.74,31.41,0.03,Export NA,3.26,5.1,10.03,81.37,4.05,4.95,-13.25,-479.9,-47.62,11.25,12.93,-5.81,4.61,4.29,3,Cement and Construction,Construction & Engineering,2026-03-31,2026-04-23
Sterlite Technologies Ltd.,STLTECH,532374,STLTECH,INE089C01029,Telecom Cables,Telecommunications Equipment,398.3,398.3,19442.32,347.18,Export NA,232.14,71.17,100,62.37,64.46,2.4,Export NA,3.45,1.61,9.55,90.03,10.31,6.8,1.15,144.44,2.46,6.95,6.11,0.88,3.76,2.97,7,Telecommunications Equipment,Telecom Cables,2026-03-31,2026-04-29
Stove Kraft Ltd.,STOVEKRAFT,543260,STOVEKRAFT,INE00IN01015,Household Appliances,Consumer Durables,563.45,563.45,1865.43,44.42,Export NA,59.7,,63.44,49.58,47.95,4.91,Export NA,1.45,3.33,3.74,15.37,9.42,5.18,12.68,9.05,8.17,20.69,13.31,3.19,10.95,7.54,4,Consumer Durables,Household Appliances,2026-03-31,2026-05-12
Striders Impex Ltd.,STRIDERS,,STRIDERS,INE1XWN01017,Specialty Retail,Retailing,66.7,66.7,124.17,14.77,Export NA,,,,78.39,54.96,,Export NA,6.4,18.36,4.33,,19.94,7.79,4.52,,55.8,10.74,13.46,17.26,6.91,6.43,2,Retailing,Specialty Retail,2025-03-31,
Strides Pharma Science Ltd.,STAR,532531,STAR,INE939A01011,Pharmaceuticals,Pharmaceuticals & Biotechnology,1151.8,1151.8,10616.45,20.76,Export NA,23.75,23.75,41.35,42.18,42.23,0.23,Export NA,2.39,2.39,3.58,74.35,7.57,7.72,55.49,89.74,140.81,17.72,18.15,59.4,11.9,12.17,6,Pharmaceuticals & Biotechnology,Pharmaceuticals,2025-12-31,2026-05-18
Studds Accessories Ltd.,STUDDS,544599,STUDDS,INE00Q601028,Auto Parts & Equipment,Automobiles & Auto Components,456.2,456.2,1795.3,,Export NA,,,,32.11,41.7,,Export NA,5.07,3.31,3.58,,6.96,6.81,,,15.49,19.05,15.01,12.5,9.43,7.82,2,Automobiles & Auto Components,Auto Parts & Equipment,2025-12-31,2026-01-31
Studio LSD Ltd.,STUDIOLSD,,STUDIOLSD,INE17VO01028,Movies & Entertainment,Media,10.95,10.95,56.82,4.87,Export NA,,,,25.23,33.17,,Export NA,2.2,3.06,0.74,,13.87,25.15,2.25,,42.37,20.32,45.72,25,15.35,32.15,4,Media,Movies & Entertainment,2025-03-31,2025-11-14
Stylam Industries Ltd.,STYLAMIND,526951,STYLAMIND,INE239C01020,Forest Products,Forest Materials,2460.6,2460.6,4170.25,27.83,Export NA,26.15,27.44,61.29,57.43,59.25,1.21,Export NA,6.14,6.55,5.42,53.58,5.86,6.15,88.43,22.97,18.57,9.16,9.21,15.3,5.7,5.64,6,Forest Materials,Forest Products,2026-03-31,2026-05-07
Styrenix Performance Materials Ltd.,STYRENIX,506222,STYRENIX,INE189B01011,Specialty Chemicals,Chemicals & Petrochemicals,2224.4,2224.4,3911.74,23.13,Export NA,21.21,14.81,81.48,42.23,47.85,-0.89,Export NA,3.64,2.93,3.1,63.76,6.18,7.62,96.19,-25.93,20.14,13.61,14.82,10.26,9.15,10.12,3,Chemicals & Petrochemicals,Specialty Chemicals,2025-12-31,2026-05-16
Suba Hotels Ltd.,SUBAHOTELS,,SUBAHOTELS,INE0RYR01018,Hotels,Hotels Restaurants & Tourism,133.8,133.8,324.36,21.41,Export NA,,,,44.23,40.73,,Export NA,3.41,2.69,5.4,,8.2,7.29,6.25,,31.82,12.41,12.19,12.31,7.26,7.71,5,Hotels Restaurants & Tourism,Hotels,2025-03-31,2025-11-14
Subex Ltd.,SUBEXLTD,532348,SUBEXLTD,INE754A01055,IT Software Products,Software & Services,10.97,10.97,616.52,616.64,Export NA,,67.5,99.6,22.39,42.73,6.13,Export NA,10.02,3.5,1.89,55.72,6.84,6.05,0.02,100.59,-10.32,28.07,12.16,-6.45,17.17,7.28,5,Software & Services,IT Software Products,2025-12-31,2026-05-12
Subros Ltd.,SUBROS,517168,SUBROS,INE287B01021,Auto Parts & Equipment,Automobiles & Auto Components,750.7,750.7,4897.25,30.13,Export NA,39.59,50.73,25.89,32.11,41.7,1.46,Export NA,5.07,3.31,4.1,70.78,6.96,6.81,24.91,20.6,13.75,19.05,15.01,8.09,9.43,7.82,7,Automobiles & Auto Components,Auto Parts & Equipment,2025-12-31,2026-05-18
Sudarshan Chemical Industries Ltd.,SUDARSCHEM,506655,SUDARSCHEM,INE659A01023,Dyes & Pigments,Chemicals & Petrochemicals,874.7,874.7,6877.56,-113.68,Export NA,90.74,73.88,,42.23,13.7,0.75,Export NA,3.64,0.6,2.02,6.35,6.18,1.59,-7.69,-151.32,1.62,13.61,5,0.57,9.15,3.15,3,Chemicals & Petrochemicals,Dyes & Pigments,2025-12-31,2026-02-12
Sudarshan Colorants India Ltd.,SUDARCOLOR,506390,SUDARCOLOR,INE492A01029,Dyes & Pigments,Chemicals & Petrochemicals,343.1,343.1,791.94,17.79,Export NA,25.34,31.4,26.01,42.23,13.7,-1.32,Export NA,3.64,0.6,1.43,21.7,6.18,1.59,19.29,-13.45,7.81,13.61,5,5.53,9.15,3.15,5,Chemicals & Petrochemicals,Dyes & Pigments,2026-03-31,2026-05-11
Sudeep Pharma Ltd.,SUDEEPPHRM,544619,SUDEEPPHRM,INE0QPI01025,Pharmaceuticals,Pharmaceuticals & Biotechnology,631,631,7127.06,,Export NA,,,,42.18,42.23,,Export NA,2.39,2.39,9.21,,7.57,7.72,,,28.25,17.72,18.15,19.33,11.9,12.17,3,Pharmaceuticals & Biotechnology,Pharmaceuticals,2025-12-31,2026-02-06
Sukhjit Starch & Chemicals Ltd.,SUKHJITS,524542,SUKHJITS,INE450E01029,Other Agricultural Products,"Food, Beverages & Tobacco",194.71,194.71,608.35,39.92,Export NA,14.57,14.47,99.83,28.35,21.91,-0.58,Export NA,1.73,1.77,1.1,48.62,8.04,3.56,4.88,-68.92,7.35,26.28,16.12,3.87,19.55,8.43,7,"Food, Beverages & Tobacco",Other Agricultural Products,2025-12-31,2026-02-12
Sula Vineyards Ltd.,SULA,543711,SULA,INE142Q01026,Breweries & Distilleries,"Food, Beverages & Tobacco",165.62,165.62,1398.61,54.53,Export NA,35.86,,96.3,28.35,66.59,-0.86,Export NA,1.73,1.7,2.43,3.23,8.04,10.34,3.04,-63.46,4.36,26.28,16.79,2.34,19.55,10.27,5,"Food, Beverages & Tobacco",Breweries & Distilleries,2026-03-31,2026-05-06
Sumeet Industries Ltd.,SUMEETINDS,514211,SUMEETINDS,INE235C01036,Textiles,Textiles Apparels & Accessories,30,30,1578.98,16.7,Export NA,8.72,14.49,91.12,53.79,32.96,-56.99,Export NA,2.24,6.53,8.58,98.05,15.41,3.67,1.8,-0.29,110.11,22.86,11.51,39.73,8.26,7.43,7,Textiles Apparels & Accessories,Textiles,2025-12-31,2026-02-12
Sumit Woods Ltd.,SUMIT,,SUMIT,INE748Z01013,Realty,Realty,46.25,46.25,221.35,23.21,Export NA,44.98,38.65,43.89,37.63,37.32,-1.18,Export NA,1.72,1.77,1.33,62.4,3.69,4.38,1.99,-19.63,7.19,10.17,11.27,3.63,4.54,5.37,8,Realty,Realty,2025-12-31,2026-02-09
Sumitomo Chemical India Ltd.,SUMICHEM,542920,SUMICHEM,INE258G01013,Agrochemicals,Chemicals & Petrochemicals,444.85,444.85,22204.5,41.79,Export NA,57.72,52.73,8.86,42.23,30.4,13.72,Export NA,3.64,3.17,6.78,1.94,6.18,3.87,10.64,3.05,17.42,13.61,11.71,12.75,9.15,7.88,6,Chemicals & Petrochemicals,Agrochemicals,2025-12-31,2026-05-26
Summit Securities Ltd.,SUMMITSEC,533306,SUMMITSEC,INE519C01017,Investment Companies,Others,1557.6,1557.6,1698.06,16.23,Export NA,30.74,26.13,46.97,34.07,34.07,0.31,Export NA,0.96,0.96,0.15,12.47,1.03,1.03,95.98,52.53,1.22,3.6,3.6,1.06,3.2,3.2,7,Others,Investment Companies,2026-03-31,2026-04-29
Sun Pharma Advanced Research Company Ltd.,SPARC,532872,SPARC,INE232I01014,Pharmaceuticals,Pharmaceuticals & Biotechnology,166.43,166.43,5401.01,-20.16,Export NA,,,,42.18,42.23,-0.65,Export NA,2.39,2.39,-12.71,,7.57,7.72,-8.26,31.05,0,17.72,18.15,-102.07,11.9,12.17,2,Pharmaceuticals & Biotechnology,Pharmaceuticals,2025-12-31,2026-05-18
Sun Pharmaceutical Industries Ltd.,SUNPHARMA,524715,SUNPHARMA,INE044A01036,Pharmaceuticals,Pharmaceuticals & Biotechnology,1845.7,1845.7,442845.26,40.57,Export NA,39.97,45.76,65.11,42.18,42.23,-8.95,Export NA,2.39,2.39,5.45,66.64,7.57,7.72,45.49,-4.53,15.13,17.72,18.15,11.86,11.9,12.17,9,Pharmaceuticals & Biotechnology,Pharmaceuticals,2025-12-31,2026-05-22
Sun TV Network Ltd.,SUNTV,532733,SUNTV,INE424H01027,Broadcasting & Cable TV,Media,560.2,560.2,22076.62,13.98,Export NA,14.08,13.2,61.7,25.23,18.11,-1.45,Export NA,2.2,0.97,1.74,,13.87,1.42,40.07,-9.62,14.62,20.32,9.89,13.47,15.35,8.83,5,Media,Broadcasting & Cable TV,2025-12-31,2026-02-06
Sundaram Brake Lining Ltd.,SUNDRMBRAK,590072,SUNDRMBRAK,INE073D01013,Auto Parts & Equipment,Automobiles & Auto Components,634.5,634.5,249.65,-69.82,Export NA,45.22,1077.28,,32.11,41.7,0.39,Export NA,5.07,3.31,2.66,71.69,6.96,6.81,-9.09,-180.76,5.2,19.05,15.01,2.3,9.43,7.82,4,Automobiles & Auto Components,Auto Parts & Equipment,2025-12-31,2026-05-25
Sundaram Finance Ltd.,SUNDARMFIN,590071,SUNDARMFIN,INE660A01013,Finance (including NBFCs),Banking and Finance,4599.2,4599.2,51098.91,24.83,Export NA,32,27.62,61.71,22.6,26.34,0.85,Export NA,2.78,2.13,3.26,38.17,6.23,3.86,185.2,29.06,14.24,16.76,13.65,2.49,4.85,6.73,6,Banking and Finance,Finance (including NBFCs),2025-12-31,2026-02-02
Sundaram Multi Pap Ltd.,SUNDARAM,533166,SUNDARAM,INE108E01023,Commodity Printing/Stationery,Commercial Services & Supplies,1.4,1.4,66.34,57.52,Export NA,,42.2,84.15,31.83,53.23,0.45,Export NA,2.32,4.71,0.95,52.65,5.75,9.52,0.02,128.61,-5.84,13.46,17.49,-4.21,6.61,11.86,3,Commercial Services & Supplies,Commodity Printing/Stationery,2025-12-31,2026-02-14
Sundaram-Clayton Ltd.,SUNCLAY,544066,SUNCLAY,INE0Q3R01026,Auto Parts & Equipment,Automobiles & Auto Components,1430.1,1430.1,3152.83,-103.44,Export NA,,,,32.11,41.7,-1.22,Export NA,5.07,3.31,3.83,30.6,6.96,6.81,-13.83,84.88,-1.09,19.05,15.01,-0.34,9.43,7.82,4,Automobiles & Auto Components,Auto Parts & Equipment,2025-12-31,2026-05-14
Sundram Fasteners Ltd.,SUNDRMFAST,500403,SUNDRMFAST,INE387A01021,Auto Parts & Equipment,Automobiles & Auto Components,826.45,826.45,17366.06,29.37,Export NA,42.2,43.72,17.11,32.11,41.7,3.04,Export NA,5.07,3.31,4.15,15.5,6.96,6.81,28.13,9.66,13.82,19.05,15.01,9.95,9.43,7.82,7,Automobiles & Auto Components,Auto Parts & Equipment,2026-03-31,2026-04-30
Sundrex Oil Company Ltd.,SOCL,,SOCL,INE0CTB01014,Oil Marketing & Distribution,Oil & Gas,30.85,30.85,41.32,7.59,Export NA,,,89.77,18.34,9.53,,Export NA,1.36,1.05,1.97,61.36,1.85,1.9,4.06,,35.63,10.19,12.36,14.16,4.37,6.44,4,Oil & Gas,Oil Marketing & Distribution,2025-09-30,2026-02-28
Sundrop Brands Ltd.,SUNDROP,500215,SUNDROP,INE209A01019,Edible Oils,FMCG,670.25,670.25,2526.63,125.52,Export NA,281.89,223.95,73.05,49.72,28.58,1.06,Export NA,14.09,1.07,1.73,2.19,20.61,3.55,5.34,118.32,1.36,37.93,10.93,1.09,19.27,6.19,9,FMCG,Edible Oils,2026-03-31,2026-05-07
Sunflag Iron & Steel Company Ltd.,SUNFLAG,500404,SUNFLAG,INE947A01014,Iron & Steel/Interm.Products,Metals & Mining,365.7,365.7,6590.62,31.19,Export NA,29.06,17.72,93.54,23.8,32.33,1.02,Export NA,1.11,0.78,0.77,34.87,5.3,3.24,11.73,30.63,1.84,19.76,6.78,1.44,9.83,3.42,7,Metals & Mining,Iron & Steel/Interm.Products,2025-12-31,2026-02-13
Sungarner Energies Ltd.,SEL,,SEL,INE0O3O01017,Other Electrical Equipment/Products,Consumer Durables,222.95,222.95,51.7,31.21,Export NA,,,,49.58,41.19,,Export NA,1.45,1.34,4.22,,9.42,8.51,7.14,,14.73,20.69,21.67,4.12,10.95,11.03,1,Consumer Durables,Other Electrical Equipment/Products,2025-03-31,2025-11-14
Sunlite Recycling Industries Ltd.,SUNLITE,,SUNLITE,INE0U2N01013,Copper,Metals & Mining,491.1,491.1,678,16.54,Export NA,,,66.67,23.8,81.72,,Export NA,1.11,1.26,4.2,66.67,5.3,17.03,29.7,,25.37,19.76,18.15,17.41,9.83,13.4,1,Metals & Mining,Copper,2026-03-31,2026-04-27
Sunrest Lifescience Ltd.,SUNREST,,SUNREST,INE0PLZ01012,Pharmaceuticals,Pharmaceuticals & Biotechnology,40.3,40.3,34.59,17.25,Export NA,,,100,42.18,42.23,,Export NA,2.39,2.39,1.09,,7.57,7.72,2.34,,12.29,17.72,18.15,3.41,11.9,12.17,3,Pharmaceuticals & Biotechnology,Pharmaceuticals,2025-03-31,2025-11-13
Suntech Infra Solutions Ltd.,SUNTECH,,SUNTECH,INE0SGZ01016,Construction & Engineering,Cement and Construction,40,40,77.45,6.39,Export NA,,,,35.74,31.41,,Export NA,3.26,5.1,0.92,55.15,4.05,4.95,6.26,,24.05,11.25,12.93,7.53,4.61,4.29,4,Cement and Construction,Construction & Engineering,2025-03-31,2025-11-14
Sunteck Realty Ltd.,SUNTECK,512179,SUNTECK,INE805D01034,Realty,Realty,304.95,304.95,4477.95,21.91,Export NA,70.3,1089.58,28.02,37.63,37.32,0.61,Export NA,1.72,1.77,1.32,24.85,3.69,4.38,13.92,35.96,5.65,10.17,11.27,2.06,4.54,5.37,5,Realty,Realty,2026-03-31,2026-04-21
Super Spinning Mills Ltd.,SUPERSPIN,521180,SUPERSPIN,INE662A01027,Textiles,Textiles Apparels & Accessories,5.26,5.26,28.93,-1.97,Export NA,,37.46,,53.79,32.96,0.09,Export NA,2.24,6.53,0.51,44.42,15.41,3.67,-2.68,-21.08,-29.72,22.86,11.51,-16.37,8.26,7.43,3,Textiles Apparels & Accessories,Textiles,2025-12-31,2026-02-11
Superhouse Ltd.,SUPERHOUSE,523283,SUPERHOUSE,INE712B01010,Footwear,Retailing,151.43,151.43,166.95,28.38,Export NA,17.72,12.68,92.34,78.39,57.67,-0.54,Export NA,6.4,2.03,0.36,17.33,19.94,9.86,5.34,-52.22,1.99,10.74,18.49,1.05,6.91,9.08,6,Retailing,Footwear,2025-12-31,2026-05-30
Suprajit Engineering Ltd.,SUPRAJIT,532509,SUPRAJIT,INE399C01030,Auto Parts & Equipment,Automobiles & Auto Components,417.85,417.85,5731.65,41.3,Export NA,50.11,40.88,86.17,32.11,41.7,7.11,Export NA,5.07,3.31,4.16,20.25,6.96,6.81,10.12,5.81,7.75,19.05,15.01,3.63,9.43,7.82,5,Automobiles & Auto Components,Auto Parts & Equipment,2025-12-31,2026-05-25
Supreme Engineering Ltd.,SUPREMEENG,,SUPREMEENG,INE319Z01021,Iron & Steel Products,Metals & Mining,0.97,0.97,24.25,,Export NA,6.12,6.13,,23.8,30.63,,Export NA,1.11,1.79,-0.27,,5.3,6.46,,,0,19.76,18.83,-39.8,9.83,10.86,2,Metals & Mining,Iron & Steel Products,2025-12-31,2026-02-13
Supreme Facility Management Ltd.,SFML,,SFML,INE0U6N01014,Misc. Commercial Services,Commercial Services & Supplies,24,24,59.59,7.49,Export NA,,,3.61,31.83,27.25,,Export NA,2.32,0.82,0.64,,5.75,5.02,3.2,,8.96,13.46,17.32,3.18,6.61,12.13,5,Commercial Services & Supplies,Misc. Commercial Services,2025-03-31,2025-11-14
Supreme Holdings & Hospitality (India) Ltd.,SUPREME,530677,SUPREME,INE822E01011,Realty,Realty,49.84,49.84,192.62,-158.36,Export NA,31.02,35.01,,37.63,37.32,1.46,Export NA,1.72,1.77,0.34,1.89,3.69,4.38,-0.31,-108.83,7.2,10.17,11.27,1.75,4.54,5.37,5,Realty,Realty,2025-12-31,2026-05-15
Supreme Industries Ltd.,SUPREMEIND,509930,SUPREMEIND,INE195A01028,Plastic Products,General Industrials,3534.1,3534.1,44892.58,47.06,Export NA,54.22,48.25,77.6,58.9,35.79,-65.53,Export NA,5.74,3.64,7.65,29.94,14.56,7.73,75.1,-0.72,15.46,19.77,14.6,12.23,10.29,10.46,6,General Industrials,Plastic Products,2026-03-31,2026-04-27
Supreme Infrastructure India Ltd.,SUPREMEINF,532904,SUPREMEINF,INE550H01011,Construction & Engineering,Cement and Construction,82.2,82.2,801.47,0.15,Export NA,1.39,1.39,45.37,35.74,31.41,0,Export NA,3.26,5.1,2.74,100,4.05,4.95,562.45,497.44,0,11.25,12.93,-53.41,4.61,4.29,3,Cement and Construction,Construction & Engineering,2025-12-31,2026-02-13
Supreme Petrochem Ltd.,SPLPETRO,500405,SPLPETRO,INE663A01033,Petrochemicals,Chemicals & Petrochemicals,696.8,696.8,13102.72,40.03,Export NA,37.18,26.91,82.72,42.23,34.32,-2.47,Export NA,3.64,0.5,5.82,68.48,6.18,3.98,17.41,-16.19,13.8,13.61,10.55,9.44,9.15,6.82,6,Chemicals & Petrochemicals,Petrochemicals,2026-03-31,2026-04-24
Supreme Power Equipment Ltd.,SUPREMEPWR,,SUPREMEPWR,INE0QHG01026,Heavy Electrical Equipment,General Industrials,252.65,252.65,631.4,33.95,Export NA,,,66.32,58.9,71.23,0.82,Export NA,5.74,3.65,5.99,65.64,14.56,15.26,7.44,41.26,20.1,19.77,17.01,11.78,10.29,8.7,6,General Industrials,Heavy Electrical Equipment,2025-12-31,2026-02-09
Supriya Lifescience Ltd.,SUPRIYA,543434,SUPRIYA,INE07RO01027,Pharmaceuticals,Pharmaceuticals & Biotechnology,675.8,675.8,5439.03,29.36,Export NA,33.54,,66.45,42.18,42.23,4.76,Export NA,2.39,2.39,4.81,50.65,7.57,7.72,23.02,6.17,18.85,17.72,18.15,16.89,11.9,12.17,7,Pharmaceuticals & Biotechnology,Pharmaceuticals,2025-12-31,2026-02-09
Suraj Estate Developers Ltd.,SURAJEST,544054,SURAJEST,INE843S01025,Realty,Realty,220.72,220.72,1054.45,10.78,Export NA,,,9.24,37.63,37.32,-3.22,Export NA,1.72,1.77,1.07,3.91,3.69,4.38,20.48,-3.35,11.09,10.17,11.27,5.73,4.54,5.37,4,Realty,Realty,2025-12-31,2026-01-28
Suraj Ltd.,SURAJLTD,531638,SURAJLTD,INE713C01016,Iron & Steel Products,Metals & Mining,235.4,235.4,432.29,57.87,Export NA,28.96,43.1,81.2,23.8,30.63,-1.32,Export NA,1.11,1.79,3.13,73.15,5.3,6.46,4.07,-43.86,5.42,19.76,18.83,3.3,9.83,10.86,6,Metals & Mining,Iron & Steel Products,2026-03-31,2026-05-07
Suraksha Diagnostic Ltd.,SURAKSHA,544293,SURAKSHA,INE877V01027,Healthcare Services,Healthcare,291.9,291.9,1520.24,45.66,Export NA,,,33.24,64.81,49.79,6.6,Export NA,6.11,5.33,6.4,37.5,9.5,10.34,6.39,6.92,15.06,14.74,19.47,9.54,8.39,13.06,7,Healthcare,Healthcare Services,2025-12-31,2026-02-05
Surana Solar Ltd.,SURANASOL,533298,SURANASOL,INE272L01022,Power - Electric Utilities,Utilities,26.89,26.89,132.32,106.74,Export NA,101.56,93.16,63.66,24.91,29.95,0.05,Export NA,27.85,1.43,2.31,66.75,5.52,4.23,0.25,2018.97,2.15,14.21,16.2,1.84,5.38,5.79,6,Utilities,Power - Electric Utilities,2026-03-31,2026-04-29
Surana Telecom and Power Ltd.,SURANAT&P,517530,SURANAT&P,INE130B01031,Power - Electric Utilities,Utilities,18.11,18.11,245.86,9.19,Export NA,22.76,29.67,21.68,24.91,29.95,0.06,Export NA,27.85,1.43,1.49,74.7,5.52,4.23,1.97,163.86,15.12,14.21,16.2,13.03,5.38,5.79,4,Utilities,Power - Electric Utilities,2025-12-31,2026-02-07
Surani Steel Tubes Ltd.,SURANI,,SURANI,INE01ZJ01015,Iron & Steel Products,Metals & Mining,136,136,211.45,435.45,Export NA,201.06,188.71,95.65,23.8,30.63,,Export NA,1.11,1.79,1.71,93.04,5.3,6.46,0.31,,0.39,19.76,18.83,0.3,9.83,10.86,4,Metals & Mining,Iron & Steel Products,2025-03-31,2025-11-12
Suratwwala Business Group Ltd.,SBGLP,543218,SBGLP,INE05ST01028,Realty,Realty,26.41,26.41,457.99,14.7,Export NA,61.88,,11.47,37.63,37.32,0.07,Export NA,1.72,1.77,4.91,25.35,3.69,4.38,1.8,208.81,16,10.17,11.27,5.93,4.54,5.37,3,Realty,Realty,2025-12-31,2026-02-12
Surya Roshni Ltd.,SURYAROSNI,500336,SURYAROSNI,INE335A01020,Iron & Steel Products,Metals & Mining,239.7,239.7,5216.73,16.43,Export NA,18.39,16.56,66.03,23.8,30.63,-18.6,Export NA,1.11,1.79,2.02,70.12,5.3,6.46,14.59,-0.88,14.05,19.76,18.83,10.71,9.83,10.86,5,Metals & Mining,Iron & Steel Products,2025-12-31,2026-02-11
Suryalakshmi Cotton Mills Ltd.,SURYALAXMI,521200,SURYALAXMI,INE713B01026,Textiles,Textiles Apparels & Accessories,57.43,57.43,108,21.13,Export NA,36.69,157.14,63.81,53.79,32.96,0.11,Export NA,2.24,6.53,0.4,27.24,15.41,3.67,2.72,196.44,1.34,22.86,11.51,0.48,8.26,7.43,4,Textiles Apparels & Accessories,Textiles,2025-12-31,2026-02-11
Suryalata Spinning Mills Ltd.,,514138,SURYALA,INE132C01027,Textiles,Textiles Apparels & Accessories,357.65,357.65,152.61,4.63,Export NA,8.83,7,7.72,53.79,32.96,0.03,Export NA,2.24,6.53,0.53,24.49,15.41,3.67,77.24,164.5,5.85,22.86,11.51,4.04,8.26,7.43,8,Textiles Apparels & Accessories,Textiles,2025-12-31,2026-02-11
Suryoday Small Finance Bank Ltd.,SURYODAY,543279,SURYODAY,INE428Q01011,Microfinance Institutions,Banking and Finance,172.64,172.64,1834.99,12.07,Export NA,10.23,13.93,45.22,22.6,26.38,0.38,Export NA,2.78,0.95,0.9,53.23,6.23,3.09,14.3,32.18,7.31,16.76,10.44,0.76,4.85,1.32,4,Banking and Finance,Microfinance Institutions,2026-03-31,2026-05-07
Sustainable Energy Infra Trust,SEITINVIT,,SEITINVIT,INE0R8O23017,Others,Others,119,119,3855.6,29.42,Export NA,,,84.62,,,0.63,Export NA,,,1.24,86.67,,,4.04,46.44,4.44,,,1.9,,,7,Others,Others,2025-09-30,2025-10-31
Sutlej Textiles & Industries Ltd.,SUTLEJTEX,532782,SUTLEJTEX,INE645H01027,Textiles,Textiles Apparels & Accessories,36.51,36.51,598.14,-6.93,Export NA,,18.11,,53.79,32.96,0.26,Export NA,2.24,6.53,0.72,40.49,15.41,3.67,-5.27,-26.18,-10.58,22.86,11.51,-4.2,8.26,7.43,3,Textiles Apparels & Accessories,Textiles,2026-03-31,2026-05-05
Suven Life Sciences Ltd.,SUVEN,530239,SUVEN,INE495B01038,Healthcare Services,Healthcare,216.38,216.38,5706.39,-20.77,Export NA,,,,64.81,49.79,0.23,Export NA,6.11,5.33,31.19,92.73,9.5,10.34,-10.42,-91.64,-146.14,14.74,19.47,-118.9,8.39,13.06,1,Healthcare,Healthcare Services,2025-12-31,2026-05-13
Suvidhaa Infoserve Ltd.,SUVIDHAA,543281,SUVIDHAA,INE018401013,Other Financial Services,Banking and Finance,2.85,2.85,59.79,-4.39,Export NA,190.02,,,22.6,36.93,-0.75,Export NA,2.78,3.57,2.04,57.66,6.23,99.98,-0.65,5.9,-44.25,16.76,19.97,-21.27,4.85,11.89,2,Banking and Finance,Other Financial Services,2025-12-31,2026-02-09
Suyog Telematics Ltd.,SUYOG,537259,SUYOG,INE442P01014,Other Telecom Services,Telecom Services,784.5,784.5,919.21,26.21,Export NA,20.32,17.52,96,32.83,29.56,-0.52,Export NA,1.4,1.02,2.04,20.08,7.97,7.59,29.94,-49.93,10.12,22.38,22.4,5.92,6.78,7.98,5,Telecom Services,Other Telecom Services,2025-12-31,2026-02-03
Suzlon Energy Ltd.,SUZLON,532667,SUZLON,INE040H01021,Heavy Electrical Equipment,General Industrials,51.52,51.52,70661.43,21.87,Export NA,78.38,57.46,46.11,58.9,71.23,0.12,Export NA,5.74,3.65,8.51,,14.56,15.26,2.36,182.57,33.92,19.77,17.01,15.98,10.29,8.7,5,General Industrials,Heavy Electrical Equipment,2025-12-31,2026-02-05
Swan Corp Ltd.,SWANCORP,503310,SWANCORP,INE665A01038,Commodity Trading  & Distribution,Commercial Services & Supplies,322.55,322.55,10110.55,-823.1,Export NA,33.48,77.13,,31.83,33.18,8.11,Export NA,2.32,1.21,1.37,0.27,5.75,5.32,-0.39,-101.54,10.28,13.46,12.19,5.55,6.61,4.31,5,Commercial Services & Supplies,Commodity Trading  & Distribution,2025-12-31,2026-02-06
Swan Defence and Heavy Industries Ltd.,SWANDEF,533107,SWANDEF,INE542F01020,Shipping,Transportation,1908.1,1908.1,10052.29,-93.92,Export NA,623.91,623.91,,36.05,15.93,,Export NA,4.72,0.19,47.51,100,8.05,10.04,-20.32,,-61.24,25.06,18.78,-6.26,7.11,14.46,2,Transportation,Shipping,2025-12-31,2026-02-04
Swaraj Engines Ltd.,SWARAJENG,500407,SWARAJENG,INE277A01016,Auto Parts & Equipment,Automobiles & Auto Components,3805.1,3805.1,4623.16,23.55,Export NA,27.2,22.82,57.66,32.11,41.7,1.29,Export NA,5.07,3.31,10.65,91.64,6.96,6.81,161.57,18.27,40.15,19.05,15.01,25.2,9.43,7.82,8,Automobiles & Auto Components,Auto Parts & Equipment,2026-03-31,2026-04-13
Swaraj Suiting Ltd.,SWARAJ,,SWARAJ,INE0GMR01016,Textiles,Textiles Apparels & Accessories,280.7,280.7,741.56,22.15,Export NA,15.33,,87.8,53.79,32.96,,Export NA,2.24,6.53,3.97,79.67,15.41,3.67,12.67,,21.79,22.86,11.51,5.86,8.26,7.43,4,Textiles Apparels & Accessories,Textiles,2025-12-31,2026-02-13
Swastik Pipe Ltd.,SWASTIK,,SWASTIK,INE0DGC01025,Iron & Steel Products,Metals & Mining,23.55,23.55,54.71,-7.58,Export NA,,,,23.8,30.63,,Export NA,1.11,1.79,0.28,,5.3,6.46,-3.11,,-3.49,19.76,18.83,-1.37,9.83,10.86,2,Metals & Mining,Iron & Steel Products,2025-03-31,2025-11-14
Swelect Energy Systems Ltd.,SWELECTES,532051,SWELECTES,INE409B01013,Heavy Electrical Equipment,General Industrials,628.3,628.3,952.43,17.7,Export NA,52.92,68.17,11.99,58.9,71.23,0.52,Export NA,5.74,3.65,1.05,82.62,14.56,15.26,35.51,34.26,1.47,19.77,17.01,0.72,10.29,8.7,7,General Industrials,Heavy Electrical Equipment,2025-12-31,2026-02-13
Swiggy Ltd.,SWIGGY,544285,SWIGGY,INE00H001014,Internet & Catalogue Retail,Retailing,255.85,255.85,70622.62,-17,Export NA,,,,78.39,42.45,0.51,Export NA,6.4,1.62,8.05,41.37,19.94,27.18,-15.05,-33.28,-22.68,10.74,2.98,-16.45,6.91,1.72,2,Retailing,Internet & Catalogue Retail,2026-03-31,2026-05-08
Sylvan Plyboard (India) Ltd.,SYLVANPLY,,SYLVANPLY,INE01IH01015,Forest Products,Forest Materials,55.9,55.9,108.31,15.7,Export NA,,,0.56,57.43,59.25,,Export NA,6.14,6.55,0.84,,5.86,6.15,3.56,,5.51,9.16,9.21,2.63,5.7,5.64,4,Forest Materials,Forest Products,2025-03-31,2025-11-13
Symphony Ltd.,SYMPHONY,517385,SYMPHONY,INE225D01027,Consumer Electronics,Consumer Durables,764.85,764.85,5252.33,32.83,Export NA,44.94,49.28,1.19,49.58,57.15,-2.72,Export NA,1.45,1.69,6.54,0.24,9.42,10.85,23.3,-12.09,27.94,20.69,24.42,15.92,10.95,9.83,7,Consumer Durables,Consumer Electronics,2025-12-31,2026-05-15
Syncom Formulation (India) Ltd.,SYNCOMF,524470,SYNCOMF,INE312C01025,Pharmaceuticals,Pharmaceuticals & Biotechnology,13.57,13.57,1275.58,18.5,Export NA,46.75,42.89,3.43,42.18,42.23,0.24,Export NA,2.39,2.39,3.21,57.45,7.57,7.72,0.73,76.15,14.44,17.72,18.15,11.96,11.9,12.17,8,Pharmaceuticals & Biotechnology,Pharmaceuticals,2025-12-31,2026-02-12
Synergy Green Industries Ltd.,SGIL,541929,SGIL,INE00QT01015,Other Industrial Products,General Industrials,571.85,571.85,888.83,52.63,Export NA,49.83,,43.31,58.9,44.01,-1.04,Export NA,5.74,4.34,8.06,65.98,14.56,20.86,10.87,-50.43,15.68,19.77,22.24,4.93,10.29,12.05,4,General Industrials,Other Industrial Products,2025-12-31,2026-05-19
Syngene International Ltd.,SYNGENE,539268,SYNGENE,INE398R01022,Pharmaceuticals,Pharmaceuticals & Biotechnology,478.75,478.75,19325.66,61.02,Export NA,56.05,58.68,79.5,42.18,42.23,-1.69,Export NA,2.39,2.39,4.07,14.67,7.57,7.72,7.85,-36.17,6.54,17.72,18.15,4.48,11.9,12.17,4,Pharmaceuticals & Biotechnology,Pharmaceuticals,2026-03-31,2026-04-29
Synoptics Technologies Ltd.,SYNOPTICS,,SYNOPTICS,INE0BTR01012,IT Consulting & Software,Software & Services,59,59,50.03,12.38,Export NA,,,2.55,22.39,21.42,,Export NA,10.02,10.72,0.68,0.36,6.84,6.86,4.77,,5.78,28.07,30.42,3.55,17.17,18.42,1,Software & Services,IT Consulting & Software,2025-03-31,2025-11-11
Syrma SGS Technology Ltd.,SYRMA,543573,SYRMA,INE0DYJ01015,Other Electrical Equipment/Products,Consumer Durables,1075.2,1075.2,20693.75,65.12,Export NA,84.34,,43.08,49.58,41.19,0.75,Export NA,1.45,1.34,7.09,72.96,9.42,8.51,16.51,87.19,9.7,20.69,21.67,4.04,10.95,11.03,5,Consumer Durables,Other Electrical Equipment/Products,2026-03-31,2026-05-11
Systango Technologies Ltd,SYSTANGO,,SYSTANGO,INE0O7R01011,IT Consulting & Software,Software & Services,272,272,398.99,16.81,Export NA,,,33.63,22.39,21.42,,Export NA,10.02,10.72,3.3,12.28,6.84,6.86,16.18,,23.19,28.07,30.42,21.1,17.17,18.42,4,Software & Services,IT Consulting & Software,2025-03-31,2025-11-07
Systematix Corporate Services Ltd.,SYSTMTXC,526506,SYSTMTXC,INE356B01024,Capital Markets,Banking and Finance,67.17,67.17,917.13,66.21,Export NA,66.34,111.8,88.31,22.6,49.83,-0.95,Export NA,2.78,1.85,2.83,57.83,6.23,18.07,1.01,-69.73,4.41,16.76,28.37,3.18,4.85,12.93,3,Banking and Finance,Capital Markets,2026-03-31,2026-04-29
T T Ltd.,TTL,514142,TTL,INE592B01024,Textiles,Textiles Apparels & Accessories,7.71,7.71,199.16,-44.16,Export NA,68.54,42.64,,53.79,32.96,0.34,Export NA,2.24,6.53,1.6,26.61,15.41,3.67,-0.17,-131.23,4.54,22.86,11.51,2,8.26,7.43,7,Textiles Apparels & Accessories,Textiles,2025-12-31,2026-05-21
TAAL Tech Ltd.,,539956,TAALTECH,INE524T01011,Airlines,Transportation,2914.85,2914.85,908.35,17.57,Export NA,21.53,20.69,58.7,36.05,51.46,1.63,Export NA,4.72,0.54,3.88,40.18,8.05,17.96,165.89,10.79,23.91,25.06,76.91,21.4,7.11,6.33,6,Transportation,Airlines,2025-12-31,2026-02-10
TAC Infosec Ltd.,TAC,,TAC,INE0SOY01013,IT Consulting & Software,Software & Services,514.1,514.1,1080.96,75.03,Export NA,,,52.84,22.39,21.42,,Export NA,10.02,10.72,19.54,19.65,6.84,6.86,6.85,,26.08,28.07,30.42,20.19,17.17,18.42,4,Software & Services,IT Consulting & Software,2025-03-31,2025-10-16
TARC Ltd.,TARC,543249,TARC,INE0EK901012,Realty,Realty,132.26,132.26,3902.94,-44.83,Export NA,,214.48,,37.63,37.32,-0.88,Export NA,1.72,1.77,3.68,71.01,3.69,4.38,-2.95,51.21,-22.16,10.17,11.27,-5.48,4.54,5.37,2,Realty,Realty,2025-12-31,2026-02-07
TBI Corn Ltd.,TBI,,TBI,INE0N2D01013,Other Agricultural Products,"Food, Beverages & Tobacco",65.15,65.15,118.3,8.68,Export NA,,,,28.35,21.91,,Export NA,1.73,1.77,1.06,,8.04,3.56,7.51,,13.44,26.28,16.12,7.56,19.55,8.43,1,"Food, Beverages & Tobacco",Other Agricultural Products,2025-03-31,2026-05-29
TBO Tek Ltd.,TBOTEK,544174,TBOTEK,INE673O01025,Travel Support Services,Diversified Consumer Services,1169.4,1169.4,12698.26,52.23,Export NA,,,4.06,33.62,32.03,4.46,Export NA,3.59,3.35,8.82,,10.95,8.05,22.39,11.72,19.23,22.55,27.51,3.69,11.12,14.18,6,Diversified Consumer Services,Travel Support Services,2025-12-31,2026-02-11
TCC Concept Ltd.,,512038,TCC,INE887D01016,Commodity Trading  & Distribution,Commercial Services & Supplies,361,361,1713.01,33.68,Export NA,,,7.66,31.83,33.18,0.48,Export NA,2.32,1.21,2.25,21.13,5.75,5.32,10.72,70.33,5.87,13.46,12.19,5.36,6.61,4.31,4,Commercial Services & Supplies,Commodity Trading  & Distribution,2025-12-31,2026-02-13
TCI Express Ltd.,TCIEXP,540212,TCIEXP,INE586V01016,Warehousing & Logistics,Transportation,517.7,517.7,1988.95,23.46,Export NA,28.45,35.91,4.87,36.05,32.42,-1.74,Export NA,4.72,1.7,2.4,0.95,8.05,4.18,22.06,-13.51,11.22,25.06,8.62,9.34,7.11,5.64,6,Transportation,Warehousing & Logistics,2025-12-31,2026-02-03
TCI Finance Ltd.,TCIFINANCE,501242,TCIFINANCE,INE911B01018,Finance (including NBFCs),Banking and Finance,14.11,14.11,18.16,6.87,Export NA,2.09,2.09,30.21,22.6,26.34,0.03,Export NA,2.78,2.13,-0.23,,6.23,3.86,2.05,268.33,-4.76,16.76,13.65,48.12,4.85,6.73,6,Banking and Finance,Finance (including NBFCs),2025-12-31,2026-02-10
TCPL Packaging Ltd.,TCPLPACK,523301,TCPLPACK,INE822C01015,Containers & Packaging,Commercial Services & Supplies,2697.2,2697.2,2454.45,21.51,Export NA,23.87,21.63,63.99,31.83,23.27,-1.45,Export NA,2.32,5.49,3.53,37.23,5.75,2.74,125.39,-14.86,22.21,13.46,10.99,8.87,6.61,7.3,7,Commercial Services & Supplies,Containers & Packaging,2025-12-31,2026-02-09
TD Power Systems Ltd.,TDPOWERSYS,533553,TDPOWERSYS,INE419M01027,Heavy Electrical Equipment,General Industrials,1166.9,1166.9,18230.29,83.01,Export NA,54.82,43.96,84.72,58.9,71.23,1.81,Export NA,5.74,3.65,17.91,99.45,14.56,15.26,14.06,45.84,20.29,19.77,17.01,12.8,10.29,8.7,6,General Industrials,Heavy Electrical Equipment,2025-12-31,2026-05-14
TECIL Chemicals & Hydro Power Ltd.,TECILCHEM,506680,TECILCHEM,INE014B01011,Commodity Chemicals,Chemicals & Petrochemicals,11.98,11.98,22.72,-62.58,Export NA,,,,42.23,39.75,43.92,Export NA,3.64,7.92,-1.23,,6.18,4.79,-0.19,-1.42,0,13.61,12.96,-8.85,9.15,8.15,2,Chemicals & Petrochemicals,Commodity Chemicals,2025-12-31,2026-02-10
TGB Banquets and Hotels Ltd.,TGBHOTELS,532845,TGBHOTELS,INE797H01018,Hotels,Hotels Restaurants & Tourism,9.4,9.4,27.53,14.01,Export NA,16.02,24.56,32.11,44.23,40.73,0.09,Export NA,3.41,2.69,0.36,35.01,8.2,7.29,0.67,155.58,2.55,12.41,12.19,1.67,7.26,7.71,8,Hotels Restaurants & Tourism,Hotels,2025-12-31,2026-02-13
TIL Ltd Partly Paidup,TILPP,890237,TILPP,IN9806C01016,Others,Others,153.5,153.5,,,Export NA,,,,,,,Export NA,,,,,,,,,,,,,,,,Others,Others,,
TIL Ltd.,TIL,505196,TIL,INE806C01018,Transport Related Services,Transportation,196.69,196.69,1562.13,-141.5,Export NA,400.68,400.68,,36.05,36.41,1.32,Export NA,4.72,0.2,5.64,79.87,8.05,5.81,-1.39,-106.83,3.47,25.06,15.81,0.54,7.11,10.03,6,Transportation,Transport Related Services,2025-12-31,2026-02-13
TPL Plastech Ltd.,TPLPLASTEH,526582,TPLPLASTEH,INE413G01022,Plastic Products,General Industrials,63.32,63.32,493.91,17.74,Export NA,23.94,21.42,48.13,58.9,35.79,0.81,Export NA,5.74,3.64,3.07,56.28,14.56,7.73,3.57,21.94,15.98,19.77,14.6,9.61,10.29,10.46,7,General Industrials,Plastic Products,2025-12-31,2026-05-26
TRF Ltd.,TRF,505854,TRF,INE391D01019,Industrial Machinery,General Industrials,259.55,259.55,285.62,47.96,Export NA,14.36,-1.05,95.77,58.9,58.76,-0.61,Export NA,5.74,4.45,3.14,,14.56,20.55,5.41,-79.16,-7.25,19.77,24.18,7.6,10.29,13.59,6,General Industrials,Industrial Machinery,2025-12-31,2026-05-12
TSC India Ltd.,TSC,,TSC,INE16VK01010,Travel Support Services,Diversified Consumer Services,35,35,50.82,11.13,Export NA,,,25.79,33.62,32.03,,Export NA,3.59,3.35,1.19,0.53,10.95,8.05,3.14,,28.84,22.55,27.51,7.43,11.12,14.18,3,Diversified Consumer Services,Travel Support Services,2025-09-30,2025-11-11
TSF Investments Ltd.,TSFINV,,TSFINV,INE202Z01029,Investment Companies,Others,391.6,391.6,8697.59,18.59,Export NA,18.82,15.42,80.1,34.07,34.07,-1,Export NA,0.96,0.96,1.47,77.1,1.03,1.03,21.06,-18.53,7.35,3.6,3.6,7.06,3.2,3.2,5,Others,Investment Companies,2025-12-31,2026-02-03
TTK Healthcare Ltd.,TTKHLTCARE,507747,TTKHLTCARE,INE910C01018,Diversified,Diversified,907.35,907.35,1282.11,21.34,Export NA,25.77,21.23,18.3,24.34,34.23,-0.75,Export NA,1.86,1.37,1.17,0.92,2.7,3.08,42.51,-28.3,7.69,11.19,9.07,6.37,3.16,2.66,5,Diversified,Diversified,2025-12-31,2026-01-22
TTK Prestige Ltd.,TTKPRESTIG,517506,TTKPRESTIG,INE690A01028,Household Appliances,Consumer Durables,528.7,528.7,7240.55,87.1,Export NA,61.58,50.78,91.18,49.58,47.95,-1.43,Export NA,1.45,3.33,3.74,5.28,9.42,5.18,6.07,-60.75,5.99,20.69,13.31,4.43,10.95,7.54,5,Consumer Durables,Household Appliances,2025-12-31,2026-05-22
TV Today Network Ltd.,TVTODAY,532515,TVTODAY,INE038F01029,Broadcasting & Cable TV,Media,114.42,114.42,682.73,59.99,Export NA,17.01,14.43,95.92,25.23,18.11,-0.7,Export NA,2.2,0.97,0.77,1.2,13.87,1.42,1.91,-85.75,8.36,20.32,9.89,6.57,15.35,8.83,7,Media,Broadcasting & Cable TV,2025-12-31,2026-05-15
TV Vision Ltd.,TVVISION,540083,TVVISION,INE871L01013,Broadcasting & Cable TV,Media,5.15,5.15,19.95,-0.69,Export NA,8.29,8.29,,25.23,18.11,0.04,Export NA,2.2,0.97,-0.12,,13.87,1.42,-7.5,-19.18,0,20.32,9.89,-47.65,15.35,8.83,3,Media,Broadcasting & Cable TV,2025-12-31,2026-02-04
TVS Electronics Ltd.,TVSELECT,532513,TVSELECT,INE236G01019,Electronic Components,Commercial Services & Supplies,479.7,479.7,894.65,-414.19,Export NA,2788.75,1455.27,,31.83,88.21,-22.03,Export NA,2.32,15.22,9.75,93.24,5.75,18.3,-1.16,18.8,-4.07,13.46,12.44,-1.45,6.61,7.37,5,Commercial Services & Supplies,Electronic Components,2025-12-31,2026-05-22
TVS Holdings Ltd.,TVSHLTD,520056,TVSHLTD,INE105A01035,Auto Parts & Equipment,Automobiles & Auto Components,13996,13996,28316.85,18.22,Export NA,24.14,21.97,51.91,32.11,41.7,0.46,Export NA,5.07,3.31,4.37,83.41,6.96,6.81,768.36,39.62,24.83,19.05,15.01,2.14,9.43,7.82,7,Automobiles & Auto Components,Auto Parts & Equipment,2025-12-31,2026-05-13
TVS Infrastructure Trust,TVSINVIT,,TVSINVIT,INE1JNC23012,REITs-InvITs,Realty,117,117,2307.24,,Export NA,,,,37.63,46.38,,Export NA,1.72,3.82,1.1,100,3.69,1.66,,,12.29,10.17,6.22,0.82,4.54,1.93,3,Realty,REITs-InvITs,2025-09-30,2025-11-11
TVS Motor Company Ltd.,TVSMOTOR,532343,TVSMOTOR,INE494B01023,2/3 Wheelers,Automobiles & Auto Components,3561,3561,169178.52,58.44,Export NA,69.45,64.05,56.36,32.11,35.79,1.25,Export NA,5.07,1.03,18.78,92.73,6.96,10.2,60.94,46.63,26.29,19.05,25.81,4.66,9.43,13.18,8,Automobiles & Auto Components,2/3 Wheelers,2025-12-31,2026-05-13
TVS Srichakra Ltd.,TVSSRICHAK,509243,TVSSRICHAK,INE421C01016,Auto Tyres & Rubber Products,Automobiles & Auto Components,3722.3,3722.3,2850.17,63.72,Export NA,81.89,61.05,86.74,32.11,25.9,2.23,Export NA,5.07,0.9,2.45,44.77,6.96,2.87,58.42,28.53,1.74,19.05,10.97,0.69,9.43,6.34,7,Automobiles & Auto Components,Auto Tyres & Rubber Products,2025-12-31,2026-02-12
TVS Supply Chain Solutions Ltd.,TVSSCS,543965,TVSSCS,INE395N01027,Transport Related Services,Transportation,113.13,113.13,4991.07,54.27,Export NA,,,11.15,36.05,36.41,0.03,Export NA,4.72,0.2,2.55,4.61,8.05,5.81,2.08,2139.25,-0.75,25.06,15.81,-0.23,7.11,10.03,4,Transportation,Transport Related Services,2025-12-31,2026-02-10
Tainwala Chemicals & Plastics (India) Ltd.,TAINWALCHM,507785,TAINWALCHM,INE123C01018,Plastic Products,General Industrials,200.99,200.99,188.21,17.71,Export NA,40.92,88.54,36.1,58.9,35.79,0.1,Export NA,5.74,3.64,1.07,60.11,14.56,7.73,11.35,170.76,3.2,19.77,14.6,2.94,10.29,10.46,5,General Industrials,Plastic Products,2025-12-31,2026-05-20
Taj GVK Hotels & Resorts Ltd.,TAJGVK,532390,TAJGVK,INE586B01026,Hotels,Hotels Restaurants & Tourism,310.7,310.7,1948.14,13.87,Export NA,22.72,145.57,0.54,44.23,40.73,0.59,Export NA,3.41,2.69,2.71,37.11,8.2,7.29,22.4,23.63,17.89,12.41,12.19,13.32,7.26,7.71,7,Hotels Restaurants & Tourism,Hotels,2025-12-31,2026-02-09
Take Solutions Ltd.,TAKE,532890,TAKE,INE142I01023,Healthcare Services,Healthcare,29.84,29.84,441.44,274.34,Export NA,9.42,9.42,96.76,64.81,49.79,2.68,Export NA,6.11,5.33,16.4,95.19,9.5,10.34,0.11,102.36,182.52,14.74,19.47,102.7,8.39,13.06,4,Healthcare,Healthcare Services,2025-12-31,2026-02-14
Talbros Automotive Components Ltd.,TALBROAUTO,505160,TALBROAUTO,INE187D01029,Auto Parts & Equipment,Automobiles & Auto Components,312.75,312.75,1930.55,19.49,Export NA,17.66,17.86,87.35,32.11,41.7,-1.23,Export NA,5.07,3.31,2.75,84.9,6.96,6.81,16.05,-15.78,14.92,19.05,15.01,9.93,9.43,7.82,6,Automobiles & Auto Components,Auto Parts & Equipment,2025-12-31,2026-05-20
Tamboli Industries Ltd.,,533170,TAMBOLIIN,INE864J01012,Holding Companies,Diversified,181.1,181.1,179.65,18.32,Export NA,19.82,15.51,77.55,24.34,28.32,0.68,Export NA,1.86,1.91,1.52,80.01,2.7,2.66,9.88,27.1,8,11.19,11.42,7.28,3.16,3.21,8,Diversified,Holding Companies,2026-03-31,2026-05-07
Tamil Nadu Newsprint And Papers Ltd.,TNPL,531426,TNPL,INE107A01015,Paper & Paper Products,Commercial Services & Supplies,152.85,152.85,1057.88,4.27,Export NA,135,96.92,4.56,31.83,22.88,0,Export NA,2.32,0.52,0.51,13.87,5.75,4.07,35.8,6542.36,10.69,13.46,8.09,3.98,6.61,4.93,7,Commercial Services & Supplies,Paper & Paper Products,2026-03-31,2026-04-24
Tamilnad Mercantile Bank Ltd.,TMB,543596,TMB,INE668A01016,Banks,Banking and Finance,663.5,663.5,10506.62,7.86,Export NA,6.76,,78.87,22.6,13.77,0.6,Export NA,2.78,1.95,1.07,60.95,6.23,1.84,84.47,13.1,13.22,16.76,13.01,1.77,4.85,1.37,2,Banking and Finance,Banks,2026-03-31,2026-04-27
Tamilnadu Petroproducts Ltd.,TNPETRO,500777,TNPETRO,INE148A01019,Commodity Chemicals,Chemicals & Petrochemicals,86.58,86.58,778.97,6.07,Export NA,15.08,10.98,37.2,42.23,39.75,0.03,Export NA,3.64,7.92,0.78,32.27,6.18,4.79,14.27,193.28,6.39,13.61,12.96,4.3,9.15,8.15,5,Chemicals & Petrochemicals,Commodity Chemicals,2025-12-31,2026-02-04
Tamilnadu Telecommunications Ltd.,TNTELE,523419,TNTELE,INE141D01018,Telecom Cables,Telecommunications Equipment,9.23,9.23,42.16,-2.52,Export NA,-3.58,-2.6,,62.37,64.46,0.25,Export NA,3.45,1.61,-0.22,,10.31,6.8,-3.66,-10.21,0,6.95,6.11,-92.26,3.76,2.97,1,Telecommunications Equipment,Telecom Cables,2025-12-31,2026-02-12
Tankup Engineers Ltd.,TANKUP,,TANKUP,INE0Z7N01017,Industrial Machinery,General Industrials,630,630,333.58,218.95,Export NA,,,100,58.9,58.76,,Export NA,5.74,4.45,12.38,10.48,14.56,20.55,2.88,,22.89,19.77,24.18,7.07,10.29,13.59,2,General Industrials,Industrial Machinery,2025-03-31,2025-11-12
Tanla Platforms Ltd.,TANLA,532790,TANLA,INE483C01032,Internet Software & Services,Software & Services,523,523,7040.49,13.83,Export NA,17.1,21.16,15.62,22.39,32.02,37.65,Export NA,10.02,2.7,2.94,53.74,6.84,6.82,37.82,0.37,20.46,28.07,8.54,13.64,17.17,6.62,5,Software & Services,Internet Software & Services,2026-03-31,2026-04-24
Tapi Fruit Processing Ltd.,TAPIFRUIT,,TAPIFRUIT,INE0M7001010,Packaged Foods,FMCG,60,60,25.8,-18.02,Export NA,,,,49.72,67.64,,Export NA,14.09,6.77,2.3,,20.61,37.36,-3.33,,-11.87,37.93,51.25,-6.57,19.27,22.23,1,FMCG,Packaged Foods,2025-03-31,2025-11-12
Tara Chand InfraLogistic Solutions Ltd.,TARACHAND,,TARACHAND,INE555Z01020,Misc. Commercial Services,Commercial Services & Supplies,59.28,59.28,467.27,16.86,Export NA,29.09,29.75,43.36,31.83,27.25,1.46,Export NA,2.32,0.82,3.32,66.99,5.75,5.02,3.52,11.52,18.57,13.46,17.32,5.36,6.61,12.13,7,Commercial Services & Supplies,Misc. Commercial Services,2026-03-31,2026-05-07
Tarapur Transformers Ltd.,TARAPUR,533203,TARAPUR,INE747K01017,Heavy Electrical Equipment,General Industrials,22.5,22.5,43.88,-60.93,Export NA,3.39,3.54,,58.9,71.23,0.58,Export NA,5.74,3.65,1814.52,100,14.56,15.26,-0.37,-104.53,2538.92,19.77,17.01,135.09,10.29,8.7,6,General Industrials,Heavy Electrical Equipment,2025-12-31,2026-02-11
Tarmat Ltd.,TARMAT,532869,TARMAT,INE924H01018,Construction & Engineering,Cement and Construction,51.11,51.11,128.1,33.22,Export NA,71.86,28.92,69.51,35.74,31.41,0.07,Export NA,3.26,5.1,0.72,8.47,4.05,4.95,1.54,470.71,1.07,11.25,12.93,0.79,4.61,4.29,5,Cement and Construction,Construction & Engineering,2025-12-31,2026-02-05
Tarsons Products Ltd.,TARSONS,543399,TARSONS,INE144Z01023,Medical Equipment,Healthcare,214.7,214.7,1142.34,56.15,Export NA,51.56,,47.67,64.81,22.92,-1.76,Export NA,6.11,1.94,1.81,26.06,9.5,3.26,3.82,-31.92,4.72,14.74,12.92,2.75,8.39,7.59,6,Healthcare,Medical Equipment,2025-12-31,2026-02-06
Tasty Bite Eatables Ltd.,TASTYBITE,519091,TASTYBITE,INE488B01017,Packaged Foods,FMCG,7692,7692,1973.77,55.62,Export NA,78.35,134.5,3.43,49.72,67.64,0.9,Export NA,14.09,6.77,5.87,1.94,20.61,37.36,138.3,61.61,8.22,37.93,51.25,5.62,19.27,22.23,8,FMCG,Packaged Foods,2025-12-31,2026-02-13
Tata Capital Ltd.,TATACAP,544574,TATACAP,INE976I01016,Finance (including NBFCs),Banking and Finance,309.45,309.45,131357.47,27.11,Export NA,,,,22.6,26.34,0.84,Export NA,2.78,2.13,3.48,8.51,6.23,3.86,11.42,32.24,10.56,16.76,13.65,1.66,4.85,6.73,5,Banking and Finance,Finance (including NBFCs),2026-03-31,2026-04-23
Tata Chemicals Ltd.,TATACHEM,500770,TATACHEM,INE092A01019,Commodity Chemicals,Chemicals & Petrochemicals,770.25,770.25,19622.6,-10.35,Export NA,94.27,56.08,,42.23,39.75,0.01,Export NA,3.64,7.92,0.88,8.88,6.18,4.79,-74.42,-906.81,-8.94,13.61,12.96,-4.85,9.15,8.15,2,Chemicals & Petrochemicals,Commodity Chemicals,2026-03-31,2026-05-04
Tata Communications Ltd.,TATACOMM,500483,TATACOMM,INE151A01013,Other Telecom Services,Telecom Services,1539.9,1539.9,43887.15,43.82,Export NA,39.58,32.18,56.01,32.83,29.56,-0.96,Export NA,1.4,1.02,13.69,15.96,7.97,7.59,35.14,-45.46,29.05,22.38,22.4,3.52,6.78,7.98,5,Telecom Services,Other Telecom Services,2026-03-31,2026-04-22
Tata Consultancy Services Ltd.,TCS,532540,TCS,INE467B01029,IT Consulting & Software,Software & Services,2300.3,2300.3,832268.67,16.91,Export NA,27.26,28.99,1.5,22.39,21.42,12.5,Export NA,10.02,10.72,7.11,23.08,6.84,6.86,136.01,1.35,45.88,28.07,30.42,26.98,17.17,18.42,6,Software & Services,IT Consulting & Software,2026-03-31,2026-04-09
Tata Consumer Products Ltd.,TATACONSUM,500800,TATACONSUM,INE192A01025,Tea & Coffee,"Food, Beverages & Tobacco",1253,1253,123992.09,80.39,Export NA,88.43,83.23,66.96,28.35,34.78,3.9,Export NA,1.73,3.66,5.99,93.85,8.04,6.07,15.59,20.64,7.07,26.28,8.14,4.47,19.55,5.04,6,"Food, Beverages & Tobacco",Tea & Coffee,2026-03-31,2026-05-08
Tata Elxsi Ltd.,TATAELXSI,500408,TATAELXSI,INE670A01012,IT Consulting & Software,Software & Services,4082.2,4082.2,25430.92,40.47,Export NA,48.74,61.26,49.03,22.39,21.42,-2.03,Export NA,10.02,10.72,9.05,29.81,6.84,6.86,100.88,-19.94,20.66,28.07,30.42,15.85,17.17,18.42,4,Software & Services,IT Consulting & Software,2026-03-31,2026-04-21
Tata Gold Exchange Traded Fund,TATAGOLD,590140,TATAGOLD,INF277KA1976,Others,Others,14.61,14.61,,,Export NA,,,,,,,Export NA,,,,,,,,,,,,,,,,Others,Others,,
Tata Investment Corporation Ltd.,TATAINVEST,501301,TATAINVEST,INE672A01026,Holding Companies,Diversified,667.85,667.85,33790.07,77.91,Export NA,98.17,78.63,69.49,24.34,28.32,2,Export NA,1.86,1.91,1.06,55.38,2.7,2.66,8.57,38.96,1.48,11.19,11.42,1.32,3.16,3.21,7,Diversified,Holding Companies,2026-03-31,2026-04-21
Tata Motors Ltd.,TMCV,544569,TMCV,INE1TAE01010,Commercial Vehicles,Automobiles & Auto Components,387.05,387.05,142524.64,,Export NA,,,,32.11,34.76,,Export NA,5.07,1.94,12.95,,6.96,9.25,,,-362.96,19.05,20.77,-78.4,9.43,7.69,1,Automobiles & Auto Components,Commercial Vehicles,2025-12-31,2026-05-13
Tata Motors Passenger Vehicles Ltd.,TMPV,500570,TMPV,INE155A01022,Cars & Utility Vehicles,Automobiles & Auto Components,336.85,336.85,124042.84,1.46,Export NA,9.34,39.51,3.84,32.11,23.81,0.01,Export NA,5.07,10.39,1.16,25.37,6.96,4.59,231.04,167.82,23.96,19.05,18.7,7.34,9.43,9,4,Automobiles & Auto Components,Cars & Utility Vehicles,2025-12-31,2026-05-14
Tata Nifty 50 Exchange Traded Fund,NETF,,NETF,INF277K015R5,Others,Others,253.22,253.22,,,Export NA,,,,,,,Export NA,,,,,,,,,,,,,,,,Others,Others,,
Tata Nifty India Digital Exchange Traded Fund,TNIDETF,,TNIDETF,INF277KA1364,Others,Others,78.73,78.73,,,Export NA,,,,,,,Export NA,,,,,,,,,,,,,,,,Others,Others,,
Tata Nifty Private Bank Exchange Traded Fund,NPBET,,NPBET,INF277K010X4,Others,Others,267.79,267.79,,,Export NA,,,,,,,Export NA,,,,,,,,,,,,,,,,Others,Others,,
Tata Power Company Ltd.,TATAPOWER,500400,TATAPOWER,INE245A01021,Power - Electric Utilities,Utilities,418.4,418.4,133693,35.68,Export NA,33.56,33.57,79.24,24.91,29.95,-6.33,Export NA,27.85,1.43,3.46,83.17,5.52,4.23,11.73,-5.64,11.07,14.21,16.2,2.53,5.38,5.79,5,Utilities,Power - Electric Utilities,2026-03-31,2026-05-12
Tata Silver Exchange Traded Fund,TATSILV,140518585,TATSILV,INF277KA1984,Others,Others,25.58,25.58,,,Export NA,,,,,,,Export NA,,,,,,,,,,,,,,,,Others,Others,,
Tata Steel Ltd.,TATASTEEL,500470,TATASTEEL,INE081A01020,Iron & Steel/Interm.Products,Metals & Mining,212,212,264650.87,28.86,Export NA,63.37,27.45,73.15,23.8,32.33,0.12,Export NA,1.11,0.78,2.71,98.6,5.3,3.24,7.34,235.71,3.75,19.76,6.78,1.22,9.83,3.42,6,Metals & Mining,Iron & Steel/Interm.Products,2025-12-31,2026-05-15
Tata Technologies Ltd.,TATATECH,544028,TATATECH,INE142M01025,IT Software Products,Software & Services,615.9,615.9,25008.73,45.75,Export NA,,,42.15,22.39,42.73,-2.38,Export NA,10.02,3.5,7.01,9.59,6.84,6.05,13.46,-19.26,13.93,28.07,12.16,6.1,17.17,7.28,3,Software & Services,IT Software Products,2026-03-31,2026-05-04
Tata Teleservices (Maharashtra) Ltd.,TTML,532371,TTML,INE517B01013,Telecom Services,Telecom Services,41.21,41.21,8056.26,-37.42,Export NA,-12.97,-8.27,,32.83,33.56,-0.45,Export NA,1.4,1.43,-0.4,,7.97,8.06,-1.1,83.12,0,22.38,22.38,-16.05,6.78,6.51,3,Telecom Services,Telecom Services,2026-03-31,2026-04-23
Tatva Chintan Pharma Chem Ltd.,TATVA,543321,TATVA,INE0GK401011,Specialty Chemicals,Chemicals & Petrochemicals,1268.7,1268.7,2967.76,90.58,Export NA,275.78,174.28,68.1,42.23,47.85,0.7,Export NA,3.64,2.93,3.86,34.35,6.18,7.62,14.01,129.16,0.77,13.61,14.82,0.68,9.15,10.12,6,Chemicals & Petrochemicals,Specialty Chemicals,2025-12-31,2026-05-16
Taurian Mps Ltd.,TAURIAN,,TAURIAN,INE0XWS01018,Industrial Machinery,General Industrials,290.95,290.95,258.46,27.21,Export NA,,,100,58.9,58.76,,Export NA,5.74,4.45,3.47,,14.56,20.55,10.69,,27.69,19.77,24.18,12.97,10.29,13.59,3,General Industrials,Industrial Machinery,2025-03-31,2025-11-13
Team India Guaranty Ltd.,TEAMGTY,511559,TEAMGTY,INE289C01025,Finance (including NBFCs),Banking and Finance,249.55,249.55,224.42,105.8,Export NA,80.77,66.71,88.28,22.6,26.34,19.82,Export NA,2.78,2.13,4.57,93.71,6.23,3.86,2.36,5.34,4.91,16.76,13.65,4.89,4.85,6.73,5,Banking and Finance,Finance (including NBFCs),2025-12-31,2026-02-13
TeamLease Services Ltd.,TEAMLEASE,539658,TEAMLEASE,INE985S01024,Misc. Commercial Services,Commercial Services & Supplies,1374.7,1374.7,2305.22,17.63,Export NA,33.74,58.79,2.21,31.83,27.25,0.61,Export NA,2.32,0.82,2.3,1.5,5.75,5.02,77.97,29.09,11.99,13.46,17.32,5.07,6.61,12.13,6,Commercial Services & Supplies,Misc. Commercial Services,2025-12-31,2026-05-20
Teamo Productions HQ Ltd.,TPHQ,533048,TPHQ,INE065J01024,Construction & Engineering,Cement and Construction,0.56,0.56,61.39,9.5,Export NA,27.38,65.06,6.03,35.74,31.41,-1.49,Export NA,3.26,5.1,0.43,42.7,4.05,4.95,0.06,-6.39,2.48,11.25,12.93,2.24,4.61,4.29,5,Cement and Construction,Construction & Engineering,2025-12-31,2026-01-14
Tech Mahindra Ltd.,TECHM,532755,TECHM,INE669C01036,IT Consulting & Software,Software & Services,1392.9,1392.9,136497.82,28.37,Export NA,48.61,35.5,80.61,22.39,21.42,2.16,Export NA,10.02,10.72,4.76,83.03,6.84,6.86,49.09,13.16,16.24,28.07,30.42,9.74,17.17,18.42,7,Software & Services,IT Consulting & Software,2026-03-31,2026-04-22
TechD Cybersecurity Ltd.,TECHD,,TECHD,INE0Y5H01014,IT Consulting & Software,Software & Services,558.3,558.3,417.59,49.74,Export NA,,,100,22.39,21.42,,Export NA,10.02,10.72,6.5,,6.84,6.86,11.23,,37.92,28.07,30.42,28.87,17.17,18.42,3,Software & Services,IT Consulting & Software,2025-03-31,2025-11-10
TechEra Engineering (India) Ltd.,TECHERA,,TECHERA,INE0JQS01019,Aerospace & Defence,General Industrials,193.45,193.45,319.6,95.1,Export NA,,,44.35,58.9,50.58,,Export NA,5.74,8.98,6.25,39.13,14.56,11.27,2.03,,6.74,19.77,23.04,4.14,10.29,9.53,4,General Industrials,Aerospace & Defence,2025-03-31,2025-11-11
TechNVision Ventures Ltd.,,501421,TECHNVISN,INE314H01012,IT Consulting & Software,Software & Services,5477,5477,3436.82,948.32,Export NA,15436.4,9062.43,88.36,22.39,21.42,-15.04,Export NA,10.02,10.72,575.47,97.9,6.84,6.86,5.78,-63.05,1.47,28.07,30.42,0.06,17.17,18.42,5,Software & Services,IT Consulting & Software,2025-12-31,2026-02-13
Techno Electric & Engineering Company Ltd.,TECHNOE,542141,TECHNOE,INE285K01026,Power - Electric Utilities,Utilities,1200.1,1200.1,13957.11,28.25,Export NA,45.99,35.45,68.08,24.91,29.95,0.81,Export NA,27.85,1.43,3.48,70.63,5.52,4.23,42.48,35.03,11.3,14.21,16.2,8.36,5.38,5.79,7,Utilities,Power - Electric Utilities,2025-12-31,2026-02-10
Technocraft Industries (India) Ltd.,TIIL,532804,TIIL,INE545H01011,Iron & Steel Products,Metals & Mining,2479.7,2479.7,5622.17,20.43,Export NA,23.19,17.84,76.97,23.8,30.63,1.66,Export NA,1.11,1.79,2.9,79.58,5.3,6.46,121.38,12.29,14.45,19.76,18.83,8.55,9.83,10.86,6,Metals & Mining,Iron & Steel Products,2025-12-31,2026-05-28
Teerth Gopicon Ltd.,TGL,,TGL,INE0K6601012,Construction & Engineering,Cement and Construction,23.7,23.7,28.44,2.21,Export NA,,,,35.74,31.41,,Export NA,3.26,5.1,0.5,,4.05,4.95,10.7,,16.9,11.25,12.93,7.35,4.61,4.29,3,Cement and Construction,Construction & Engineering,2025-03-31,2025-11-14
Tega Industries Ltd.,TEGA,543413,TEGA,INE011K01018,Coal & Mining,Metals & Mining,1566.8,1566.8,11771.01,58.3,Export NA,64.75,,75.88,23.8,13.83,7.71,Export NA,1.11,3.11,7.83,58.92,5.3,4.81,26.87,7.56,14.32,19.76,23.55,9.55,9.83,10.77,4,Metals & Mining,Coal & Mining,2025-12-31,2026-02-12
Tejas Cargo India Ltd.,TEJASCARGO,,TEJASCARGO,INE17WC01013,Warehousing & Logistics,Transportation,359,359,857.75,44.82,Export NA,,,100,36.05,32.42,,Export NA,4.72,1.7,4.62,100,8.05,4.18,8.01,,11.04,25.06,8.62,5.31,7.11,5.64,5,Transportation,Warehousing & Logistics,2025-03-31,2025-11-14
Tejas Networks Ltd.,TEJASNET,540595,TEJASNET,INE010J01012,Telecom Equipment,Telecommunications Equipment,460.8,460.8,8192.12,-9.01,Export NA,165.42,165.42,,62.37,54.53,0.03,Export NA,3.45,8.41,2.62,43.31,10.31,13.61,-51.12,-303.55,-31.01,6.95,9.86,-9.66,3.76,6.93,1,Telecommunications Equipment,Telecom Equipment,2026-03-31,2026-04-15
Tembo Global Industries Ltd.,TEMBO,,TEMBO,INE869Y01010,Iron & Steel Products,Metals & Mining,569.3,569.3,1105.56,13.98,Export NA,41.13,62.55,9.55,23.8,30.63,0.14,Export NA,1.11,1.79,4.03,15.77,5.3,6.46,40.72,103.03,24.11,19.76,18.83,8.87,9.83,10.86,3,Metals & Mining,Iron & Steel Products,2025-12-31,2026-02-05
Tenneco Clean Air India Ltd.,TENNIND,544612,TENNIND,INE19RI01016,Auto Parts & Equipment,Automobiles & Auto Components,609.25,609.25,24589.59,,Export NA,,,,32.11,41.7,,Export NA,5.07,3.31,23.73,100,6.96,6.81,,,34.29,19.05,15.01,19.49,9.43,7.82,5,Automobiles & Auto Components,Auto Parts & Equipment,2025-12-31,2026-02-13
Tera Software Ltd.,TERASOFT,533982,TERASOFT,INE482B01010,IT Consulting & Software,Software & Services,333.1,333.1,416.77,20.3,Export NA,46.95,46.95,15.05,22.39,21.42,0.13,Export NA,10.02,10.72,2.98,72.54,6.84,6.86,16.41,161.57,7.68,28.07,30.42,4.41,17.17,18.42,7,Software & Services,IT Consulting & Software,2025-12-31,2026-05-18
Texmaco Infrastructure & Holdings Ltd.,TEXINFRA,505400,TEXINFRA,INE435C01024,Realty,Realty,99.66,99.66,1269.93,110.92,Export NA,258.09,284.98,54.12,37.63,37.32,0.37,Export NA,1.72,1.77,0.88,21.78,3.69,4.38,0.9,296.29,-0.54,10.17,11.27,-0.45,4.54,5.37,2,Realty,Realty,2025-12-31,2026-05-13
Texmaco Rail & Engineering Ltd.,TEXRAIL,533326,TEXRAIL,INE621L01012,Construction & Engineering,Cement and Construction,105.71,105.71,4300.97,24.27,Export NA,47.27,95.32,35.22,35.74,31.41,-1.04,Export NA,3.26,5.1,1.48,49.58,4.05,4.95,4.36,-23.35,9.02,11.25,12.93,5.15,4.61,4.29,3,Cement and Construction,Construction & Engineering,2025-12-31,2026-05-12
Texmo Pipes & Products Ltd.,TEXMOPIPES,533164,TEXMOPIPES,INE141K01013,Plastic Products,General Industrials,43.84,43.84,127.99,6.94,Export NA,25.41,19.77,4.53,58.9,35.79,0.04,Export NA,5.74,3.64,0.56,55.91,14.56,7.73,6.32,183.56,12.67,19.77,14.6,5.31,10.29,10.46,7,General Industrials,Plastic Products,2025-12-31,2026-02-10
Thaai Casting Ltd.,TCL,,TCL,INE0QJL01014,Iron & Steel/Interm.Products,Metals & Mining,93,93,226.38,20.47,Export NA,,,15.72,23.8,32.33,,Export NA,1.11,0.78,2.23,,5.3,3.24,4.54,,13.27,19.76,6.78,5.43,9.83,3.42,2,Metals & Mining,Iron & Steel/Interm.Products,2025-03-31,2025-11-12
Thacker & Company Ltd.,,509945,THACKER,INE077P01034,Other Financial Services,Banking and Finance,1159,1159,126.06,6.15,Export NA,7.55,6.12,56.41,22.6,36.93,-1.89,Export NA,2.78,3.57,0.7,49.11,6.23,99.98,188.55,-3.25,13.69,16.76,19.97,12.57,4.85,11.89,6,Banking and Finance,Other Financial Services,2025-12-31,2026-02-12
Thakker's Developers Ltd.,,526654,THAKDEV,INE403F01017,Realty,Realty,137.3,137.3,123.57,11.26,Export NA,21.54,10.96,55.69,37.63,37.32,0,Export NA,1.72,1.77,0.78,19.82,3.69,4.38,12.19,2575.3,4.28,10.17,11.27,2.97,4.54,5.37,7,Realty,Realty,2025-12-31,2026-02-14
Thangamayil Jewellery Ltd.,THANGAMAYL,533158,THANGAMAYL,INE085J01014,Gems & Jewellery,Textiles Apparels & Accessories,3670,3670,11412.86,47.47,Export NA,58.39,50.41,83.91,53.79,63.43,0.44,Export NA,2.24,1.24,8.97,88.49,15.41,20.78,77.3,108.05,10.76,22.86,28.31,4.63,8.26,8.05,4,Textiles Apparels & Accessories,Gems & Jewellery,2025-12-31,2026-05-15
The Anup Engineering Ltd.,ANUP,542460,ANUP,INE294Z01018,Industrial Machinery,General Industrials,1970.4,1970.4,3947.01,34.21,Export NA,43.74,36.25,65.81,58.9,58.76,,Export NA,5.74,4.45,5.96,74.54,14.56,20.55,57.6,,19.33,19.77,24.18,12.77,10.29,13.59,1,General Industrials,Industrial Machinery,2025-12-31,2026-02-03
The Bombay Burmah Trading Corporation Ltd.,BBTC,501425,BBTC,INE050A01025,Packaged Foods,FMCG,1465.6,1465.6,10225.77,9.23,Export NA,16.26,22.07,20.38,49.72,67.64,3.15,Export NA,14.09,6.77,1.48,57.29,20.61,37.36,158.71,2.93,19.93,37.93,51.25,8.82,19.27,22.23,8,FMCG,Packaged Foods,2025-12-31,2026-05-13
The Byke Hospitality Ltd.,BYKE,531373,BYKE,INE319B01014,Hotels,Hotels Restaurants & Tourism,35.16,35.16,183.81,31.71,Export NA,70.93,84.19,53.78,44.23,40.73,-7.02,Export NA,3.41,2.69,0.8,25.27,8.2,7.29,1.11,-4.52,2.04,12.41,12.19,1.42,7.26,7.71,7,Hotels Restaurants & Tourism,Hotels,2025-12-31,2026-02-11
The Fertilisers and Chemicals Travancore Ltd.,FACT,590024,FACT,INE188A01015,Fertilizers,Fertilizers,862.4,862.4,55803.49,1995.83,Export NA,901.16,484.16,94.17,20.68,20.68,15.26,Export NA,7.54,7.54,42.69,62.91,16.07,16.07,0.43,130.83,3,478.71,478.71,0.68,243.93,243.93,6,Fertilizers,Fertilizers,2025-12-31,2026-01-28
The Grob Tea Company Ltd.,GROBTEA,,GROBTEA,INE646C01018,Tea & Coffee,"Food, Beverages & Tobacco",929.4,929.4,108.02,19.22,Export NA,11.59,97.88,51.15,28.35,34.78,-0.3,Export NA,1.73,3.66,0.96,13.74,8.04,6.07,48.34,-63.11,11.45,26.28,8.14,8.11,19.55,5.04,6,"Food, Beverages & Tobacco",Tea & Coffee,2025-12-31,2026-05-13
The Hi-Tech Gears Ltd.,HITECHGEAR,522073,HITECHGEAR,INE127B01011,Auto Parts & Equipment,Automobiles & Auto Components,602.15,602.15,1132.85,50.16,Export NA,23.3,26.36,79.83,32.11,41.7,-0.94,Export NA,5.07,3.31,2.27,40.05,6.96,6.81,12,-53.41,8.34,19.05,15.01,5.01,9.43,7.82,5,Automobiles & Auto Components,Auto Parts & Equipment,2025-12-31,2026-02-12
The Indian Card Clothing Company Ltd.,INDIANCARD,509692,INDIANCARD,INE061A01014,Textiles,Textiles Apparels & Accessories,203.04,203.04,120.63,4.91,Export NA,10.79,12.47,53.63,53.79,32.96,-0.07,Export NA,2.24,6.53,0.35,0.75,15.41,3.67,41.37,-67.6,27.15,22.86,11.51,24.39,8.26,7.43,4,Textiles Apparels & Accessories,Textiles,2025-12-31,2026-02-11
The Indian Wood Products Company Ltd.,,540954,IWP,INE586E01020,Forest Products,Forest Materials,34.19,34.19,218.72,41.4,Export NA,55.73,71.21,26.25,57.43,59.25,-4.3,Export NA,6.14,6.55,0.6,46.69,5.86,6.15,0.83,-9.64,1.47,9.16,9.21,0.97,5.7,5.64,7,Forest Materials,Forest Products,2025-12-31,2026-02-12
The Investment Trust of India Ltd.,THEINVEST,530023,THEINVEST,INE924D01017,Finance (including NBFCs),Banking and Finance,113.84,113.84,594.73,20.03,Export NA,31.65,102.04,18.11,22.6,26.34,-0.76,Export NA,2.78,2.13,0.81,19.41,6.23,3.86,5.68,-26.33,6.03,16.76,13.65,2.75,4.85,6.73,7,Banking and Finance,Finance (including NBFCs),2025-12-31,2026-05-13
The New India Assurance Company Ltd.,NIACL,540769,NIACL,INE470Y01017,General Insurance,Banking and Finance,159.64,159.64,26308.67,18.63,Export NA,29.35,42.18,25.89,22.6,29.34,0.51,Export NA,2.78,1.74,0.9,49,6.23,3.73,8.57,36.24,3.57,16.76,12.11,0.94,4.85,3.04,3,Banking and Finance,General Insurance,2026-03-31,2026-05-11
The Orissa Minerals Development Company Ltd.,ORISSAMINE,590086,ORISSAMINE,INE725E01024,Coal & Mining,Metals & Mining,4094.2,4094.2,2456.52,-91.85,Export NA,1245.02,1245.02,,23.8,13.83,0.14,Export NA,1.11,3.11,-52.4,,5.3,4.81,-44.57,-668.13,0,19.76,23.55,-7.48,9.83,10.77,2,Metals & Mining,Coal & Mining,2025-12-31,2026-02-11
The Peria Karamalai Tea & Produce Company Ltd.,PKTEA,,PKTEA,INE431F01018,Tea & Coffee,"Food, Beverages & Tobacco",860,860,266.25,-1183.86,Export NA,516.8,353.66,,28.35,34.78,11.48,Export NA,1.73,3.66,1.22,96.67,8.04,6.07,-0.73,-103.08,0.11,26.28,8.14,0.08,19.55,5.04,4,"Food, Beverages & Tobacco",Tea & Coffee,2025-12-31,2026-02-03
The Ramco Cements Ltd.,RAMCOCEM,500260,RAMCOCEM,INE331A01037,Cement & Cement Products,Cement and Construction,943.25,943.25,22288.28,38.74,Export NA,73.91,59.05,51.85,35.74,39.23,0.72,Export NA,3.26,1.71,2.81,15.16,4.05,3.41,24.35,53.73,3.66,11.25,8.66,1.66,4.61,4.59,6,Cement and Construction,Cement & Cement Products,2025-12-31,2026-05-22
The United Nilgiri Tea Estates Company Ltd.,UNITEDTEA,,UNITEDTEA,INE458F01011,Tea & Coffee,"Food, Beverages & Tobacco",526.05,526.05,262.85,11.89,Export NA,12.86,13.36,34.43,28.35,34.78,0.48,Export NA,1.73,3.66,1.11,49.5,8.04,6.07,44.25,24.69,8.39,26.28,8.14,7.94,19.55,5.04,8,"Food, Beverages & Tobacco",Tea & Coffee,2025-12-31,2026-02-06
The Wealth Company Gold ETF,TWCGOLDETF,544672,TWCGOLDETF,INF2F0001370,Others,Others,149.67,149.67,,,Export NA,,,,,,,Export NA,,,,,,,,,,,,,,,,Others,Others,,
The Western India Plywood Ltd.,WIPL,,WIPL,INE215F01023,Forest Products,Forest Materials,153.78,153.78,130.52,61.28,Export NA,47.41,111.34,75.29,57.43,59.25,6.26,Export NA,6.14,6.55,2.86,70.98,5.86,6.15,2.51,9.79,6.17,9.16,9.21,3.51,5.7,5.64,5,Forest Materials,Forest Products,2025-12-31,2026-05-25
Thejo Engineering Ltd.,THEJO,,THEJO,INE121N01019,Industrial Machinery,General Industrials,1756.3,1756.3,1905.15,38.18,Export NA,43.5,45.32,51.78,58.9,58.76,12.07,Export NA,5.74,4.45,5.75,19.42,14.56,20.55,46,3.16,16.75,19.77,24.18,11.17,10.29,13.59,5,General Industrials,Industrial Machinery,2025-12-31,2026-02-09
Themis Medicare Ltd.,THEMISMED,530199,THEMISMED,INE083B01024,Pharmaceuticals,Pharmaceuticals & Biotechnology,96.77,96.77,891.25,-51.2,Export NA,41.74,31.36,,42.18,42.23,0.37,Export NA,2.39,2.39,2.32,38.59,7.57,7.72,-1.89,-137.72,7.41,17.72,18.15,5.07,11.9,12.17,5,Pharmaceuticals & Biotechnology,Pharmaceuticals,2025-12-31,2026-02-13
Thermax Ltd.,THERMAX,500411,THERMAX,INE152A01029,Heavy Electrical Equipment,General Industrials,4483,4483,53417.77,74.14,Export NA,71.94,74.62,80.5,58.9,71.23,5.47,Export NA,5.74,3.65,10.16,92.56,14.56,15.26,60.47,13.56,12.98,19.77,17.01,5.42,10.29,8.7,5,General Industrials,Heavy Electrical Equipment,2026-03-31,2026-05-07
Thinking Hats Entertainment Solutions Ltd.,THESL,,THESL,INE0SHE01019,Misc. Commercial Services,Commercial Services & Supplies,14.25,14.25,17.79,4.86,Export NA,,,,31.83,27.25,,Export NA,2.32,0.82,0.62,,5.75,5.02,2.94,,13.1,13.46,17.32,7.38,6.61,12.13,1,Commercial Services & Supplies,Misc. Commercial Services,2025-03-31,2025-11-14
Thirumalai Chemicals Ltd.,TIRUMALCHM,500412,TIRUMALCHM,INE338A01024,Commodity Chemicals,Chemicals & Petrochemicals,203.48,203.48,2453.01,-15.93,Export NA,,27.87,,42.23,39.75,0.08,Export NA,3.64,7.92,1.65,42.59,6.18,4.79,-12.77,-193.22,-3.98,13.61,12.96,-1.21,9.15,8.15,0,Chemicals & Petrochemicals,Commodity Chemicals,2025-12-31,2026-02-14
Thomas Cook (India) Ltd.,THOMASCOOK,500413,THOMASCOOK,INE332A01027,Travel Support Services,Diversified Consumer Services,93.43,93.43,4395.23,17.96,Export NA,30.45,295.92,13.25,33.62,32.03,-26.66,Export NA,3.59,3.35,1.83,36.05,10.95,8.05,5.2,-0.67,11.25,22.55,27.51,3.57,11.12,14.18,5,Diversified Consumer Services,Travel Support Services,2025-12-31,2026-05-12
Thomas Scott (India) Ltd.,THOMASCOTT,533941,THOMASCOTT,INE480M01011,Other Apparels & Accessories,Textiles Apparels & Accessories,278.7,278.7,408.86,23.62,Export NA,42.7,64.82,37.71,53.79,43.2,0.44,Export NA,2.24,2.85,3.12,71.83,15.41,13.14,11.8,54.22,12.07,22.86,20.14,9.08,8.26,9.64,5,Textiles Apparels & Accessories,Other Apparels & Accessories,2025-12-31,2026-02-14
Thyrocare Technologies Ltd.,THYROCARE,539871,THYROCARE,INE594H01019,Healthcare Services,Healthcare,475,475,7560.35,46.37,Export NA,62.43,47.81,51.96,64.81,49.79,0.6,Export NA,6.11,5.33,11.32,82.32,9.5,10.34,10.24,77.89,27.84,14.74,19.47,21.81,8.39,13.06,8,Healthcare,Healthcare Services,2026-03-31,2026-05-07
Tiger Logistics (India) Ltd.,TIGERLOGS,536264,TIGERLOGS,INE906O01029,Warehousing & Logistics,Transportation,38.06,38.06,402.39,15.66,Export NA,28.94,23.85,41.9,36.05,32.42,3.54,Export NA,4.72,1.7,2.55,37.06,8.05,4.18,2.43,4.42,19.52,25.06,8.62,13.8,7.11,5.64,6,Transportation,Warehousing & Logistics,2025-12-31,2026-02-12
Tijaria Polypipes Ltd.,TIJARIA,533629,TIJARIA,INE440L01017,Plastic Products,General Industrials,4.49,4.49,12.85,-3.11,Export NA,,,,58.9,35.79,0.08,Export NA,5.74,3.64,-0.38,,14.56,7.73,-1.44,-37.79,0,19.77,14.6,-9.96,10.29,10.46,1,General Industrials,Plastic Products,2025-12-31,2026-02-12
Tilaknagar Industries Ltd.,TI,507205,TI,INE133E01013,Breweries & Distilleries,"Food, Beverages & Tobacco",442.35,442.35,10933.6,96.65,Export NA,48.87,45,97.75,28.35,66.59,-2.52,Export NA,1.73,1.7,5.68,37.35,8.04,10.34,4.58,-38.42,26.02,26.28,16.79,18.93,19.55,10.27,6,"Food, Beverages & Tobacco",Breweries & Distilleries,2025-12-31,2026-02-13
Time Technoplast Ltd.,TIMETECHNO,532856,TIMETECHNO,INE508G01029,Plastic Products,General Industrials,177.4,177.4,8757.09,19.62,Export NA,27.4,21.24,75.42,58.9,35.79,0.96,Export NA,5.74,3.64,2.76,83.17,14.56,7.73,9.04,20.39,13.41,19.77,14.6,8.81,10.29,10.46,8,General Industrials,Plastic Products,2025-12-31,2026-05-27
Timescan Logistics (India) Ltd.,TIMESCAN,,TIMESCAN,INE0IJY01014,Warehousing & Logistics,Transportation,40.1,40.1,28.02,4.79,Export NA,10.39,,0.87,36.05,32.42,,Export NA,4.72,1.7,0.98,,8.05,4.18,8.38,,22.31,25.06,8.62,12.89,7.11,5.64,4,Transportation,Warehousing & Logistics,2025-03-31,2025-11-13
Timex Group India Ltd.,,500414,TIMEX,INE064A01026,Other Apparels & Accessories,Textiles Apparels & Accessories,342.5,342.5,3457.54,60.3,Export NA,86.4,134.06,53.97,53.79,43.2,0.63,Export NA,2.24,2.85,28.21,,15.41,13.14,5.68,95.97,124.63,22.86,20.14,12.46,8.26,9.64,7,Textiles Apparels & Accessories,Other Apparels & Accessories,2025-12-31,2026-05-26
Timken India Ltd.,TIMKEN,522113,TIMKEN,INE325A01013,Abrasives & Bearings,General Industrials,3611.1,3611.1,27162.22,63.11,Export NA,58.84,60.56,81.01,58.9,57.14,8.94,Export NA,5.74,4.1,9.64,69.26,14.56,22.89,57.22,7.06,15.72,19.77,15.42,13.06,10.29,12.49,4,General Industrials,Abrasives & Bearings,2025-12-31,2026-05-18
Tinna Rubber and Infrastructure Ltd.,TINNARUBR,530475,TINNARUBR,INE015C01016,Specialty Chemicals,Chemicals & Petrochemicals,759.8,759.8,1368.84,28.52,Export NA,44.17,26.65,46.46,42.23,47.85,-3.44,Export NA,3.64,2.93,4.8,71.08,6.18,7.62,26.64,-8.29,27.14,13.61,14.82,12.56,9.15,10.12,3,Chemicals & Petrochemicals,Specialty Chemicals,2025-12-31,2026-02-07
Tips Films Ltd.,TIPSFILMS,543614,TIPSFILMS,INE0LQS01015,Movies & Entertainment,Media,364.15,364.15,157.42,-9.93,Export NA,200.5,,,25.23,33.17,-0.15,Export NA,2.2,3.06,4.76,93.37,13.87,25.15,-36.66,65.09,-53.03,20.32,45.72,-6.55,15.35,32.15,3,Media,Movies & Entertainment,2026-03-31,2026-05-08
Tips Music Ltd.,TIPSMUSIC,532375,TIPSMUSIC,INE716B01029,Movies & Entertainment,Media,641.8,641.8,8204.23,37.85,Export NA,53.92,47.91,68.66,25.23,33.17,1.26,Export NA,2.2,3.06,25.97,80.87,13.87,25.15,16.96,30.13,83.37,20.32,45.72,59.86,15.35,32.15,8,Media,Movies & Entertainment,2026-03-31,2026-04-23
Tirupati Forge Ltd.,TIRUPATIFL,,TIRUPATIFL,INE319Y01024,Castings & Forgings,General Industrials,40.54,40.54,523.74,86.27,Export NA,65.64,44.96,77.07,58.9,64.29,-3.03,Export NA,5.74,4.12,4.49,64.34,14.56,7.72,0.47,-28.43,7.33,19.77,12.53,5.38,10.29,7.9,3,General Industrials,Castings & Forgings,2025-12-31,2026-02-10
Titagarh Rail Systems Ltd.,TITAGARH,532966,TITAGARH,INE615H01020,Commercial Vehicles,Automobiles & Auto Components,774.2,774.2,10426.45,57.85,Export NA,47.88,56.73,62.6,32.11,34.76,-1.53,Export NA,5.07,1.94,4.02,75.11,6.96,9.25,13.38,-37.72,11.13,19.05,20.77,7.34,9.43,7.69,3,Automobiles & Auto Components,Commercial Vehicles,2025-12-31,2026-02-13
Titan Company Ltd.,TITAN,500114,TITAN,INE280A01028,Gems & Jewellery,Textiles Apparels & Accessories,4055.3,4055.3,360023.94,70.95,Export NA,91.83,92.8,22.18,53.79,63.43,1.36,Export NA,2.24,1.24,24.85,71.8,15.41,20.78,57.15,52.05,32.3,22.86,28.31,8.37,8.26,8.05,8,Textiles Apparels & Accessories,Gems & Jewellery,2026-03-31,2026-05-08
Tokyo Plast International Ltd.,TOKYOPLAST,500418,TOKYOPLAST,INE932C01012,Plastic Products,General Industrials,84.34,84.34,80.13,127.12,Export NA,89.12,89.12,60.43,58.9,35.79,-2.44,Export NA,5.74,3.64,1.29,45.59,14.56,7.73,0.66,-52.03,1,19.77,14.6,0.46,10.29,10.46,4,General Industrials,Plastic Products,2026-03-31,2026-04-29
Tolins Tyres Ltd.,TOLINS,544254,TOLINS,INE0RWQ01014,Auto Tyres & Rubber Products,Automobiles & Auto Components,102.52,102.52,405.04,11.24,Export NA,,,3.92,32.11,25.9,-3.16,Export NA,5.07,0.9,1.15,1.23,6.96,2.87,9.12,-3.56,11.92,19.05,10.97,10.46,9.43,6.34,4,Automobiles & Auto Components,Auto Tyres & Rubber Products,2025-12-31,2026-02-13
Torrent Pharmaceuticals Ltd.,TORNTPHARM,500420,TORNTPHARM,INE685A01028,Pharmaceuticals,Pharmaceuticals & Biotechnology,4381.9,4381.9,148303.39,65.27,Export NA,64.62,62.87,93.62,42.18,42.23,2.96,Export NA,2.39,2.39,16.33,92.32,7.57,7.72,67.13,22.02,25.17,17.72,18.15,12.75,11.9,12.17,9,Pharmaceuticals & Biotechnology,Pharmaceuticals,2025-12-31,2026-05-22
Torrent Power Ltd.,TORNTPOWER,532779,TORNTPOWER,INE813H01021,Power - Electric Utilities,Utilities,1597.6,1597.6,80503.62,33.32,Export NA,32.84,35.14,73.36,24.91,29.95,-1.74,Export NA,27.85,1.43,4.14,86.71,5.52,4.23,47.95,-19.14,16.96,14.21,16.2,8.17,5.38,5.79,6,Utilities,Power - Electric Utilities,2026-03-31,2026-05-12
Total Transport Systems Ltd.,TOTAL,,TOTAL,INE336X01012,Warehousing & Logistics,Transportation,56,56,90.31,6.82,Export NA,61.83,46.53,1.8,36.05,32.42,0.02,Export NA,4.72,1.7,0.99,7.8,8.05,4.18,8.21,429.4,10.69,25.06,8.62,5.16,7.11,5.64,6,Transportation,Warehousing & Logistics,2025-12-31,2026-02-05
Touchwood Entertainment Ltd.,TOUCHWOOD,,TOUCHWOOD,INE486Y01013,Special Consumer Services,Diversified Consumer Services,73.49,73.49,81.44,17.1,Export NA,33.2,48.64,7.12,33.62,39.07,-2.03,Export NA,3.59,4.51,1.87,0.32,10.95,11.75,4.3,-8.42,12.95,22.55,25.9,10.5,11.12,3.02,5,Diversified Consumer Services,Special Consumer Services,2025-12-31,2026-02-14
Tourism Finance Corporation of India Ltd.,TFCILTD,526650,TFCILTD,INE305A01023,Financial Institutions,Banking and Finance,75.85,75.85,3511.68,28.87,Export NA,22.28,14.76,99.21,22.6,12.06,0.98,Export NA,2.78,2.38,2.74,99.8,6.23,1.75,2.63,29.39,8.53,16.76,16.02,4.93,4.85,1.89,8,Banking and Finance,Financial Institutions,2025-12-31,2026-05-13
Tracxn Technologies Ltd.,TRACXN,543638,TRACXN,INE0HMF01019,IT Consulting & Software,Software & Services,33.42,33.42,356.88,-27.8,Export NA,104.66,,,22.39,21.42,0.01,Export NA,10.02,10.72,6.67,11.7,6.84,6.86,-1.2,-2277.51,-14.51,28.07,30.42,-8.61,17.17,18.42,3,Software & Services,IT Consulting & Software,2025-12-31,2026-02-05
Transformers & Rectifiers (India) Ltd.,TARIL,532928,TARIL,INE763I01026,Heavy Electrical Equipment,General Industrials,298.1,298.1,8947.94,33.84,Export NA,159.03,109.42,45.09,58.9,71.23,1.45,Export NA,5.74,3.65,6.3,80.44,14.56,15.26,8.81,23.4,17.45,19.77,17.01,9.91,10.29,8.7,5,General Industrials,Heavy Electrical Equipment,2026-03-31,2026-04-21
Transindia Real Estate Ltd.,TREL,543955,TREL,INE0O3901029,Realty,Realty,25.58,25.58,628.49,10.54,Export NA,9.24,,42.94,37.63,37.32,-0.16,Export NA,1.72,1.77,0.5,6.91,3.69,4.38,2.43,-66.71,4.23,10.17,11.27,3.97,4.54,5.37,5,Realty,Realty,2025-12-31,2026-05-14
Transpek Industry Ltd.,,506687,TRANSPEK,INE687A01016,Commodity Chemicals,Chemicals & Petrochemicals,1181.65,1181.65,660.02,11.32,Export NA,19.34,16.52,9.18,42.23,39.75,0.17,Export NA,3.64,7.92,0.85,1.53,6.18,4.79,104.4,66.04,6.53,13.61,12.96,4.87,9.15,8.15,9,Chemicals & Petrochemicals,Commodity Chemicals,2025-12-31,2026-02-04
Transport Corporation of India Ltd.,TCI,532349,TCI,INE688A01022,Surface Transportation,Transportation,910.3,910.3,6985.99,15.59,Export NA,21.27,19.92,23.54,36.05,15.85,1.31,Export NA,4.72,1.33,2.81,29.05,8.05,4.1,58.38,11.89,19.13,25.06,17.94,14.83,7.11,13.67,6,Transportation,Surface Transportation,2025-12-31,2026-05-26
Transrail Lighting Ltd.,TRANSRAILL,544317,TRANSRAILL,INE454P01035,Heavy Electrical Equipment,General Industrials,531.35,531.35,7133.69,16.47,Export NA,,,16.32,58.9,71.23,,Export NA,5.74,3.65,3.27,0.59,14.56,15.26,32.26,,17.36,19.77,17.01,5.24,10.29,8.7,6,General Industrials,Heavy Electrical Equipment,2025-12-31,2026-02-02
Transteel Seating Technologies Ltd.,TRANSTEEL,,TRANSTEEL,INE0NVI01020,Furniture-Furnishing,Diversified Consumer Services,130.35,130.35,287.97,22.74,Export NA,,,97.82,33.62,45.68,,Export NA,3.59,0.32,2.53,62.88,10.95,4.56,5.73,,12.64,22.55,10.88,7.8,11.12,7.56,3,Diversified Consumer Services,Furniture-Furnishing,2025-03-31,2025-11-14
Transwarranty Finance Ltd.,TFL,532812,TFL,INE804H01012,Finance (including NBFCs),Banking and Finance,11.79,11.79,64.98,-15.77,Export NA,129.63,129.63,,22.6,26.34,0.02,Export NA,2.78,2.13,2.21,84.24,6.23,3.86,-0.75,-975.58,-16.33,16.76,13.65,-5.07,4.85,6.73,3,Banking and Finance,Finance (including NBFCs),2025-12-31,2026-05-13
Transwind Infrastructures Ltd.,TRANSWIND,,TRANSWIND,INE792X01016,Construction & Engineering,Cement and Construction,14.5,14.5,11.09,19.09,Export NA,26.08,25.47,53.12,35.74,31.41,,Export NA,3.26,5.1,0.62,67.32,4.05,4.95,0.76,,3.53,11.25,12.93,1.78,4.61,4.29,4,Cement and Construction,Construction & Engineering,2025-03-31,2025-11-13
Transworld Shipping Lines Ltd.,TRANSWORLD,520151,TRANSWORLD,INE757B01015,Shipping,Transportation,157.59,157.59,346.03,-7.36,Export NA,14.66,6.51,,36.05,15.93,0.03,Export NA,4.72,0.19,0.47,14.75,8.05,10.04,-21.4,-214.83,4.23,25.06,18.78,2.82,7.11,14.46,8,Transportation,Shipping,2025-12-31,2026-05-19
Travel Food Services Ltd.,TRAVELFOOD,544443,TRAVELFOOD,INE103V01028,Restaurants,Hotels Restaurants & Tourism,1139.9,1139.9,15010.15,35.48,Export NA,,,3.45,44.23,62.18,,Export NA,3.41,5.91,11.55,,8.2,11,32.13,,34.47,12.41,13.17,19.08,7.26,5.68,7,Hotels Restaurants & Tourism,Restaurants,2025-12-31,2026-02-12
Tree House Education & Accessories Ltd.,TREEHOUSE,533540,TREEHOUSE,INE040M01013,Education,Diversified Consumer Services,7.76,7.76,32.83,-2,Export NA,,,,33.62,20.12,0,Export NA,3.59,2.38,0.17,54.87,10.95,20.81,-3.88,-436.46,-8.7,22.55,17.9,-8.75,11.12,11.62,2,Diversified Consumer Services,Education,2025-12-31,2026-05-15
Trejhara Solutions Ltd.,TREJHARA,542233,TREJHARA,INE00CA01015,IT Consulting & Software,Software & Services,162.7,162.7,378.29,62.4,Export NA,90.94,56.13,86.11,22.39,21.42,-1.17,Export NA,10.02,10.72,1.56,88.67,6.84,6.86,2.61,-53.46,1.86,28.07,30.42,1.6,17.17,18.42,5,Software & Services,IT Consulting & Software,2025-12-31,2026-05-21
Trent Ltd.,TRENT,500251,TRENT,INE849A01020,Department Stores,Retailing,4050.6,4050.6,143993.77,83.73,Export NA,123.94,216.02,2.04,78.39,89.12,7.49,Export NA,6.4,7.99,21.82,75.42,19.94,14.37,48.37,11.18,24.62,10.74,15.61,14.66,6.91,10.77,6,Retailing,Department Stores,2026-03-31,2026-04-22
Tribhovandas Bhimji Zaveri Ltd.,TBZ,534369,TBZ,INE760L01018,Gems & Jewellery,Textiles Apparels & Accessories,134.39,134.39,896.79,6.22,Export NA,20.11,20.35,1.42,53.79,63.43,0.06,Export NA,2.24,1.24,1.15,51.98,15.41,20.78,21.6,101.6,10.4,22.86,28.31,3.86,8.26,8.05,5,Textiles Apparels & Accessories,Gems & Jewellery,2025-12-31,2026-01-20
Trident Ltd.,TRIDENT,521064,TRIDENT,INE064C01022,Textiles,Textiles Apparels & Accessories,25.07,25.07,12775.56,31.28,Export NA,44.26,38.7,47.88,53.79,32.96,0.8,Export NA,2.24,6.53,2.74,60.08,15.41,3.67,0.8,39.27,8,22.86,11.51,5.16,8.26,7.43,8,Textiles Apparels & Accessories,Textiles,2025-12-31,2026-02-09
Trident Techlabs Ltd.,TECHLABS,,TECHLABS,INE0QD201012,Other Industrial Products,General Industrials,240.95,240.95,416.39,36.2,Export NA,,,,58.9,44.01,,Export NA,5.74,4.34,6.15,,14.56,20.86,6.66,,19.8,19.77,22.24,12.61,10.29,12.05,6,General Industrials,Other Industrial Products,2025-03-31,2026-05-22
Tridhya Tech Ltd.,TRIDHYA,,TRIDHYA,INE0LWY01029,IT Consulting & Software,Software & Services,9.35,9.35,21.77,-6.09,Export NA,,,,22.39,21.42,,Export NA,10.02,10.72,0.53,,6.84,6.86,-1.53,,-8.32,28.07,30.42,-2.37,17.17,18.42,2,Software & Services,IT Consulting & Software,2025-03-31,2025-11-14
Trigyn Technologies Ltd.,TRIGYN,517562,TRIGYN,INE948A01012,IT Consulting & Software,Software & Services,54.82,54.82,168.77,43.14,Export NA,18.04,13.88,92.81,22.39,21.42,-0.5,Export NA,10.02,10.72,0.22,4.37,6.84,6.86,1.27,-86.12,1.58,28.07,30.42,1.3,17.17,18.42,6,Software & Services,IT Consulting & Software,2025-12-31,2026-02-10
Triveni Engineering & Industries Ltd.,TRIVENI,532356,TRIVENI,INE256C01024,Sugar,"Food, Beverages & Tobacco",379.9,379.9,8315.94,27.96,Export NA,28.27,18.91,79.8,28.35,27.86,0.81,Export NA,1.73,1.26,2.63,58.38,8.04,2.67,13.59,34.44,7.81,26.28,9.03,3.89,19.55,4.86,3,"Food, Beverages & Tobacco",Sugar,2025-12-31,2026-05-15
Triveni Turbine Ltd.,TRITURBINE,533655,TRITURBINE,INE152M01016,Heavy Electrical Equipment,General Industrials,560.7,560.7,17824.37,52.16,Export NA,61.69,54.6,74.39,58.9,71.23,73.75,Export NA,5.74,3.65,12.8,53.35,14.56,15.26,10.75,0.71,29.36,19.77,17.01,17.69,10.29,8.7,7,General Industrials,Heavy Electrical Equipment,2025-12-31,2026-05-18
Trom Industries Ltd.,TROM,,TROM,INE0SYV01018,Construction & Engineering,Cement and Construction,62.35,62.35,57.33,12.43,Export NA,,,,35.74,31.41,,Export NA,3.26,5.1,1.12,,4.05,4.95,5.02,,9.86,11.25,12.93,5.63,4.61,4.29,3,Cement and Construction,Construction & Engineering,2025-03-31,2025-11-14
TruAlt Bioenergy Ltd.,TRUALT,544545,TRUALT,INE0MWH01014,Sugar,"Food, Beverages & Tobacco",457.65,457.65,3924.47,26.55,Export NA,,,89.8,28.35,27.86,,Export NA,1.73,1.26,2.67,,8.04,2.67,17.24,,19.06,26.28,9.03,4.83,19.55,4.86,6,"Food, Beverages & Tobacco",Sugar,2025-12-31,2026-02-03
TruCap Finance Ltd.,TRU,540268,TRU,INE615R01029,Finance (including NBFCs),Banking and Finance,6.33,6.33,75.24,-0.49,Export NA,23.63,356.1,,22.6,26.34,0,Export NA,2.78,2.13,1.15,21.14,6.23,3.86,-12.8,-1817.38,-36.54,16.76,13.65,-8.47,4.85,6.73,4,Banking and Finance,Finance (including NBFCs),2025-12-31,2026-02-11
Trust Fintech Ltd.,TRUST,,TRUST,INE0SWN01019,IT Consulting & Software,Software & Services,36.75,36.75,87.56,10.94,Export NA,,,,22.39,21.42,,Export NA,10.02,10.72,0.77,,6.84,6.86,3.36,,7.88,28.07,30.42,6.8,17.17,18.42,3,Software & Services,IT Consulting & Software,2025-03-31,2025-11-14
Tube Investments of India Ltd.,TIINDIA,540762,TIINDIA,INE974X01010,Auto Parts & Equipment,Automobiles & Auto Components,2954,2954,57175.53,95.62,Export NA,71.34,67.18,88.46,32.11,41.7,-3.59,Export NA,5.07,3.31,7.33,33.17,6.96,6.81,30.89,-26.65,12.17,19.05,15.01,4.22,9.43,7.82,5,Automobiles & Auto Components,Auto Parts & Equipment,2025-12-31,2026-05-13
Tunwal E-Motors Ltd.,TUNWAL,,TUNWAL,INE0OXV01027,2/3 Wheelers,Automobiles & Auto Components,33.85,33.85,195.29,16.55,Export NA,,,99.13,32.11,35.79,,Export NA,5.07,1.03,1.6,20,6.96,10.2,2.05,,11.51,19.05,25.81,6.08,9.43,13.18,1,Automobiles & Auto Components,2/3 Wheelers,2025-03-31,2025-11-14
Twamev Construction and Infrastructure Ltd.,TICL,532738,TICL,INE388G01026,Construction & Engineering,Cement and Construction,23.33,23.33,361.62,6.14,Export NA,7.55,7.55,66.39,35.74,31.41,0.01,Export NA,3.26,5.1,1.17,83.01,4.05,4.95,3.8,583.26,18.43,11.25,12.93,7.73,4.61,4.29,6,Cement and Construction,Construction & Engineering,2025-12-31,2026-01-31
Twentyfirst Century Management Services Ltd.,21STCENMGM,526921,21STCENMGM,INE253B01015,Other Financial Services,Banking and Finance,33.65,33.65,35.33,-1.61,Export NA,3.55,2.69,,22.6,36.93,0.01,Export NA,2.78,3.57,0.84,53.33,6.23,99.98,-20.94,-155.29,24.18,16.76,19.97,21.62,4.85,11.89,5,Banking and Finance,Other Financial Services,2025-12-31,2026-02-05
U Y Fincorp Ltd.,UYFINCORP,530579,UYFINCORP,INE152C01025,Finance (including NBFCs),Banking and Finance,13.93,13.93,265,8.3,Export NA,31.93,28.89,24.78,22.6,26.34,0.08,Export NA,2.78,2.13,0.74,58.18,6.23,3.86,1.68,108.12,3.55,16.76,13.65,3.4,4.85,6.73,5,Banking and Finance,Finance (including NBFCs),2025-12-31,2026-02-04
UCAL Ltd.,UCAL,500464,UCAL,INE139B01016,Auto Parts & Equipment,Automobiles & Auto Components,103.14,103.14,228.08,-5.6,Export NA,,286.73,,32.11,41.7,0.03,Export NA,5.07,3.31,0.68,6.35,6.96,6.81,-18.43,-196.24,-4.58,19.05,15.01,-1.93,9.43,7.82,3,Automobiles & Auto Components,Auto Parts & Equipment,2025-12-31,2026-02-12
UCO Bank,UCOBANK,532505,UCOBANK,INE691A01018,Banks,Banking and Finance,25.48,25.48,31950.8,11.54,Export NA,16.2,20.52,23.61,22.6,13.77,0.87,Export NA,2.78,1.95,0.96,69.81,6.23,1.84,2.21,13.21,8.32,16.76,13.01,0.69,4.85,1.37,5,Banking and Finance,Banks,2026-03-31,2026-04-25
UFO Moviez India Ltd.,UFO,539141,UFO,INE527H01019,Broadcasting & Cable TV,Media,72.78,72.78,282.49,14.33,Export NA,28.55,28.55,29.57,25.23,18.11,0.68,Export NA,2.2,0.97,0.88,17.4,13.87,1.42,5.08,21.06,3.21,20.32,9.89,1.71,15.35,8.83,5,Media,Broadcasting & Cable TV,2025-12-31,2026-01-29
UNO Minda Ltd.,UNOMINDA,532539,UNOMINDA,INE405E01023,Auto Parts & Equipment,Automobiles & Auto Components,1141.9,1141.9,65935.8,57.96,Export NA,67.01,67.66,73.21,32.11,41.7,3.26,Export NA,5.07,3.31,10.21,81.63,6.96,6.81,19.7,17.78,16.48,19.05,15.01,8.02,9.43,7.82,6,Automobiles & Auto Components,Auto Parts & Equipment,2025-12-31,2026-05-16
UPL Ltd.,UPL,512070,UPL,INE628A01036,Agrochemicals,Chemicals & Petrochemicals,626.15,626.15,52857.66,27.5,Export NA,64.76,27.84,77.81,42.23,30.4,0.24,Export NA,3.64,3.17,1.63,15.77,6.18,3.87,22.77,114.27,5.53,13.61,11.71,2.01,9.15,7.88,7,Chemicals & Petrochemicals,Agrochemicals,2026-03-31,2026-05-11
UTI Asset Management Company Ltd.,UTIAMC,543238,UTIAMC,INE094J01016,Asset Management Cos.,Banking and Finance,970,970,12466.7,30.85,Export NA,20.22,20.31,99.64,22.6,43.19,-0.69,Export NA,2.78,3.05,2.76,48.73,6.23,20.44,31.44,-44.75,8.97,16.76,49.38,8.01,4.85,42.32,5,Banking and Finance,Asset Management Cos.,2026-03-31,2026-04-23
UTI BSE Sensex ETF,SENSEXBETA,539312,SENSEXBETA,INF789FB1X58,Others,Others,821.62,821.62,,,Export NA,,,,,,,Export NA,,,,,,,,,,,,,,,,Others,Others,,
UTI BSE Sensex Next 50 ETF,SNXT50BETA,542513,SNXT50BETA,INF789F1AUU3,Others,Others,89.32,89.32,,,Export NA,,,,,,,Export NA,,,,,,,,,,,,,,,,Others,Others,,
UTI Gold Exchange Traded Fund - Open Ended,GOLDBETA,590101,GOLDBETA,INF789F1AUX7,Others,Others,126.7,126.7,,,Export NA,,,,,,,Export NA,,,,,,,,,,,,,,,,Others,Others,,
UTI Nifty 10 Year Benchmark G-Sec ETF,GILT10BETA,544104,GILT10BETA,INF789F1AZF3,Others,Others,26.15,26.15,,,Export NA,,,,,,,Export NA,,,,,,,,,,,,,,,,Others,Others,,
UTI Nifty 5 Year Benchmark G-Sec ETF,GILT5BETA,544103,GILT5BETA,INF789F1AZE6,Others,Others,65.14,65.14,,,Export NA,,,,,,,Export NA,,,,,,,,,,,,,,,,Others,Others,,
UTI Nifty 50 ETF,NIFTYBETA,539313,NIFTYBETA,INF789F1AZC0,Others,Others,257.92,257.92,,,Export NA,,,,,,,Export NA,,,,,,,,,,,,,,,,Others,Others,,
UTI Nifty Bank ETF,BANKBETA,543226,BANKBETA,INF789F1AUV1,Others,Others,55.17,55.17,,,Export NA,,,,,,,Export NA,,,,,,,,,,,,,,,,Others,Others,,
UTI Nifty IT ETF,ITBETA,544102,ITBETA,INF789F1AZD8,Others,Others,296.01,296.01,,,Export NA,,,,,,,Export NA,,,,,,,,,,,,,,,,Others,Others,,
UTI Nifty Midcap 150 ETF,MIDCAPBETA,543975,MIDCAPBETA,INF789F1AYX9,Others,Others,221.78,221.78,,,Export NA,,,,,,,Export NA,,,,,,,,,,,,,,,,Others,Others,,
UTI Nifty Next 50 Exchange Traded Fund,NEXT50BETA,540669,NEXT50BETA,INF789F1AUW9,Others,Others,74.07,74.07,,,Export NA,,,,,,,Export NA,,,,,,,,,,,,,,,,Others,Others,,
UTI Silver Exchange Traded Fund,SILVERBETA,543900,SILVERBETA,INF789F1AYK6,Others,Others,254.5,254.5,,,Export NA,,,,,,,Export NA,,,,,,,,,,,,,,,,Others,Others,,
Udayshivakumar Infra Ltd.,USK,543861,USK,INE0N0Y01013,Roads & Highways,Cement and Construction,22.32,22.32,123.56,-6.88,Export NA,7.78,,,35.74,6.99,0.03,Export NA,3.26,0.03,0.79,9.77,4.05,1.13,-3.24,-238.95,-4.27,11.25,24.35,-2.18,4.61,8.72,2,Cement and Construction,Roads & Highways,2025-12-31,2026-02-09
Uflex Ltd.,UFLEX,500148,UFLEX,INE516A01017,Containers & Packaging,Commercial Services & Supplies,421.5,421.5,3043.71,10.51,Export NA,26.39,11.63,93.66,31.83,23.27,0.05,Export NA,2.32,5.49,0.39,19.95,5.75,2.74,40.09,197.43,1.92,13.46,10.99,0.73,6.61,7.3,7,Commercial Services & Supplies,Containers & Packaging,2025-12-31,2026-02-12
Ugar Sugar Works Ltd.,UGARSUGAR,530363,UGARSUGAR,INE071E01023,Sugar,"Food, Beverages & Tobacco",41.48,41.48,467.11,34.32,Export NA,30.23,22.87,78.03,28.35,27.86,0.19,Export NA,1.73,1.26,2.52,32.3,8.04,2.67,1.21,183.77,5.82,26.28,9.03,1.03,19.55,4.86,8,"Food, Beverages & Tobacco",Sugar,2026-03-31,2026-05-12
Ugro Capital Ltd.,UGROCAP,511742,UGROCAP,INE583D01011,Finance (including NBFCs),Banking and Finance,99.66,99.66,1547.6,13.65,Export NA,24.02,79.2,35.2,22.6,26.34,-0.64,Export NA,2.78,2.13,0.62,29.89,6.23,3.86,7.3,-21.23,3.98,16.76,13.65,0.91,4.85,6.73,3,Banking and Finance,Finance (including NBFCs),2026-03-31,2026-04-20
Ujaas Energy Ltd.,UEL,533644,UEL,INE899L01030,Heavy Electrical Equipment,General Industrials,144.07,144.07,1921.86,607.69,Export NA,188.92,188.92,92.55,58.9,71.23,-9.46,Export NA,5.74,3.65,21.25,87.02,14.56,15.26,0.24,-64.27,3.56,19.77,17.01,2.7,10.29,8.7,5,General Industrials,Heavy Electrical Equipment,2026-03-31,2026-04-30
Ujjivan Small Finance Bank Ltd.,UJJIVANSFB,542904,UJJIVANSFB,INE551W01018,Microfinance Institutions,Banking and Finance,57.25,57.25,11131.92,16.07,Export NA,10.13,9.58,59.94,22.6,26.38,-3.48,Export NA,2.78,0.95,1.73,51.1,6.23,3.09,3.56,-4.61,10.16,16.76,10.44,1.2,4.85,1.32,3,Banking and Finance,Microfinance Institutions,2026-03-31,2026-05-08
Ultra Wiring Connectivity Systems Ltd.,UWCSL,,UWCSL,INE00F301010,Auto Parts & Equipment,Automobiles & Auto Components,87.6,87.6,45.58,16.29,Export NA,25.99,24.81,25.64,32.11,41.7,,Export NA,5.07,3.31,1.74,33.33,6.96,6.81,5.38,,12.7,19.05,15.01,6.28,9.43,7.82,6,Automobiles & Auto Components,Auto Parts & Equipment,2025-03-31,2025-11-14
UltraTech Cement Ltd.,ULTRACEMCO,532538,ULTRACEMCO,INE481G01011,Cement & Cement Products,Cement and Construction,11516,11516,339352.57,41.56,Export NA,50.15,44.52,57.72,35.74,39.23,1.58,Export NA,3.26,1.71,4.6,59.94,4.05,3.41,277.1,26.31,10.65,11.25,8.66,5.77,4.61,4.59,7,Cement and Construction,Cement & Cement Products,2026-03-31,2026-04-27
Ultramarine & Pigments Ltd.,,506685,ULTRAMAR,INE405A01021,Dyes & Pigments,Chemicals & Petrochemicals,411.7,411.7,1202.16,14.37,Export NA,21.01,18.82,8.74,42.23,13.7,0.67,Export NA,3.64,0.6,1.1,3.18,6.18,1.59,28.65,21.44,7.71,13.61,5,6.39,9.15,3.15,6,Chemicals & Petrochemicals,Dyes & Pigments,2025-12-31,2026-05-20
Uma Converter Ltd.,UMA,,UMA,INE067901012,Containers & Packaging,Commercial Services & Supplies,20.5,20.5,41.56,15.38,Export NA,,,22.45,31.83,23.27,,Export NA,2.32,5.49,0.54,,5.75,2.74,1.33,,3.85,13.46,10.99,1.52,6.61,7.3,5,Commercial Services & Supplies,Containers & Packaging,2025-03-31,2025-11-11
Uma Exports Ltd.,UMAEXPORTS,543513,UMAEXPORTS,INE0GIU01018,Commodity Trading  & Distribution,Commercial Services & Supplies,24.61,24.61,83.21,-17.09,Export NA,39.31,,,31.83,33.18,0.13,Export NA,2.32,1.21,0.43,1.68,5.75,5.32,-1.44,-129.07,1.81,13.46,12.19,0.76,6.61,4.31,2,Commercial Services & Supplies,Commodity Trading  & Distribution,2025-12-31,2026-02-14
Umiya Buildcon Ltd.,UMIYA-MRO,532376,UMIYA-MRO,INE398B01018,Telecom Equipment,Telecommunications Equipment,85.52,85.52,159.79,4.01,Export NA,35.72,35.72,9.03,62.37,54.53,0.01,Export NA,3.45,8.41,1.4,0.23,10.31,13.61,21.32,582.28,34.93,6.95,9.86,15.06,3.76,6.93,7,Telecommunications Equipment,Telecom Equipment,2026-03-31,2026-04-27
Unichem Laboratories Ltd.,UNICHEMLAB,506690,UNICHEMLAB,INE351A01035,Pharmaceuticals,Pharmaceuticals & Biotechnology,364.25,364.25,2564.53,8.7,Export NA,22.59,77.93,5.47,42.18,42.23,0.01,Export NA,2.39,2.39,0.95,40.32,7.57,7.72,41.89,1029.91,5.61,17.72,18.15,3.85,11.9,12.17,4,Pharmaceuticals & Biotechnology,Pharmaceuticals,2025-12-31,2026-05-22
Unicommerce eSolutions Ltd.,UNIECOM,544227,UNIECOM,INE00U401027,IT Software Products,Software & Services,87.64,87.64,975.98,47.71,Export NA,,,0.77,22.39,42.73,3.04,Export NA,10.02,3.5,5.29,0.23,6.84,6.05,1.84,15.71,10.6,28.07,12.16,7.56,17.17,7.28,6,Software & Services,IT Software Products,2026-03-31,2026-04-27
Unihealth Hospitals Ltd.,UNIHEALTH,,UNIHEALTH,INE0PRF01011,Healthcare Services,Diversified Consumer Services,438.35,438.35,692.59,45.75,Export NA,,,100,33.62,49.79,,Export NA,3.59,5.33,5.51,100,10.95,10.34,9.58,,14.62,22.55,19.47,11.46,11.12,13.06,3,Diversified Consumer Services,Healthcare Services,2025-03-31,2025-11-14
Uniinfo Telecom Services Ltd.,UNIINFO,,UNIINFO,INE481Z01011,Other Telecom Services,Telecom Services,11.99,11.99,12.82,-52.5,Export NA,49.49,42.76,,32.83,29.56,-0.65,Export NA,1.4,1.02,0.4,8.44,7.97,7.59,-0.23,80.4,-2.1,22.38,22.4,-1.68,6.78,7.98,3,Telecom Services,Other Telecom Services,2025-12-31,2026-02-09
Unilex Colours & Chemicals Ltd.,UNILEX,,UNILEX,INE0B2801011,Specialty Chemicals,Chemicals & Petrochemicals,24.2,24.2,32.95,5.14,Export NA,,,,42.23,47.85,,Export NA,3.64,2.93,0.45,,6.18,7.62,4.71,,8.99,13.61,14.82,6.29,9.15,10.12,2,Chemicals & Petrochemicals,Specialty Chemicals,2025-03-31,2025-11-13
Unimech Aerospace and Manufacturing Ltd.,UNIMECH,544322,UNIMECH,INE0U3I01011,Industrial Machinery,General Industrials,960.5,960.5,4884.81,73.59,Export NA,,,75,58.9,58.76,-7.17,Export NA,5.74,4.45,6.89,15.18,14.56,20.55,13.05,-10.26,12.47,19.77,24.18,10.33,10.29,13.59,5,General Industrials,Industrial Machinery,2025-12-31,2026-02-12
Union Bank of India,UNIONBANK,532477,UNIONBANK,INE692A01016,Banks,Banking and Finance,162.19,162.19,123809.45,6.37,Export NA,6.7,7.6,48.28,22.6,13.77,0.82,Export NA,2.78,1.95,0.95,80.5,6.23,1.84,25.45,7.78,14.56,16.76,13.01,1.22,4.85,1.37,3,Banking and Finance,Banks,2026-03-31,2026-04-23
Union Gold ETF,UNIONGOLD,544363,UNIONGOLD,INF582M01KS4,Others,Others,147.35,147.35,,,Export NA,,,,,,,Export NA,,,,,,,,,,,,,,,,Others,Others,,
Uniparts India Ltd.,UNIPARTS,543689,UNIPARTS,INE244O01017,Heavy Electrical Equipment,General Industrials,537.55,537.55,2426.67,18.67,Export NA,19.34,,74.79,58.9,71.23,0.48,Export NA,5.74,3.65,2.55,46.27,14.56,15.26,28.8,38.58,9.91,19.77,17.01,7.52,10.29,8.7,5,General Industrials,Heavy Electrical Equipment,2025-12-31,2026-02-09
Uniphos Enterprises Ltd.,UNIENTER,500429,UNIENTER,INE037A01022,Commodity Trading  & Distribution,Commercial Services & Supplies,103.61,103.61,720.56,36.32,Export NA,1840.11,954.51,72.91,31.83,33.18,0.02,Export NA,2.32,1.21,0.25,8.74,5.75,5.32,2.85,1525.68,0.01,13.46,12.19,0,6.61,4.31,3,Commercial Services & Supplies,Commodity Trading  & Distribution,2025-12-31,2026-02-06
Unitech Ltd.,UNITECH,507878,UNITECH,INE694A01020,Realty,Realty,4.52,4.52,1182.57,-0.51,Export NA,,,,37.63,37.32,-0.01,Export NA,1.72,1.77,-0.13,,3.69,4.38,-8.89,37.62,0,10.17,11.27,-9.81,4.54,5.37,2,Realty,Realty,2025-12-31,2026-02-12
United Breweries Ltd.,UBL,532478,UBL,INE686F01025,Breweries & Distilleries,"Food, Beverages & Tobacco",1410.5,1410.5,37294.34,90.26,Export NA,117.52,122.08,31.54,28.35,66.59,-13.98,Export NA,1.73,1.7,8.43,6.45,8.04,10.34,15.63,-6.46,9.13,26.28,16.79,4.26,19.55,10.27,5,"Food, Beverages & Tobacco",Breweries & Distilleries,2026-03-31,2026-05-05
United Drilling Tools Ltd.,UNIDT,522014,UNIDT,INE961D01019,Other Industrial Goods,General Industrials,214.93,214.93,436.37,24.15,Export NA,38.05,34.27,23.75,58.9,41.26,0.91,Export NA,5.74,2.07,1.58,19.16,14.56,13.23,8.9,26.63,5.68,19.77,30.81,4.45,10.29,18.64,8,General Industrials,Other Industrial Goods,2025-12-31,2026-02-14
United Foodbrands Ltd.,UFBL,543283,UFBL,INE382M01027,Restaurants,Hotels Restaurants & Tourism,347.05,347.05,1356.49,-20.57,Export NA,,165.8,,44.23,62.18,0.03,Export NA,3.41,5.91,4.24,26.39,8.2,11,-16.87,-664.31,-7.66,12.41,13.17,-2.11,7.26,5.68,1,Hotels Restaurants & Tourism,Restaurants,2025-12-31,2026-01-30
United Heat Transfer Ltd.,UHTL,,UHTL,INE0SMR01011,Industrial Machinery,General Industrials,53.7,53.7,102.05,19.24,Export NA,,,,58.9,58.76,,Export NA,5.74,4.45,1.72,,14.56,20.55,2.79,,9.06,19.77,24.18,6.03,10.29,13.59,3,General Industrials,Industrial Machinery,2025-03-31,2025-11-13
United Polyfab Gujarat Ltd.,UNITEDPOLY,,UNITEDPOLY,INE368U01029,Textiles,Textiles Apparels & Accessories,30.33,30.33,696.12,52.28,Export NA,75.61,42.58,66.12,53.79,32.96,-20.69,Export NA,2.24,6.53,5.5,100,15.41,3.67,0.58,-2.53,18.17,22.86,11.51,7.18,8.26,7.43,7,Textiles Apparels & Accessories,Textiles,2025-12-31,2026-02-12
United Spirits Ltd.,UNITDSPR,532432,UNITDSPR,INE854D01024,Breweries & Distilleries,"Food, Beverages & Tobacco",1247.5,1247.5,90737.02,52.75,Export NA,67.81,68.04,9.31,28.35,66.59,2.32,Export NA,1.73,1.7,10.28,8.33,8.04,10.34,23.65,22.7,19.52,26.28,16.79,11.94,19.55,10.27,7,"Food, Beverages & Tobacco",Breweries & Distilleries,2025-12-31,2026-05-14
Univa Foods Ltd.,UNIVAFOODS,526683,UNIVAFOODS,INE275F01019,Hotels,Hotels Restaurants & Tourism,8.17,8.17,11.7,-34.11,Export NA,,,,44.23,40.73,0.21,Export NA,3.41,2.69,-11.56,,8.2,7.29,-0.24,-163.01,0,12.41,12.19,-771.85,7.26,7.71,2,Hotels Restaurants & Tourism,Hotels,2025-12-31,2026-02-05
Univastu India Ltd.,UNIVASTU,,UNIVASTU,INE562X01013,Construction & Engineering,Cement and Construction,71.07,71.07,255.76,16.42,Export NA,30.33,24.75,52.16,35.74,31.41,0.38,Export NA,3.26,5.1,2.18,39.28,4.05,4.95,4.33,43.43,13.08,11.25,12.93,5.57,4.61,4.29,5,Cement and Construction,Construction & Engineering,2025-12-31,2026-02-12
Universal Cables Ltd.,UNIVCABLES,504212,UNIVCABLES,INE279A01012,Wires & Cables,Consumer Durables,1040.2,1040.2,3609.02,22.92,Export NA,24.7,18.54,87.63,49.58,48.28,0.29,Export NA,1.45,1.47,1.91,99.38,9.42,9.83,45.39,78.43,5.19,20.69,19.16,2.61,10.95,11.73,7,Consumer Durables,Wires & Cables,2025-12-31,2026-02-06
Universus Photo Imagings Ltd.,UNIVPHOTO,542933,UNIVPHOTO,INE03V001013,Photographic Products,General Industrials,456.2,456.2,499.38,-5.68,Export NA,3.51,1.58,,58.9,87.68,0.02,Export NA,5.74,0.03,0.59,93.77,14.56,0.98,-80.31,-236.13,9.95,19.77,18.66,9.75,10.29,17.28,6,General Industrials,Photographic Products,2025-12-31,2026-02-11
Updater Services Ltd.,UDS,543996,UDS,INE851I01011,Misc. Commercial Services,Commercial Services & Supplies,167.66,167.66,1122.54,12.19,Export NA,22.27,,19.1,31.83,27.25,-0.74,Export NA,2.32,0.82,1.1,7.61,5.75,5.02,13.75,-16.44,12.39,13.46,17.32,7.48,6.61,12.13,5,Commercial Services & Supplies,Misc. Commercial Services,2025-12-31,2026-02-05
Upsurge Seeds of Agriculture Ltd.,USASEEDS,,USASEEDS,INE0CBM01019,Other Agricultural Products,"Food, Beverages & Tobacco",103.55,103.55,104.43,12.29,Export NA,,,,28.35,21.91,,Export NA,1.73,1.77,1.92,,8.04,3.56,8.42,,15.6,26.28,16.12,7.19,19.55,8.43,3,"Food, Beverages & Tobacco",Other Agricultural Products,2025-03-31,2025-11-10
Uravi Defence and Technology Ltd.,URAVIDEF,543930,URAVIDEF,INE568Z01015,Auto Parts & Equipment,Automobiles & Auto Components,126.17,126.17,143.33,103.96,Export NA,209.48,221.15,15.88,32.11,41.7,3.41,Export NA,5.07,3.31,2.85,0.86,6.96,6.81,1.21,30.46,5.3,19.05,15.01,2.76,9.43,7.82,1,Automobiles & Auto Components,Auto Parts & Equipment,2025-12-31,2026-04-11
Urban Company Ltd.,URBANCO,544515,URBANCO,INE0CAZ01013,Special Consumer Services,Diversified Consumer Services,122.1,122.1,18830.03,-96.38,Export NA,,,,33.62,39.07,0.58,Export NA,3.59,4.51,6.86,98.73,10.95,11.75,-1.27,-167.36,-7.41,22.55,25.9,-6.37,11.12,3.02,2,Diversified Consumer Services,Special Consumer Services,2026-03-31,2026-05-08
Urban Enviro Waste Management Ltd.,URBAN,,URBAN,INE0O0201019,Waste Management,Utilities,149.65,149.65,129.6,8.71,Export NA,,,4.49,24.91,21.35,,Export NA,27.85,23.64,3.16,5.45,5.52,3.27,17.19,,31.82,14.21,16.23,11.07,5.38,11.16,3,Utilities,Waste Management,2026-03-31,2026-05-07
Urja Global Ltd.,URJA,526987,URJA,INE550C01020,Heavy Electrical Equipment,General Industrials,10.34,10.34,576.15,224.54,Export NA,358.05,406.21,40.69,58.9,71.23,4.11,Export NA,5.74,3.65,3.23,64.59,14.56,15.26,0.05,54.6,0.72,19.77,17.01,0.43,10.29,8.7,5,General Industrials,Heavy Electrical Equipment,2025-12-31,2026-02-02
Usha Financial Services Ltd.,USHAFIN,,USHAFIN,INE0LS001014,Finance (including NBFCs),Banking and Finance,30.9,30.9,134.34,9.73,Export NA,,,17.54,22.6,26.34,,Export NA,2.78,2.13,0.6,54.77,6.23,3.86,3.17,,6.53,16.76,13.65,3.13,4.85,6.73,3,Banking and Finance,Finance (including NBFCs),2025-12-31,2026-02-07
Usha Martin Education & Solutions Ltd.,UMESLTD,532398,UMESLTD,INE240C01028,Education,Diversified Consumer Services,4.94,4.94,13.05,39.71,Export NA,78.92,136.99,11.52,33.62,20.12,0.28,Export NA,3.59,2.38,0.88,69.96,10.95,20.81,0.12,142.87,2.14,22.55,17.9,1.98,11.12,11.62,7,Diversified Consumer Services,Education,2025-12-31,2026-02-12
Usha Martin Ltd.,USHAMART,517146,USHAMART,INE228A01035,Iron & Steel Products,Metals & Mining,457.85,457.85,13952.61,29.94,Export NA,27.69,24.33,88.13,23.8,30.63,2.08,Export NA,1.11,1.79,4.55,85.8,5.3,6.46,15.29,14.38,14.11,19.76,18.83,11.06,9.83,10.86,8,Metals & Mining,Iron & Steel Products,2026-03-31,2026-04-30
Ushanti Colour Chem Ltd.,UCL,,UCL,INE00NI01015,Specialty Chemicals,Chemicals & Petrochemicals,137,137,190.25,-72.06,Export NA,40.44,36.27,,42.23,47.85,,Export NA,3.64,2.93,4.23,100,6.18,7.62,-1.9,,-5.93,13.61,14.82,-2.21,9.15,10.12,3,Chemicals & Petrochemicals,Specialty Chemicals,2025-03-31,2025-11-14
Utkarsh Small Finance Bank Ltd.,UTKARSHBNK,543942,UTKARSHBNK,INE735W01017,Microfinance Institutions,Banking and Finance,13.74,13.74,2445.07,-2.12,Export NA,73.06,,,22.6,26.38,0,Export NA,2.78,0.95,0.92,40.92,6.23,3.09,-6.47,-4954.5,-41.46,16.76,10.44,-3.98,4.85,1.32,1,Banking and Finance,Microfinance Institutions,2026-03-31,2026-05-09
Utssav CZ Gold Jewels Ltd.,UTSSAV,,UTSSAV,INE06IJ01010,Gems & Jewellery,Textiles Apparels & Accessories,256.65,256.65,611.29,24.39,Export NA,,,81.46,53.79,63.43,,Export NA,2.24,1.24,3.75,17.88,15.41,20.78,10.52,,19.76,22.86,28.31,9.29,8.26,8.05,3,Textiles Apparels & Accessories,Gems & Jewellery,2025-03-31,2025-10-29
Uttam Sugar Mills Ltd.,UTTAMSUGAR,532729,UTTAMSUGAR,INE786F01031,Sugar,"Food, Beverages & Tobacco",250.55,250.55,955.55,8.58,Export NA,11.16,9.95,37.24,28.35,27.86,,Export NA,1.73,1.26,1.16,19.69,8.04,2.67,29.2,,11.22,26.28,9.03,4.11,19.55,4.86,6,"Food, Beverages & Tobacco",Sugar,2025-12-31,2026-05-15
V L Infraprojects Ltd.,VLINFRA,,VLINFRA,INE0QXL01015,Construction & Engineering,Cement and Construction,29.8,29.8,46.82,6.67,Export NA,,,,35.74,31.41,,Export NA,3.26,5.1,1.02,,4.05,4.95,4.47,,16.74,11.25,12.93,8.23,4.61,4.29,3,Cement and Construction,Construction & Engineering,2025-03-31,2025-11-12
V R Infraspace Ltd.,VR,,VR,INE0QQM01017,Realty,Realty,149,149,132.31,65.75,Export NA,,,25.11,37.63,37.32,,Export NA,1.72,1.77,3.53,8.37,3.69,4.38,2.27,,5.54,10.17,11.27,1.97,4.54,5.37,3,Realty,Realty,2025-03-31,2025-11-14
V-Guard Industries Ltd.,VGUARD,532953,VGUARD,INE951I01027,Household Appliances,Consumer Durables,321.25,321.25,14032.32,45.51,Export NA,58.68,57.58,19.39,49.58,47.95,-26.54,Export NA,1.45,3.33,6.24,0.05,9.42,5.18,7.06,-1.71,14.95,20.69,13.31,9.39,10.95,7.54,4,Consumer Durables,Household Appliances,2026-03-31,2026-05-12
V-Marc India Ltd.,VMARCIND,,VMARCIND,INE0GXK01018,Wires & Cables,Consumer Durables,1179.85,1179.85,2881.28,28.8,Export NA,20.74,,,49.58,48.28,,Export NA,1.45,1.47,,,9.42,9.83,40.97,,,20.69,19.16,,10.95,11.73,2,Consumer Durables,Wires & Cables,2026-03-31,2026-05-11
V-Mart Retail Ltd.,VMART,534976,VMART,INE665J01013,Department Stores,Retailing,641.8,641.8,5105.39,41.17,Export NA,122.02,373.05,35.76,78.39,89.12,0.24,Export NA,6.4,7.99,5.47,34.32,19.94,14.37,15.59,170.92,13.03,10.74,15.61,4.46,6.91,10.77,7,Retailing,Department Stores,2026-03-31,2026-05-07
V2 Retail Ltd.,V2RETAIL,532867,V2RETAIL,INE945H01021,Department Stores,Retailing,220.12,220.12,8026.4,53.37,Export NA,124.83,124.83,10.36,78.39,89.12,0.45,Export NA,6.4,7.99,16.35,88.29,19.94,14.37,4.12,117.35,20.8,10.74,15.61,4.5,6.91,10.77,7,Retailing,Department Stores,2025-12-31,2026-02-03
VELS Film International Ltd.,VELS,,VELS,INE0I3H01019,Movies & Entertainment,Media,73.5,73.5,94.87,2.2,Export NA,,,31.7,25.23,33.17,,Export NA,2.2,3.06,-783.58,,13.87,25.15,33.34,,71.04,20.32,45.72,21.37,15.35,32.15,6,Media,Movies & Entertainment,2025-03-31,2025-11-14
VIP Clothing Ltd.,VIPCLOTHNG,532613,VIPCLOTHNG,INE450G01024,Other Apparels & Accessories,Textiles Apparels & Accessories,23.65,23.65,213.16,27.31,Export NA,53.73,57.17,16.63,53.79,43.2,0.1,Export NA,2.24,2.85,1.12,23.76,15.41,13.14,0.87,278.95,2.95,22.86,20.14,1.65,8.26,9.64,7,Textiles Apparels & Accessories,Other Apparels & Accessories,2025-12-31,2026-02-12
VIP Industries Ltd.,VIPIND,507880,VIPIND,INE054A01027,Other Apparels & Accessories,Textiles Apparels & Accessories,298.9,298.9,4245.93,-17.96,Export NA,109.48,103.76,,53.79,43.2,0.07,Export NA,2.24,2.85,10.33,55.45,15.41,13.14,-16.65,-262.07,-11.16,22.86,20.14,-3.7,8.26,9.64,2,Textiles Apparels & Accessories,Other Apparels & Accessories,2025-12-31,2026-05-15
VL E-Governance & IT Solutions Ltd.,VLEGOV,543958,VLEGOV,INE03HW01020,IT Consulting & Software,Software & Services,14.03,14.03,152.16,-0.06,Export NA,,,,22.39,21.42,0,Export NA,10.02,10.72,3.37,69.91,6.84,6.86,-232.36,-1464.16,-5508.15,28.07,30.42,-5191.55,17.17,18.42,2,Software & Services,IT Consulting & Software,2025-12-31,2026-02-07
VLS Finance Ltd.,VLSFINANCE,511333,VLSFINANCE,INE709A01018,Other Financial Services,Banking and Finance,232.13,232.13,789.48,13.98,Export NA,11.05,9.21,89.35,22.6,36.93,-0.22,Export NA,2.78,3.57,0.3,36.09,6.23,99.98,16.6,-64.73,1.86,16.76,19.97,1.7,4.85,11.89,5,Banking and Finance,Other Financial Services,2025-12-31,2026-05-18
VMS TMT Ltd.,VMSTMT,544521,VMSTMT,INE0SJA01013,Iron & Steel/Interm.Products,Metals & Mining,47.2,47.2,234.26,,Export NA,,,,23.8,32.33,,Export NA,1.11,0.78,0.97,,5.3,3.24,,,20.13,19.76,6.78,3.57,9.83,3.42,3,Metals & Mining,Iron & Steel/Interm.Products,2025-12-31,2026-02-12
VRL Logistics Ltd.,VRLLOG,539118,VRLLOG,INE366I01010,Warehousing & Logistics,Transportation,257.5,257.5,4504.63,18.85,Export NA,38.89,32.24,9.09,36.05,32.42,0.23,Export NA,4.72,1.7,3.88,24.89,8.05,4.18,13.66,83.49,16.86,25.06,8.62,7.07,7.11,5.64,5,Transportation,Warehousing & Logistics,2025-12-31,2026-05-18
VST Industries Ltd.,VSTIND,509966,VSTIND,INE710A01016,Cigarettes-Tobacco Products,"Food, Beverages & Tobacco",257.2,257.2,4368.83,14.95,Export NA,17.41,16.72,11.03,28.35,12.57,23.34,Export NA,1.73,0.47,3.29,9.6,8.04,5.12,17.21,0.64,20.21,26.28,46.72,14.49,19.55,37.05,6,"Food, Beverages & Tobacco",Cigarettes-Tobacco Products,2026-03-31,2026-04-16
VST Tillers Tractors Ltd.,VSTTILLERS,531266,VSTTILLERS,INE764D01017,Commercial Vehicles,Automobiles & Auto Components,4866,4866,4205.88,33.9,Export NA,38.26,32.66,49.84,32.11,34.76,1.69,Export NA,5.07,1.94,3.87,49.41,6.96,9.25,143.52,20.09,9.27,19.05,20.77,7.34,9.43,7.69,6,Automobiles & Auto Components,Commercial Vehicles,2025-12-31,2026-05-15
Va Tech Wabag Ltd.,WABAG,533269,WABAG,INE956G01038,Utilities:Non-Electrical,Utilities,1374.7,1374.7,8565.7,25.06,Export NA,31.88,83.08,51.14,24.91,15.47,0.91,Export NA,27.85,426.35,3.55,69.1,5.52,5.02,54.86,27.44,13.79,14.21,14.06,5.6,5.38,8.44,7,Utilities,Utilities:Non-Electrical,2025-12-31,2026-02-05
Vadilal Industries Ltd.,VADILALIND,519156,VADILALIND,INE694D01016,Packaged Foods,FMCG,4307.3,4307.3,3096,25.33,Export NA,22.83,25.53,62.24,49.72,67.64,-1.17,Export NA,14.09,6.77,3.94,25.58,20.61,37.36,170.07,-21.63,24.24,37.93,51.25,13.71,19.27,22.23,5,FMCG,Packaged Foods,2025-12-31,2026-02-09
Vadivarhe Speciality Chemicals Ltd.,VSCL,,VSCL,INE551Q01028,Specialty Chemicals,Chemicals & Petrochemicals,21,21,31.5,-3.4,Export NA,501.4,501.4,,42.23,47.85,,Export NA,3.64,2.93,-7.14,,6.18,7.62,-6.18,,0,13.61,14.82,-21.68,9.15,10.12,0,Chemicals & Petrochemicals,Specialty Chemicals,2025-03-31,2025-11-14
Vaibhav Global Ltd.,VAIBHAVGBL,532156,VAIBHAVGBL,INE884A01027,Other Apparels & Accessories,Textiles Apparels & Accessories,216.11,216.11,3610.5,17.27,Export NA,32.29,37.33,17.24,53.79,43.2,0.36,Export NA,2.24,2.85,2.35,5.5,15.41,13.14,12.51,48.58,11.36,22.86,20.14,7.51,8.26,9.64,8,Textiles Apparels & Accessories,Other Apparels & Accessories,2025-12-31,2026-05-21
Vaidya Sane Ayurved Laboratories Ltd.,MADHAVBAUG,,MADHAVBAUG,INE0JR301013,Healthcare Facilities,Diversified Consumer Services,246.5,246.5,259.16,36.32,Export NA,51.36,,15.61,33.62,71.3,,Export NA,3.59,6.58,3.83,56.88,10.95,9.54,6.79,,11.41,22.55,13.76,9.3,11.12,7.2,6,Diversified Consumer Services,Healthcare Facilities,2025-03-31,2026-05-15
Vaishali Pharma Ltd.,VAISHALI,,VAISHALI,INE972X01022,Pharmaceuticals,Pharmaceuticals & Biotechnology,7.14,7.14,93.15,-176.6,Export NA,228.53,132.78,,42.18,42.23,0.79,Export NA,2.39,2.39,1.36,12.18,7.57,7.72,-0.04,-223.4,1.25,17.72,18.15,0.74,11.9,12.17,3,Pharmaceuticals & Biotechnology,Pharmaceuticals,2025-12-31,2026-02-13
Vakrangee Ltd.,VAKRANGEE,511431,VAKRANGEE,INE051B01021,Misc. Commercial Services,Commercial Services & Supplies,6.56,6.56,710.57,63.07,Export NA,350.99,234.59,59.92,31.83,27.25,0.91,Export NA,2.32,0.82,3.36,43.39,5.75,5.02,0.1,69.26,5.27,13.46,17.32,3.61,6.61,12.13,6,Commercial Services & Supplies,Misc. Commercial Services,2026-03-31,2026-04-29
Valiant Laboratories Ltd.,VALIANTLAB,543998,VALIANTLAB,INE0JWS01017,Pharmaceuticals,Pharmaceuticals & Biotechnology,78.22,78.22,424.83,-98.08,Export NA,1630.39,,,42.18,42.23,21.7,Export NA,2.39,2.39,1.37,15.73,7.57,7.72,-0.8,-4.52,-0.93,17.72,18.15,-0.54,11.9,12.17,2,Pharmaceuticals & Biotechnology,Pharmaceuticals,2025-12-31,2026-05-14
Valiant Organics Ltd.,VALIANTORG,540145,VALIANTORG,INE565V01010,Agrochemicals,Chemicals & Petrochemicals,285.05,285.05,798.7,36.78,Export NA,,13.14,88.79,42.23,30.4,0.21,Export NA,3.64,3.17,1.07,8,6.18,3.87,7.75,177.23,-0.51,13.61,11.71,-0.31,9.15,7.88,4,Chemicals & Petrochemicals,Agrochemicals,2025-12-31,2026-02-13
Valor Estate Ltd.,DBREALTY,533160,DBREALTY,INE879I01012,Realty,Realty,129.06,129.06,7000.3,84.99,Export NA,6.87,120.07,62.66,37.63,37.32,0.52,Export NA,1.72,1.77,1.7,81.11,3.69,4.38,1.52,163.47,-2.56,10.17,11.27,-1.46,4.54,5.37,4,Realty,Realty,2025-12-31,2026-02-11
Value 360 Communications Ltd.,VALUE360,,VALUE360,INE1E7Y01018,Misc. Commercial Services,Commercial Services & Supplies,78.2,78.2,125.82,23.84,Export NA,,,,31.83,27.25,,Export NA,2.32,0.82,4.44,,5.75,5.02,3.28,,22.11,13.46,17.32,10.72,6.61,12.13,5,Commercial Services & Supplies,Misc. Commercial Services,2025-03-31,
Vardhman Acrylics Ltd.,VARDHACRLC,,VARDHACRLC,INE116G01013,Fibres & Plastics,General Industrials,43.63,43.63,350.63,12.87,Export NA,25.89,23.76,64.11,58.9,10.78,0.1,Export NA,5.74,0.14,1.47,71.93,14.56,1.54,3.39,130.35,10.73,19.77,9.01,7.95,10.29,6.23,7,General Industrials,Fibres & Plastics,2026-03-31,2026-05-02
Vardhman Holdings Ltd.,VHL,500439,VHL,INE701A01023,Finance (including NBFCs),Banking and Finance,3640.1,3640.1,1161.74,5,Export NA,6.65,4.94,57.15,22.6,26.34,0.59,Export NA,2.78,2.13,0.31,33.03,6.23,3.86,727.37,8.55,7.28,16.76,13.65,7.28,4.85,6.73,7,Banking and Finance,Finance (including NBFCs),2025-12-31,2026-02-10
Vardhman Polytex Ltd.,VARDMNPOLY,514175,VARDMNPOLY,INE835A01029,Textiles,Textiles Apparels & Accessories,6.81,6.81,328.94,42.26,Export NA,28.46,182.93,85.27,53.79,32.96,-0.89,Export NA,2.24,6.53,-1.51,,15.41,3.67,0.16,-47.7,-6.56,22.86,11.51,5.41,8.26,7.43,2,Textiles Apparels & Accessories,Textiles,2025-12-31,2026-02-14
Vardhman Special Steels Ltd.,VSSL,534392,VSSL,INE050M01012,Iron & Steel Products,Metals & Mining,264.4,264.4,2556.37,20.95,Export NA,26.65,20.02,57.14,23.8,30.63,0.67,Export NA,1.11,1.79,2.06,72.58,5.3,6.46,12.62,31.08,9.55,19.76,18.83,7.47,9.83,10.86,5,Metals & Mining,Iron & Steel Products,2026-03-31,2026-04-28
Vardhman Textiles Ltd.,VTL,502986,VTL,INE825A01020,Textiles,Textiles Apparels & Accessories,613.75,613.75,17754.67,23.82,Export NA,18.52,14.32,99.27,53.79,32.96,-1.52,Export NA,2.24,6.53,1.72,93.41,15.41,3.67,25.76,-15.63,7.08,22.86,11.51,5.37,8.26,7.43,3,Textiles Apparels & Accessories,Textiles,2026-03-31,2026-05-07
Varroc Engineering Ltd.,VARROC,541578,VARROC,INE665L01035,Auto Parts & Equipment,Automobiles & Auto Components,555.15,555.15,8481.94,48.11,Export NA,80.14,80.14,68.98,32.11,41.7,0.6,Export NA,5.07,3.31,5.07,68.42,6.96,6.81,11.54,80.79,3.91,19.05,15.01,1.31,9.43,7.82,6,Automobiles & Auto Components,Auto Parts & Equipment,2025-12-31,2026-02-05
Varun Beverages Ltd.,VBL,540180,VBL,INE200M01039,Other Food & Beverages,"Food, Beverages & Tobacco",488.35,488.35,165174.43,51.9,Export NA,76.73,78.29,36.45,28.35,46.65,3.63,Export NA,1.73,2.98,17.89,88.79,8.04,15.04,9.41,14.31,15.5,26.28,15.61,11.87,19.55,11.14,7,"Food, Beverages & Tobacco",Other Food & Beverages,2026-03-31,2026-04-27
Varvee Global Ltd.,VGL,514274,VGL,INE273D01027,Textiles,Textiles Apparels & Accessories,58.54,58.54,301.65,9.38,Export NA,24.75,24.75,3.75,53.79,32.96,0.11,Export NA,2.24,6.53,2.8,83.54,15.41,3.67,6.24,84.36,51.88,22.86,11.51,9.07,8.26,7.43,5,Textiles Apparels & Accessories,Textiles,2025-12-31,2026-02-13
Vasa Denticity Ltd.,DENTALKART,,DENTALKART,INE0N5801013,Healthcare Supplies,Healthcare,402.75,402.75,669.44,39.45,Export NA,,,3.32,64.81,48.56,-3.75,Export NA,6.11,3.15,3.99,,9.5,5.43,10.21,-10.51,12.8,14.74,11.01,11.22,8.39,8.34,3,Healthcare,Healthcare Supplies,2025-09-30,2025-11-11
Vasa Retail and Overseas Ltd.,VASA,,VASA,INE068Z01016,Commodity Printing/Stationery,Commercial Services & Supplies,4.65,4.65,2.79,-28.15,Export NA,4.96,4.92,,31.83,53.23,,Export NA,2.32,4.71,-0.16,,5.75,9.52,-0.17,,0,13.46,17.49,-1.69,6.61,11.86,0,Commercial Services & Supplies,Commodity Printing/Stationery,2025-03-31,2025-11-14
Vascon Engineers Ltd.,VASCONEQ,533156,VASCONEQ,INE893I01013,Construction & Engineering,Cement and Construction,37.61,37.61,871.41,17.82,Export NA,14.45,15.23,61.28,35.74,31.41,-0.29,Export NA,3.26,5.1,0.76,54.88,4.05,4.95,2.11,-62.33,4.25,11.25,12.93,2.07,4.61,4.29,2,Cement and Construction,Construction & Engineering,2026-03-31,2026-05-11
Vaswani Industries Ltd.,VASWANI,533576,VASWANI,INE590L01019,Iron & Steel/Interm.Products,Metals & Mining,54.63,54.63,179.99,215.14,Export NA,18.46,16.8,97.86,23.8,32.33,-2.35,Export NA,1.11,0.78,1.25,88.52,5.3,3.24,0.25,-91.39,6.62,19.76,6.78,2.37,9.83,3.42,4,Metals & Mining,Iron & Steel/Interm.Products,2025-12-31,2026-02-28
Vaxtex Cotfab Ltd.,VCL,,VCL,INE098201036,Textiles,Textiles Apparels & Accessories,1.45,1.45,26.64,4.4,Export NA,27.87,86.02,2.08,53.79,32.96,0.01,Export NA,2.24,6.53,1.25,47.54,15.41,3.67,0.33,660.84,4.81,22.86,11.51,1.82,8.26,7.43,6,Textiles Apparels & Accessories,Textiles,2025-12-31,2026-02-11
Vdeal System Ltd.,VDEAL,,VDEAL,INE0U2M01015,Heavy Electrical Equipment,General Industrials,177,177,86.56,21.69,Export NA,,,74.78,58.9,71.23,,Export NA,5.74,3.65,3.22,66.96,14.56,15.26,8.16,,15.56,19.77,17.01,8.15,10.29,8.7,3,General Industrials,Heavy Electrical Equipment,2025-03-31,2025-11-12
Vedant Fashions Ltd.,MANYAVAR,543463,MANYAVAR,INE825V01034,Specialty Retail,Retailing,460,460,11176.76,29.76,Export NA,52.29,,4.68,78.39,54.96,-9.7,Export NA,6.4,18.36,6.02,4.58,19.94,7.79,15.46,-3.07,19.11,10.74,13.46,13.16,6.91,6.43,4,Retailing,Specialty Retail,2026-03-31,2026-05-08
Vedanta Ltd.,VEDL,500295,VEDL,INE205A01025,Aluminium and Aluminium Products,Metals & Mining,305.05,305.05,119286.39,6.86,Export NA,26.71,17.54,13.6,23.8,12.17,0.43,Export NA,1.11,0.85,2.49,82.59,5.3,2.67,44.47,16.03,35.02,19.76,21.32,7.45,9.83,9.07,8,Metals & Mining,Aluminium and Aluminium Products,2026-03-31,2026-04-29
Veedol Corporation Ltd.,VEEDOL,590005,VEEDOL,INE484C01030,Oil Marketing & Distribution,Oil & Gas,1481.9,1481.9,2582.06,13.32,Export NA,19.77,18.17,30.63,18.34,9.53,0.48,Export NA,1.36,1.05,2.55,46.09,1.85,1.9,111.26,27.56,18.46,10.19,12.36,13.47,4.37,6.44,7,Oil & Gas,Oil Marketing & Distribution,2025-12-31,2026-05-20
Veekayem Fashion and Apparels Ltd.,VEEKAYEM,,VEEKAYEM,INE0KTW01013,Textiles,Textiles Apparels & Accessories,136,136,94.33,12.34,Export NA,,,6.93,53.79,32.96,,Export NA,2.24,6.53,1.81,36.57,15.41,3.67,11.02,,13.62,22.86,11.51,3.7,8.26,7.43,4,Textiles Apparels & Accessories,Textiles,2025-03-31,2025-11-14
Veljan Denison Ltd.,,505232,VELJAN,INE232E01013,Auto Parts & Equipment,Automobiles & Auto Components,1021,1021,459.45,18.34,Export NA,26.29,23,30.58,32.11,41.7,2.58,Export NA,5.07,3.31,1.89,36.71,6.96,6.81,55.67,7.12,10.5,19.05,15.01,8.86,9.43,7.82,5,Automobiles & Auto Components,Auto Parts & Equipment,2025-12-31,2026-02-11
Venky's (India) Ltd.,VENKEYS,523261,VENKEYS,INE398A01010,Packaged Foods,FMCG,1678.7,1678.7,2364.84,46.21,Export NA,25.35,26.01,94.56,49.72,67.64,-0.74,Export NA,14.09,6.77,1.58,28.34,20.61,37.36,36.33,-62.6,7.9,37.93,51.25,5.63,19.27,22.23,6,FMCG,Packaged Foods,2025-12-31,2026-05-14
Ventive Hospitality Ltd.,VENTIVE,544321,VENTIVE,INE781S01027,Hotels,Hotels Restaurants & Tourism,671.8,671.8,15689.32,48.43,Export NA,,,10.98,44.23,40.73,0.13,Export NA,3.41,2.69,3.06,34.42,8.2,7.29,13.87,379.95,2.5,12.41,12.19,1.22,7.26,7.71,5,Hotels Restaurants & Tourism,Hotels,2025-12-31,2026-05-12
Venus Pipes & Tubes Ltd.,VENUSPIPES,543528,VENUSPIPES,INE0JA001018,Iron & Steel Products,Metals & Mining,1287.2,1287.2,2666.58,26.62,Export NA,36.07,,18.02,23.8,30.63,4.22,Export NA,1.11,1.79,4.21,5.7,5.3,6.46,48.35,6.31,17.47,19.76,18.83,9.21,9.83,10.86,3,Metals & Mining,Iron & Steel Products,2025-12-31,2026-02-05
Venus Remedies Ltd.,VENUSREM,526953,VENUSREM,INE411B01019,Pharmaceuticals,Pharmaceuticals & Biotechnology,931.7,931.7,1245.4,16.32,Export NA,16.55,13.67,72.65,42.18,42.23,0.14,Export NA,2.39,2.39,2.01,98.74,7.57,7.72,57.09,119,8.07,17.72,18.15,6.33,11.9,12.17,7,Pharmaceuticals & Biotechnology,Pharmaceuticals,2025-12-31,2026-01-29
Veranda Learning Solutions Ltd.,VERANDA,543514,VERANDA,INE0IQ001011,IT Training Services,Software & Services,214.34,214.34,2061.3,18.66,Export NA,,,95.08,22.39,25.14,0.14,Export NA,10.02,0.2,2.37,,6.84,2.16,11.49,137.89,-96.24,28.07,8.88,-13.15,17.17,6.62,2,Software & Services,IT Training Services,2025-12-31,2026-02-06
Veritaas Advertising Ltd.,VERITAAS,,VERITAAS,INE0SRI01019,Advertising & Media,Media,47.5,47.5,13.41,9.07,Export NA,,,,25.23,29.21,,Export NA,2.2,3.19,1.07,,13.87,5.97,5.24,,12.49,20.32,16.93,6.51,15.35,7.63,3,Media,Advertising & Media,2025-03-31,2025-11-14
Vertexplus Technologies Ltd.,VERTEXPLUS,,VERTEXPLUS,INE0NLB01018,IT Consulting & Software,Software & Services,73.15,73.15,40.08,45.64,Export NA,,,23.2,22.39,21.42,,Export NA,10.02,10.72,1.82,,6.84,6.86,1.6,,3.65,28.07,30.42,2.72,17.17,18.42,2,Software & Services,IT Consulting & Software,2025-03-31,2025-11-14
Vertis Infrastructure Trust,VERTIS,,VERTIS,INE0KXY23015,REITs-InvITs,Utilities,107.05,107.05,16164.38,32.71,Export NA,,,,24.91,46.38,0.09,Export NA,27.85,3.82,1.65,,5.52,1.66,3.27,382.36,6.24,14.21,6.22,3.26,5.38,1.93,6,Utilities,REITs-InvITs,2025-06-30,2025-08-13
Vertoz Ltd.,VERTOZ,,VERTOZ,INE188Y01031,Advertising & Media,Media,48.42,48.42,412.68,15.73,Export NA,68.06,95.77,15.79,25.23,29.21,1.63,Export NA,2.2,3.19,1.75,23,13.87,5.97,3.08,9.66,13.65,20.32,16.93,10.25,15.35,7.63,8,Media,Advertising & Media,2025-12-31,2026-02-06
Vesuvius India Ltd.,VESUVIUS,520113,VESUVIUS,INE386A01023,Electrodes & Refractories,General Industrials,471.75,471.75,9574.68,36.74,Export NA,40.41,40.71,76.47,58.9,42.36,16.82,Export NA,5.74,5.21,6.29,86.58,14.56,4.18,12.84,2.18,15.87,19.77,9.89,12.28,10.29,7.94,5,General Industrials,Electrodes & Refractories,2026-03-31,2026-05-07
Veto Switchgears & Cables Ltd.,VETO,539331,VETO,INE918N01018,Other Electrical Equipment/Products,Consumer Durables,108.69,108.69,207.76,8.7,Export NA,12.03,11.23,21.01,49.58,41.19,0.2,Export NA,1.45,1.34,0.74,15.05,9.42,8.51,12.49,43.65,8.3,20.69,21.67,6.66,10.95,11.03,5,Consumer Durables,Other Electrical Equipment/Products,2025-12-31,2026-02-13
Viaz Tyres Ltd.,VIAZ,,VIAZ,INE0MO401019,Auto Tyres & Rubber Products,Automobiles & Auto Components,61.9,61.9,88.56,26.53,Export NA,,,40.62,32.11,25.9,,Export NA,5.07,0.9,2.17,71.88,6.96,2.87,2.33,,9.06,19.05,10.97,5.66,9.43,6.34,3,Automobiles & Auto Components,Auto Tyres & Rubber Products,2025-03-31,2025-11-14
Vibhor Steel Tubes Ltd.,VSTL,544124,VSTL,INE0QTF01015,Iron & Steel Products,Metals & Mining,126.23,126.23,239.36,22.46,Export NA,,,24.02,23.8,30.63,-1.75,Export NA,1.11,1.79,1.23,10.56,5.3,6.46,5.62,-12.8,6.25,19.76,18.83,2.48,9.83,10.86,4,Metals & Mining,Iron & Steel Products,2025-12-31,2026-02-13
Viceroy Hotels Ltd.,VHLTD,523796,VHLTD,INE048C01025,Hotels,Hotels Restaurants & Tourism,136.85,136.85,924.82,46.16,Export NA,10.71,10.71,72.46,44.23,40.73,-0.65,Export NA,3.41,2.69,3.6,76.09,8.2,7.29,2.96,-70.88,31.37,12.41,12.19,24.52,7.26,7.71,7,Hotels Restaurants & Tourism,Hotels,2025-12-31,2026-02-11
Victory Electric Vehicles International Ltd.,VICTORYEV,,VICTORYEV,INE0F8901022,2/3 Wheelers,Automobiles & Auto Components,15.55,15.55,37.46,7.24,Export NA,,,,32.11,35.79,,Export NA,5.07,1.03,1.81,,6.96,10.2,2.15,,34.78,19.05,25.81,16.53,9.43,13.18,3,Automobiles & Auto Components,2/3 Wheelers,2025-03-31,
Vidhi Specialty Food Ingredients Ltd.,VIDHIING,531717,VIDHIING,INE632C01026,Specialty Chemicals,Chemicals & Petrochemicals,285.7,285.7,1426.93,29.99,Export NA,52.6,48.08,24.57,42.23,47.85,2.25,Export NA,3.64,2.93,4.43,4.73,6.18,7.62,9.53,13.33,14.41,13.61,14.82,10.95,9.15,10.12,5,Chemicals & Petrochemicals,Specialty Chemicals,2025-12-31,2026-05-14
Vidya Wires Ltd.,VIDYAWIRES,544633,VIDYAWIRES,INE14UN01029,Other Electrical Equipment/Products,Consumer Durables,93.73,93.73,1993.56,,Export NA,,,,49.58,41.19,,Export NA,1.45,1.34,9.52,100,9.42,8.51,,,24.39,20.69,21.67,12.24,10.95,11.03,3,Consumer Durables,Other Electrical Equipment/Products,2025-12-31,2026-05-12
Vigor Plast India Ltd.,VIGOR,,VIGOR,INE1DM601016,Plastic Products,General Industrials,66.25,66.25,68.58,13.31,Export NA,,,45.62,58.9,35.79,,Export NA,5.74,3.64,1.79,,14.56,7.73,4.98,,40.3,19.77,14.6,12.71,10.29,10.46,5,General Industrials,Plastic Products,2025-12-31,2026-02-06
VijayPD Ceutical Ltd.,VIJAYPD,,VIJAYPD,INE0WL901019,Healthcare Services,Healthcare,93.65,93.65,182.89,38.14,Export NA,,,,64.81,49.79,,Export NA,6.11,5.33,4.53,,9.5,10.34,2.46,,14.9,14.74,19.47,8.39,8.39,13.06,5,Healthcare,Healthcare Services,2025-03-31,2025-11-14
Vijaya Diagnostic Centre Ltd.,VIJAYA,543350,VIJAYA,INE043W01024,Healthcare Services,Healthcare,1279.2,1279.2,13162.55,76.2,Export NA,75.26,63.4,90.64,64.81,49.79,3.68,Export NA,6.11,5.33,14.49,87.26,9.5,10.34,16.79,20.72,18.07,14.74,19.47,11.47,8.39,13.06,7,Healthcare,Healthcare Services,2026-03-31,2026-05-07
Viji Finance Ltd.,VIJIFIN,537820,VIJIFIN,INE159N01027,Finance (including NBFCs),Banking and Finance,4.12,4.12,58.71,22.06,Export NA,215.92,145.01,19.92,22.6,26.34,0.02,Export NA,2.78,2.13,2.68,85.26,6.23,3.86,0.19,1007.07,8.45,16.76,13.65,5.86,4.85,6.73,9,Banking and Finance,Finance (including NBFCs),2026-03-31,2026-05-06
Vikas Ecotech Ltd.,VIKASECO,530961,VIKASECO,INE806A01020,Specialty Chemicals,Chemicals & Petrochemicals,1.36,1.36,188.82,27.89,Export NA,41.53,124.27,16.86,42.23,47.85,-0.51,Export NA,3.64,2.93,0.48,2.97,6.18,7.62,0.05,-54.79,4.31,13.61,14.82,3.31,9.15,10.12,6,Chemicals & Petrochemicals,Specialty Chemicals,2025-12-31,2026-02-05
Vikas Lifecare Ltd.,VIKASLIFE,542655,VIKASLIFE,INE161L01027,Commodity Trading  & Distribution,Commercial Services & Supplies,1.53,1.53,284.22,-1.83,Export NA,42.86,36.79,,31.83,33.18,0,Export NA,2.32,1.21,0.52,2.15,5.75,5.32,-0.83,-1570.49,-1.99,13.46,12.19,-1.45,6.61,4.31,1,Commercial Services & Supplies,Commodity Trading  & Distribution,2025-12-31,2026-02-07
Vikram Solar Ltd.,VIKRAMSOLR,544488,VIKRAMSOLR,INE078V01014,Other Electrical Equipment/Products,Consumer Durables,205.77,205.77,7455.67,15.85,Export NA,,,43.24,49.58,41.19,,Export NA,1.45,1.34,2.45,0.58,9.42,8.51,12.98,,14.85,20.69,21.67,8.21,10.95,11.03,6,Consumer Durables,Other Electrical Equipment/Products,2026-03-31,2026-05-07
Vikran Engineering Ltd.,VIKRAN,544496,VIKRAN,INE01R501028,Heavy Electrical Equipment,General Industrials,69.57,69.57,1794.29,24.43,Export NA,,,38.69,58.9,71.23,,Export NA,5.74,3.65,1.52,,14.56,15.26,2.85,,16.63,19.77,17.01,5.74,10.29,8.7,2,General Industrials,Heavy Electrical Equipment,2025-12-31,2026-02-13
Vilas Transcore Ltd.,VILAS,,VILAS,INE0AZY01017,Heavy Electrical Equipment,General Industrials,410.75,410.75,1005.52,25.41,Export NA,,,5.88,58.9,71.23,,Export NA,5.74,3.65,3.21,37.02,14.56,15.26,16.16,,12.04,19.77,17.01,9.73,10.29,8.7,3,General Industrials,Heavy Electrical Equipment,2026-03-31,2026-05-11
Vilin Bio Med Ltd.,VILINBIO,,VILINBIO,INE0L4V01013,Pharmaceuticals,Pharmaceuticals & Biotechnology,49.4,49.4,75.34,337.06,Export NA,,,100,42.18,42.23,,Export NA,2.39,2.39,3.07,100,7.57,7.72,0.15,,0.96,17.72,18.15,0.8,11.9,12.17,5,Pharmaceuticals & Biotechnology,Pharmaceuticals,2025-03-31,2025-11-12
Vimta Labs Ltd.,VIMTALABS,524394,VIMTALABS,INE579C01029,Healthcare Services,Healthcare,466.05,466.05,2081.82,26.86,Export NA,37.42,29.24,50.56,64.81,49.79,1.47,Export NA,6.11,5.33,4.8,94.5,9.5,10.34,17.35,18.22,16.96,14.74,19.47,13.78,8.39,13.06,6,Healthcare,Healthcare Services,2026-03-31,2026-05-06
Vinati Organics Ltd.,VINATIORGA,524200,VINATIORGA,INE410B01037,Specialty Chemicals,Chemicals & Petrochemicals,1314.3,1314.3,13624.77,27.93,Export NA,47.54,48.97,25.78,42.23,47.85,1.6,Export NA,3.64,2.93,4.43,1.23,6.18,7.62,47.05,17.47,15.16,13.61,14.82,13.46,9.15,10.12,8,Chemicals & Petrochemicals,Specialty Chemicals,2026-03-31,2026-05-12
Vindhya Telelinks Ltd.,VINDHYATEL,517015,VINDHYATEL,INE707A01012,Construction & Engineering,Cement and Construction,1628.1,1628.1,1929.45,8.51,Export NA,8.61,9.78,60.63,35.74,31.41,0.67,Export NA,3.26,5.1,0.46,24.97,4.05,4.95,191.25,12.62,5.27,11.25,12.93,2.62,4.61,4.29,3,Cement and Construction,Construction & Engineering,2025-12-31,2026-05-23
Vineet Laboratories Ltd.,VINEETLAB,543298,VINEETLAB,INE505Y01010,Pharmaceuticals,Pharmaceuticals & Biotechnology,36.47,36.47,70.05,-6.91,Export NA,71.6,,,42.18,42.23,0.22,Export NA,2.39,2.39,2.8,94.16,7.57,7.72,-5.28,-30.97,-137.84,17.72,18.15,-21.35,11.9,12.17,2,Pharmaceuticals & Biotechnology,Pharmaceuticals,2025-12-31,2026-02-14
Vinny Overseas Ltd.,VINNY,543670,VINNY,INE01KI01027,Textiles,Textiles Apparels & Accessories,1.17,1.17,54.43,36.04,Export NA,22.14,87.28,76.85,53.79,32.96,-0.54,Export NA,2.24,6.53,0.66,8.97,15.41,3.67,0.03,-66.58,6.27,22.86,11.51,4.85,8.26,7.43,4,Textiles Apparels & Accessories,Textiles,2025-12-31,2026-02-14
Vinsys IT Services India Ltd.,VINSYS,,VINSYS,INE0OSJ01014,IT Training Services,Software & Services,314.5,314.5,463.88,15.45,Export NA,,,,22.39,25.14,,Export NA,10.02,0.2,3.31,,6.84,2.16,20.36,,22.9,28.07,8.88,16.66,17.17,6.62,4,Software & Services,IT Training Services,2025-03-31,2025-11-14
Vintage Coffee And Beverages Ltd.,VINCOFE,538920,VINCOFE,INE498Q01014,Commodity Trading  & Distribution,Commercial Services & Supplies,128.53,128.53,1856.47,27.78,Export NA,99.85,3264.82,0.67,31.83,33.18,0.21,Export NA,2.32,1.21,3.41,30.16,5.75,5.32,4.63,131.93,14.1,13.46,12.19,9.8,6.61,4.31,6,Commercial Services & Supplies,Commodity Trading  & Distribution,2025-12-31,2026-01-28
Vinyas Innovative Technologies Ltd.,VINYAS,,VINYAS,INE0OLS01010,Electronic Components,Commercial Services & Supplies,993.65,993.65,1250.48,64.38,Export NA,,,32.75,31.83,88.21,,Export NA,2.32,15.22,5.82,,5.75,18.3,15.43,,13.21,13.46,12.44,5.88,6.61,7.37,6,Commercial Services & Supplies,Electronic Components,2025-03-31,2025-11-05
Vinyl Chemicals (I) Ltd.,VINYLINDIA,524129,VINYLINDIA,INE250B01029,Commodity Trading  & Distribution,Commercial Services & Supplies,264.35,264.35,484.74,29.38,Export NA,26.1,24.42,88.01,31.83,33.18,-1.13,Export NA,2.32,1.21,3.86,52.46,5.75,5.32,9,-26.09,12.66,13.46,12.19,7.07,6.61,4.31,5,Commercial Services & Supplies,Commodity Trading  & Distribution,2026-03-31,2026-04-24
Vipul Ltd.,VIPULLTD,511726,VIPULLTD,INE946H01037,Realty,Realty,9,9,126.86,-4.54,Export NA,1.22,1.22,,37.63,37.32,0.04,Export NA,1.72,1.77,0.31,0.56,3.69,4.38,-1.98,-113.34,-7.51,10.17,11.27,-2.37,4.54,5.37,4,Realty,Realty,2025-12-31,2026-02-14
Virinchi Ltd.,VIRINCHI,532372,VIRINCHI,INE539B01017,IT Software Products,Software & Services,16.83,16.83,184.54,-11.62,Export NA,197.11,100.26,,22.39,42.73,0.04,Export NA,10.02,3.5,0.39,18.14,6.84,6.05,-1.45,-320.45,0.15,28.07,12.16,0.08,17.17,7.28,4,Software & Services,IT Software Products,2025-12-31,2026-02-04
Virtual Galaxy Infotech Ltd.,VGINFOTECH,,VGINFOTECH,INE0VRH01015,Internet Software & Services,Software & Services,145.45,145.45,361.71,11.26,Export NA,,,60.95,22.39,32.02,,Export NA,10.02,2.7,1.75,,6.84,6.82,12.92,,34.46,28.07,8.54,20.3,17.17,6.62,7,Software & Services,Internet Software & Services,2025-12-31,2026-02-14
Visa Steel Ltd.,VISASTEEL,532721,VISASTEEL,INE286H01012,Iron & Steel/Interm.Products,Metals & Mining,55.6,55.6,810.59,-1.56,Export NA,,-0.7,,23.8,32.33,0,Export NA,1.11,0.78,-0.59,,5.3,3.24,-35.71,-1298.69,0,19.76,6.78,-96.84,9.83,3.42,3,Metals & Mining,Iron & Steel/Interm.Products,2025-12-31,2026-02-04
Visagar Polytex Ltd.,VIVIDHA,506146,VIVIDHA,INE370E01029,Textiles,Textiles Apparels & Accessories,0.51,0.51,14.93,-8.64,Export NA,,,,53.79,32.96,-0.1,Export NA,2.24,6.53,1020,100,15.41,3.67,-0.06,89.04,-147.26,22.86,11.51,-22.87,8.26,7.43,2,Textiles Apparels & Accessories,Textiles,2025-12-31,2026-02-09
Visaka Industries Ltd.,VISAKAIND,509055,VISAKAIND,INE392A01021,Cement & Cement Products,Cement and Construction,74.09,74.09,640.17,10.68,Export NA,859.23,446.03,55.55,35.74,39.23,0.02,Export NA,3.26,1.71,0.81,31.56,4.05,3.41,6.93,464.53,-0.4,11.25,8.66,-0.21,4.61,4.59,5,Cement and Construction,Cement & Cement Products,2025-12-31,2026-05-18
Visaman Global Sales Ltd.,VISAMAN,,VISAMAN,INE0BHK01012,Iron & Steel Products,Metals & Mining,115.55,115.55,245.79,114.74,Export NA,,,100,23.8,30.63,,Export NA,1.11,1.79,3.71,71.43,5.3,6.46,1.01,,7.6,19.76,18.83,2.15,9.83,10.86,5,Metals & Mining,Iron & Steel Products,2025-03-31,2025-11-13
Vishal Mega Mart Ltd.,VMM,544307,VMM,INE01EA01019,Department Stores,Retailing,119.65,119.65,55915.17,71.1,Export NA,,,9.88,78.39,89.12,1.97,Export NA,6.4,7.99,7.75,4.36,19.94,14.37,1.68,36.04,9.87,10.74,15.61,6.32,6.91,10.77,8,Retailing,Department Stores,2025-12-31,2026-05-14
Vishnu Chemicals Ltd.,VISHNU,516072,VISHNU,INE270I01022,Specialty Chemicals,Chemicals & Petrochemicals,575.75,575.75,3875.68,28.12,Export NA,26.92,24.06,72.41,42.23,47.85,1.45,Export NA,3.64,2.93,3.75,60.29,6.18,7.62,20.47,19.38,13.66,13.61,14.82,7.75,9.15,10.12,4,Chemicals & Petrochemicals,Specialty Chemicals,2025-12-31,2026-01-31
Vishnu Prakash R Punglia Ltd.,VPRPL,543974,VPRPL,INE0AE001013,Construction & Engineering,Cement and Construction,41.52,41.52,517.52,-167.92,Export NA,22.69,,,35.74,31.41,1.63,Export NA,3.26,5.1,0.68,4.98,4.05,4.95,-0.25,-102.81,7.51,11.25,12.93,2.91,4.61,4.29,2,Cement and Construction,Construction & Engineering,2025-12-31,2026-02-14
Vishnusurya Projects And Infra Ltd.,VISHNUINFR,,VISHNUINFR,INE0PQ001012,Construction & Engineering,Cement and Construction,158,158,409.62,13.92,Export NA,,,33.21,35.74,31.41,,Export NA,3.26,5.1,2.27,5.66,4.05,4.95,11.35,,18.58,11.25,12.93,9.73,4.61,4.29,3,Cement and Construction,Construction & Engineering,2025-12-31,2026-04-24
Vishwaraj Sugar Industries Ltd.,VISHWARAJ,542852,VISHWARAJ,INE430N01022,Sugar,"Food, Beverages & Tobacco",5.47,5.47,119.15,-3.37,Export NA,19.14,13.06,,28.35,27.86,-1.76,Export NA,1.73,1.26,0.49,26.63,8.04,2.67,-1.63,1.91,-13.2,26.28,9.03,-4.52,19.55,4.86,2,"Food, Beverages & Tobacco",Sugar,2025-12-31,2026-02-12
Vishwas Agri Seeds Ltd.,VISHWAS,,VISHWAS,INE0S2E01016,Other Agricultural Products,"Food, Beverages & Tobacco",54.8,54.8,54.8,8.17,Export NA,,,,28.35,21.91,,Export NA,1.73,1.77,1.06,,8.04,3.56,6.71,,13.47,26.28,16.12,6.31,19.55,8.43,2,"Food, Beverages & Tobacco",Other Agricultural Products,2025-03-31,2025-11-14
Vision Infra Equipment Solutions Ltd.,VIESL,,VIESL,INE0TR001017,Misc. Commercial Services,Commercial Services & Supplies,305.65,305.65,753.19,11.41,Export NA,,,27.46,31.83,27.25,,Export NA,2.32,0.82,4.07,92.96,5.75,5.02,26.79,,25.13,13.46,17.32,7.54,6.61,12.13,3,Commercial Services & Supplies,Misc. Commercial Services,2026-03-31,2026-05-11
Vital Chemtech Ltd.,VITAL,,VITAL,INE0L4K01016,Specialty Chemicals,Chemicals & Petrochemicals,59,59,141.31,,Export NA,,,,42.23,47.85,,Export NA,3.64,2.93,1.52,11.87,6.18,7.62,,,4.4,13.61,14.82,2.23,9.15,10.12,5,Chemicals & Petrochemicals,Specialty Chemicals,2025-03-31,2025-11-14
Viviana Power Tech Ltd.,VIVIANA,,VIVIANA,INE0MEG01014,Power - Electric Utilities,Utilities,755.9,755.9,765.33,38.68,Export NA,,,39.88,24.91,29.95,,Export NA,27.85,1.43,9.37,36.68,5.52,4.23,19.54,,32.7,14.21,16.2,9.25,5.38,5.79,2,Utilities,Power - Electric Utilities,2025-12-31,2026-02-12
Vivid Electromech Ltd.,VIVIDEL,,VIVIDEL,INE24H301028,Electronic Components,Commercial Services & Supplies,803,803,713.69,35.25,Export NA,,,,31.83,88.21,,Export NA,2.32,15.22,13.44,,5.75,18.3,22.78,,73.75,13.46,12.44,17.55,6.61,7.37,6,Commercial Services & Supplies,Electronic Components,2025-03-31,
Vivimed Labs Ltd.,VIVIMEDLAB,532660,VIVIMEDLAB,INE526G01021,Pharmaceuticals,Pharmaceuticals & Biotechnology,6.45,6.45,53.48,-1.53,Export NA,,,,42.18,42.23,0.02,Export NA,2.39,2.39,-0.73,,7.57,7.72,-4.21,-65.63,0,17.72,18.15,-3.47,11.9,12.17,1,Pharmaceuticals & Biotechnology,Pharmaceuticals,2025-12-31,2026-03-13
Vivo Collaboration Solutions Ltd.,VIVO,,VIVO,INE0IA701014,Internet Software & Services,Software & Services,76,76,15.31,-12.1,Export NA,30.89,,,22.39,32.02,,Export NA,10.02,2.7,1.49,45.48,6.84,6.82,-6.28,,-10.25,28.07,8.54,-9.19,17.17,6.62,1,Software & Services,Internet Software & Services,2025-03-31,2025-11-12
Viyash Scientific Ltd.,VIYASH,512529,VIYASH,INE807F01027,Pharmaceuticals,Pharmaceuticals & Biotechnology,214.69,214.69,9379.28,122.11,Export NA,295.46,172.21,74.68,42.18,42.23,0.39,Export NA,2.39,2.39,10.48,99.8,7.57,7.72,1.76,317.02,3.1,17.72,18.15,1.36,11.9,12.17,7,Pharmaceuticals & Biotechnology,Pharmaceuticals,2025-12-31,2026-02-05
Vodafone Idea Ltd.,IDEA,532822,IDEA,INE669E01016,Telecom Services,Telecom Services,11.89,11.89,128819.87,-5.24,Export NA,,,,32.83,33.56,-0.44,Export NA,1.4,1.43,-1.47,,7.97,8.06,-2.27,11.86,0,22.38,22.38,-13.83,6.78,6.51,3,Telecom Services,Telecom Services,2025-12-31,2026-01-27
Voler Car Ltd.,VOLERCAR,,VOLERCAR,INE241X01014,Transport Related Services,Transportation,220.05,220.05,245.21,70.65,Export NA,,,99.31,36.05,36.41,,Export NA,4.72,0.2,6.16,51.55,8.05,5.81,3.11,,8.56,25.06,15.81,7.49,7.11,10.03,3,Transportation,Transport Related Services,2026-03-31,2026-05-08
Voltamp Transformers Ltd.,VOLTAMP,532757,VOLTAMP,INE540H01012,Heavy Electrical Equipment,General Industrials,9284,9284,9392.72,,Export NA,30.12,26.77,,58.9,71.23,,Export NA,5.74,3.65,5.39,86.24,14.56,15.26,,,17.04,19.77,17.01,15.13,10.29,8.7,3,General Industrials,Heavy Electrical Equipment,2026-03-31,2026-05-05
Voltas Ltd.,VOLTAS,500575,VOLTAS,INE226A01021,Consumer Electronics,Consumer Durables,1269.6,1269.6,42009.12,83.9,Export NA,125.63,132.08,80.47,49.58,57.15,-2.78,Export NA,1.45,1.69,6.48,71.46,9.42,10.85,15.13,-30.14,12.91,20.69,24.42,6.39,10.95,9.83,5,Consumer Durables,Consumer Electronics,2025-12-31,2026-05-14
Vraj Iron & Steel Ltd.,VRAJ,544204,VRAJ,INE0S2V01010,Iron & Steel/Interm.Products,Metals & Mining,130.4,130.4,430.09,16.26,Export NA,,,97.17,23.8,32.33,-0.37,Export NA,1.11,0.78,1.04,9.59,5.3,3.24,8.02,-43.6,11.1,19.76,6.78,10.56,9.83,3.42,5,Metals & Mining,Iron & Steel/Interm.Products,2025-12-31,2026-05-14
W S Industries (India) Ltd.,WSI,504220,WSI,INE100D01014,Construction & Engineering,Cement and Construction,69.67,69.67,528.76,-332.55,Export NA,16.77,6.08,,35.74,31.41,0.88,Export NA,3.26,5.1,2.44,1.78,4.05,4.95,-0.21,-375.95,-9.85,11.25,12.93,-4.3,4.61,4.29,2,Cement and Construction,Construction & Engineering,2025-12-31,2026-05-14
WOL 3D India Ltd.,WOL3D,,WOL3D,INE0OO201011,Misc. Commercial Services,Commercial Services & Supplies,156,156,100.65,18,Export NA,,,93.04,31.83,27.25,,Export NA,2.32,0.82,2.51,56.52,5.75,5.02,8.67,,15.61,13.46,17.32,12.44,6.61,12.13,3,Commercial Services & Supplies,Misc. Commercial Services,2025-03-31,2025-11-13
WPIL Ltd.,,505872,WPIL,INE765D01022,Industrial Machinery,General Industrials,429.9,429.9,4198.87,35.14,Export NA,20.91,17.76,92.97,58.9,58.76,-0.91,Export NA,5.74,4.45,2.71,78.04,14.56,20.55,12.23,-38.43,9.62,19.77,24.18,4.5,10.29,13.59,2,General Industrials,Industrial Machinery,2025-12-31,2026-02-02
Waaree Energies Ltd.,WAAREEENER,544277,WAAREEENER,INE377N01017,Other Electrical Equipment/Products,Consumer Durables,3125.2,3125.2,89896.78,24.22,Export NA,,,5.28,49.58,41.19,0.25,Export NA,1.45,1.34,7.14,2.11,9.42,8.51,129.02,98.74,25.7,20.69,21.67,12.32,10.95,11.03,5,Consumer Durables,Other Electrical Equipment/Products,2026-03-31,2026-04-29
Waaree Renewable Technologies Ltd.,WAAREERTL,534618,WAAREERTL,INE299N01021,Power - Electric Utilities,Utilities,966.7,966.7,10093.57,21.09,Export NA,80.66,85.57,1.62,24.91,29.95,0.19,Export NA,27.85,1.43,12.97,45.76,5.52,4.23,45.85,108.89,51.23,14.21,16.2,20.16,5.38,5.79,5,Utilities,Power - Electric Utilities,2026-03-31,2026-04-16
Wakefit Innovations Ltd.,WAKEFIT,544642,WAKEFIT,INE0E7301029,Furniture-Furnishing,Diversified Consumer Services,126.37,126.37,4169.79,,Export NA,,,,33.62,45.68,,Export NA,3.59,0.32,6.88,100,10.95,4.56,,,-6.98,22.55,10.88,-3.33,11.12,7.56,3,Diversified Consumer Services,Furniture-Furnishing,2025-12-31,2026-02-10
Walchandnagar Industries Ltd.,WALCHANNAG,507410,WALCHANNAG,INE711A01022,Industrial Machinery,General Industrials,220.73,220.73,1497.48,-20.3,Export NA,,36.31,,58.9,58.76,0.17,Export NA,5.74,4.45,4.24,84.41,14.56,20.55,-10.87,-120.21,-23.06,19.77,24.18,-9.86,10.29,13.59,2,General Industrials,Industrial Machinery,2025-12-31,2026-01-29
Walpar Nutritions Ltd.,WALPAR,,WALPAR,INE0G2G01015,Pharmaceuticals,Pharmaceuticals & Biotechnology,36.5,36.5,34.27,14.75,Export NA,49.29,,,42.18,42.23,,Export NA,2.39,2.39,1.92,18.33,7.57,7.72,2.48,,14.03,17.72,18.15,4.9,11.9,12.17,5,Pharmaceuticals & Biotechnology,Pharmaceuticals,2025-03-31,2025-05-15
Wanbury Ltd.,WANBURY,524212,WANBURY,INE107F01022,Pharmaceuticals,Pharmaceuticals & Biotechnology,249.1,249.1,870.34,13.45,Export NA,21.52,12.56,21.64,42.18,42.23,0.05,Export NA,2.39,2.39,7.07,3.63,7.57,7.72,18.51,252.51,51.5,17.72,18.15,7.37,11.9,12.17,5,Pharmaceuticals & Biotechnology,Pharmaceuticals,2025-12-31,2026-05-14
We Win Ltd.,WEWIN,543535,WEWIN,INE082W01014,BPO/KPO,Software & Services,66.79,66.79,67.87,41.24,Export NA,30.12,21.16,98.47,22.39,25.25,0.2,Export NA,10.02,1.31,2.13,52.07,6.84,4.33,1.62,210.44,5.8,28.07,18.24,3.16,17.17,10.87,7,Software & Services,BPO/KPO,2025-12-31,2026-05-15
WeWork India Management Ltd.,WEWORK,544570,WEWORK,INE085001019,Special Consumer Services,Diversified Consumer Services,496.7,496.7,6814.43,150.1,Export NA,,,53.93,33.62,39.07,,Export NA,3.59,4.51,31.13,10.56,10.95,11.75,3.31,,63.79,22.55,25.9,2.36,11.12,3.02,5,Diversified Consumer Services,Special Consumer Services,2025-12-31,2026-05-21
Wealth First Portfolio Managers Ltd.,WEALTH,544536,WEALTH,INE658T01017,Other Financial Services,Banking and Finance,905.2,905.2,964.49,40.44,Export NA,30.53,26.62,96.25,22.6,36.93,-0.74,Export NA,2.78,3.57,6.37,58.99,6.23,99.98,22.38,-54.41,26.56,16.76,19.97,25.07,4.85,11.89,5,Banking and Finance,Other Financial Services,2025-12-31,2026-02-04
Websol Energy Systems Ltd.,WEBELSOLAR,517498,WEBELSOLAR,INE855C01023,Other Electrical Equipment/Products,Consumer Durables,105.23,105.23,4441.37,14.66,Export NA,30.58,150.4,64.86,49.58,41.19,0.15,Export NA,1.45,1.34,9.73,81.94,9.42,8.51,7.18,95.87,48.04,20.69,21.67,32.56,10.95,11.03,6,Consumer Durables,Other Electrical Equipment/Products,2026-03-31,2026-04-27
Weizmann Ltd.,WEIZMANIND,523011,WEIZMANIND,INE080A01014,Textiles,Textiles Apparels & Accessories,85.75,85.75,132.86,-42.51,Export NA,19.58,28.23,,53.79,32.96,0.29,Export NA,2.24,6.53,2.01,70.25,15.41,3.67,-2.02,-145.3,-5.9,22.86,11.51,-3.96,8.26,7.43,4,Textiles Apparels & Accessories,Textiles,2025-12-31,2026-02-12
Welspun Corp Ltd.,WELCORP,532144,WELCORP,INE191B01025,Iron & Steel Products,Metals & Mining,1319.4,1319.4,34804.53,17.93,Export NA,14.1,22.62,59.73,23.8,30.63,0.57,Export NA,1.11,1.79,4.07,99.45,5.3,6.46,73.58,31.3,25.66,19.76,18.83,12.52,9.83,10.86,5,Metals & Mining,Iron & Steel Products,2025-12-31,2026-01-30
Welspun Enterprises Ltd.,WELENT,532553,WELENT,INE625G01013,Construction & Engineering,Cement and Construction,488.35,488.35,6759.44,22.55,Export NA,22.49,16.04,66.88,35.74,31.41,33.91,Export NA,3.26,5.1,2.49,85.52,4.05,4.95,21.65,0.66,12.69,11.25,12.93,5.32,4.61,4.29,3,Cement and Construction,Construction & Engineering,2025-12-31,2026-05-14
Welspun Investments & Commercials Ltd.,WELINV,533252,WELINV,INE389K01018,Other Financial Services,Banking and Finance,1652.4,1652.4,603.87,190.92,Export NA,112.35,76.16,74.29,22.6,36.93,-14.64,Export NA,2.78,3.57,0.83,58.23,6.23,99.98,8.65,-13.04,0.5,16.76,19.97,0.45,4.85,11.89,4,Banking and Finance,Other Financial Services,2025-12-31,2026-02-04
Welspun Living Ltd.,WELSPUNLIV,514162,WELSPUNLIV,INE192B01031,Textiles,Textiles Apparels & Accessories,134.37,134.37,12888.13,55.42,Export NA,20.55,28.04,99.01,53.79,32.96,-0.86,Export NA,2.24,6.53,2.67,49.27,15.41,3.67,2.42,-64.4,13.25,22.86,11.51,6.2,8.26,7.43,5,Textiles Apparels & Accessories,Textiles,2025-12-31,2026-05-15
Welspun Specialty Solutions Ltd.,,500365,WELSPLSOL,INE731F01037,Iron & Steel/Interm.Products,Metals & Mining,41.32,41.32,2737.91,120.77,Export NA,43.51,43.51,83.14,23.8,32.33,0.2,Export NA,1.11,0.78,6.03,14.56,5.3,3.24,0.34,610.59,4.96,19.76,6.78,2.6,9.83,3.42,8,Metals & Mining,Iron & Steel/Interm.Products,2026-03-31,2026-04-30
Wendt (India) Ltd.,WENDT,505412,WENDT,INE274C01019,Abrasives & Bearings,General Industrials,6908,6908,1381.6,94.96,Export NA,58.28,58.34,95.08,58.9,57.14,-1.5,Export NA,5.74,4.1,5.49,57.77,14.56,22.89,72.75,-63.15,5.73,19.77,15.42,4.76,10.29,12.49,6,General Industrials,Abrasives & Bearings,2026-03-31,2026-04-24
West Coast Paper Mills Ltd.,WSTCSTPAPR,500444,WSTCSTPAPR,INE976A01021,Paper & Paper Products,Commercial Services & Supplies,502.45,502.45,3318.63,23.25,Export NA,7.76,7.55,92.3,31.83,22.88,-0.37,Export NA,2.32,0.52,0.93,27.43,5.75,4.07,21.61,-63.11,8.91,13.46,8.09,5.64,6.61,4.93,4,Commercial Services & Supplies,Paper & Paper Products,2025-12-31,2026-02-12
Western Carriers (India) Ltd.,WCIL,544258,WCIL,INE0CJF01024,Warehousing & Logistics,Transportation,102.06,102.06,1040.55,23.31,Export NA,,,71.64,36.05,32.42,-0.57,Export NA,4.72,1.7,1.21,7.71,8.05,4.18,4.38,-40.68,7.86,25.06,8.62,5.9,7.11,5.64,4,Transportation,Warehousing & Logistics,2025-12-31,2026-02-13
Westlife Foodworld Ltd.,WESTLIFE,505533,WESTLIFE,INE274F01020,Restaurants,Hotels Restaurants & Tourism,506.85,506.85,7903.63,244.45,Export NA,479.5,363.46,57.08,44.23,62.18,1.47,Export NA,3.41,5.91,12.67,58.44,8.2,11,2.07,166.18,5.22,12.41,13.17,1.14,7.26,5.68,6,Hotels Restaurants & Tourism,Restaurants,2026-03-31,2026-05-07
Wheels India Ltd.,WHEELS,590073,WHEELS,INE715A01015,Auto Parts & Equipment,Automobiles & Auto Components,1277.5,1277.5,3121.32,23.09,Export NA,22.88,23.3,62.15,32.11,41.7,1.07,Export NA,5.07,3.31,3.13,76.96,6.96,6.81,55.33,21.61,12.02,19.05,15.01,3.47,9.43,7.82,7,Automobiles & Auto Components,Auto Parts & Equipment,2025-12-31,2026-01-29
Whirlpool of India Ltd.,WHIRLPOOL,500238,WHIRLPOOL,INE716A01013,Consumer Electronics,Consumer Durables,861.8,861.8,10933.81,32.86,Export NA,69.06,64.22,4.5,49.58,57.15,6.79,Export NA,1.45,1.69,2.66,1.5,9.42,10.85,26.23,4.84,9.08,20.69,24.42,5.29,10.95,9.83,8,Consumer Durables,Consumer Electronics,2025-12-31,2026-02-06
Williamson Magor & Company Ltd.,WILLAMAGOR,519224,WILLAMAGOR,INE210A01017,Finance (including NBFCs),Banking and Finance,28.05,28.05,30.73,1.84,Export NA,,2,66.32,22.6,26.34,0.02,Export NA,2.78,2.13,-0.19,,6.23,3.86,15.22,107.28,0,16.76,13.65,-46.39,4.85,6.73,4,Banking and Finance,Finance (including NBFCs),2025-12-31,2026-02-12
Wim Plast Ltd.,,526586,WIMPLAST,INE015B01018,Plastic Products,General Industrials,362.4,362.4,435,7.26,Export NA,11.18,13.3,1.6,58.9,35.79,0.96,Export NA,5.74,3.64,0.77,0.19,14.56,7.73,49.95,7.56,10.68,19.77,14.6,9.98,10.29,10.46,6,General Industrials,Plastic Products,2025-12-31,2026-02-14
Windlas Biotech Ltd.,WINDLAS,543329,WINDLAS,INE0H5O01029,Pharmaceuticals,Pharmaceuticals & Biotechnology,772.2,772.2,1620.72,24.28,Export NA,30.32,23.27,61.55,42.18,42.23,2.97,Export NA,2.39,2.39,2.95,59.16,7.57,7.72,31.8,8.17,11.95,17.72,18.15,7.94,11.9,12.17,5,Pharmaceuticals & Biotechnology,Pharmaceuticals,2025-12-31,2026-02-05
Windsor Machines Ltd.,WINDMACHIN,522029,WINDMACHIN,INE052A01021,Industrial Machinery,General Industrials,305.25,305.25,2787,-959.21,Export NA,369.45,275.02,,58.9,58.76,6.89,Export NA,5.74,4.45,3.84,75.69,14.56,20.55,-0.32,-139.16,0.13,19.77,24.18,0.07,10.29,13.59,3,General Industrials,Industrial Machinery,2026-03-31,2026-05-09
Winny Immigration & Education Services Ltd.,WINNY,,WINNY,INE0S9101013,Travel Support Services,Diversified Consumer Services,49.5,49.5,10.74,-2.32,Export NA,,,,33.62,32.03,,Export NA,3.59,3.35,2.56,,10.95,8.05,-21.34,,-78.47,22.55,27.51,-60.54,11.12,14.18,2,Diversified Consumer Services,Travel Support Services,2025-03-31,2025-11-13
Winsol Engineers Ltd.,WINSOL,,WINSOL,INE0S3D01016,Construction & Engineering,Cement and Construction,140.6,140.6,162.18,13.76,Export NA,,,,35.74,31.41,,Export NA,3.26,5.1,2.87,,4.05,4.95,10.22,,23.82,11.25,12.93,13.65,4.61,4.29,3,Cement and Construction,Construction & Engineering,2025-03-31,2025-11-06
Winsome Yarns Ltd.,WINSOME,514348,WINSOME,INE784B01035,Textiles,Textiles Apparels & Accessories,2.04,2.04,14.42,-0.83,Export NA,-1.02,-0.67,,53.79,32.96,0.01,Export NA,2.24,6.53,-0.03,,15.41,3.67,-2.45,-58.19,0,22.86,11.51,-8.4,8.26,7.43,3,Textiles Apparels & Accessories,Textiles,2025-03-31,2025-10-31
Wipro Ltd.,WIPRO,507685,WIPRO,INE075A01022,IT Consulting & Software,Software & Services,189.57,189.57,198941.28,15.07,Export NA,22.26,20.62,18.5,22.39,21.42,31.94,Export NA,10.02,10.72,2.24,12.53,6.84,6.86,12.58,0.47,14.99,28.07,30.42,9.33,17.17,18.42,4,Software & Services,IT Consulting & Software,2026-03-31,2026-04-16
Wise Travel India Ltd.,WTICAB,,WTICAB,INE623Y01011,Transport Related Services,Transportation,96.1,96.1,228.83,9.8,Export NA,,,,36.05,36.41,,Export NA,4.72,0.2,1.23,,8.05,5.81,9.8,,13.57,25.06,15.81,6.15,7.11,10.03,2,Transportation,Transport Related Services,2025-03-31,2025-11-14
Wockhardt Ltd.,WOCKPHARMA,532300,WOCKPHARMA,INE049B01025,Pharmaceuticals,Pharmaceuticals & Biotechnology,1570.4,1570.4,25517.78,119.8,Export NA,107.77,107.77,93.74,42.18,42.23,0.22,Export NA,2.39,2.39,5.51,93.44,7.57,7.72,13.11,553.19,4.31,17.72,18.15,2.47,11.9,12.17,6,Pharmaceuticals & Biotechnology,Pharmaceuticals,2026-03-31,2026-05-04
Womancart Ltd.,WOMANCART,,WOMANCART,INE0Q9601016,Internet & Catalogue Retail,Retailing,113.45,113.45,93.17,13.49,Export NA,,,,78.39,42.45,,Export NA,6.4,1.62,1.28,2.85,19.94,27.18,8.41,,6.87,10.74,2.98,4.32,6.91,1.72,3,Retailing,Internet & Catalogue Retail,2026-03-31,2026-04-29
Wonder Electricals Ltd.,WEL,543449,WEL,INE02WG01024,Household Appliances,Consumer Durables,101.39,101.39,1358.71,122.23,Export NA,150.81,58.79,59.55,49.58,47.95,-6.07,Export NA,1.45,3.33,13.44,69.78,9.42,5.18,0.83,-20.15,22.84,20.69,13.31,4.63,10.95,7.54,6,Consumer Durables,Household Appliances,2025-12-31,2026-02-11
Wonderla Holidays Ltd.,WONDERLA,538268,WONDERLA,INE066O01014,Other Leisure Facilities,Diversified Consumer Services,479.6,479.6,3041.18,37.21,Export NA,34.24,33.06,63.33,33.62,84.27,-1.48,Export NA,3.59,0,1.71,21.45,10.95,1.71,12.89,-25.2,4.54,22.55,5.58,4.19,11.12,4.46,3,Diversified Consumer Services,Other Leisure Facilities,2026-03-31,2026-05-07
Worth Peripherals Ltd.,WORTHPERI,544577,WORTHPERI,INE196Y01018,Containers & Packaging,Commercial Services & Supplies,136.09,136.09,214.36,14.66,Export NA,14.18,11.71,88.87,31.83,23.27,-2.8,Export NA,2.32,5.49,1.15,43.29,5.75,2.74,9.29,-5.24,7.77,13.46,10.99,5.25,6.61,7.3,5,Commercial Services & Supplies,Containers & Packaging,2026-03-31,2026-05-12
Xchanging Solutions Ltd.,XCHANGING,532616,XCHANGING,INE692G01013,IT Consulting & Software,Software & Services,65.46,65.46,729.25,12.6,Export NA,54.14,37.25,14.92,22.39,21.42,0.57,Export NA,10.02,10.72,1.92,64.41,6.84,6.86,5.19,22.3,13.82,28.07,30.42,9.83,17.17,18.42,7,Software & Services,IT Consulting & Software,2025-12-31,2026-02-05
Xelpmoc Design and Tech Ltd.,XELPMOC,542367,XELPMOC,INE01P501012,Internet Software & Services,Software & Services,102.29,102.29,151.38,-19.74,Export NA,,,,22.39,32.02,-0.48,Export NA,10.02,2.7,2.02,14.84,6.84,6.82,-5.18,40.76,-12.61,28.07,8.54,-11.16,17.17,6.62,2,Software & Services,Internet Software & Services,2025-12-31,2026-02-12
Xpro India Ltd.,XPROINDIA,590013,XPROINDIA,INE445C01015,Containers & Packaging,Commercial Services & Supplies,1096.4,1096.4,2573.29,200.4,Export NA,64.41,54.38,97.82,31.83,23.27,-2.83,Export NA,2.32,5.49,3.72,62.62,5.75,2.74,5.47,-70.72,6.22,13.46,10.99,3.82,6.61,7.3,2,Commercial Services & Supplies,Containers & Packaging,2025-12-31,2026-02-04
Xtglobal Infotech Ltd.,XTGLOBAL,531225,XTGLOBAL,INE547B01028,IT Consulting & Software,Software & Services,30.53,30.53,409.48,41.18,Export NA,43.44,36.02,55.65,22.39,21.42,5.67,Export NA,10.02,10.72,2.09,1.2,6.84,6.86,0.74,7.27,5.42,28.07,30.42,3.97,17.17,18.42,6,Software & Services,IT Consulting & Software,2025-12-31,2026-02-14
YES Bank Ltd.,YESBANK,532648,YESBANK,INE528G01035,Banks,Banking and Finance,22.06,22.06,69236.48,19.72,Export NA,38.69,51.21,12.32,22.6,13.77,0.45,Export NA,2.78,1.95,1.38,48.79,6.23,1.84,1.12,43.54,6.86,16.76,13.01,0.74,4.85,1.37,6,Banking and Finance,Banks,2026-03-31,2026-04-18
Yaap Digital Ltd.,YAAP,,YAAP,INE0U0J01015,Advertising & Media,Media,210.75,210.75,441.16,36.97,Export NA,,,,25.23,29.21,,Export NA,2.2,3.19,12,,13.87,5.97,5.7,,53.62,20.32,16.93,10.36,15.35,7.63,4,Media,Advertising & Media,2025-03-31,
Yash Optics & Lens Ltd.,YASHOPTICS,,YASHOPTICS,INE0TO601017,Healthcare Services,Healthcare,135.4,135.4,335.33,37.06,Export NA,,,97.15,64.81,49.79,,Export NA,6.11,5.33,3.59,47.15,9.5,10.34,3.65,,9.09,14.74,19.47,7.84,8.39,13.06,4,Healthcare,Healthcare Services,2026-03-31,2026-05-09
Yasho Industries Ltd.,YASHO,541167,YASHO,INE616Z01012,Specialty Chemicals,Chemicals & Petrochemicals,1683.7,1683.7,2030.05,112.6,Export NA,189.09,103.13,81.11,42.23,47.85,-21.6,Export NA,3.64,2.93,4.7,10.5,6.18,7.62,14.95,-5.21,1.45,13.61,14.82,0.55,9.15,10.12,4,Chemicals & Petrochemicals,Specialty Chemicals,2025-12-31,2026-05-18
Yasons Chemex Care Ltd.,YCCL,,YCCL,INE08S201019,Specialty Chemicals,Chemicals & Petrochemicals,10,10,19.3,11.98,Export NA,,,,42.23,47.85,,Export NA,3.64,2.93,0.46,,6.18,7.62,0.83,,3.96,13.61,14.82,2.71,9.15,10.12,3,Chemicals & Petrochemicals,Specialty Chemicals,2025-03-31,2025-10-13
Yatharth Hospital & Trauma Care Services Ltd.,YATHARTH,543950,YATHARTH,INE0JO301016,Healthcare Facilities,Healthcare,817.65,817.65,7878.42,47.08,Export NA,45.23,,87.26,64.81,71.3,1.65,Export NA,6.11,6.58,4.55,42.75,9.5,9.54,17.37,28.56,8.13,14.74,13.76,7.54,8.39,7.2,6,Healthcare,Healthcare Facilities,2025-12-31,2026-02-05
Yatra Online Ltd.,YATRA,543992,YATRA,INE0JR601024,Travel Support Services,Diversified Consumer Services,97.5,97.5,1529.93,28.42,Export NA,,,0.54,33.62,32.03,0.28,Export NA,3.59,3.35,1.86,13.76,10.95,8.05,3.43,99.89,4.66,22.55,27.51,2.76,11.12,14.18,6,Diversified Consumer Services,Travel Support Services,2025-12-31,2026-02-11
Yudiz Solutions Ltd.,YUDIZ,,YUDIZ,INE09FA01019,IT Consulting & Software,Software & Services,27.55,27.55,28.42,-24.72,Export NA,,,,22.39,21.42,,Export NA,10.02,10.72,0.61,,6.84,6.86,-1.11,,-2.41,28.07,30.42,-2.2,17.17,18.42,1,Software & Services,IT Consulting & Software,2025-03-31,2025-11-14
Yuken India Ltd.,YUKEN,522108,YUKEN,INE384C01016,Compressors & Pumps,General Industrials,698.9,698.9,949.39,57.51,Export NA,64.25,68.32,66.62,58.9,41.93,-1.73,Export NA,5.74,12.75,2.58,21.35,14.56,9.18,12.15,-33.24,8.17,19.77,25.94,4.69,10.29,15.1,5,General Industrials,Compressors & Pumps,2025-12-31,2026-02-13
Z-Tech (India) Ltd.,ZTECH,,ZTECH,INE0ISZ01012,Construction & Engineering,Cement and Construction,590.7,590.7,854.05,43.56,Export NA,,,46.44,35.74,31.41,0.53,Export NA,3.26,5.1,5.19,43.31,4.05,4.95,13.56,82.82,11.47,11.25,12.93,9.47,4.61,4.29,4,Cement and Construction,Construction & Engineering,2025-12-31,2026-02-12
ZF Commercial Vehicle Control Systems India Ltd.,ZFCVINDIA,533023,ZFCVINDIA,INE342J01019,Auto Parts & Equipment,Automobiles & Auto Components,14651,14651,27789.43,55.85,Export NA,60.68,80.85,25.6,32.11,41.7,3.83,Export NA,5.07,3.31,7.82,19.35,6.96,6.81,262.31,14.59,14.33,19.05,15.01,12.17,9.43,7.82,7,Automobiles & Auto Components,Auto Parts & Equipment,2025-12-31,2026-05-13
ZF Steering Gear (India) Ltd.,,505163,ZFSTEERING,INE116C01012,Auto Parts & Equipment,Automobiles & Auto Components,762,762,691.39,44.92,Export NA,42.97,34.77,75.4,32.11,41.7,14.26,Export NA,5.07,3.31,1.44,13.69,6.96,6.81,16.96,3.15,3.19,19.05,15.01,2.28,9.43,7.82,7,Automobiles & Auto Components,Auto Parts & Equipment,2026-03-31,2026-05-12
Zaggle Prepaid Ocean Services Ltd.,ZAGGLE,543985,ZAGGLE,INE07K301024,IT Software Products,Software & Services,282.48,282.48,3798.18,29.53,Export NA,,,9.86,22.39,42.73,0.43,Export NA,10.02,3.5,2.82,8.14,6.84,6.05,9.57,69.38,7.04,28.07,12.16,6.68,17.17,7.28,6,Software & Services,IT Software Products,2025-12-31,2026-05-13
Zeal Global Services Ltd.,ZEAL,,ZEAL,INE0PPS01018,Warehousing & Logistics,Transportation,70,70,93.17,6.39,Export NA,,,,36.05,32.42,,Export NA,4.72,1.7,1.09,,8.05,4.18,10.96,,17.98,25.06,8.62,10.22,7.11,5.64,4,Transportation,Warehousing & Logistics,2025-03-31,2025-11-14
Zee Entertainment Enterprises Ltd.,ZEEL,505537,ZEEL,INE256A01028,Broadcasting & Cable TV,Media,86.12,86.12,8271.99,14.67,Export NA,50.23,140.2,4.15,25.23,18.11,1.24,Export NA,2.2,0.97,0.7,1.37,13.87,1.42,5.87,11.79,5.89,20.32,9.89,4.94,15.35,8.83,6,Media,Broadcasting & Cable TV,2025-12-31,2026-01-22
Zee Learn Ltd.,ZEELEARN,533287,ZEELEARN,INE565L01011,Education,Diversified Consumer Services,5.7,5.7,186.43,18.68,Export NA,10.93,10.93,47.03,33.62,20.12,-0.2,Export NA,3.59,2.38,0.99,32.31,10.95,20.81,0.31,-93.96,6.48,22.55,17.9,0.84,11.12,11.62,4,Diversified Consumer Services,Education,2025-12-31,2026-02-10
Zee Media Corporation Ltd.,ZEEMEDIA,532794,ZEEMEDIA,INE966H01019,Broadcasting & Cable TV,Media,7.78,7.78,486.58,-58.42,Export NA,,,,25.23,18.11,-0.64,Export NA,2.2,0.97,1.96,52.66,13.87,1.42,-0.13,90.66,-54.1,20.32,9.89,-13.56,15.35,8.83,3,Media,Broadcasting & Cable TV,2025-12-31,2026-02-12
Zen Technologies Ltd.,ZENTEC,533339,ZENTEC,INE251B01027,Aerospace & Defence,General Industrials,1587,1587,14329.09,74.07,Export NA,79.12,3617.87,56.39,58.9,50.58,-2.39,Export NA,5.74,8.98,7.73,66.23,14.56,11.27,21.43,-30.97,10.24,19.77,23.04,8.95,10.29,9.53,6,General Industrials,Aerospace & Defence,2026-03-31,2026-05-01
Zenith Drugs Ltd.,ZENITHDRUG,,ZENITHDRUG,INE0QWN01013,Pharmaceuticals,Pharmaceuticals & Biotechnology,39,39,66.88,9.34,Export NA,,,,42.18,42.23,,Export NA,2.39,2.39,0.93,,7.57,7.72,4.18,,10.32,17.72,18.15,4.43,11.9,12.17,1,Pharmaceuticals & Biotechnology,Pharmaceuticals,2025-03-31,2025-11-14
Zenith Exports Ltd.,ZENITHEXPO,512553,ZENITHEXPO,INE058B01018,Textiles,Textiles Apparels & Accessories,205.15,205.15,110.7,20.46,Export NA,264.41,157.45,15.23,53.79,32.96,0.05,Export NA,2.24,6.53,1.31,83.16,15.41,3.67,10.03,416.37,2.08,22.86,11.51,1.69,8.26,7.43,5,Textiles Apparels & Accessories,Textiles,2025-12-31,2026-02-10
Zenith Steel Pipes & Industries Ltd.,ZENITHSTL,531845,ZENITHSTL,INE318D01020,Iron & Steel/Interm.Products,Metals & Mining,6.1,6.1,86.79,14.66,Export NA,451.4,-9.44,41.06,23.8,32.33,-0.76,Export NA,1.11,0.78,-0.35,,5.3,3.24,0.42,-19.22,-0.08,19.76,6.78,0.14,9.83,3.42,5,Metals & Mining,Iron & Steel/Interm.Products,2025-12-31,2026-02-10
Zensar Technologies Ltd.,ZENSARTECH,504067,ZENSARTECH,INE520A01027,IT Consulting & Software,Software & Services,508.65,508.65,11571.57,14.94,Export NA,24.91,24.28,33.42,22.39,21.42,0.78,Export NA,10.02,10.72,2.58,33.49,6.84,6.86,34.05,19.21,16.41,28.07,30.42,12.73,17.17,18.42,6,Software & Services,IT Consulting & Software,2026-03-31,2026-04-24
Zerodha Gold ETF,GOLDCASE,544132,GOLDCASE,INF0R8F01042,Others,Others,23.73,23.73,,,Export NA,,,,,,,Export NA,,,,,,,,,,,,,,,,Others,Others,,
Zerodha Nifty 100 ETF,TOP100CASE,544194,TOP100CASE,INF0R8F01067,Others,Others,10.17,10.17,,,Export NA,,,,,,,Export NA,,,,,,,,,,,,,,,,Others,Others,,
Zerodha Nifty 1D Rate Liquid ETF,LIQUIDCASE,544089,LIQUIDCASE,INF0R8F01034,Others,Others,114.02,114.02,,,Export NA,,,,,,,Export NA,,,,,,,,,,,,,,,,Others,Others,,
Zerodha Nifty 50 ETF,NIFTYCASE,544586,NIFTYCASE,INF0R8F01166,Others,Others,9.34,9.34,,,Export NA,,,,,,,Export NA,,,,,,,,,,,,,,,,Others,Others,,
Zerodha Nifty 8-13 Yr G-Sec ETF,LTGILTCASE,544486,LTGILTCASE,INF0R8F01133,Others,Others,29.64,29.64,,,Export NA,,,,,,,Export NA,,,,,,,,,,,,,,,,Others,Others,,
Zerodha Nifty Midcap 150 ETF,MID150CASE,544193,MID150CASE,INF0R8F01059,Others,Others,11.02,11.02,,,Export NA,,,,,,,Export NA,,,,,,,,,,,,,,,,Others,Others,,
Zerodha Nifty Smallcap 100 ETF,SML100CASE,544507,SML100CASE,INF0R8F01141,Others,Others,10.17,10.17,,,Export NA,,,,,,,Export NA,,,,,,,,,,,,,,,,Others,Others,,
Zerodha Silver ETF,SILVERCASE,544384,SILVERCASE,INF0R8F01091,Others,Others,26.79,26.79,,,Export NA,,,,,,,Export NA,,,,,,,,,,,,,,,,Others,Others,,
Zim Laboratories Ltd.,ZIMLAB,541400,ZIMLAB,INE518E01015,Pharmaceuticals,Pharmaceuticals & Biotechnology,104.65,104.65,560.39,80.25,Export NA,34.5,28.14,100,42.18,42.23,-1.47,Export NA,2.39,2.39,2.15,73.61,7.57,7.72,1.3,-54.56,4.82,17.72,18.15,2.57,11.9,12.17,3,Pharmaceuticals & Biotechnology,Pharmaceuticals,2025-12-31,2026-02-11
Zodiac Clothing Company Ltd.,ZODIACLOTH,521163,ZODIACLOTH,INE206B01013,Other Apparels & Accessories,Textiles Apparels & Accessories,76.56,76.56,210.22,-6.38,Export NA,,18.85,,53.79,43.2,-0.21,Export NA,2.24,2.85,1.19,47.18,15.41,13.14,-12,30.75,-18.09,22.86,20.14,-10.62,8.26,9.64,3,Textiles Apparels & Accessories,Other Apparels & Accessories,2025-12-31,2026-02-13
Zodiac Energy Ltd.,ZODIAC,543416,ZODIAC,INE761Y01019,Power - Electric Utilities,Utilities,300.4,300.4,454.32,22.85,Export NA,51.6,46.32,16.18,24.91,29.95,1.01,Export NA,27.85,1.43,4.28,30.14,5.52,4.23,13.15,22.58,20.68,14.21,16.2,6.6,5.38,5.79,3,Utilities,Power - Electric Utilities,2025-12-31,2026-02-09
Zota Healthcare Ltd.,ZOTA,,ZOTA,INE358U01012,Pharmaceuticals,Pharmaceuticals & Biotechnology,1208.3,1208.3,4184.66,-57.59,Export NA,,261.37,,42.18,42.23,1.31,Export NA,2.39,2.39,14.43,61.81,7.57,7.72,-20.98,-44.09,-25.21,17.72,18.15,-12.84,11.9,12.17,2,Pharmaceuticals & Biotechnology,Pharmaceuticals,2025-12-31,2026-02-04
Zuari Agro Chemicals Ltd.,ZUARI,534742,ZUARI,INE840M01016,Fertilizers,Fertilizers,232.63,232.63,978.4,1.01,Export NA,7.46,5.45,20.86,20.68,20.68,0,Export NA,7.54,7.54,0.39,22.22,16.07,16.07,229.36,338.3,8.87,478.71,478.71,3.27,243.93,243.93,8,Fertilizers,Fertilizers,2025-12-31,2026-05-15
Zuari Industries Ltd.,ZUARIIND,500780,ZUARIIND,INE217A01012,Sugar,"Food, Beverages & Tobacco",256.85,256.85,764.93,6.53,Export NA,1.3,17.29,71.47,28.35,27.86,0,Export NA,1.73,1.26,0.17,35.35,8.04,2.67,39.36,1413.8,-1.86,26.28,9.03,-1.04,19.55,4.86,2,"Food, Beverages & Tobacco",Sugar,2025-12-31,2026-02-13
Zydus Lifesciences Ltd.,ZYDUSLIFE,532321,ZYDUSLIFE,INE010B01027,Pharmaceuticals,Pharmaceuticals & Biotechnology,930.65,930.65,93645.17,18.96,Export NA,23.29,22.25,25.03,42.18,42.23,3.37,Export NA,2.39,2.39,3.57,35.61,7.57,7.72,49.08,5.63,18.89,17.72,18.15,12.16,11.9,12.17,6,Pharmaceuticals & Biotechnology,Pharmaceuticals,2025-12-31,2026-05-19
Zydus Wellness Ltd.,ZYDUSWELL,531335,ZYDUSWELL,INE768C01028,Packaged Foods,FMCG,506.65,506.65,16119.61,77.83,Export NA,42.13,37.26,91.36,49.72,67.64,-2.14,Export NA,14.09,6.77,2.85,47.95,20.61,37.36,6.51,-36.34,6.11,37.93,51.25,5.38,19.27,22.23,7,FMCG,Packaged Foods,2025-12-31,2026-05-18
delaPlex Ltd.,DELAPLEX,,DELAPLEX,INE0SK801018,IT Consulting & Software,Software & Services,123.85,123.85,112.83,9.25,Export NA,,,,22.39,21.42,,Export NA,10.02,10.72,1.37,,6.84,6.86,13.4,,16.52,28.07,30.42,15.54,17.17,18.42,3,Software & Services,IT Consulting & Software,2025-03-31,2025-11-14
eClerx Services Ltd.,ECLERX,532927,ECLERX,INE738I01010,BPO/KPO,Software & Services,1638.4,1638.4,15409.27,22.58,Export NA,29.51,23.72,78.9,22.39,25.25,0.72,Export NA,10.02,1.31,5.47,61.66,6.84,4.33,72.56,31.38,23.46,28.07,18.24,17.2,17.17,10.87,6,Software & Services,BPO/KPO,2025-12-31,2026-05-13
eMudhra Ltd.,EMUDHRA,543533,EMUDHRA,INE01QM01018,Misc. Commercial Services,Commercial Services & Supplies,471.2,471.2,3902.09,36.2,Export NA,76.61,,7.47,31.83,27.25,1.32,Export NA,2.32,0.82,4.63,2.15,5.75,5.02,13.02,27.36,11.83,13.46,17.32,8.88,6.61,12.13,4,Commercial Services & Supplies,Misc. Commercial Services,2026-03-31,2026-05-06
ideaForge Technology Ltd.,IDEAFORGE,543932,IDEAFORGE,INE349Y01013,Aerospace & Defence,General Industrials,732.6,732.6,3178.58,-186.59,Export NA,53.23,,,58.9,50.58,-2.57,Export NA,5.74,8.98,5.94,92.05,14.56,11.27,-3.93,72.65,-2.84,19.77,23.04,-2.13,10.29,9.53,3,General Industrials,Aerospace & Defence,2026-03-31,2026-04-30